23167000000,0.48004,0.04326,-0.02173,0.99900,-0.01035,0.02549,0.03528,0.07974,0.57791,0.00057
28414000000,0.89845,3.07555,-0.01874,0.72461,0.00000,0.00024,0.68916,0.07666,0.82736,0.00099
30394000000,1.03403,6.02261,-0.01456,0.71653,0.00017,-0.00011,0.69756,0.03670,1.47416,0.00034
33397000000,1.08132,10.42130,-0.01702,0.71321,-0.00115,0.00090,0.70095,0.25023,1.36698,-0.00163
35443000000,2.29745,12.92449,-0.02281,0.87938,-0.00025,0.00159,0.47612,0.87853,0.90335,-0.00451
37621000000,4.79222,14.23705,-0.03608,0.99448,-0.00017,0.00150,0.10496,1.04887,0.26288,-0.00419
39337000000,6.38173,13.94815,-0.03913,0.97768,-0.00056,0.00153,-0.21008,0.34591,-0.90129,0.00006
44320000000,7.10947,8.19934,-0.03566,0.68457,-0.00011,0.00032,-0.72895,0.04414,-1.27884,0.00012
47224000000,6.72984,3.86194,-0.03820,0.67324,0.00037,0.00035,-0.73943,0.18078,-1.33826,-0.00125
49204000000,7.99239,1.66330,-0.04177,0.97809,0.00032,0.00100,-0.20818,0.83188,-0.17279,-0.00165
52504000000,11.12218,2.94958,-0.04693,0.87999,-0.00013,0.00077,0.47500,0.43145,0.56456,-0.00071
56134000000,10.98232,5.57571,-0.04667,0.66576,-0.00040,-0.00030,0.74617,0.04470,1.02057,0.00056
59335000000,11.42755,9.92112,-0.04310,0.83004,0.00016,-0.00013,0.55771,0.57427,1.18014,0.00092
62569000000,14.67775,13.16992,-0.04074,0.95527,-0.00045,-0.00094,0.29572,1.13002,0.45376,0.00073
67024000000,20.11629,13.41006,-0.03749,0.88986,-0.00057,-0.00005,-0.45624,0.77304,-0.36719,0.00008
69004000000,19.65226,10.80709,-0.04025,0.62689,-0.00060,0.00082,-0.77911,-0.14912,-1.38434,-0.00025
71215000000,19.49132,7.60829,-0.03853,0.71018,0.00023,0.00076,-0.70402,-0.00749,-1.47525,-0.00052
73492000000,19.61864,4.18618,-0.04260,0.72255,-0.00002,0.00006,-0.69131,0.17258,-1.27351,0.00131
75703000000,20.26586,1.89278,-0.03264,0.90196,-0.00045,0.00048,-0.43182,0.54317,-0.23394,0.00311
80521000000,23.43656,2.54185,-0.02074,0.94568,0.00031,-0.00143,0.32508,0.54369,0.21144,0.00265
81577000000,23.45951,3.13475,-0.01705,0.81226,0.00010,-0.00094,0.58330,0.00387,0.94348,0.00258
84052000000,23.45022,5.87326,-0.01162,0.74042,0.00100,-0.00050,0.67214,0.05860,1.22741,0.00306
85141000000,23.66836,7.50922,-0.00615,0.75072,0.00115,-0.00034,0.66062,0.10019,1.47402,0.00339
87220000000,23.76761,10.54296,-0.00088,0.70971,0.00101,-0.00034,0.70450,0.24872,1.35656,0.00232
89365000000,24.71896,13.23935,0.00364,0.89824,0.00125,-0.00056,0.43950,0.75008,0.37787,0.00214
93292000000,28.32207,12.83739,0.01212,0.85936,0.00001,-0.00151,-0.51138,0.56326,-0.56587,0.00363
95536000000,28.19483,9.74733,0.02604,0.66955,-0.00059,-0.00107,-0.74277,-0.07212,-1.44654,0.00513
99133000000,27.90080,4.38814,0.04210,0.69583,-0.00149,-0.00051,-0.71820,0.16047,-1.32311,0.00083
101377000000,29.13212,2.01907,0.03091,0.97712,-0.00182,0.00071,-0.21267,0.58807,-0.06578,-0.00166
106261000000,32.09259,3.91925,0.03030,0.71899,-0.00038,-0.00210,0.69502,0.38242,0.84498,0.00190
109825000000,32.36280,9.15750,0.04698,0.70305,0.00140,-0.00161,0.71114,0.09918,1.42140,0.00573
112498000000,32.71117,12.78449,0.06601,0.81023,0.00201,-0.00068,0.58611,0.56914,1.02922,0.00301
114742000000,35.16127,14.21816,0.06179,0.99126,0.00238,0.00039,0.13193,0.57614,-0.09112,-0.00072
119659000000,36.83688,12.13200,0.06089,0.77551,0.00155,-0.00086,-0.63133,0.17052,-0.60402,0.00014
122167000000,36.42739,9.73330,0.06285,0.65027,0.00079,-0.00147,-0.75971,-0.16534,-1.07434,0.00156
123454000000,36.20940,8.05488,0.06680,0.67272,-0.00002,-0.00211,-0.73990,0.08730,-0.86031,0.00343
126094000000,36.77021,6.35486,0.07632,0.81039,-0.00063,-0.00217,-0.58588,0.11021,-0.86469,0.00234
131077000000,37.04955,1.46333,0.08466,0.92987,-0.00149,-0.00062,-0.36789,0.32322,-0.38743,0.00072
135070000000,39.67146,2.87728,0.08275,0.89280,-0.00094,0.00060,0.45045,0.21270,0.63700,-0.00125
138568000000,38.64292,6.23510,0.07531,0.24887,0.00022,-0.00149,0.96854,-0.32913,0.66958,-0.00222
139888000000,38.08571,6.10331,0.07207,0.00628,0.00102,-0.00117,0.99998,-0.70771,-0.51528,-0.00236
142330000000,35.98051,4.29662,0.06642,0.60359,-0.00061,0.00131,-0.79729,-0.28714,-1.11496,-0.00551
144805000000,36.67385,0.62107,0.04497,0.78460,-0.00059,-0.00019,-0.62001,0.27474,-1.46276,-0.00344
147709000000,37.45834,-3.57157,0.04793,0.74771,0.00027,-0.00163,-0.66403,0.12753,-1.47991,0.00212
151537000000,37.53237,-9.34171,0.05927,0.69899,0.00021,-0.00168,-0.71513,-0.25962,-1.16232,0.00179
157411000000,34.93950,-14.84839,0.06533,0.12681,-0.00187,0.00263,0.99192,-0.60798,-0.09277,-0.15562
160051000000,32.35599,-10.13159,-1.26571,0.68396,-0.00100,0.00415,0.72950,-0.68022,2.05176,-0.57133
162460000000,31.50505,-4.48905,-2.81932,0.73327,0.00037,0.00538,0.67991,-0.64004,2.33472,-0.62845
166717000000,28.08947,5.43162,-5.45493,0.04495,0.00400,0.00124,0.99898,-0.86483,1.22308,-0.57244
170149000000,24.85540,4.91525,-7.22085,0.64192,-0.00504,0.00522,-0.76674,-0.44098,-0.67953,-0.43475
172591000000,25.49912,1.44007,-8.00866,0.66102,-0.00430,0.00351,-0.75035,0.22469,-1.44514,-0.20973
175330000000,26.01954,-2.57200,-8.30745,0.70842,0.00064,-0.00263,-0.70579,0.03074,-1.38796,-0.05527
177739000000,25.65739,-5.70515,-8.29321,0.56787,0.00210,-0.00178,-0.82311,-0.56309,-0.59459,-0.00001
181303000000,22.65623,-6.12348,-8.30753,0.14687,-0.00181,0.00217,0.98915,-0.73798,0.10236,-0.00404
182590000000,22.07745,-5.20861,-8.31281,0.45584,-0.00131,0.00221,0.89006,-0.13843,1.12861,-0.00420
186253000000,21.97102,-0.53687,-8.32830,0.74411,0.00046,0.00243,0.66805,-0.27045,1.08011,0.00227
193381000000,19.15901,6.44688,-8.28835,-0.16280,0.00056,0.00118,0.98666,-0.35928,0.52254,0.00519
195361000000,18.69870,4.22242,-8.28102,0.66736,0.00043,-0.00109,-0.74473,-0.22249,-1.29080,0.00027
202753000000,17.07379,-5.65049,-8.28585,-0.21663,-0.00127,-0.00072,0.97625,-0.43874,-0.90605,-0.00376
204997000000,14.47096,-4.50826,-8.31726,0.26982,-0.00057,-0.00221,0.96291,-0.75131,0.66371,-0.00744
206878000000,13.97465,-2.91268,-8.31655,0.60355,0.00481,-0.00287,0.79730,-0.14570,1.00733,0.00473
208066000000,14.02381,-1.41675,-8.30275,0.72714,0.00374,-0.00110,0.68648,0.12968,1.35249,0.00773
209188000000,14.27421,0.21157,-8.29869,0.75529,0.00215,0.00009,0.65539,-0.33816,0.64542,-0.00060
218659000000,10.44168,5.42016,-8.30907,0.58393,0.00006,-0.00106,-0.81180,-0.28728,-0.21447,-0.00031
224434000000,9.89426,-3.05819,-8.30342,0.67314,0.00161,0.00053,-0.73952,-0.48099,-1.25822,0.00033
227932000000,5.98146,-6.24736,-8.30601,-0.19344,-0.00110,-0.00175,0.98111,-1.26590,-0.67382,-0.00185
230836000000,1.78998,-7.37201,-8.31524,-0.09687,-0.00155,-0.00031,0.99530,-1.46186,-0.35955,-0.00373
232915000000,-1.30299,-8.03902,-8.32457,-0.19407,-0.00219,0.00039,0.98098,-1.02689,1.92300,0.00290
235984000000,-3.49646,2.52758,-8.30032,0.70863,0.00241,-0.00162,-0.70558,-0.86171,4.31667,0.02186
239251000000,-6.76278,19.31143,-8.18604,0.95532,0.00232,-0.00241,-0.29554,-0.38239,4.58285,0.07125
243937000000,-6.53758,38.97502,-7.73371,0.99966,0.00226,-0.00152,-0.02577,-0.04044,4.09601,0.13136
248326000000,-7.12981,56.48273,-6.99397,0.99893,0.00368,0.00040,-0.04614,-0.17033,3.90209,0.18854
250504000000,-7.65612,64.60005,-6.49560,0.99916,0.00377,0.00143,-0.04087,-0.26589,3.65186,0.25427
252550000000,-8.25293,71.90818,-5.91994,0.99917,0.00449,0.00178,-0.04046,-0.29170,3.57191,0.28136
