timestamp_ns,n_boxes,mask_coverage,matched,det_age_ms,rejected
2641000000,0,0.0000,0,-1.0,0
2674000000,0,0.0000,0,-1.0,0
2707000000,19,0.1060,1,66.0,0
2740000000,18,0.1069,1,33.0,0
2773000000,18,0.1065,1,33.0,0
2806000000,18,0.1058,1,33.0,0
2839000000,18,0.1047,1,33.0,0
2872000000,18,0.1047,1,33.0,0
3004000000,18,0.1035,1,132.0,0
3070000000,15,0.0975,1,66.0,0
3103000000,14,0.0832,1,33.0,0
3136000000,15,0.0997,1,33.0,0
3169000000,15,0.0886,1,33.0,0
3202000000,15,0.0886,1,33.0,0
3268000000,16,0.1009,1,66.0,0
3334000000,15,0.0980,1,66.0,0
3433000000,15,0.0871,1,99.0,0
3499000000,15,0.0812,1,66.0,0
3532000000,17,0.0876,1,33.0,0
3565000000,15,0.0852,1,33.0,0
3598000000,15,0.0915,1,33.0,0
3631000000,16,0.0947,1,33.0,0
3664000000,16,0.0938,1,33.0,0
3697000000,16,0.0911,1,33.0,0
3730000000,16,0.0924,1,33.0,0
3763000000,16,0.0922,1,33.0,0
3796000000,17,0.0937,1,33.0,0
3829000000,16,0.0932,1,33.0,0
3862000000,17,0.0945,1,33.0,0
3895000000,16,0.0928,1,33.0,0
3928000000,13,0.0744,1,33.0,0
3961000000,13,0.0748,1,33.0,0
3994000000,14,0.0912,1,33.0,0
4027000000,14,0.0976,1,33.0,0
4060000000,14,0.0974,1,33.0,0
4093000000,13,0.0911,1,33.0,0
4126000000,14,0.0918,1,33.0,0
4159000000,15,0.0919,1,33.0,0
4192000000,15,0.0921,1,33.0,0
4225000000,15,0.0743,1,33.0,0
4258000000,14,0.0741,1,33.0,0
4291000000,17,0.0956,1,33.0,0
4324000000,17,0.0974,1,33.0,0
4357000000,16,0.0968,1,33.0,0
4390000000,17,0.0980,1,33.0,0
4423000000,16,0.0963,1,33.0,0
4456000000,16,0.0966,1,33.0,0
4489000000,16,0.0970,1,33.0,0
4522000000,16,0.0975,1,33.0,0
4555000000,16,0.0983,1,33.0,0
4588000000,16,0.0991,1,33.0,0
4621000000,16,0.1046,1,33.0,0
4654000000,16,0.0999,1,33.0,0
4687000000,15,0.0987,1,33.0,0
4720000000,16,0.1002,1,33.0,0
4753000000,16,0.1006,1,33.0,0
4819000000,18,0.1012,1,66.0,0
4852000000,16,0.1063,1,33.0,0
4885000000,17,0.1008,1,33.0,0
4918000000,17,0.1008,1,66.0,0
4951000000,17,0.1022,1,33.0,0
4984000000,17,0.1030,1,33.0,0
5017000000,17,0.1034,1,33.0,0
5050000000,18,0.1101,1,33.0,0
5083000000,16,0.1028,1,33.0,0
5116000000,15,0.1023,1,33.0,0
5149000000,15,0.1027,1,33.0,0
5215000000,14,0.0639,1,33.0,0
5248000000,13,0.0843,1,33.0,0
5281000000,14,0.0921,1,33.0,0
5314000000,13,0.0928,1,33.0,0
5347000000,13,0.0825,1,33.0,0
5380000000,11,0.0791,1,33.0,0
5413000000,11,0.0801,1,33.0,0
5446000000,12,0.1143,1,33.0,0
5479000000,12,0.1145,1,33.0,0
5512000000,12,0.0767,1,33.0,0
5545000000,11,0.0586,1,33.0,0
5578000000,12,0.0810,1,33.0,0
5611000000,11,0.0815,1,33.0,0
5644000000,10,0.0819,1,33.0,0
5677000000,11,0.0852,1,33.0,0
5743000000,10,0.0824,1,33.0,0
5776000000,10,0.0823,1,33.0,0
5809000000,10,0.1462,1,33.0,0
5842000000,10,0.1537,1,33.0,0
5875000000,10,0.1526,1,33.0,0
5908000000,10,0.1540,1,33.0,0
5941000000,11,0.1567,1,33.0,0
5974000000,11,0.1619,1,33.0,0
6007000000,8,0.1571,1,33.0,0
6040000000,11,0.1608,1,33.0,0
6073000000,11,0.1596,1,33.0,0
6106000000,10,0.1092,1,33.0,0
6139000000,12,0.1599,1,33.0,0
6172000000,11,0.1601,1,33.0,0
6205000000,10,0.1246,1,33.0,0
6238000000,14,0.1652,1,33.0,0
6271000000,12,0.1516,1,33.0,0
6304000000,11,0.1482,1,33.0,0
6337000000,11,0.1448,1,33.0,0
6403000000,11,0.1482,1,66.0,0
6436000000,10,0.1563,1,33.0,0
6469000000,10,0.1629,1,33.0,0
6502000000,11,0.1706,1,33.0,0
6535000000,11,0.1691,1,33.0,0
6634000000,9,0.1732,1,33.0,0
6667000000,11,0.1751,1,33.0,0
6700000000,12,0.1810,1,33.0,0
6733000000,10,0.1804,1,33.0,0
6766000000,12,0.1838,1,33.0,0
6799000000,11,0.1787,1,33.0,0
6832000000,11,0.1868,1,33.0,0
6865000000,12,0.1833,1,33.0,0
6898000000,13,0.1817,1,33.0,0
6931000000,11,0.1738,1,33.0,0
6964000000,12,0.1714,1,33.0,0
6997000000,11,0.1693,1,33.0,0
7030000000,10,0.1657,1,33.0,0
7063000000,11,0.1636,1,33.0,0
7096000000,10,0.1461,1,33.0,0
7129000000,8,0.1354,1,33.0,0
7162000000,10,0.1372,1,33.0,0
7195000000,12,0.1486,1,33.0,0
7228000000,13,0.1462,1,33.0,0
7294000000,12,0.1333,1,66.0,0
7327000000,16,0.1278,1,33.0,0
7360000000,14,0.1041,1,33.0,0
7393000000,14,0.0961,1,33.0,0
7426000000,11,0.0718,1,33.0,0
7459000000,10,0.0687,1,33.0,0
7492000000,12,0.0725,1,33.0,0
7525000000,10,0.0684,1,33.0,0
7558000000,12,0.0754,1,33.0,0
7591000000,8,0.0630,1,33.0,0
7624000000,8,0.0648,1,33.0,0
7657000000,11,0.0713,1,33.0,0
7690000000,8,0.0533,1,33.0,0
7723000000,10,0.0759,1,33.0,0
7756000000,10,0.0759,1,66.0,0
7822000000,11,0.0766,1,33.0,0
7855000000,10,0.0774,1,33.0,0
7921000000,9,0.0652,1,33.0,0
7954000000,9,0.0659,1,33.0,0
7987000000,10,0.0794,1,33.0,0
8020000000,10,0.0709,1,33.0,0
8053000000,10,0.0709,1,66.0,0
8086000000,11,0.0810,1,33.0,0
8152000000,11,0.0813,1,33.0,0
8185000000,9,0.0773,1,33.0,0
8218000000,11,0.0829,1,33.0,0
8251000000,9,0.0725,1,33.0,0
8317000000,9,0.0729,1,66.0,0
8350000000,9,0.0796,1,33.0,0
8383000000,8,0.0587,1,33.0,0
8449000000,10,0.0770,1,66.0,0
8482000000,10,0.0770,1,99.0,0
8515000000,10,0.0766,1,66.0,0
8581000000,9,0.0729,1,66.0,0
8614000000,8,0.0674,1,33.0,0
8647000000,12,0.0935,1,33.0,0
8680000000,10,0.0817,1,33.0,0
8713000000,11,0.0917,1,33.0,0
8746000000,11,0.0826,1,33.0,0
8779000000,11,0.0898,1,33.0,0
8845000000,12,0.0957,1,33.0,0
8878000000,12,0.0958,1,33.0,0
8911000000,11,0.0859,1,33.0,0
8944000000,11,0.0842,1,33.0,0
8977000000,10,0.0837,1,33.0,0
9010000000,12,0.0869,1,33.0,0
9043000000,13,0.0869,1,33.0,0
9076000000,13,0.0951,1,33.0,0
9109000000,14,0.0981,1,33.0,0
9142000000,11,0.0957,1,33.0,0
9175000000,11,0.0747,1,33.0,0
9208000000,12,0.0991,1,33.0,0
9241000000,12,0.1007,1,33.0,0
9274000000,9,0.0858,1,33.0,0
9340000000,10,0.0909,1,66.0,0
9373000000,11,0.0949,1,33.0,0
9439000000,12,0.0994,1,66.0,0
9505000000,13,0.0994,1,33.0,0
9538000000,12,0.0985,1,33.0,0
9571000000,13,0.0981,1,33.0,0
9604000000,13,0.1027,1,33.0,0
9637000000,13,0.0733,1,33.0,0
9670000000,14,0.1012,1,33.0,0
9703000000,16,0.1052,1,33.0,0
9736000000,15,0.1047,1,33.0,0
9769000000,11,0.0930,1,33.0,0
9802000000,14,0.1039,1,33.0,0
9835000000,13,0.1014,1,33.0,0
9868000000,14,0.1125,1,33.0,0
9934000000,15,0.1138,1,33.0,0
9967000000,15,0.1101,1,33.0,0
10000000000,13,0.1093,1,33.0,0
10033000000,15,0.1170,1,33.0,0
10066000000,13,0.1107,1,33.0,0
10099000000,15,0.1106,1,33.0,0
10132000000,15,0.1108,1,33.0,0
10198000000,17,0.1193,1,33.0,0
10231000000,16,0.1208,1,33.0,0
10264000000,13,0.1067,1,33.0,0
10297000000,15,0.1195,1,33.0,0
10330000000,14,0.1189,1,33.0,0
10363000000,14,0.1216,1,33.0,0
10396000000,16,0.1246,1,33.0,0
10429000000,17,0.1259,1,33.0,0
10462000000,15,0.1099,1,33.0,0
10528000000,15,0.1225,1,33.0,0
10561000000,14,0.1166,1,33.0,0
10594000000,16,0.1248,1,33.0,0
10627000000,17,0.1264,1,33.0,0
10660000000,17,0.1275,1,33.0,0
10726000000,17,0.1235,1,66.0,0
10759000000,15,0.1263,1,33.0,0
10792000000,16,0.1261,1,33.0,0
10825000000,14,0.1221,1,33.0,0
10858000000,15,0.1280,1,33.0,0
10891000000,16,0.1260,1,33.0,0
10924000000,14,0.1182,1,33.0,0
10957000000,13,0.1226,1,33.0,0
10990000000,14,0.1257,1,33.0,0
11023000000,14,0.1236,1,33.0,0
11056000000,10,0.1189,1,33.0,0
11089000000,11,0.1238,1,33.0,0
11155000000,10,0.1223,1,33.0,0
11188000000,11,0.1254,1,33.0,0
11221000000,11,0.1280,1,33.0,0
11254000000,13,0.1301,1,33.0,0
11287000000,13,0.1327,1,33.0,0
11320000000,11,0.1286,1,33.0,0
11353000000,11,0.0716,1,33.0,0
11386000000,9,0.0726,1,33.0,0
11419000000,12,0.1284,1,33.0,0
11452000000,11,0.1235,1,33.0,0
11485000000,12,0.1278,1,33.0,0
11551000000,15,0.1368,1,66.0,0
11584000000,11,0.1313,1,33.0,0
11650000000,11,0.1284,1,33.0,0
11683000000,12,0.1206,1,33.0,0
11716000000,11,0.1047,1,33.0,0
11749000000,10,0.1082,1,33.0,0
11782000000,11,0.1247,1,33.0,0
11815000000,10,0.1119,1,33.0,0
11848000000,11,0.1016,1,33.0,0
11881000000,14,0.1362,1,33.0,0
11947000000,7,0.1129,1,33.0,0
11980000000,10,0.1326,1,33.0,0
12013000000,11,0.1345,1,33.0,0
12046000000,9,0.1302,1,33.0,0
12112000000,7,0.1233,1,33.0,0
12145000000,9,0.1277,1,33.0,0
12178000000,9,0.1304,1,33.0,0
12244000000,8,0.1378,1,33.0,0
12277000000,7,0.1400,1,33.0,0
12310000000,8,0.1430,1,33.0,0
12343000000,9,0.1548,1,33.0,0
12442000000,8,0.1527,1,66.0,0
12475000000,9,0.1554,1,33.0,0
12508000000,9,0.1539,1,33.0,0
12541000000,9,0.1539,1,66.0,0
12574000000,9,0.1518,1,66.0,0
12607000000,10,0.1502,1,33.0,0
12640000000,9,0.1468,1,33.0,0
12673000000,9,0.1468,1,66.0,0
12739000000,12,0.1433,1,66.0,0
12772000000,10,0.1383,1,33.0,0
12805000000,11,0.1345,1,33.0,0
12838000000,9,0.1352,1,33.0,0
12871000000,9,0.1336,1,33.0,0
12904000000,9,0.1310,1,33.0,0
12937000000,10,0.1322,1,33.0,0
13036000000,10,0.1225,1,33.0,0
13102000000,9,0.1059,1,66.0,0
13135000000,12,0.1232,1,33.0,0
13201000000,11,0.1214,1,33.0,0
13234000000,11,0.1100,1,33.0,0
13267000000,11,0.1137,1,33.0,0
13333000000,9,0.1082,1,66.0,0
13366000000,9,0.1082,1,33.0,0
13399000000,7,0.0897,1,33.0,0
13465000000,8,0.1019,1,66.0,0
13498000000,9,0.1017,1,66.0,0
13597000000,9,0.0906,1,66.0,0
13630000000,10,0.0947,1,66.0,0
13663000000,10,0.0864,1,33.0,0
13696000000,10,0.0859,1,33.0,0
13729000000,9,0.0817,1,33.0,0
13762000000,10,0.0844,1,33.0,0
13795000000,12,0.0828,1,33.0,0
13828000000,11,0.0790,1,33.0,0
13894000000,9,0.0782,1,33.0,0
13927000000,7,0.0577,1,33.0,0
13960000000,7,0.0628,1,33.0,0
13993000000,7,0.0458,1,33.0,0
14026000000,8,0.0662,1,33.0,0
14059000000,7,0.0634,1,33.0,0
14125000000,4,0.0169,1,33.0,0
14158000000,6,0.0573,1,33.0,0
14224000000,8,0.0609,1,33.0,0
14257000000,6,0.0558,1,33.0,0
14290000000,6,0.0558,1,66.0,0
14323000000,6,0.0569,1,66.0,0
14356000000,5,0.0447,1,66.0,0
14455000000,6,0.0722,1,99.0,0
14521000000,4,0.0487,1,66.0,0
14554000000,6,0.0601,1,33.0,0
14587000000,5,0.0521,1,33.0,0
14620000000,7,0.0689,1,33.0,0
14653000000,7,0.0689,1,66.0,0
14719000000,4,0.0198,1,33.0,0
14752000000,5,0.0582,1,33.0,0
14785000000,6,0.0612,1,33.0,0
14818000000,5,0.0598,1,33.0,0
14851000000,5,0.0649,1,33.0,0
14884000000,5,0.0649,1,66.0,0
14917000000,5,0.0740,1,33.0,0
14950000000,4,0.0575,1,33.0,0
14983000000,4,0.0575,1,66.0,0
15016000000,4,0.0570,1,66.0,0
15082000000,6,0.0624,1,66.0,0
15115000000,5,0.0671,1,66.0,0
15148000000,5,0.0657,1,66.0,0
15181000000,4,0.0679,1,33.0,0
15214000000,6,0.0797,1,33.0,0
15280000000,7,0.0907,1,33.0,0
15313000000,5,0.0807,1,33.0,0
15379000000,6,0.0389,1,33.0,0
15412000000,4,0.0763,1,33.0,0
15445000000,5,0.0855,1,33.0,0
15544000000,6,0.0931,1,66.0,0
15577000000,5,0.0267,1,33.0,0
15610000000,6,0.1051,1,33.0,0
15643000000,5,0.0984,1,33.0,0
15676000000,5,0.0580,1,33.0,0
15709000000,4,0.0969,1,33.0,0
15742000000,4,0.0980,1,33.0,0
15775000000,5,0.1091,1,33.0,0
15808000000,5,0.1120,1,33.0,0
15841000000,6,0.1217,1,33.0,0
15874000000,6,0.1226,1,33.0,0
15940000000,5,0.1227,1,33.0,0
15973000000,5,0.1297,1,33.0,0
16006000000,5,0.1323,1,33.0,0
16039000000,5,0.1345,1,33.0,0
16072000000,5,0.1357,1,33.0,0
16105000000,6,0.1467,1,33.0,0
16138000000,6,0.1471,1,33.0,0
16171000000,6,0.1388,1,33.0,0
16204000000,5,0.1380,1,33.0,0
16237000000,6,0.1394,1,33.0,0
16270000000,6,0.1394,1,66.0,0
16303000000,6,0.1425,1,33.0,0
16402000000,6,0.1467,1,33.0,0
16435000000,5,0.1423,1,33.0,0
16468000000,6,0.1503,1,33.0,0
16501000000,6,0.1527,1,33.0,0
16534000000,6,0.1531,1,33.0,0
16567000000,6,0.1564,1,33.0,0
16600000000,6,0.1578,1,33.0,0
16666000000,6,0.1618,1,33.0,0
16699000000,6,0.1607,1,33.0,0
16732000000,7,0.1684,1,33.0,0
16765000000,9,0.1708,1,33.0,0
16831000000,8,0.1734,1,66.0,0
16930000000,8,0.1858,1,33.0,0
16963000000,8,0.1897,1,33.0,0
16996000000,7,0.1906,1,33.0,0
17029000000,7,0.1915,1,33.0,0
17062000000,8,0.1927,1,33.0,0
17095000000,7,0.1900,1,33.0,0
17128000000,7,0.1926,1,33.0,0
17161000000,7,0.1922,1,33.0,0
17194000000,7,0.1920,1,33.0,0
17227000000,8,0.1916,1,33.0,0
17260000000,7,0.1584,1,33.0,0
17293000000,7,0.1534,1,33.0,0
17326000000,7,0.1492,1,33.0,0
17392000000,8,0.1784,1,33.0,0
17458000000,6,0.1811,1,33.0,0
17491000000,6,0.1650,1,33.0,0
17524000000,6,0.1610,1,33.0,0
17557000000,6,0.1570,1,33.0,0
17590000000,8,0.1581,1,33.0,0
17623000000,6,0.1529,1,33.0,0
17656000000,7,0.1647,1,33.0,0
17722000000,6,0.1591,1,66.0,0
17755000000,5,0.1373,1,33.0,0
17788000000,5,0.1339,1,33.0,0
17821000000,5,0.1445,1,33.0,0
17854000000,4,0.0810,1,33.0,0
17920000000,5,0.1312,1,66.0,0
17986000000,5,0.1405,1,33.0,0
18019000000,4,0.1326,1,33.0,0
18052000000,7,0.1585,1,33.0,0
18184000000,6,0.1675,1,33.0,0
18217000000,5,0.1710,1,33.0,0
18250000000,5,0.1739,1,33.0,0
18283000000,5,0.1771,1,33.0,0
18415000000,4,0.1912,1,33.0,0
18448000000,4,0.1914,1,33.0,0
18481000000,7,0.2063,1,33.0,0
18514000000,5,0.2097,1,33.0,0
18580000000,5,0.2175,1,66.0,0
18613000000,5,0.2321,1,33.0,0
18646000000,6,0.2412,1,33.0,0
18745000000,6,0.2517,1,99.0,0
18778000000,6,0.2780,1,33.0,0
18844000000,5,0.3011,1,33.0,0
18877000000,6,0.3152,1,33.0,0
18943000000,6,0.3225,1,66.0,0
18976000000,6,0.3404,1,66.0,0
19042000000,7,0.3643,1,66.0,0
19075000000,7,0.3844,1,33.0,0
19108000000,7,0.3911,1,33.0,0
19141000000,6,0.3867,1,33.0,0
19240000000,6,0.4393,1,33.0,0
19273000000,6,0.4402,1,33.0,0
19306000000,6,0.4462,1,33.0,0
19339000000,7,0.4524,1,33.0,0
19372000000,8,0.4676,1,33.0,0
19438000000,6,0.4660,1,33.0,0
19471000000,6,0.4595,1,33.0,0
19504000000,6,0.4569,1,33.0,0
19537000000,5,0.4470,1,33.0,0
19570000000,5,0.4508,1,33.0,0
19636000000,5,0.4551,1,66.0,0
19702000000,6,0.4637,1,99.0,0
19735000000,7,0.4929,1,33.0,0
19768000000,7,0.4965,1,33.0,0
19801000000,5,0.4882,1,33.0,0
19834000000,7,0.5258,1,33.0,0
19867000000,4,0.4699,1,33.0,0
19900000000,3,0.5009,1,33.0,0
19966000000,3,0.6008,1,33.0,0
19999000000,3,0.6580,1,33.0,0
20032000000,3,0.6908,1,33.0,0
20065000000,2,0.3585,1,33.0,0
20098000000,3,0.3554,1,33.0,0
20131000000,4,0.4269,1,33.0,0
20164000000,4,0.3841,1,33.0,0
20197000000,4,0.4189,1,33.0,0
20230000000,3,0.4634,1,33.0,0
20263000000,3,0.4725,1,33.0,0
20296000000,2,0.0501,1,33.0,0
20329000000,5,0.4786,1,33.0,0
20395000000,3,0.0655,1,66.0,0
20428000000,6,0.4967,1,33.0,0
20527000000,5,0.5483,1,33.0,0
20560000000,5,0.5483,1,66.0,0
20626000000,7,0.5394,1,66.0,0
20659000000,7,0.5280,1,33.0,0
20692000000,6,0.4310,1,33.0,0
20725000000,4,0.3422,1,33.0,0
20758000000,5,0.4325,1,33.0,0
20791000000,7,0.4599,1,33.0,0
20824000000,5,0.4767,1,33.0,0
20857000000,7,0.4468,1,33.0,0
20890000000,8,0.4204,1,33.0,0
20923000000,7,0.3977,1,33.0,0
20956000000,7,0.3733,1,33.0,0
20989000000,8,0.3616,1,33.0,0
21022000000,7,0.3438,1,33.0,0
21055000000,6,0.3198,1,33.0,0
21088000000,8,0.3143,1,33.0,0
21121000000,3,0.2294,1,33.0,0
21154000000,5,0.2734,1,33.0,0
21187000000,6,0.2595,1,33.0,0
21286000000,6,0.2250,1,33.0,0
21319000000,7,0.2117,1,33.0,0
21352000000,5,0.1648,1,33.0,0
21385000000,5,0.1774,1,33.0,0
21418000000,8,0.1956,1,33.0,0
21451000000,6,0.1854,1,33.0,0
21484000000,6,0.1801,1,33.0,0
21517000000,8,0.1937,1,33.0,0
21550000000,7,0.1857,1,33.0,0
21583000000,6,0.1031,1,33.0,0
21616000000,7,0.1833,1,33.0,0
21649000000,8,0.1784,1,33.0,0
21682000000,6,0.1694,1,33.0,0
21715000000,6,0.1361,1,33.0,0
21748000000,5,0.0990,1,33.0,0
21781000000,5,0.1001,1,33.0,0
21814000000,5,0.1133,1,33.0,0
21880000000,4,0.0921,1,66.0,0
21913000000,5,0.1312,1,33.0,0
21946000000,8,0.1516,1,33.0,0
21979000000,6,0.0880,1,33.0,0
22012000000,8,0.1418,1,33.0,0
22111000000,5,0.1244,1,33.0,0
22144000000,5,0.1241,1,33.0,0
22177000000,5,0.1289,1,33.0,0
22210000000,5,0.1280,1,33.0,0
22243000000,5,0.1350,1,33.0,0
22276000000,5,0.1384,1,33.0,0
22309000000,6,0.1541,1,33.0,0
22342000000,6,0.1522,1,33.0,0
22441000000,5,0.1608,1,33.0,0
22474000000,6,0.1869,1,33.0,0
22507000000,6,0.1928,1,33.0,0
22540000000,4,0.1679,1,33.0,0
22639000000,5,0.2391,1,33.0,0
22672000000,5,0.2408,1,33.0,0
22705000000,5,0.2256,1,33.0,0
22738000000,5,0.2263,1,33.0,0
22771000000,5,0.2159,1,33.0,0
22804000000,6,0.2274,1,33.0,0
22837000000,6,0.2223,1,33.0,0
22870000000,6,0.2115,1,33.0,0
22903000000,6,0.1985,1,33.0,0
22969000000,7,0.1732,1,33.0,0
23002000000,5,0.1189,1,33.0,0
23035000000,6,0.1273,1,33.0,0
23068000000,5,0.0818,1,33.0,0
23101000000,5,0.0832,1,33.0,0
23134000000,5,0.0859,1,33.0,0
23167000000,5,0.0881,1,33.0,0
23200000000,5,0.0881,1,66.0,0
23233000000,5,0.0893,1,66.0,0
23266000000,6,0.0908,1,66.0,0
23365000000,4,0.0855,1,33.0,0
23398000000,5,0.0951,1,33.0,0
23431000000,5,0.0969,1,33.0,0
23464000000,5,0.0981,1,33.0,0
23497000000,5,0.0986,1,33.0,0
23530000000,5,0.1009,1,33.0,0
23596000000,5,0.1017,1,66.0,0
23629000000,6,0.1060,1,33.0,0
23662000000,6,0.1062,1,33.0,0
23695000000,6,0.1062,1,66.0,0
23761000000,6,0.1070,1,66.0,0
23860000000,6,0.1098,1,33.0,0
23893000000,6,0.1105,1,33.0,0
23959000000,5,0.1009,1,66.0,0
24058000000,4,0.1009,1,33.0,0
24091000000,5,0.1121,1,33.0,0
24157000000,5,0.1057,1,33.0,0
24223000000,5,0.1070,1,66.0,0
24256000000,4,0.1052,1,33.0,0
24289000000,5,0.1095,1,33.0,0
24322000000,6,0.1100,1,33.0,0
24421000000,7,0.1228,1,66.0,0
24454000000,6,0.1108,1,33.0,0
24487000000,6,0.1117,1,33.0,0
24520000000,7,0.1125,1,33.0,0
24553000000,7,0.1139,1,33.0,0
24619000000,6,0.1131,1,66.0,0
24652000000,6,0.1131,1,99.0,0
24685000000,5,0.1118,1,66.0,0
24718000000,5,0.1113,1,66.0,0
24751000000,5,0.1083,1,66.0,0
24817000000,7,0.1179,1,66.0,0
24850000000,6,0.0905,1,33.0,0
24916000000,4,0.0746,1,33.0,0
24949000000,6,0.1074,1,33.0,0
24982000000,6,0.1317,1,33.0,0
25015000000,4,0.1029,1,33.0,0
25048000000,4,0.1029,1,66.0,0
25081000000,4,0.1192,1,33.0,0
25114000000,4,0.1213,1,33.0,0
25180000000,4,0.1229,1,33.0,0
25246000000,5,0.1274,1,66.0,0
25279000000,4,0.1264,1,33.0,0
25312000000,4,0.1264,1,66.0,0
25345000000,4,0.1290,1,33.0,0
25378000000,4,0.1302,1,33.0,0
25444000000,3,0.1024,1,66.0,0
25477000000,4,0.1362,1,33.0,0
25510000000,4,0.1362,1,66.0,0
25543000000,4,0.1384,1,33.0,0
25576000000,5,0.1349,1,33.0,0
25609000000,5,0.1349,1,66.0,0
25642000000,4,0.1457,1,33.0,0
25708000000,5,0.1482,1,33.0,0
25774000000,4,0.1477,1,66.0,0
25840000000,3,0.1491,1,33.0,0
25873000000,4,0.1485,1,33.0,0
25939000000,4,0.1479,1,33.0,0
25972000000,4,0.1466,1,33.0,0
26005000000,4,0.1458,1,33.0,0
26038000000,3,0.0945,1,33.0,0
26104000000,3,0.1296,1,33.0,0
26137000000,4,0.1236,1,33.0,0
26203000000,4,0.1205,1,66.0,0
26335000000,2,0.0864,1,33.0,0
26368000000,3,0.0925,1,33.0,0
26401000000,3,0.0746,1,33.0,0
26434000000,4,0.0773,1,33.0,0
26467000000,4,0.0803,1,33.0,0
26500000000,3,0.0823,1,33.0,0
26533000000,4,0.0838,1,33.0,0
26599000000,2,0.0772,1,33.0,0
26632000000,2,0.0756,1,33.0,0
26698000000,2,0.0741,1,33.0,0
26731000000,3,0.0729,1,33.0,0
26764000000,3,0.0722,1,33.0,0
26830000000,3,0.0691,1,66.0,0
26863000000,3,0.0682,1,33.0,0
26896000000,3,0.0671,1,33.0,0
26962000000,3,0.0667,1,66.0,0
27028000000,2,0.0649,1,33.0,0
27061000000,3,0.0662,1,33.0,0
27127000000,3,0.0647,1,33.0,0
27160000000,3,0.0637,1,33.0,0
27193000000,3,0.0639,1,33.0,0
27226000000,4,0.0637,1,33.0,0
27259000000,3,0.0614,1,33.0,0
27292000000,3,0.0613,1,33.0,0
27325000000,3,0.0624,1,33.0,0
27391000000,3,0.0618,1,66.0,0
27424000000,3,0.0614,1,33.0,0
27490000000,4,0.0623,1,66.0,0
27523000000,4,0.0623,1,99.0,0
27556000000,3,0.0581,1,66.0,0
27589000000,4,0.0584,1,33.0,0
27622000000,3,0.0570,1,33.0,0
27655000000,3,0.0570,1,66.0,0
27688000000,3,0.0562,1,33.0,0
27721000000,3,0.0557,1,33.0,0
27787000000,2,0.0528,1,33.0,0
27820000000,3,0.0563,1,33.0,0
27886000000,3,0.0538,1,33.0,0
27952000000,3,0.0511,1,33.0,0
28018000000,2,0.0451,1,33.0,0
28051000000,3,0.0450,1,33.0,0
28084000000,3,0.0442,1,33.0,0
28117000000,3,0.0442,1,66.0,0
28150000000,3,0.0732,1,33.0,0
28183000000,2,0.0303,1,33.0,0
28216000000,3,0.0314,1,33.0,0
28249000000,3,0.0314,1,66.0,0
28282000000,3,0.0299,1,66.0,0
28315000000,2,0.0101,1,66.0,0
28348000000,2,0.0252,1,66.0,0
28381000000,2,0.0236,1,66.0,0
28447000000,3,0.0228,1,66.0,0
28480000000,1,0.0083,1,33.0,0
28546000000,0,0.0000,1,33.0,0
28579000000,0,0.0000,1,33.0,0
28612000000,1,0.0089,1,33.0,0
28645000000,1,0.0091,1,33.0,0
28777000000,1,0.0098,1,33.0,0
28810000000,1,0.0099,1,33.0,0
28843000000,1,0.0100,1,33.0,0
28876000000,1,0.0102,1,33.0,0
28909000000,1,0.0102,1,66.0,0
28942000000,1,0.0105,1,33.0,0
28975000000,0,0.0000,1,33.0,0
29041000000,1,0.0041,1,66.0,0
29107000000,1,0.0104,1,66.0,0
29140000000,1,0.0106,1,33.0,0
29206000000,2,0.0748,1,66.0,0
29239000000,1,0.0106,1,33.0,0
29338000000,2,0.0767,1,33.0,0
29371000000,2,0.0134,1,33.0,0
29404000000,2,0.0778,1,33.0,0
29470000000,1,0.0104,1,66.0,0
29536000000,1,0.0105,1,66.0,0
29569000000,1,0.0104,1,33.0,0
29602000000,1,0.0107,1,33.0,0
29668000000,1,0.0107,1,33.0,0
29701000000,1,0.0126,1,33.0,0
29767000000,1,0.0105,1,66.0,0
29833000000,1,0.0103,1,33.0,0
29866000000,1,0.0106,1,33.0,0
29899000000,1,0.0115,1,33.0,0
29965000000,0,0.0000,1,33.0,0
29998000000,1,0.0099,1,33.0,0
30064000000,2,0.0148,1,33.0,0
30097000000,1,0.0116,1,33.0,0
30163000000,1,0.0115,1,33.0,0
30196000000,0,0.0000,1,33.0,0
30229000000,0,0.0000,1,33.0,0
30262000000,0,0.0000,1,33.0,0
30328000000,0,0.0000,1,33.0,0
30361000000,0,0.0000,1,33.0,0
30394000000,0,0.0000,1,33.0,0
30427000000,1,0.0137,1,33.0,0
30460000000,3,0.0203,1,33.0,0
30493000000,1,0.0032,1,33.0,0
30559000000,2,0.0194,1,66.0,0
30592000000,3,0.0284,1,33.0,0
30625000000,2,0.0226,1,33.0,0
30691000000,2,0.0278,1,33.0,0
30724000000,2,0.0091,1,33.0,0
30757000000,2,0.0093,1,33.0,0
30823000000,3,0.0275,1,66.0,0
30856000000,4,0.0276,1,66.0,0
30889000000,3,0.0280,1,66.0,0
30955000000,2,0.0080,1,66.0,0
30988000000,3,0.0301,1,66.0,0
31021000000,3,0.0095,1,66.0,0
31054000000,4,0.0336,1,66.0,0
31087000000,5,0.0377,1,66.0,0
31153000000,4,0.0167,1,66.0,0
31186000000,5,0.0200,1,33.0,0
31219000000,4,0.0211,1,33.0,0
31252000000,6,0.0917,1,33.0,0
31285000000,5,0.0905,1,33.0,0
31318000000,4,0.0209,1,33.0,0
31351000000,4,0.0205,1,33.0,0
31384000000,4,0.0197,1,33.0,0
31450000000,5,0.0493,1,66.0,0
31483000000,5,0.0294,1,33.0,0
31516000000,5,0.0201,1,33.0,0
31549000000,5,0.0469,1,33.0,0
31582000000,4,0.0171,1,33.0,0
31615000000,4,0.0165,1,33.0,0
31648000000,4,0.0167,1,33.0,0
31747000000,5,0.0211,1,33.0,0
31780000000,6,0.0316,1,33.0,0
31813000000,5,0.0203,1,33.0,0
31879000000,6,0.0300,1,66.0,0
31945000000,6,0.0235,1,66.0,0
32011000000,8,0.0318,1,66.0,0
32044000000,8,0.0343,1,33.0,0
32077000000,9,0.0368,1,33.0,0
32143000000,9,0.0348,1,66.0,0
32176000000,11,0.0414,1,33.0,0
32209000000,10,0.0727,1,33.0,0
32275000000,11,0.0755,1,33.0,0
32374000000,12,0.0739,1,99.0,0
32407000000,11,0.0630,1,66.0,0
32473000000,10,0.0419,1,66.0,0
32539000000,8,0.0362,1,66.0,0
32605000000,8,0.0365,1,33.0,0
32638000000,9,0.0392,1,33.0,0
32671000000,9,0.0391,1,33.0,0
32704000000,10,0.0383,1,33.0,0
32737000000,8,0.0369,1,33.0,0
32770000000,9,0.0396,1,33.0,0
32869000000,10,0.0447,1,66.0,0
32902000000,9,0.0414,1,66.0,0
32968000000,9,0.0599,1,66.0,0
33034000000,10,0.0670,1,99.0,0
33067000000,11,0.0737,1,99.0,0
33133000000,10,0.0822,1,33.0,0
33199000000,9,0.0860,1,66.0,0
33232000000,9,0.0860,1,99.0,0
33265000000,8,0.0837,1,66.0,0
33298000000,8,0.0837,1,99.0,0
33364000000,7,0.0744,1,66.0,0
33397000000,5,0.0279,1,66.0,0
33430000000,5,0.0635,1,66.0,0
33463000000,4,0.0240,1,66.0,0
33496000000,4,0.0587,1,66.0,0
33529000000,6,0.0735,1,66.0,0
33562000000,5,0.0664,1,33.0,0
33595000000,5,0.0686,1,33.0,0
33694000000,5,0.0712,1,33.0,0
33727000000,6,0.0793,1,33.0,0
33760000000,4,0.0348,1,33.0,0
33793000000,4,0.0348,1,66.0,0
33859000000,4,0.0637,1,66.0,0
33892000000,4,0.0637,1,99.0,0
33925000000,5,0.0743,1,66.0,0
33958000000,4,0.0667,1,66.0,0
33991000000,5,0.0780,1,66.0,0
34156000000,6,0.0883,1,99.0,0
34189000000,5,0.0865,1,66.0,0
34222000000,5,0.0882,1,66.0,0
34255000000,4,0.0781,1,33.0,0
34288000000,4,0.0792,1,33.0,0
34321000000,4,0.0792,1,66.0,0
34453000000,4,0.0812,1,132.0,0
34519000000,4,0.0828,1,66.0,0
34552000000,4,0.0860,1,33.0,0
34585000000,4,0.0859,1,33.0,0
34651000000,3,0.0270,1,66.0,0
34684000000,3,0.0270,1,33.0,0
34717000000,3,0.0267,1,33.0,0
34750000000,3,0.0260,1,33.0,0
34783000000,3,0.0257,1,33.0,0
34816000000,3,0.0251,1,33.0,0
34849000000,3,0.0251,1,66.0,0
34882000000,3,0.0256,1,66.0,0
34915000000,2,0.0127,1,66.0,0
34948000000,3,0.0248,1,66.0,0
35014000000,1,0.0094,1,66.0,0
35080000000,1,0.0098,1,66.0,0
35113000000,3,0.0530,1,33.0,0
35146000000,3,0.0539,1,33.0,0
35245000000,1,0.0300,1,33.0,0
35278000000,1,0.0099,1,33.0,0
35311000000,2,0.0236,1,33.0,0
35344000000,2,0.0241,1,33.0,0
35377000000,2,0.0212,1,33.0,0
35410000000,2,0.0207,1,33.0,0
35443000000,1,0.0100,1,33.0,0
35476000000,2,0.0237,1,33.0,0
35575000000,1,0.0098,1,99.0,0
35608000000,3,0.0238,1,33.0,0
35641000000,3,0.0248,1,33.0,0
35674000000,3,0.0239,1,33.0,0
35707000000,1,0.0100,1,33.0,0
35740000000,2,0.0152,1,33.0,0
35839000000,3,0.0282,1,66.0,0
35872000000,2,0.0171,1,33.0,0
35905000000,3,0.0305,1,33.0,0
35938000000,2,0.0185,1,33.0,0
35971000000,2,0.0196,1,33.0,0
36004000000,2,0.0210,1,33.0,0
36037000000,2,0.0216,1,33.0,0
36070000000,2,0.0216,1,66.0,0
36136000000,4,0.0343,1,66.0,0
36169000000,4,0.0370,1,33.0,0
36202000000,3,0.0247,1,33.0,0
36268000000,3,0.0249,1,33.0,0
36367000000,5,0.0417,1,66.0,0
36400000000,6,0.0613,1,33.0,0
36433000000,5,0.0451,1,33.0,0
36466000000,5,0.0448,1,33.0,0
36499000000,4,0.0344,1,33.0,0
36565000000,5,0.0474,1,66.0,0
36598000000,5,0.0490,1,33.0,0
36631000000,5,0.0409,1,33.0,0
36664000000,3,0.0261,1,33.0,0
36796000000,3,0.0361,1,66.0,0
36829000000,5,0.0825,1,66.0,0
36862000000,4,0.0421,1,66.0,0
36961000000,6,0.0829,1,99.0,0
36994000000,6,0.0829,1,132.0,0
37027000000,3,0.0448,1,33.0,0
37060000000,3,0.0425,1,33.0,0
37093000000,3,0.0337,1,33.0,0
37159000000,4,0.0390,1,66.0,0
37192000000,4,0.0406,1,33.0,0
37291000000,4,0.0429,1,33.0,0
37324000000,5,0.0619,1,33.0,0
37390000000,4,0.0437,1,66.0,0
37423000000,2,0.0252,1,33.0,0
37456000000,3,0.0335,1,33.0,0
37489000000,5,0.0650,1,33.0,0
37522000000,3,0.0353,1,33.0,0
37621000000,3,0.0436,1,66.0,0
37654000000,4,0.0512,1,33.0,0
37687000000,3,0.0373,1,33.0,0
37720000000,5,0.0712,1,33.0,0
37753000000,5,0.0696,1,33.0,0
37819000000,4,0.0612,1,66.0,0
37852000000,5,0.0621,1,66.0,0
37885000000,3,0.0418,1,66.0,0
37918000000,4,0.0617,1,33.0,0
37951000000,4,0.0465,1,33.0,0
37984000000,5,0.0608,1,33.0,0
38017000000,4,0.0623,1,33.0,0
38050000000,4,0.0623,1,66.0,0
38083000000,4,0.0602,1,66.0,0
38116000000,4,0.0620,1,33.0,0
38149000000,4,0.0618,1,33.0,0
38182000000,4,0.0624,1,33.0,0
38248000000,3,0.0465,1,66.0,0
38281000000,4,0.0619,1,66.0,0
38347000000,5,0.0631,1,66.0,0
38413000000,4,0.0624,1,99.0,0
38446000000,5,0.0627,1,66.0,0
38479000000,4,0.0212,1,66.0,0
38512000000,4,0.0399,1,66.0,0
38545000000,5,0.0622,1,66.0,0
38611000000,6,0.0726,1,66.0,0
38644000000,6,0.0719,1,66.0,0
38743000000,4,0.0525,1,33.0,0
38776000000,7,0.0716,1,33.0,0
38809000000,3,0.0314,1,33.0,0
38842000000,2,0.0118,1,33.0,0
38875000000,4,0.0595,1,33.0,0
38908000000,5,0.0737,1,33.0,0
39007000000,4,0.0397,1,66.0,0
39040000000,3,0.0399,1,66.0,0
39073000000,4,0.0643,1,33.0,0
39139000000,4,0.0651,1,66.0,0
39172000000,3,0.0348,1,33.0,0
39238000000,4,0.0638,1,33.0,0
39271000000,4,0.0549,1,33.0,0
39304000000,3,0.0360,1,33.0,0
39337000000,3,0.0369,1,33.0,0
39403000000,3,0.0529,1,66.0,0
39436000000,2,0.0341,1,33.0,0
39469000000,4,0.0720,1,33.0,0
39568000000,4,0.0753,1,66.0,0
39634000000,4,0.0946,1,66.0,0
39667000000,4,0.0982,1,33.0,0
39700000000,4,0.0998,1,33.0,0
39832000000,4,0.1063,1,66.0,0
39865000000,4,0.1089,1,66.0,0
39931000000,4,0.1157,1,66.0,0
39964000000,4,0.1170,1,66.0,0
39997000000,4,0.1194,1,66.0,0
40030000000,4,0.1222,1,66.0,0
40063000000,4,0.1249,1,66.0,0
40129000000,4,0.1298,1,66.0,0
40162000000,4,0.1361,1,33.0,0
40195000000,4,0.1386,1,33.0,0
40261000000,4,0.1411,1,66.0,0
40294000000,4,0.1449,1,66.0,0
40327000000,4,0.1487,1,66.0,0
40360000000,4,0.1523,1,66.0,0
40393000000,5,0.1604,1,33.0,0
40426000000,4,0.1633,1,33.0,0
40459000000,5,0.1700,1,33.0,0
40492000000,5,0.1738,1,33.0,0
40525000000,4,0.1773,1,33.0,0
40558000000,5,0.1824,1,33.0,0
40591000000,5,0.1824,1,66.0,0
40624000000,4,0.1854,1,66.0,0
40723000000,3,0.1886,1,66.0,0
40756000000,4,0.2005,1,66.0,0
40789000000,4,0.2058,1,66.0,0
40888000000,5,0.2208,1,99.0,0
40921000000,5,0.2208,1,132.0,0
40987000000,4,0.2397,1,33.0,0
41053000000,3,0.2320,1,66.0,0
41086000000,4,0.2450,1,33.0,0
41119000000,4,0.2460,1,33.0,0
41152000000,5,0.2509,1,33.0,0
41218000000,5,0.2621,1,66.0,0
41251000000,5,0.2509,1,66.0,0
41284000000,7,0.2605,1,66.0,0
41449000000,7,0.2581,1,99.0,0
41482000000,8,0.2679,1,33.0,0
41515000000,7,0.2630,1,33.0,0
41581000000,9,0.2614,1,66.0,0
41614000000,11,0.2698,1,33.0,0
41647000000,12,0.2708,1,33.0,0
41680000000,12,0.2988,1,33.0,0
41713000000,12,0.2981,1,33.0,0
41746000000,8,0.2440,1,33.0,0
41812000000,10,0.2988,1,33.0,0
41878000000,10,0.2893,1,33.0,0
41911000000,10,0.3092,1,33.0,0
41944000000,9,0.3023,1,33.0,0
42010000000,12,0.3071,1,33.0,0
42043000000,9,0.2962,1,33.0,0
42076000000,10,0.2910,1,33.0,0
42109000000,8,0.2812,1,33.0,0
42175000000,9,0.2758,1,66.0,0
42208000000,7,0.0880,1,66.0,0
42340000000,10,0.2639,1,132.0,0
42373000000,13,0.2665,1,33.0,0
42406000000,10,0.2430,1,33.0,0
42472000000,12,0.2582,1,66.0,0
42505000000,14,0.2469,1,33.0,0
42538000000,13,0.2427,1,33.0,0
42571000000,14,0.2433,1,33.0,0
42703000000,11,0.1990,1,33.0,0
42736000000,13,0.2272,1,33.0,0
42769000000,9,0.1844,1,33.0,0
42835000000,11,0.2142,1,33.0,0
42868000000,10,0.2032,1,33.0,0
42901000000,10,0.2033,1,33.0,0
42934000000,11,0.2060,1,33.0,0
42967000000,8,0.1544,1,33.0,0
43000000000,10,0.1898,1,33.0,0
43066000000,13,0.1964,1,66.0,0
43099000000,11,0.1732,1,33.0,0
43132000000,13,0.1726,1,33.0,0
43165000000,12,0.1460,1,33.0,0
43198000000,12,0.1460,1,66.0,0
43330000000,10,0.1213,1,33.0,0
43396000000,9,0.0527,1,66.0,0
43429000000,12,0.0996,1,33.0,0
43462000000,8,0.0770,1,33.0,0
43495000000,8,0.0770,1,66.0,0
43561000000,9,0.0794,1,66.0,0
43627000000,9,0.0800,1,66.0,0
43660000000,12,0.1359,1,33.0,0
43693000000,12,0.1359,1,66.0,0
43726000000,8,0.1282,1,33.0,0
43792000000,11,0.1347,1,33.0,0
43825000000,11,0.1337,1,33.0,0
43858000000,11,0.1337,1,66.0,0
43924000000,10,0.1285,1,66.0,0
44023000000,12,0.1328,1,66.0,0
44089000000,10,0.1302,1,66.0,0
44122000000,10,0.1240,1,66.0,0
44155000000,9,0.0736,1,33.0,0
44188000000,10,0.0761,1,33.0,0
44221000000,10,0.0761,1,66.0,0
44320000000,14,0.1169,1,99.0,0
44386000000,11,0.1086,1,66.0,0
44452000000,12,0.1105,1,66.0,0
44518000000,8,0.0824,1,66.0,0
44551000000,10,0.1083,1,33.0,0
44584000000,10,0.1064,1,33.0,0
44617000000,11,0.1109,1,33.0,0
44683000000,8,0.1012,1,33.0,0
44716000000,9,0.1069,1,33.0,0
44782000000,8,0.0509,1,66.0,0
44815000000,10,0.0613,1,33.0,0
44848000000,11,0.0601,1,33.0,0
44881000000,7,0.0414,1,33.0,0
44947000000,10,0.0589,1,66.0,0
45046000000,10,0.0572,1,99.0,0
45079000000,8,0.0540,1,99.0,0
45145000000,7,0.0402,1,66.0,0
45178000000,8,0.0457,1,66.0,0
45211000000,6,0.0422,1,66.0,0
45244000000,9,0.0952,1,33.0,0
45277000000,7,0.0424,1,33.0,0
45310000000,6,0.0419,1,33.0,0
45409000000,5,0.0474,1,33.0,0
45475000000,8,0.0440,1,66.0,0
45508000000,7,0.0387,1,33.0,0
45574000000,5,0.0272,1,33.0,0
45607000000,11,0.0525,1,33.0,0
45673000000,10,0.0523,1,66.0,0
45706000000,10,0.0529,1,33.0,0
45739000000,9,0.0471,1,33.0,0
45772000000,9,0.0471,1,66.0,0
45871000000,10,0.1122,1,99.0,0
45904000000,12,0.1256,1,66.0,0
45937000000,9,0.1165,1,66.0,0
45970000000,11,0.1228,1,66.0,0
46036000000,10,0.1215,1,66.0,0
46069000000,7,0.1179,1,66.0,0
46102000000,9,0.1311,1,66.0,0
46135000000,10,0.1327,1,66.0,0
46201000000,9,0.1298,1,66.0,0
46300000000,10,0.1288,1,99.0,0
46333000000,9,0.1307,1,66.0,0
46366000000,11,0.1327,1,66.0,0
46399000000,11,0.1327,1,99.0,0
46432000000,9,0.1197,1,99.0,0
46498000000,14,0.1324,1,99.0,0
46531000000,14,0.1324,1,132.0,0
46630000000,9,0.0744,1,99.0,0
46663000000,7,0.0377,1,33.0,0
46762000000,8,0.0382,1,33.0,0
46795000000,9,0.0383,1,33.0,0
46894000000,8,0.0344,1,66.0,0
46927000000,6,0.0308,1,33.0,0
46960000000,5,0.0283,1,33.0,0
46993000000,7,0.0303,1,33.0,0
47059000000,7,0.0308,1,66.0,0
47125000000,6,0.0308,1,66.0,0
47158000000,6,0.0305,1,66.0,0
47191000000,6,0.0305,1,99.0,0
47257000000,8,0.0424,1,99.0,0
47290000000,9,0.0466,1,99.0,0
47323000000,9,0.0603,1,33.0,0
47356000000,9,0.0605,1,33.0,0
47488000000,9,0.0599,1,33.0,0
47521000000,7,0.0399,1,33.0,0
47554000000,8,0.0477,1,33.0,0
47719000000,9,0.0502,1,99.0,0
47785000000,9,0.0530,1,99.0,0
47818000000,9,0.0529,1,99.0,0
47851000000,10,0.0533,1,66.0,0
47917000000,8,0.0499,1,66.0,0
47983000000,10,0.0509,1,66.0,0
48016000000,10,0.0424,1,33.0,0
48049000000,10,0.0620,1,33.0,0
48115000000,10,0.0620,1,99.0,0
48148000000,10,0.0515,1,33.0,0
48214000000,10,0.0522,1,66.0,0
48280000000,8,0.0405,1,66.0,0
48313000000,8,0.0415,1,33.0,0
48379000000,9,0.0477,1,66.0,0
48445000000,12,0.0782,1,66.0,0
48478000000,10,0.0435,1,33.0,0
48577000000,8,0.0323,1,33.0,0
48610000000,9,0.0425,1,33.0,0
48643000000,10,0.0658,1,33.0,0
48676000000,9,0.0426,1,33.0,0
48742000000,9,0.0417,1,66.0,0
48775000000,7,0.0307,1,33.0,0
48808000000,7,0.0304,1,33.0,0
48874000000,8,0.0323,1,66.0,0
48907000000,9,0.0442,1,66.0,0
48973000000,10,0.0518,1,66.0,0
49006000000,9,0.0512,1,66.0,0
49039000000,9,0.0517,1,33.0,0
49072000000,9,0.0434,1,33.0,0
49105000000,9,0.0434,1,66.0,0
49204000000,8,0.0424,1,99.0,0
49270000000,8,0.0406,1,132.0,0
49303000000,0,0.0000,0,-1.0,0
49369000000,8,0.0487,1,132.0,0
49468000000,8,0.0421,1,132.0,0
49534000000,7,0.0330,1,99.0,0
49567000000,6,0.0260,1,99.0,0
49633000000,7,0.0372,1,99.0,0
49699000000,7,0.0333,1,99.0,0
49798000000,7,0.0379,1,132.0,0
49864000000,8,0.0560,1,99.0,0
49930000000,6,0.0275,1,99.0,0
49963000000,6,0.0275,1,99.0,0
49996000000,5,0.0257,1,66.0,0
50029000000,6,0.0279,1,66.0,0
50062000000,6,0.0289,1,66.0,0
50128000000,6,0.0290,1,66.0,0
50227000000,6,0.0288,1,99.0,0
50260000000,7,0.0362,1,99.0,0
50359000000,7,0.0390,1,132.0,0
50491000000,0,0.0000,0,-1.0,0
50557000000,0,0.0000,0,-1.0,0
50623000000,7,0.0385,1,132.0,0
50689000000,5,0.0315,1,66.0,0
50722000000,8,0.0455,1,66.0,0
50854000000,6,0.0332,1,99.0,0
50887000000,6,0.0353,1,99.0,0
50920000000,6,0.0392,1,66.0,0
51019000000,10,0.0535,1,33.0,0
51085000000,10,0.0542,1,33.0,0
51118000000,6,0.0387,1,33.0,0
51151000000,8,0.0575,1,33.0,0
51184000000,6,0.0408,1,33.0,0
51250000000,6,0.0293,1,66.0,0
51283000000,6,0.0293,1,99.0,0
51382000000,7,0.0540,1,66.0,0
51415000000,7,0.0538,1,66.0,0
51481000000,6,0.0495,1,99.0,0
51514000000,8,0.0605,1,33.0,0
51547000000,7,0.0455,1,33.0,0
51580000000,8,0.0633,1,33.0,0
51613000000,5,0.0391,1,33.0,0
51646000000,7,0.0534,1,33.0,0
51679000000,4,0.0349,1,33.0,0
51712000000,6,0.0502,1,33.0,0
51778000000,8,0.0803,1,66.0,0
51811000000,7,0.0652,1,66.0,0
51877000000,8,0.0705,1,99.0,0
51976000000,5,0.0450,1,132.0,0
52075000000,9,0.0718,1,66.0,0
52108000000,6,0.0565,1,66.0,0
52174000000,8,0.0758,1,66.0,0
52306000000,7,0.0783,1,33.0,0
52339000000,6,0.0653,1,33.0,0
52372000000,9,0.1077,1,33.0,0
52405000000,5,0.0566,1,33.0,0
52438000000,6,0.0662,1,33.0,0
52537000000,9,0.1169,1,66.0,0
52603000000,8,0.1139,1,99.0,0
52636000000,7,0.1153,1,99.0,0
52702000000,8,0.1205,1,66.0,0
52735000000,8,0.1205,1,99.0,0
52801000000,9,0.1261,1,66.0,0
52867000000,6,0.0998,1,66.0,0
52900000000,5,0.0977,1,66.0,0
52933000000,4,0.0960,1,66.0,0
52999000000,5,0.1139,1,66.0,0
53032000000,3,0.1079,1,33.0,0
53131000000,2,0.1065,1,33.0,0
53164000000,2,0.1096,1,33.0,0
53230000000,4,0.1248,1,66.0,0
53263000000,3,0.1265,1,66.0,0
53296000000,2,0.1178,1,66.0,0
53329000000,2,0.1178,1,99.0,0
53362000000,2,0.1210,1,99.0,0
53395000000,5,0.1455,1,99.0,0
53461000000,2,0.1249,1,99.0,0
53494000000,2,0.1249,1,132.0,0
53560000000,5,0.1648,1,132.0,0
53593000000,3,0.1357,1,132.0,0
53626000000,4,0.1588,1,132.0,0
53758000000,6,0.1856,1,99.0,0
53824000000,5,0.1818,1,33.0,0
53857000000,4,0.1692,1,33.0,0
53923000000,4,0.1570,1,66.0,0
54022000000,4,0.1548,1,99.0,0
54088000000,6,0.1924,1,132.0,0
54121000000,5,0.1827,1,132.0,0
54187000000,4,0.1625,1,132.0,0
54220000000,0,0.0000,0,-1.0,0
54286000000,0,0.0000,0,-1.0,0
54319000000,0,0.0000,0,-1.0,0
54385000000,0,0.0000,0,-1.0,0
54451000000,0,0.0000,0,-1.0,0
54484000000,0,0.0000,0,-1.0,0
54517000000,0,0.0000,0,-1.0,0
54550000000,0,0.0000,0,-1.0,0
54583000000,0,0.0000,0,-1.0,0
54649000000,0,0.0000,0,-1.0,0
54715000000,0,0.0000,0,-1.0,0
54781000000,0,0.0000,0,-1.0,0
54847000000,0,0.0000,0,-1.0,0
54979000000,0,0.0000,0,-1.0,0
55012000000,0,0.0000,0,-1.0,0
55078000000,0,0.0000,0,-1.0,0
55210000000,0,0.0000,0,-1.0,0
55309000000,0,0.0000,0,-1.0,0
55342000000,0,0.0000,0,-1.0,0
55408000000,0,0.0000,0,-1.0,0
55441000000,2,0.1828,1,132.0,0
55507000000,4,0.2642,1,99.0,0
55540000000,3,0.2478,1,99.0,0
55705000000,4,0.2567,1,132.0,0
55771000000,4,0.2394,1,132.0,0
55837000000,0,0.0000,0,-1.0,0
55870000000,0,0.0000,0,-1.0,0
55903000000,0,0.0000,0,-1.0,0
55936000000,0,0.0000,0,-1.0,0
56002000000,0,0.0000,0,-1.0,0
56035000000,0,0.0000,0,-1.0,0
56068000000,0,0.0000,0,-1.0,0
56101000000,0,0.0000,0,-1.0,0
56167000000,0,0.0000,0,-1.0,0
56266000000,0,0.0000,0,-1.0,0
56365000000,0,0.0000,0,-1.0,0
56431000000,0,0.0000,0,-1.0,0
56497000000,4,0.2269,1,132.0,0
56530000000,4,0.2285,1,99.0,0
56563000000,4,0.2293,1,99.0,0
56662000000,4,0.2109,1,99.0,0
56695000000,5,0.2279,1,99.0,0
56794000000,4,0.2168,1,33.0,0
56827000000,4,0.2175,1,33.0,0
56860000000,3,0.1956,1,33.0,0
56893000000,6,0.2133,1,33.0,0
56959000000,5,0.1886,1,66.0,0
56992000000,4,0.1802,1,66.0,0
57058000000,6,0.1680,1,66.0,0
57157000000,7,0.1120,1,33.0,0
57190000000,3,0.0437,1,33.0,0
57223000000,6,0.1120,1,33.0,0
57289000000,2,0.0611,1,33.0,0
57355000000,4,0.0894,1,66.0,0
57388000000,3,0.0311,1,33.0,0
57421000000,5,0.0345,1,33.0,0
57454000000,3,0.0682,1,33.0,0
57520000000,7,0.1038,1,66.0,0
57586000000,8,0.0810,1,66.0,0
57652000000,9,0.1484,1,99.0,0
57685000000,10,0.0781,1,99.0,0
57751000000,7,0.0933,1,99.0,0
57784000000,10,0.0759,1,33.0,0
57850000000,7,0.0782,1,33.0,0
57883000000,8,0.0445,1,33.0,0
57916000000,10,0.0801,1,33.0,0
57982000000,9,0.0821,1,66.0,0
58015000000,9,0.0821,1,99.0,0
58048000000,9,0.0783,1,66.0,0
58114000000,9,0.0616,1,99.0,0
58213000000,13,0.0913,1,99.0,0
58246000000,13,0.0913,1,132.0,0
58345000000,0,0.0000,0,-1.0,0
58378000000,0,0.0000,0,-1.0,0
58411000000,0,0.0000,0,-1.0,0
58444000000,0,0.0000,0,-1.0,0
58477000000,11,0.0725,1,132.0,0
58543000000,0,0.0000,0,-1.0,0
58576000000,0,0.0000,0,-1.0,0
58708000000,0,0.0000,0,-1.0,0
58741000000,0,0.0000,0,-1.0,0
58873000000,0,0.0000,0,-1.0,0
58906000000,0,0.0000,0,-1.0,0
58972000000,0,0.0000,0,-1.0,0
59038000000,0,0.0000,0,-1.0,0
59071000000,0,0.0000,0,-1.0,0
59137000000,0,0.0000,0,-1.0,0
59236000000,0,0.0000,0,-1.0,0
59368000000,0,0.0000,0,-1.0,0
59401000000,0,0.0000,0,-1.0,0
59434000000,0,0.0000,0,-1.0,0
59467000000,0,0.0000,0,-1.0,0
59566000000,0,0.0000,0,-1.0,0
59632000000,0,0.0000,0,-1.0,0
59665000000,0,0.0000,0,-1.0,0
59764000000,0,0.0000,0,-1.0,0
59863000000,0,0.0000,0,-1.0,0
59896000000,0,0.0000,0,-1.0,0
59962000000,0,0.0000,0,-1.0,0
59995000000,0,0.0000,0,-1.0,0
60094000000,0,0.0000,0,-1.0,0
60127000000,0,0.0000,0,-1.0,0
60160000000,0,0.0000,0,-1.0,0
60193000000,0,0.0000,0,-1.0,0
60226000000,0,0.0000,0,-1.0,0
60292000000,0,0.0000,0,-1.0,0
60325000000,0,0.0000,0,-1.0,0
60358000000,0,0.0000,0,-1.0,0
60391000000,0,0.0000,0,-1.0,0
60424000000,0,0.0000,0,-1.0,0
60457000000,0,0.0000,0,-1.0,0
60490000000,0,0.0000,0,-1.0,0
60523000000,0,0.0000,0,-1.0,0
60556000000,0,0.0000,0,-1.0,0
60589000000,0,0.0000,0,-1.0,0
60655000000,0,0.0000,0,-1.0,0
60754000000,0,0.0000,0,-1.0,0
60820000000,0,0.0000,0,-1.0,0
60886000000,0,0.0000,0,-1.0,0
60919000000,0,0.0000,0,-1.0,0
60952000000,0,0.0000,0,-1.0,0
60985000000,0,0.0000,0,-1.0,0
61051000000,0,0.0000,0,-1.0,0
61084000000,0,0.0000,0,-1.0,0
61216000000,0,0.0000,0,-1.0,0
61315000000,0,0.0000,0,-1.0,0
61348000000,0,0.0000,0,-1.0,0
61447000000,0,0.0000,0,-1.0,0
61513000000,10,0.0638,1,132.0,0
61579000000,11,0.0724,1,99.0,0
61645000000,9,0.0604,1,66.0,0
61744000000,11,0.0793,1,66.0,0
61810000000,10,0.0774,1,33.0,0
61876000000,11,0.0833,1,33.0,0
61942000000,11,0.0816,1,66.0,0
62008000000,11,0.0798,1,66.0,0
62041000000,10,0.0765,1,66.0,0
62074000000,9,0.0694,1,33.0,0
62107000000,10,0.0770,1,33.0,0
62206000000,10,0.0647,1,66.0,0
62305000000,9,0.0671,1,132.0,0
62371000000,9,0.0689,1,132.0,0
62437000000,9,0.0666,1,99.0,0
62503000000,8,0.0644,1,132.0,0
62536000000,9,0.0679,1,99.0,0
62668000000,7,0.0596,1,66.0,0
62767000000,7,0.0592,1,132.0,0
62800000000,8,0.0669,1,66.0,0
62833000000,7,0.0615,1,33.0,0
62866000000,8,0.0629,1,33.0,0
62965000000,6,0.0612,1,66.0,0
62998000000,6,0.0613,1,66.0,0
63031000000,7,0.0622,1,66.0,0
63064000000,7,0.0622,1,99.0,0
63196000000,7,0.0702,1,132.0,0
63229000000,9,0.0740,1,99.0,0
63427000000,7,0.0598,1,132.0,0
63493000000,9,0.0612,1,132.0,0
63625000000,0,0.0000,0,-1.0,0
63658000000,6,0.0585,1,132.0,0
63724000000,7,0.0596,1,132.0,0
63757000000,0,0.0000,0,-1.0,0
63856000000,9,0.0795,1,132.0,0
63988000000,9,0.0775,1,99.0,0
64054000000,7,0.0611,1,99.0,0
64120000000,7,0.0792,1,66.0,0
64153000000,8,0.0807,1,33.0,0
64219000000,7,0.0793,1,33.0,0
64285000000,7,0.0806,1,66.0,0
64318000000,8,0.0930,1,66.0,0
64351000000,9,0.0985,1,33.0,0
64417000000,8,0.1014,1,66.0,0
64450000000,8,0.1014,1,99.0,0
64582000000,7,0.0863,1,66.0,0
64681000000,7,0.0954,1,33.0,0
64747000000,6,0.1111,1,33.0,0
64813000000,5,0.0514,1,66.0,0
64846000000,6,0.0754,1,33.0,0
64945000000,6,0.0770,1,99.0,0
64978000000,6,0.0756,1,99.0,0
65011000000,6,0.0756,1,132.0,0
65044000000,6,0.0559,1,99.0,0
65110000000,5,0.0840,1,132.0,0
65143000000,6,0.0564,1,132.0,0
65275000000,9,0.0981,1,132.0,0
65341000000,0,0.0000,0,-1.0,0
65374000000,0,0.0000,0,-1.0,0
65506000000,0,0.0000,0,-1.0,0
65572000000,0,0.0000,0,-1.0,0
65605000000,0,0.0000,0,-1.0,0
65671000000,0,0.0000,0,-1.0,0
65770000000,0,0.0000,0,-1.0,0
65803000000,0,0.0000,0,-1.0,0
65902000000,0,0.0000,0,-1.0,0
66034000000,0,0.0000,0,-1.0,0
66100000000,0,0.0000,0,-1.0,0
66166000000,4,0.0658,1,132.0,0
66199000000,5,0.0645,1,132.0,0
66397000000,7,0.0949,1,33.0,0
66430000000,7,0.0949,1,33.0,0
66496000000,4,0.0594,1,66.0,0
66529000000,6,0.0609,1,66.0,0
66628000000,5,0.0632,1,99.0,0
66661000000,5,0.0632,1,132.0,0
66727000000,5,0.0580,1,99.0,0
66793000000,4,0.0576,1,132.0,0
66925000000,0,0.0000,0,-1.0,0
66991000000,5,0.0862,1,99.0,0
67024000000,6,0.0679,1,66.0,0
67090000000,7,0.0948,1,66.0,0
67123000000,7,0.0948,1,99.0,0
67189000000,7,0.0947,1,99.0,0
67354000000,4,0.0534,1,66.0,0
67387000000,7,0.1198,1,33.0,0
67420000000,7,0.1210,1,33.0,0
67486000000,6,0.1124,1,33.0,0
67552000000,7,0.1132,1,66.0,0
67618000000,7,0.1067,1,99.0,0
67651000000,7,0.1067,1,132.0,0
67783000000,5,0.1173,1,132.0,0
67849000000,4,0.0666,1,132.0,0
67882000000,4,0.0682,1,132.0,0
67948000000,6,0.1083,1,99.0,0
67981000000,7,0.1236,1,99.0,0
68047000000,4,0.0690,1,66.0,0
68080000000,6,0.0928,1,33.0,0
68113000000,7,0.0951,1,33.0,0
68146000000,6,0.1044,1,33.0,0
68179000000,6,0.0966,1,33.0,0
68245000000,7,0.1235,1,66.0,0
68344000000,7,0.1319,1,132.0,0
68410000000,0,0.0000,0,-1.0,0
68674000000,0,0.0000,0,-1.0,0
68707000000,0,0.0000,0,-1.0,0
68806000000,10,0.2186,1,99.0,0
68839000000,10,0.2194,1,99.0,0
68872000000,7,0.1699,1,99.0,0
68938000000,8,0.1493,1,99.0,0
69070000000,0,0.0000,0,-1.0,0
69136000000,8,0.1452,1,66.0,0
69169000000,10,0.1345,1,33.0,0
69268000000,7,0.1576,1,66.0,0
69301000000,7,0.1398,1,66.0,0
69466000000,6,0.1517,1,33.0,0
69499000000,10,0.1669,1,33.0,0
69532000000,8,0.1610,1,33.0,0
69565000000,8,0.1607,1,33.0,0
69631000000,8,0.1608,1,66.0,0
69829000000,8,0.1605,1,99.0,0
69862000000,9,0.1623,1,33.0,0
69895000000,9,0.1636,1,33.0,0
69928000000,9,0.1636,1,66.0,0
69994000000,10,0.1732,1,66.0,0
70093000000,8,0.0972,1,99.0,0
70126000000,8,0.1416,1,66.0,0
70159000000,9,0.1305,1,66.0,0
70225000000,9,0.1779,1,66.0,0
70357000000,10,0.1831,1,99.0,0
70390000000,10,0.1831,1,132.0,0
70456000000,9,0.2173,1,66.0,0
70555000000,8,0.2386,1,66.0,0
70588000000,7,0.2441,1,66.0,0
70621000000,9,0.2746,1,33.0,0
70687000000,9,0.2745,1,66.0,0
70720000000,9,0.2745,1,99.0,0
70753000000,9,0.2745,1,132.0,0
70786000000,10,0.2410,1,99.0,0
70885000000,0,0.0000,0,-1.0,0
70918000000,0,0.0000,0,-1.0,0
71050000000,11,0.3294,1,132.0,0
71116000000,9,0.3337,1,132.0,0
71215000000,0,0.0000,0,-1.0,0
71314000000,0,0.0000,0,-1.0,0
71380000000,10,0.4313,1,99.0,0
71446000000,8,0.4276,1,132.0,0
71479000000,9,0.4296,1,99.0,0
71512000000,9,0.4296,1,132.0,0
71578000000,0,0.0000,0,-1.0,0
71677000000,0,0.0000,0,-1.0,0
71776000000,0,0.0000,0,-1.0,0
71842000000,0,0.0000,0,-1.0,0
71875000000,0,0.0000,0,-1.0,0
71908000000,0,0.0000,0,-1.0,0
71974000000,0,0.0000,0,-1.0,0
72007000000,0,0.0000,0,-1.0,0
72040000000,0,0.0000,0,-1.0,0
72073000000,0,0.0000,0,-1.0,0
72106000000,0,0.0000,0,-1.0,0
72205000000,0,0.0000,0,-1.0,0
72337000000,0,0.0000,0,-1.0,0
72403000000,11,0.1040,1,132.0,0
72436000000,12,0.1249,1,132.0,0
72469000000,8,0.0884,1,66.0,0
72568000000,9,0.1023,1,132.0,0
72601000000,9,0.0904,1,132.0,0
72865000000,9,0.1463,1,132.0,0
72898000000,8,0.1355,1,99.0,0
72931000000,9,0.1458,1,66.0,0
72964000000,8,0.1397,1,66.0,0
73195000000,7,0.1538,1,99.0,0
73294000000,6,0.1304,1,99.0,0
73327000000,7,0.1310,1,99.0,0
73360000000,7,0.1272,1,99.0,0
73459000000,5,0.1049,1,99.0,0
73558000000,8,0.1457,1,99.0,0
73624000000,10,0.1472,1,66.0,0
73723000000,7,0.1057,1,99.0,0
73756000000,9,0.1317,1,66.0,0
73822000000,10,0.1307,1,66.0,0
73888000000,12,0.1359,1,99.0,0
73921000000,9,0.1248,1,99.0,0
73954000000,9,0.1216,1,99.0,0
73987000000,9,0.1216,1,132.0,0
74119000000,0,0.0000,0,-1.0,0
74185000000,0,0.0000,0,-1.0,0
74416000000,0,0.0000,0,-1.0,0
74449000000,0,0.0000,0,-1.0,0
74482000000,0,0.0000,0,-1.0,0
74548000000,7,0.0959,1,132.0,0
74581000000,8,0.0979,1,132.0,0
74647000000,8,0.1116,1,99.0,0
74713000000,8,0.1199,1,66.0,0
74779000000,8,0.1173,1,66.0,0
74845000000,8,0.1164,1,66.0,0
74911000000,8,0.1127,1,99.0,0
74944000000,8,0.1127,1,132.0,0
75109000000,0,0.0000,0,-1.0,0
75142000000,0,0.0000,0,-1.0,0
75175000000,0,0.0000,0,-1.0,0
75208000000,7,0.1046,1,99.0,0
75274000000,8,0.1122,1,132.0,0
75373000000,0,0.0000,0,-1.0,0
75538000000,0,0.0000,0,-1.0,0
75604000000,7,0.0604,1,132.0,0
75670000000,0,0.0000,0,-1.0,0
75703000000,0,0.0000,0,-1.0,0
75736000000,0,0.0000,0,-1.0,0
75835000000,0,0.0000,0,-1.0,0
75901000000,0,0.0000,0,-1.0,0
75934000000,0,0.0000,0,-1.0,0
75967000000,0,0.0000,0,-1.0,0
76000000000,0,0.0000,0,-1.0,0
76033000000,0,0.0000,0,-1.0,0
76066000000,0,0.0000,0,-1.0,0
76099000000,0,0.0000,0,-1.0,0
76165000000,0,0.0000,0,-1.0,0
76264000000,0,0.0000,0,-1.0,0
76330000000,0,0.0000,0,-1.0,0
