1354000000,-0.00427,0.00271,0.00233,1.00000,0.00080,-0.00064,-0.00150,0.00382,-0.01203,0.01283
1420000000,-0.00408,0.00188,0.00321,1.00000,0.00083,-0.00069,-0.00168,0.00215,-0.01252,0.01315
1453000000,-0.00404,0.00144,0.00366,1.00000,0.00090,-0.00069,-0.00180,0.00051,-0.01436,0.01446
1486000000,-0.00417,0.00015,0.00465,1.00000,0.00081,-0.00082,-0.00235,-0.00417,-0.02126,0.01296
1519000000,-0.00439,-0.00075,0.00514,1.00000,0.00076,-0.00088,-0.00265,-0.00678,-0.02493,0.01215
1552000000,-0.00465,-0.00160,0.00554,1.00000,0.00076,-0.00086,-0.00274,-0.00888,-0.02608,0.01184
1585000000,-0.00497,-0.00247,0.00594,1.00000,0.00079,-0.00083,-0.00278,-0.00967,-0.02598,0.01269
1618000000,-0.00530,-0.00334,0.00635,1.00000,0.00080,-0.00085,-0.00284,-0.01047,-0.02685,0.01244
1651000000,-0.00566,-0.00422,0.00675,0.99999,0.00079,-0.00087,-0.00295,-0.01102,-0.02645,0.01211
1684000000,-0.00607,-0.00510,0.00712,0.99999,0.00080,-0.00078,-0.00315,-0.01379,-0.02681,0.01010
1717000000,-0.00655,-0.00597,0.00742,0.99999,0.00085,-0.00068,-0.00323,-0.01525,-0.02610,0.00842
1750000000,-0.00708,-0.00682,0.00768,0.99999,0.00090,-0.00067,-0.00327,-0.01694,-0.02526,0.00776
1783000000,-0.00766,-0.00765,0.00797,0.99999,0.00088,-0.00063,-0.00330,-0.01798,-0.02517,0.01004
1816000000,-0.00826,-0.00847,0.00830,0.99999,0.00094,-0.00063,-0.00333,-0.01892,-0.02455,0.01028
1849000000,-0.00890,-0.00929,0.00867,0.99999,0.00092,-0.00059,-0.00343,-0.01879,-0.02550,0.01187
1882000000,-0.00951,-0.01014,0.00908,0.99999,0.00099,-0.00057,-0.00354,-0.01895,-0.02573,0.01295
1915000000,-0.01015,-0.01098,0.00952,0.99999,0.00106,-0.00057,-0.00364,-0.01999,-0.02575,0.01420
1948000000,-0.01082,-0.01183,0.00999,0.99999,0.00107,-0.00059,-0.00372,-0.02084,-0.02562,0.01442
1981000000,-0.01154,-0.01264,0.01050,0.99999,0.00107,-0.00055,-0.00375,-0.02170,-0.02426,0.01639
2014000000,-0.01224,-0.01344,0.01105,0.99999,0.00113,-0.00057,-0.00379,-0.02150,-0.02460,0.01772
2047000000,-0.01297,-0.01429,0.01166,0.99999,0.00114,-0.00059,-0.00385,-0.02222,-0.02644,0.01855
2080000000,-0.01371,-0.01517,0.01226,0.99999,0.00118,-0.00061,-0.00394,-0.02198,-0.02732,0.01827
2113000000,-0.01442,-0.01606,0.01286,0.99999,0.00124,-0.00062,-0.00402,-0.02106,-0.02619,0.01780
2146000000,-0.01512,-0.01694,0.01346,0.99999,0.00129,-0.00064,-0.00411,-0.02160,-0.02795,0.01737
2179000000,-0.01584,-0.01791,0.01407,0.99999,0.00135,-0.00063,-0.00420,-0.02224,-0.02940,0.01977
2212000000,-0.01659,-0.01889,0.01472,0.99999,0.00133,-0.00062,-0.00424,-0.02315,-0.03112,0.01977
2245000000,-0.01736,-0.01992,0.01537,0.99999,0.00137,-0.00064,-0.00427,-0.02295,-0.03097,0.01984
2278000000,-0.01811,-0.02095,0.01603,0.99999,0.00142,-0.00064,-0.00425,-0.02300,-0.03167,0.01969
2311000000,-0.01887,-0.02203,0.01669,0.99999,0.00150,-0.00064,-0.00428,-0.02379,-0.03351,0.02009
2344000000,-0.01965,-0.02315,0.01734,0.99999,0.00152,-0.00064,-0.00431,-0.02314,-0.03469,0.01909
2377000000,-0.02044,-0.02430,0.01797,0.99999,0.00152,-0.00063,-0.00435,-0.02501,-0.03503,0.01917
2410000000,-0.02126,-0.02547,0.01861,0.99999,0.00151,-0.00059,-0.00438,-0.02479,-0.03531,0.01921
2443000000,-0.02210,-0.02666,0.01926,0.99999,0.00157,-0.00057,-0.00445,-0.02605,-0.03712,0.02029
2476000000,-0.02297,-0.02789,0.01991,0.99999,0.00156,-0.00055,-0.00452,-0.02716,-0.03790,0.01991
2509000000,-0.02389,-0.02916,0.02060,0.99999,0.00163,-0.00051,-0.00461,-0.02850,-0.03928,0.02186
2542000000,-0.02482,-0.03047,0.02132,0.99999,0.00160,-0.00057,-0.00466,-0.02896,-0.04039,0.02145
2575000000,-0.02579,-0.03183,0.02205,0.99999,0.00160,-0.00053,-0.00472,-0.02949,-0.04190,0.02290
2608000000,-0.02676,-0.03323,0.02281,0.99999,0.00162,-0.00049,-0.00478,-0.02909,-0.04342,0.02337
2641000000,-0.02772,-0.03466,0.02359,0.99999,0.00165,-0.00051,-0.00481,-0.02873,-0.04361,0.02301
2674000000,-0.02867,-0.03613,0.02434,0.99999,0.00172,-0.00054,-0.00487,-0.02845,-0.04501,0.02301
2707000000,-0.02962,-0.03762,0.02510,0.99999,0.00172,-0.00052,-0.00492,-0.02946,-0.04575,0.02318
2740000000,-0.03059,-0.03917,0.02588,0.99999,0.00173,-0.00049,-0.00506,-0.02956,-0.04813,0.02407
2773000000,-0.03157,-0.04078,0.02668,0.99999,0.00173,-0.00053,-0.00514,-0.02959,-0.04924,0.02462
2806000000,-0.03253,-0.04243,0.02750,0.99998,0.00171,-0.00050,-0.00525,-0.02942,-0.05082,0.02502
2839000000,-0.03354,-0.04416,0.02833,0.99998,0.00179,-0.00053,-0.00527,-0.03093,-0.05270,0.02557
2872000000,-0.03457,-0.04594,0.02917,0.99998,0.00181,-0.00046,-0.00530,-0.03119,-0.05533,0.02507
2905000000,-0.03559,-0.04779,0.03002,0.99998,0.00187,-0.00046,-0.00533,-0.03182,-0.05722,0.02621
2938000000,-0.03666,-0.04971,0.03089,0.99998,0.00187,-0.00045,-0.00541,-0.03269,-0.05952,0.02624
2971000000,-0.03773,-0.05170,0.03176,0.99998,0.00191,-0.00044,-0.00550,-0.03286,-0.06103,0.02671
3004000000,-0.03883,-0.05373,0.03260,0.99998,0.00198,-0.00042,-0.00555,-0.03346,-0.06193,0.02470
3037000000,-0.03994,-0.05580,0.03341,0.99998,0.00203,-0.00042,-0.00559,-0.03296,-0.06323,0.02391
3070000000,-0.04102,-0.05789,0.03421,0.99998,0.00205,-0.00043,-0.00558,-0.03331,-0.06355,0.02491
3103000000,-0.04214,-0.06002,0.03505,0.99998,0.00209,-0.00040,-0.00562,-0.03412,-0.06506,0.02557
3136000000,-0.04326,-0.06219,0.03591,0.99998,0.00216,-0.00042,-0.00569,-0.03425,-0.06662,0.02627
3169000000,-0.04441,-0.06440,0.03677,0.99998,0.00222,-0.00043,-0.00576,-0.03489,-0.06718,0.02595
3202000000,-0.04557,-0.06664,0.03762,0.99998,0.00224,-0.00042,-0.00587,-0.03478,-0.06909,0.02611
3235000000,-0.04673,-0.06892,0.03849,0.99998,0.00227,-0.00040,-0.00594,-0.03564,-0.06915,0.02710
3268000000,-0.04790,-0.07123,0.03940,0.99998,0.00229,-0.00036,-0.00605,-0.03539,-0.07129,0.02748
3301000000,-0.04908,-0.07360,0.04031,0.99998,0.00232,-0.00037,-0.00613,-0.03564,-0.07216,0.02731
3334000000,-0.05027,-0.07600,0.04118,0.99998,0.00235,-0.00038,-0.00620,-0.03632,-0.07292,0.02671
3367000000,-0.05146,-0.07844,0.04206,0.99998,0.00237,-0.00039,-0.00626,-0.03584,-0.07519,0.02668
3400000000,-0.05263,-0.08096,0.04294,0.99998,0.00244,-0.00033,-0.00632,-0.03494,-0.07708,0.02624
3433000000,-0.05376,-0.08354,0.04381,0.99998,0.00243,-0.00026,-0.00639,-0.03458,-0.07916,0.02678
3466000000,-0.05492,-0.08617,0.04471,0.99998,0.00248,-0.00024,-0.00639,-0.03466,-0.08029,0.02766
3499000000,-0.05605,-0.08885,0.04561,0.99998,0.00251,-0.00027,-0.00650,-0.03421,-0.08166,0.02708
3532000000,-0.05718,-0.09158,0.04649,0.99998,0.00259,-0.00030,-0.00656,-0.03473,-0.08428,0.02681
3565000000,-0.05835,-0.09437,0.04739,0.99997,0.00259,-0.00031,-0.00661,-0.03595,-0.08598,0.02732
3598000000,-0.05954,-0.09724,0.04829,0.99997,0.00261,-0.00026,-0.00667,-0.03635,-0.08792,0.02774
3631000000,-0.06072,-0.10016,0.04921,0.99997,0.00262,-0.00024,-0.00671,-0.03569,-0.08892,0.02739
3664000000,-0.06193,-0.10314,0.05011,0.99997,0.00268,-0.00019,-0.00675,-0.03734,-0.09115,0.02750
3697000000,-0.06318,-0.10614,0.05103,0.99997,0.00268,-0.00016,-0.00685,-0.03764,-0.09134,0.02784
3730000000,-0.06441,-0.10915,0.05195,0.99997,0.00270,-0.00015,-0.00686,-0.03721,-0.09206,0.02821
3763000000,-0.06559,-0.11226,0.05288,0.99997,0.00264,-0.00011,-0.00693,-0.03548,-0.09561,0.02830
3796000000,-0.06677,-0.11542,0.05380,0.99997,0.00266,-0.00010,-0.00697,-0.03615,-0.09607,0.02743
3829000000,-0.06795,-0.11863,0.05472,0.99997,0.00263,-0.00015,-0.00703,-0.03550,-0.09893,0.02776
3862000000,-0.06912,-0.12191,0.05563,0.99997,0.00268,-0.00014,-0.00711,-0.03563,-0.09968,0.02777
3895000000,-0.07031,-0.12523,0.05656,0.99997,0.00269,-0.00009,-0.00713,-0.03644,-0.10181,0.02852
3928000000,-0.07153,-0.12863,0.05753,0.99997,0.00272,-0.00006,-0.00724,-0.03745,-0.10362,0.03025
3961000000,-0.07278,-0.13210,0.05852,0.99997,0.00271,-0.00004,-0.00730,-0.03805,-0.10555,0.02966
3994000000,-0.07404,-0.13563,0.05950,0.99997,0.00276,-0.00006,-0.00734,-0.03860,-0.10819,0.03014
4027000000,-0.07532,-0.13922,0.06049,0.99997,0.00277,-0.00005,-0.00740,-0.03892,-0.10935,0.02965
4060000000,-0.07659,-0.14286,0.06147,0.99997,0.00283,-0.00006,-0.00747,-0.03783,-0.11156,0.03024
4093000000,-0.07787,-0.14657,0.06247,0.99997,0.00286,-0.00008,-0.00755,-0.03894,-0.11310,0.03006
4126000000,-0.07914,-0.15032,0.06346,0.99997,0.00284,-0.00007,-0.00763,-0.03799,-0.11469,0.03060
4159000000,-0.08040,-0.15413,0.06445,0.99997,0.00286,-0.00008,-0.00772,-0.03848,-0.11649,0.02929
4192000000,-0.08170,-0.15800,0.06542,0.99997,0.00287,-0.00006,-0.00777,-0.03996,-0.11789,0.02923
4225000000,-0.08301,-0.16193,0.06636,0.99997,0.00292,-0.00005,-0.00783,-0.03892,-0.12048,0.02831
4258000000,-0.08430,-0.16593,0.06729,0.99996,0.00291,-0.00004,-0.00786,-0.03872,-0.12167,0.02849
4291000000,-0.08558,-0.16997,0.06822,0.99996,0.00295,-0.00006,-0.00794,-0.03917,-0.12326,0.02741
4324000000,-0.08686,-0.17408,0.06912,0.99996,0.00299,-0.00005,-0.00801,-0.03809,-0.12552,0.02755
4357000000,-0.08810,-0.17825,0.07005,0.99996,0.00304,-0.00007,-0.00806,-0.03758,-0.12716,0.02867
4390000000,-0.08933,-0.18251,0.07099,0.99996,0.00311,-0.00007,-0.00806,-0.03772,-0.13050,0.02827
4423000000,-0.09058,-0.18685,0.07189,0.99996,0.00315,-0.00003,-0.00814,-0.03807,-0.13354,0.02682
4456000000,-0.09184,-0.19130,0.07279,0.99996,0.00321,0.00001,-0.00820,-0.03852,-0.13524,0.02743
4489000000,-0.09308,-0.19581,0.07372,0.99996,0.00319,0.00004,-0.00827,-0.03743,-0.13754,0.02825
4522000000,-0.09432,-0.20038,0.07469,0.99996,0.00322,0.00008,-0.00833,-0.03776,-0.13967,0.03015
4555000000,-0.09557,-0.20504,0.07567,0.99996,0.00319,0.00011,-0.00836,-0.03728,-0.14188,0.02989
4588000000,-0.09680,-0.20975,0.07665,0.99996,0.00325,0.00013,-0.00846,-0.03767,-0.14331,0.02974
4621000000,-0.09803,-0.21451,0.07763,0.99996,0.00325,0.00020,-0.00854,-0.03702,-0.14543,0.03000
4654000000,-0.09924,-0.21935,0.07865,0.99996,0.00330,0.00023,-0.00862,-0.03600,-0.14732,0.03163
4687000000,-0.10042,-0.22423,0.07970,0.99996,0.00335,0.00023,-0.00873,-0.03552,-0.14860,0.03243
4720000000,-0.10159,-0.22915,0.08078,0.99996,0.00334,0.00024,-0.00876,-0.03565,-0.15018,0.03325
4753000000,-0.10277,-0.23413,0.08188,0.99996,0.00337,0.00026,-0.00885,-0.03587,-0.15154,0.03339
4786000000,-0.10396,-0.23914,0.08301,0.99995,0.00340,0.00025,-0.00889,-0.03620,-0.15259,0.03426
4819000000,-0.10518,-0.24422,0.08413,0.99995,0.00345,0.00025,-0.00898,-0.03745,-0.15498,0.03365
4852000000,-0.10640,-0.24937,0.08524,0.99995,0.00349,0.00027,-0.00908,-0.03667,-0.15727,0.03319
4885000000,-0.10762,-0.25458,0.08630,0.99995,0.00354,0.00023,-0.00911,-0.03719,-0.15854,0.03193
4918000000,-0.10886,-0.25987,0.08735,0.99995,0.00357,0.00023,-0.00913,-0.03734,-0.16136,0.03197
4951000000,-0.11010,-0.26522,0.08841,0.99995,0.00365,0.00024,-0.00921,-0.03707,-0.16312,0.03273
4984000000,-0.11132,-0.27065,0.08950,0.99995,0.00367,0.00027,-0.00930,-0.03704,-0.16591,0.03344
5017000000,-0.11255,-0.27616,0.09062,0.99995,0.00369,0.00025,-0.00939,-0.03799,-0.16883,0.03423
5050000000,-0.11382,-0.28178,0.09175,0.99995,0.00369,0.00022,-0.00951,-0.03865,-0.17141,0.03430
5083000000,-0.11510,-0.28746,0.09290,0.99995,0.00376,0.00024,-0.00956,-0.03899,-0.17312,0.03529
5116000000,-0.11640,-0.29323,0.09406,0.99995,0.00385,0.00024,-0.00967,-0.03922,-0.17654,0.03526
5149000000,-0.11768,-0.29911,0.09524,0.99994,0.00391,0.00025,-0.00976,-0.03903,-0.17970,0.03640
5182000000,-0.11897,-0.30509,0.09644,0.99994,0.00396,0.00027,-0.00982,-0.03919,-0.18207,0.03647
5215000000,-0.12024,-0.31113,0.09763,0.99994,0.00401,0.00030,-0.00989,-0.03836,-0.18396,0.03577
5248000000,-0.12154,-0.31726,0.09882,0.99994,0.00399,0.00028,-0.00993,-0.03965,-0.18777,0.03641
5281000000,-0.12286,-0.32351,0.10003,0.99994,0.00399,0.00029,-0.00998,-0.04067,-0.19062,0.03676
5314000000,-0.12421,-0.32985,0.10127,0.99994,0.00402,0.00029,-0.01006,-0.04058,-0.19330,0.03872
5347000000,-0.12554,-0.33626,0.10253,0.99994,0.00405,0.00032,-0.01014,-0.04070,-0.19554,0.03814
5380000000,-0.12688,-0.34275,0.10380,0.99994,0.00406,0.00033,-0.01019,-0.04016,-0.19825,0.03840
5413000000,-0.12820,-0.34934,0.10506,0.99994,0.00412,0.00039,-0.01025,-0.04001,-0.20126,0.03810
5446000000,-0.12953,-0.35601,0.10633,0.99994,0.00417,0.00040,-0.01027,-0.03981,-0.20274,0.03879
5479000000,-0.13083,-0.36275,0.10762,0.99994,0.00420,0.00042,-0.01037,-0.03927,-0.20563,0.03915
5512000000,-0.13212,-0.36960,0.10893,0.99994,0.00420,0.00044,-0.01042,-0.03905,-0.20987,0.03987
5545000000,-0.13341,-0.37660,0.11026,0.99994,0.00424,0.00047,-0.01049,-0.03858,-0.21443,0.04036
5578000000,-0.13466,-0.38372,0.11159,0.99993,0.00427,0.00046,-0.01057,-0.03839,-0.21680,0.04052
5611000000,-0.13595,-0.39092,0.11294,0.99993,0.00425,0.00047,-0.01070,-0.03969,-0.21910,0.04132
5644000000,-0.13725,-0.39822,0.11431,0.99993,0.00428,0.00049,-0.01077,-0.03858,-0.22358,0.04143
5677000000,-0.13852,-0.40566,0.11567,0.99993,0.00430,0.00049,-0.01082,-0.03793,-0.22676,0.04132
5710000000,-0.13978,-0.41317,0.11704,0.99993,0.00430,0.00051,-0.01089,-0.03802,-0.22893,0.04143
5743000000,-0.14103,-0.42078,0.11841,0.99993,0.00438,0.00055,-0.01092,-0.03778,-0.23214,0.04178
5776000000,-0.14225,-0.42850,0.11979,0.99993,0.00443,0.00059,-0.01098,-0.03629,-0.23554,0.04177
5809000000,-0.14345,-0.43633,0.12116,0.99993,0.00449,0.00060,-0.01107,-0.03639,-0.23842,0.04162
5842000000,-0.14466,-0.44425,0.12254,0.99993,0.00449,0.00059,-0.01116,-0.03752,-0.24136,0.04255
5875000000,-0.14589,-0.45224,0.12395,0.99993,0.00449,0.00064,-0.01123,-0.03713,-0.24327,0.04329
5908000000,-0.14712,-0.46032,0.12539,0.99993,0.00452,0.00066,-0.01124,-0.03733,-0.24635,0.04390
5941000000,-0.14837,-0.46853,0.12684,0.99993,0.00452,0.00067,-0.01131,-0.03800,-0.25092,0.04337
5974000000,-0.14963,-0.47685,0.12826,0.99992,0.00451,0.00070,-0.01142,-0.03846,-0.25343,0.04332
6007000000,-0.15089,-0.48526,0.12969,0.99992,0.00450,0.00069,-0.01154,-0.03745,-0.25627,0.04407
6040000000,-0.15211,-0.49375,0.13115,0.99992,0.00453,0.00069,-0.01169,-0.03703,-0.25854,0.04421
6073000000,-0.15336,-0.50235,0.13260,0.99992,0.00456,0.00066,-0.01175,-0.03847,-0.26193,0.04404
6106000000,-0.15450,-0.51103,0.13407,0.99992,0.00456,0.00063,-0.01184,-0.02456,-0.26456,0.04461
6139000000,-0.15495,-0.51982,0.13557,0.99992,0.00458,0.00063,-0.01193,-0.00977,-0.26792,0.04592
6172000000,-0.15467,-0.52872,0.13710,0.99992,0.00458,0.00062,-0.01204,0.02698,-0.27127,0.04671
6205000000,-0.15314,-0.53775,0.13864,0.99992,0.00463,0.00058,-0.01215,0.05886,-0.27556,0.04659
6238000000,-0.15080,-0.54692,0.14019,0.99991,0.00468,0.00062,-0.01223,0.08897,-0.27959,0.04664
6271000000,-0.14738,-0.55619,0.14171,0.99991,0.00467,0.00061,-0.01232,0.11060,-0.28198,0.04621
6304000000,-0.14311,-0.56557,0.14324,0.99991,0.00468,0.00058,-0.01238,0.14250,-0.28671,0.04702
6337000000,-0.13822,-0.57508,0.14478,0.99991,0.00472,0.00062,-0.01245,0.15949,-0.28930,0.04674
6370000000,-0.13248,-0.58470,0.14633,0.99991,0.00480,0.00065,-0.01255,0.18349,-0.29402,0.04720
6403000000,-0.12608,-0.59447,0.14787,0.99991,0.00480,0.00069,-0.01259,0.20525,-0.29774,0.04646
6436000000,-0.11880,-0.60436,0.14940,0.99991,0.00483,0.00069,-0.01265,0.23872,-0.30178,0.04562
6469000000,-0.11086,-0.61436,0.15091,0.99991,0.00487,0.00068,-0.01268,0.25149,-0.30406,0.04608
6502000000,-0.10214,-0.62444,0.15244,0.99991,0.00492,0.00071,-0.01277,0.27904,-0.30767,0.04694
6535000000,-0.09238,-0.63468,0.15401,0.99990,0.00495,0.00075,-0.01286,0.31106,-0.31278,0.04787
6568000000,-0.08156,-0.64506,0.15559,0.99990,0.00492,0.00073,-0.01295,0.33678,-0.31637,0.04814
6601000000,-0.07013,-0.65555,0.15719,0.99990,0.00493,0.00078,-0.01297,0.35927,-0.32029,0.04881
6634000000,-0.05779,-0.66617,0.15882,0.99990,0.00489,0.00083,-0.01298,0.39104,-0.32367,0.04906
6667000000,-0.04452,-0.67688,0.16043,0.99990,0.00492,0.00084,-0.01302,0.41635,-0.32544,0.04922
6700000000,-0.03034,-0.68768,0.16205,0.99990,0.00497,0.00088,-0.01309,0.44059,-0.32874,0.04881
6733000000,-0.01558,-0.69861,0.16369,0.99990,0.00497,0.00087,-0.01313,0.45980,-0.33323,0.05019
6766000000,0.00008,-0.70965,0.16536,0.99990,0.00501,0.00090,-0.01318,0.48644,-0.33649,0.05116
6799000000,0.01648,-0.72082,0.16704,0.99990,0.00502,0.00087,-0.01327,0.50152,-0.34018,0.05168
6832000000,0.03356,-0.73212,0.16874,0.99990,0.00505,0.00087,-0.01331,0.52909,-0.34406,0.05141
6865000000,0.05139,-0.74354,0.17047,0.99990,0.00508,0.00086,-0.01339,0.55561,-0.34903,0.05278
6898000000,0.07027,-0.75514,0.17221,0.99990,0.00508,0.00084,-0.01348,0.58615,-0.35348,0.05286
6931000000,0.08997,-0.76686,0.17395,0.99989,0.00513,0.00084,-0.01359,0.60255,-0.35713,0.05360
6964000000,0.11024,-0.77871,0.17575,0.99989,0.00514,0.00084,-0.01364,0.62912,-0.36102,0.05512
6997000000,0.13163,-0.79070,0.17756,0.99989,0.00518,0.00084,-0.01362,0.66669,-0.36560,0.05462
7030000000,0.15416,-0.80284,0.17938,0.99989,0.00522,0.00085,-0.01369,0.69283,-0.37010,0.05534
7063000000,0.17735,-0.81514,0.18121,0.99989,0.00529,0.00077,-0.01378,0.71526,-0.37476,0.05641
7096000000,0.20141,-0.82759,0.18307,0.99989,0.00531,0.00081,-0.01384,0.73713,-0.37948,0.05752
7129000000,0.22635,-0.84019,0.18496,0.99989,0.00538,0.00085,-0.01390,0.77018,-0.38347,0.05682
7162000000,0.25237,-0.85289,0.18685,0.99989,0.00546,0.00086,-0.01391,0.80392,-0.38709,0.05735
7195000000,0.27944,-0.86574,0.18872,0.99989,0.00554,0.00084,-0.01393,0.83580,-0.39108,0.05674
7228000000,0.30742,-0.87870,0.19059,0.99989,0.00554,0.00081,-0.01394,0.86108,-0.39446,0.05665
7261000000,0.33615,-0.89175,0.19247,0.99989,0.00560,0.00084,-0.01400,0.87632,-0.39741,0.05695
7294000000,0.36573,-0.90493,0.19436,0.99989,0.00564,0.00087,-0.01405,0.91196,-0.40160,0.05699
7327000000,0.39632,-0.91823,0.19625,0.99988,0.00563,0.00087,-0.01412,0.94060,-0.40473,0.05797
7360000000,0.42797,-0.93168,0.19818,0.99988,0.00569,0.00087,-0.01417,0.97507,-0.40995,0.05859
7393000000,0.46054,-0.94529,0.20012,0.99988,0.00571,0.00092,-0.01428,0.99115,-0.41468,0.05946
7426000000,0.49372,-0.95903,0.20205,0.99988,0.00580,0.00090,-0.01435,1.02345,-0.41856,0.05768
7459000000,0.52784,-0.97293,0.20396,0.99988,0.00582,0.00089,-0.01441,1.04928,-0.42372,0.05769
7492000000,0.56285,-0.98699,0.20587,0.99988,0.00586,0.00091,-0.01448,1.07537,-0.42903,0.05800
7525000000,0.59856,-1.00121,0.20777,0.99988,0.00589,0.00091,-0.01457,1.09019,-0.43241,0.05760
7558000000,0.63498,-1.01559,0.20967,0.99988,0.00591,0.00094,-0.01464,1.11632,-0.43848,0.05784
7591000000,0.67228,-1.03013,0.21160,0.99987,0.00588,0.00093,-0.01468,1.14315,-0.44286,0.05919
7624000000,0.71060,-1.04481,0.21354,0.99987,0.00589,0.00093,-0.01473,1.17314,-0.44707,0.05892
7657000000,0.74894,-1.05962,0.21546,0.99987,0.00588,0.00093,-0.01480,1.14046,-0.45034,0.05730
7690000000,0.78614,-1.07453,0.21737,0.99987,0.00593,0.00092,-0.01484,1.10915,-0.45336,0.05801
7723000000,0.82247,-1.08957,0.21931,0.99987,0.00597,0.00086,-0.01492,1.09199,-0.45768,0.05912
7756000000,0.85786,-1.10471,0.22127,0.99987,0.00602,0.00086,-0.01499,1.05715,-0.46005,0.05962
7789000000,0.89250,-1.11995,0.22323,0.99987,0.00601,0.00086,-0.01501,1.03461,-0.46294,0.05919
7822000000,0.92629,-1.13529,0.22519,0.99987,0.00604,0.00086,-0.01510,1.01443,-0.46678,0.05870
7855000000,0.96005,-1.15077,0.22711,0.99987,0.00604,0.00088,-0.01519,1.03526,-0.47192,0.05837
7888000000,0.99482,-1.16642,0.22906,0.99986,0.00606,0.00092,-0.01525,1.06823,-0.47629,0.05910
7921000000,1.03044,-1.18223,0.23101,0.99986,0.00609,0.00091,-0.01532,1.08983,-0.48230,0.05889
7954000000,1.06686,-1.19823,0.23295,0.99986,0.00605,0.00085,-0.01534,1.11096,-0.48675,0.05849
7987000000,1.10403,-1.21435,0.23485,0.99986,0.00606,0.00083,-0.01544,1.14020,-0.49026,0.05759
8020000000,1.14227,-1.23060,0.23673,0.99986,0.00606,0.00086,-0.01550,1.17480,-0.49464,0.05709
8053000000,1.18153,-1.24700,0.23863,0.99986,0.00605,0.00086,-0.01557,1.20546,-0.49904,0.05807
8086000000,1.22151,-1.26355,0.24053,0.99986,0.00608,0.00083,-0.01565,1.22064,-0.50421,0.05725
8119000000,1.26241,-1.28029,0.24243,0.99986,0.00612,0.00090,-0.01565,1.25829,-0.51022,0.05685
8152000000,1.30443,-1.29721,0.24429,0.99986,0.00617,0.00092,-0.01572,1.28062,-0.51549,0.05674
8185000000,1.34736,-1.31434,0.24615,0.99986,0.00626,0.00089,-0.01579,1.32089,-0.52236,0.05661
8218000000,1.39138,-1.33165,0.24802,0.99985,0.00632,0.00090,-0.01586,1.34284,-0.52722,0.05630
8251000000,1.43634,-1.34913,0.24990,0.99985,0.00634,0.00090,-0.01596,1.38118,-0.53208,0.05736
8284000000,1.48217,-1.36676,0.25177,0.99985,0.00635,0.00092,-0.01608,1.39707,-0.53692,0.05657
8317000000,1.52881,-1.38458,0.25364,0.99985,0.00639,0.00092,-0.01615,1.42897,-0.54253,0.05593
8350000000,1.57649,-1.40255,0.25547,0.99985,0.00644,0.00090,-0.01616,1.45164,-0.54700,0.05543
8383000000,1.62473,-1.42070,0.25730,0.99985,0.00651,0.00088,-0.01622,1.47650,-0.55280,0.05600
8416000000,1.67392,-1.43904,0.25915,0.99985,0.00655,0.00087,-0.01630,1.50813,-0.55860,0.05539
8449000000,1.72378,-1.45753,0.26099,0.99984,0.00657,0.00087,-0.01638,1.51977,-0.56200,0.05652
8482000000,1.77434,-1.47615,0.26283,0.99984,0.00663,0.00089,-0.01643,1.54461,-0.56686,0.05587
8515000000,1.82586,-1.49496,0.26468,0.99984,0.00671,0.00094,-0.01649,1.57746,-0.57338,0.05653
8548000000,1.87810,-1.51397,0.26656,0.99984,0.00672,0.00095,-0.01662,1.59361,-0.57897,0.05733
8581000000,1.93112,-1.53317,0.26848,0.99984,0.00675,0.00095,-0.01663,1.62176,-0.58515,0.05903
8614000000,1.98511,-1.55259,0.27044,0.99984,0.00681,0.00099,-0.01671,1.64090,-0.59094,0.05960
8647000000,2.03966,-1.57217,0.27242,0.99984,0.00688,0.00099,-0.01677,1.66574,-0.59595,0.05989
8680000000,2.09516,-1.59191,0.27440,0.99983,0.00690,0.00103,-0.01682,1.69639,-0.59993,0.06013
8713000000,2.15126,-1.61178,0.27640,0.99983,0.00691,0.00102,-0.01689,1.70958,-0.60473,0.06154
8746000000,2.20820,-1.63183,0.27843,0.99983,0.00691,0.00101,-0.01695,1.73954,-0.61042,0.06192
8779000000,2.26600,-1.65206,0.28048,0.99983,0.00698,0.00103,-0.01704,1.75606,-0.61480,0.06216
8812000000,2.32455,-1.67245,0.28253,0.99983,0.00694,0.00103,-0.01706,1.78553,-0.62098,0.06205
8845000000,2.38410,-1.69304,0.28459,0.99983,0.00701,0.00101,-0.01722,1.82386,-0.62612,0.06310
8878000000,2.44472,-1.71377,0.28670,0.99983,0.00700,0.00110,-0.01726,1.84965,-0.63057,0.06452
8911000000,2.50625,-1.73467,0.28883,0.99983,0.00700,0.00111,-0.01731,1.87112,-0.63555,0.06414
8944000000,2.56834,-1.75573,0.29094,0.99982,0.00708,0.00114,-0.01739,1.89689,-0.64094,0.06394
8977000000,2.63150,-1.77700,0.29306,0.99982,0.00711,0.00113,-0.01748,1.92853,-0.64743,0.06485
9010000000,2.69526,-1.79846,0.29522,0.99982,0.00715,0.00112,-0.01753,1.94219,-0.65336,0.06535
9043000000,2.75983,-1.82010,0.29740,0.99982,0.00718,0.00114,-0.01756,1.97178,-0.65828,0.06661
9076000000,2.82547,-1.84194,0.29962,0.99982,0.00721,0.00117,-0.01761,2.00467,-0.66450,0.06705
9109000000,2.89198,-1.86392,0.30183,0.99982,0.00724,0.00121,-0.01770,2.02338,-0.66824,0.06698
9142000000,2.95897,-1.88604,0.30405,0.99981,0.00721,0.00123,-0.01779,2.04167,-0.67279,0.06718
9175000000,3.02685,-1.90833,0.30629,0.99981,0.00729,0.00120,-0.01793,2.06670,-0.67826,0.06820
9208000000,3.09549,-1.93080,0.30855,0.99981,0.00732,0.00113,-0.01797,2.09265,-0.68368,0.06881
9241000000,3.16500,-1.95348,0.31082,0.99981,0.00735,0.00117,-0.01809,2.11468,-0.69025,0.06870
9274000000,3.23535,-1.97637,0.31309,0.99981,0.00736,0.00124,-0.01811,2.14297,-0.69661,0.06921
9307000000,3.30665,-1.99946,0.31537,0.99981,0.00737,0.00125,-0.01819,2.17086,-0.70247,0.06980
9340000000,3.37871,-2.02274,0.31767,0.99981,0.00739,0.00129,-0.01823,2.19957,-0.70781,0.07014
9373000000,3.45155,-2.04617,0.31999,0.99980,0.00741,0.00128,-0.01833,2.22373,-0.71301,0.07040
9406000000,3.52495,-2.06976,0.32232,0.99980,0.00737,0.00128,-0.01834,2.21323,-0.71654,0.07090
9439000000,3.59737,-2.09347,0.32466,0.99980,0.00737,0.00130,-0.01839,2.18099,-0.72100,0.07106
9472000000,3.66890,-2.11734,0.32701,0.99980,0.00740,0.00125,-0.01848,2.15211,-0.72463,0.07137
9505000000,3.73979,-2.14134,0.32938,0.99980,0.00743,0.00130,-0.01852,2.13917,-0.72891,0.07235
9538000000,3.80986,-2.16544,0.33178,0.99980,0.00746,0.00131,-0.01861,2.10670,-0.73231,0.07296
9571000000,3.87899,-2.18967,0.33420,0.99980,0.00744,0.00136,-0.01870,2.09087,-0.73653,0.07367
9604000000,3.94720,-2.21403,0.33665,0.99979,0.00747,0.00136,-0.01882,2.05043,-0.74019,0.07457
9637000000,4.01452,-2.23852,0.33912,0.99979,0.00753,0.00134,-0.01890,2.02983,-0.74472,0.07517
9670000000,4.08186,-2.26320,0.34160,0.99979,0.00753,0.00127,-0.01897,2.04747,-0.75109,0.07550
9703000000,4.14986,-2.28807,0.34409,0.99979,0.00754,0.00130,-0.01904,2.07181,-0.75646,0.07552
9736000000,4.21845,-2.31315,0.34659,0.99979,0.00752,0.00132,-0.01916,2.09390,-0.76331,0.07600
9769000000,4.28820,-2.33845,0.34911,0.99979,0.00753,0.00130,-0.01924,2.13341,-0.76970,0.07668
9802000000,4.35890,-2.36397,0.35165,0.99978,0.00756,0.00130,-0.01932,2.14923,-0.77598,0.07628
9835000000,4.43024,-2.38968,0.35418,0.99978,0.00758,0.00135,-0.01943,2.17613,-0.78197,0.07677
9868000000,4.50254,-2.41559,0.35669,0.99978,0.00758,0.00140,-0.01951,2.20447,-0.78914,0.07584
9901000000,4.57580,-2.44173,0.35918,0.99978,0.00760,0.00140,-0.01958,2.23365,-0.79482,0.07534
9934000000,4.64981,-2.46807,0.36166,0.99978,0.00755,0.00144,-0.01962,2.25971,-0.80138,0.07521
9967000000,4.72481,-2.49464,0.36415,0.99978,0.00759,0.00145,-0.01965,2.28168,-0.80827,0.07507
10000000000,4.80048,-2.52141,0.36664,0.99977,0.00764,0.00151,-0.01977,2.30590,-0.81389,0.07645
10033000000,4.87706,-2.54836,0.36916,0.99977,0.00764,0.00153,-0.01988,2.33699,-0.82042,0.07635
10066000000,4.95448,-2.57556,0.37167,0.99977,0.00769,0.00155,-0.01991,2.35892,-0.82722,0.07610
10099000000,5.03289,-2.60299,0.37420,0.99977,0.00764,0.00151,-0.01994,2.39057,-0.83453,0.07587
10132000000,5.11217,-2.63062,0.37670,0.99977,0.00766,0.00147,-0.02002,2.40887,-0.84041,0.07599
10165000000,5.19205,-2.65845,0.37920,0.99977,0.00764,0.00146,-0.02014,2.43409,-0.84691,0.07532
10198000000,5.27264,-2.68649,0.38170,0.99977,0.00764,0.00151,-0.02023,2.45274,-0.85238,0.07592
10231000000,5.35418,-2.71471,0.38419,0.99976,0.00768,0.00154,-0.02031,2.48668,-0.85786,0.07587
10264000000,5.43651,-2.74313,0.38670,0.99976,0.00772,0.00156,-0.02038,2.50280,-0.86459,0.07625
10297000000,5.51957,-2.77174,0.38923,0.99976,0.00772,0.00154,-0.02051,2.52736,-0.86976,0.07665
10330000000,5.60347,-2.80057,0.39175,0.99976,0.00771,0.00155,-0.02056,2.55623,-0.87788,0.07655
10363000000,5.68827,-2.82966,0.39426,0.99976,0.00774,0.00157,-0.02066,2.58444,-0.88514,0.07576
10396000000,5.77394,-2.85897,0.39677,0.99975,0.00781,0.00161,-0.02076,2.60859,-0.89056,0.07584
10429000000,5.86027,-2.88843,0.39929,0.99975,0.00787,0.00163,-0.02087,2.62861,-0.89530,0.07656
10462000000,5.94733,-2.91805,0.40183,0.99975,0.00789,0.00166,-0.02095,2.64519,-0.90011,0.07714
10495000000,6.03525,-2.94788,0.40434,0.99975,0.00797,0.00168,-0.02104,2.68294,-0.90726,0.07609
10528000000,6.12395,-2.97791,0.40686,0.99974,0.00797,0.00172,-0.02111,2.69888,-0.91307,0.07644
10561000000,6.21357,-3.00817,0.40938,0.99974,0.00799,0.00171,-0.02121,2.72951,-0.91997,0.07611
10594000000,6.30413,-3.03865,0.41189,0.99974,0.00804,0.00171,-0.02132,2.75125,-0.92703,0.07556
10627000000,6.39534,-3.06937,0.41438,0.99974,0.00801,0.00176,-0.02138,2.77871,-0.93481,0.07596
10660000000,6.48752,-3.10034,0.41688,0.99974,0.00804,0.00176,-0.02146,2.80179,-0.94153,0.07627
10693000000,6.58062,-3.13155,0.41939,0.99973,0.00810,0.00175,-0.02153,2.83082,-0.94910,0.07590
10726000000,6.67339,-3.16293,0.42188,0.99973,0.00815,0.00174,-0.02162,2.80184,-0.95334,0.07557
10759000000,6.76527,-3.19446,0.42437,0.99973,0.00813,0.00180,-0.02167,2.77673,-0.95719,0.07505
10792000000,6.85634,-3.22610,0.42684,0.99973,0.00816,0.00188,-0.02177,2.74921,-0.96112,0.07503
10825000000,6.94645,-3.25790,0.42929,0.99973,0.00816,0.00186,-0.02184,2.71924,-0.96590,0.07335
10858000000,7.03560,-3.28984,0.43168,0.99973,0.00815,0.00187,-0.02188,2.69090,-0.97024,0.07246
10891000000,7.12393,-3.32192,0.43407,0.99972,0.00823,0.00188,-0.02196,2.67604,-0.97472,0.07224
10924000000,7.21263,-3.35417,0.43645,0.99972,0.00819,0.00192,-0.02204,2.69741,-0.98009,0.07210
10957000000,7.30227,-3.38667,0.43882,0.99972,0.00818,0.00197,-0.02213,2.73549,-0.98933,0.07170
10990000000,7.39310,-3.41944,0.44122,0.99972,0.00826,0.00199,-0.02215,2.76023,-0.99594,0.07277
11023000000,7.48452,-3.45242,0.44362,0.99972,0.00828,0.00203,-0.02222,2.78447,-1.00325,0.07274
11056000000,7.57704,-3.48565,0.44604,0.99971,0.00829,0.00202,-0.02233,2.82319,-1.01049,0.07380
11089000000,7.67067,-3.51914,0.44849,0.99971,0.00839,0.00203,-0.02242,2.85145,-1.01797,0.07409
11122000000,7.76508,-3.55285,0.45093,0.99971,0.00839,0.00204,-0.02252,2.86722,-1.02514,0.07390
11155000000,7.86024,-3.58679,0.45336,0.99971,0.00840,0.00204,-0.02255,2.90061,-1.03200,0.07382
11188000000,7.95661,-3.62100,0.45579,0.99971,0.00845,0.00200,-0.02265,2.94029,-1.04078,0.07326
11221000000,8.05394,-3.65545,0.45819,0.99970,0.00851,0.00199,-0.02272,2.94381,-1.04660,0.07306
11254000000,8.15068,-3.69008,0.46059,0.99970,0.00853,0.00197,-0.02285,2.90874,-1.05126,0.07271
11287000000,8.24627,-3.72484,0.46297,0.99970,0.00857,0.00199,-0.02292,2.88055,-1.05511,0.07195
11320000000,8.34135,-3.75976,0.46536,0.99970,0.00858,0.00203,-0.02301,2.87483,-1.06103,0.07237
11353000000,8.43568,-3.79484,0.46774,0.99969,0.00863,0.00203,-0.02305,2.84460,-1.06508,0.07212
11386000000,8.52882,-3.83004,0.47012,0.99969,0.00870,0.00204,-0.02316,2.80369,-1.06852,0.07225
11419000000,8.62037,-3.86539,0.47251,0.99969,0.00872,0.00203,-0.02329,2.75215,-1.07387,0.07234
11452000000,8.71047,-3.90092,0.47489,0.99969,0.00881,0.00204,-0.02335,2.70309,-1.07776,0.07279
11485000000,8.79928,-3.93660,0.47731,0.99968,0.00886,0.00203,-0.02344,2.66971,-1.08559,0.07352
11518000000,8.88665,-3.97243,0.47974,0.99968,0.00887,0.00204,-0.02361,2.62227,-1.08663,0.07348
11551000000,8.97252,-4.00824,0.48218,0.99968,0.00887,0.00205,-0.02374,2.57758,-1.09084,0.07404
11584000000,9.05683,-4.04398,0.48464,0.99967,0.00892,0.00204,-0.02386,2.53728,-1.08082,0.07523
11617000000,9.13980,-4.07971,0.48714,0.99967,0.00893,0.00210,-0.02399,2.48799,-1.08546,0.07594
11650000000,9.22114,-4.11536,0.48965,0.99967,0.00898,0.00212,-0.02411,2.44713,-1.08052,0.07619
11683000000,9.30078,-4.15105,0.49216,0.99966,0.00899,0.00213,-0.02426,2.38981,-1.08067,0.07690
11716000000,9.37865,-4.18679,0.49470,0.99966,0.00901,0.00216,-0.02444,2.33043,-1.08318,0.07701
11749000000,9.45499,-4.22263,0.49724,0.99965,0.00906,0.00218,-0.02463,2.29156,-1.08688,0.07723
11782000000,9.52973,-4.25864,0.49977,0.99965,0.00901,0.00214,-0.02482,2.24148,-1.09042,0.07604
11815000000,9.60296,-4.29466,0.50227,0.99965,0.00901,0.00220,-0.02497,2.19994,-1.09137,0.07579
11848000000,9.67552,-4.33077,0.50477,0.99964,0.00906,0.00222,-0.02500,2.19442,-1.09678,0.07550
11881000000,9.74820,-4.36707,0.50725,0.99964,0.00913,0.00222,-0.02506,2.19890,-1.10441,0.07559
11914000000,9.82075,-4.40360,0.50975,0.99964,0.00918,0.00220,-0.02504,2.19043,-1.11165,0.07587
11947000000,9.89304,-4.44037,0.51224,0.99964,0.00918,0.00219,-0.02512,2.19103,-1.11714,0.07520
11980000000,9.96521,-4.47733,0.51474,0.99964,0.00922,0.00216,-0.02513,2.19596,-1.12358,0.07573
12013000000,10.03728,-4.51448,0.51725,0.99964,0.00924,0.00220,-0.02514,2.18762,-1.12902,0.07583
12046000000,10.10929,-4.55183,0.51974,0.99964,0.00926,0.00224,-0.02510,2.17953,-1.13470,0.07588
12079000000,10.18109,-4.58937,0.52224,0.99964,0.00932,0.00223,-0.02506,2.17164,-1.14008,0.07579
12112000000,10.25218,-4.62704,0.52474,0.99964,0.00934,0.00224,-0.02503,2.14402,-1.14334,0.07646
12145000000,10.32241,-4.66674,0.52723,0.99959,0.00936,0.00227,-0.02707,2.14715,-1.33966,0.07274
12178000000,10.39339,-4.71216,0.52960,0.99940,0.00940,0.00237,-0.03329,2.15241,-1.39787,0.07109
12211000000,10.46447,-4.75894,0.53194,0.99916,0.00939,0.00242,-0.03985,2.15462,-1.43884,0.07130
12244000000,10.53559,-4.80715,0.53430,0.99886,0.00939,0.00252,-0.04672,2.15598,-1.48357,0.07148
12277000000,10.60678,-4.85689,0.53665,0.99849,0.00938,0.00258,-0.05401,2.15878,-1.52976,0.07049
12310000000,10.67804,-4.90812,0.53899,0.99804,0.00932,0.00268,-0.06175,2.15683,-1.57663,0.07061
12343000000,10.74881,-4.96088,0.54129,0.99751,0.00933,0.00272,-0.06987,2.12861,-1.62045,0.06984
12376000000,10.81865,-5.01517,0.54361,0.99686,0.00936,0.00280,-0.07859,2.10415,-1.67072,0.07087
12409000000,10.88729,-5.07097,0.54595,0.99609,0.00935,0.00294,-0.08783,2.06019,-1.71454,0.07123
12442000000,10.95464,-5.12836,0.54830,0.99517,0.00939,0.00305,-0.09766,2.02585,-1.76730,0.07104
12475000000,11.02090,-5.18765,0.55066,0.99409,0.00941,0.00318,-0.10814,1.99114,-1.82781,0.07091
12508000000,11.08609,-5.24894,0.55300,0.99281,0.00940,0.00333,-0.11928,1.95345,-1.88270,0.07126
12541000000,11.14981,-5.31203,0.55535,0.99132,0.00939,0.00344,-0.13109,1.90271,-1.93763,0.07116
12574000000,11.21262,-5.37722,0.55488,0.98985,-0.00345,-0.00208,-0.14204,1.92055,-2.02048,-0.18490
12607000000,11.27674,-5.44586,0.54254,0.98839,-0.01372,-0.00618,-0.15116,1.96522,-2.13816,-0.56273
12640000000,11.34262,-5.51869,0.51776,0.98712,-0.01247,-0.00505,-0.15943,2.03412,-2.28439,-0.93815
12673000000,11.41055,-5.59616,0.48073,0.98584,0.00171,-0.00042,-0.16768,2.04809,-2.40683,-1.26441
12706000000,11.47651,-5.67590,0.43731,0.98352,0.01116,0.00594,-0.18036,1.95530,-2.41142,-1.31336
12739000000,11.53898,-5.75658,0.39524,0.98058,0.01035,0.00373,-0.19579,1.85787,-2.48409,-1.26814
12772000000,11.59996,-5.83976,0.35338,0.97732,0.01024,0.00392,-0.21147,1.83918,-2.55801,-1.26827
12805000000,11.65928,-5.92472,0.31159,0.97412,0.01020,0.00406,-0.22576,1.75842,-2.59080,-1.26575
12838000000,11.71678,-6.01003,0.27003,0.97064,0.01018,0.00412,-0.24029,1.71034,-2.59551,-1.25418
12871000000,11.77205,-6.09619,0.22866,0.96694,0.01014,0.00427,-0.25477,1.63921,-2.62446,-1.25326
12904000000,11.82469,-6.18288,0.18730,0.96303,0.01007,0.00450,-0.26918,1.55754,-2.63489,-1.25328
12937000000,11.87482,-6.26997,0.14596,0.95892,0.01002,0.00470,-0.28346,1.48171,-2.64256,-1.25275
12970000000,11.92287,-6.35812,0.10487,0.95459,0.01000,0.00488,-0.29772,1.45214,-2.74510,-1.22803
13003000000,11.96885,-6.44790,0.06438,0.94980,0.00991,0.00502,-0.31267,1.33081,-2.68810,-1.22556
13036000000,12.01154,-6.53631,0.02395,0.94488,0.00987,0.00519,-0.32721,1.26598,-2.68188,-1.22533
13069000000,12.05252,-6.62499,-0.01647,0.93999,0.00980,0.00531,-0.34101,1.21641,-2.68898,-1.22441
13102000000,12.09190,-6.71380,-0.05687,0.93509,0.00978,0.00541,-0.35422,1.17131,-2.69275,-1.22401
13135000000,12.12984,-6.80266,-0.09725,0.93026,0.00978,0.00552,-0.36673,1.12769,-2.68963,-1.22305
13168000000,12.16683,-6.89085,-0.13758,0.92568,0.00977,0.00566,-0.37813,1.11165,-2.65611,-1.22150
13201000000,12.20311,-6.97861,-0.17788,0.92137,0.00972,0.00575,-0.38852,1.08408,-2.65755,-1.22102
13234000000,12.23836,-7.06616,-0.21814,0.91725,0.00965,0.00586,-0.39816,1.05920,-2.65629,-1.21927
13267000000,12.27284,-7.15365,-0.25835,0.91327,0.00962,0.00592,-0.40719,1.02851,-2.64483,-1.21826
13300000000,12.30631,-7.24088,-0.29856,0.90926,0.00959,0.00602,-0.41608,0.99877,-2.64066,-1.21816
13333000000,12.33866,-7.32775,-0.33874,0.90510,0.00951,0.00615,-0.42506,0.96522,-2.62742,-1.21762
13366000000,12.36994,-7.41429,-0.37893,0.90080,0.00950,0.00629,-0.43408,0.92787,-2.61359,-1.21818
13399000000,12.40020,-7.50047,-0.41911,0.89651,0.00948,0.00641,-0.44288,0.90468,-2.60435,-1.21725
13432000000,12.42975,-7.58613,-0.45928,0.89246,0.00946,0.00653,-0.45099,0.88612,-2.58807,-1.21745
13465000000,12.45863,-7.67119,-0.49945,0.88871,0.00944,0.00661,-0.45832,0.86812,-2.56971,-1.21697
13498000000,12.48710,-7.75586,-0.53960,0.88528,0.00939,0.00662,-0.46492,0.85570,-2.55883,-1.21645
13531000000,12.51519,-7.84002,-0.57974,0.88215,0.00939,0.00667,-0.47083,0.84712,-2.54375,-1.21557
13564000000,12.54315,-7.92387,-0.61984,0.87937,0.00937,0.00671,-0.47600,0.84414,-2.53619,-1.21466
13597000000,12.57089,-8.00718,-0.65991,0.87691,0.00935,0.00675,-0.48052,0.83509,-2.51120,-1.21451
13630000000,12.59831,-8.08983,-0.69999,0.87459,0.00937,0.00677,-0.48472,0.82907,-2.50314,-1.21435
13663000000,12.62548,-8.17218,-0.74005,0.87234,0.00939,0.00679,-0.48876,0.81621,-2.48409,-1.21348
13696000000,12.65230,-8.25387,-0.78009,0.87008,0.00936,0.00683,-0.49278,0.80779,-2.46889,-1.21320
13729000000,12.67862,-8.33483,-0.82008,0.86782,0.00933,0.00685,-0.49674,0.79099,-2.44199,-1.21053
13762000000,12.70452,-8.41520,-0.86001,0.86554,0.00933,0.00690,-0.50071,0.77712,-2.42621,-1.20977
13795000000,12.73002,-8.49497,-0.89995,0.86327,0.00929,0.00691,-0.50461,0.76762,-2.41069,-1.21028
13828000000,12.75507,-8.57409,-0.93987,0.86100,0.00933,0.00692,-0.50847,0.75133,-2.38451,-1.20996
13861000000,12.77949,-8.65224,-0.97978,0.85870,0.00935,0.00697,-0.51235,0.73379,-2.36043,-1.20923
13894000000,12.80347,-8.72991,-1.01968,0.85639,0.00934,0.00698,-0.51620,0.71549,-2.33689,-1.20873
13927000000,12.82688,-8.80712,-1.05957,0.85408,0.00934,0.00699,-0.52001,0.69492,-2.33532,-1.20827
13960000000,12.84950,-8.88357,-1.09940,0.85165,0.00932,0.00704,-0.52398,0.67821,-2.30689,-1.20655
13993000000,12.87173,-8.95956,-1.13920,0.84924,0.00932,0.00702,-0.52788,0.66766,-2.29042,-1.20560
14026000000,12.89354,-9.03477,-1.17900,0.84685,0.00938,0.00709,-0.53170,0.65647,-2.27562,-1.20581
14059000000,12.91502,-9.10957,-1.21878,0.84446,0.00934,0.00709,-0.53550,0.64509,-2.25505,-1.20523
14092000000,12.93610,-9.18373,-1.25855,0.84211,0.00934,0.00713,-0.53918,0.63296,-2.24071,-1.20490
14125000000,12.95677,-9.25722,-1.29833,0.83980,0.00932,0.00717,-0.54277,0.62050,-2.21632,-1.20599
14158000000,12.97710,-9.33015,-1.33812,0.83748,0.00928,0.00719,-0.54635,0.61069,-2.20060,-1.20526
14191000000,12.99707,-9.40251,-1.37788,0.83520,0.00929,0.00727,-0.54982,0.60047,-2.18742,-1.20463
14224000000,13.01673,-9.47426,-1.41761,0.83300,0.00930,0.00727,-0.55315,0.59128,-2.16415,-1.20321
14257000000,13.03614,-9.54558,-1.45728,0.83083,0.00928,0.00729,-0.55640,0.58624,-2.16795,-1.20176
14290000000,13.05538,-9.61744,-1.49692,0.82849,0.00924,0.00728,-0.55988,0.58114,-2.19550,-1.20140
14323000000,13.07448,-9.69056,-1.53658,0.82593,0.00919,0.00734,-0.56365,0.57640,-2.23225,-1.20156
14356000000,13.09340,-9.76478,-1.57623,0.82306,0.00917,0.00740,-0.56783,0.57031,-2.26647,-1.20124
14389000000,13.11208,-9.83996,-1.61588,0.81996,0.00911,0.00744,-0.57230,0.56210,-2.29147,-1.20187
14422000000,13.13044,-9.91623,-1.65556,0.81656,0.00910,0.00748,-0.57715,0.55116,-2.32721,-1.20321
14455000000,13.14853,-9.99393,-1.69527,0.81293,0.00906,0.00759,-0.58224,0.54458,-2.37754,-1.20325
14488000000,13.16636,-10.07310,-1.73496,0.80925,0.00904,0.00767,-0.58735,0.53629,-2.41388,-1.20176
14521000000,13.18394,-10.15344,-1.77462,0.80558,0.00901,0.00770,-0.59236,0.52935,-2.46376,-1.20243
14554000000,13.20152,-10.23535,-1.81432,0.80200,0.00897,0.00774,-0.59721,0.53252,-2.49879,-1.20354
14587000000,13.21902,-10.31835,-1.85404,0.79854,0.00897,0.00779,-0.60183,0.52973,-2.52986,-1.20330
14620000000,13.23646,-10.40231,-1.89375,0.79517,0.00892,0.00782,-0.60628,0.52629,-2.55975,-1.20338
14653000000,13.25383,-10.48725,-1.93346,0.79181,0.00890,0.00786,-0.61065,0.52597,-2.58832,-1.20400
14686000000,13.27121,-10.57314,-1.97323,0.78850,0.00888,0.00784,-0.61492,0.52624,-2.61776,-1.20594
14719000000,13.28856,-10.66002,-2.01303,0.78523,0.00883,0.00786,-0.61909,0.52430,-2.64830,-1.20605
14752000000,13.30579,-10.74794,-2.05283,0.78190,0.00880,0.00786,-0.62330,0.52112,-2.67991,-1.20587
14785000000,13.32290,-10.83688,-2.09263,0.77849,0.00877,0.00787,-0.62755,0.51707,-2.71009,-1.20654
14818000000,13.33989,-10.92682,-2.13246,0.77504,0.00876,0.00789,-0.63180,0.51238,-2.74129,-1.20693
14851000000,13.35674,-11.01780,-2.17230,0.77158,0.00874,0.00791,-0.63602,0.50815,-2.77208,-1.20762
14884000000,13.37344,-11.10977,-2.21216,0.76811,0.00869,0.00798,-0.64020,0.50462,-2.80137,-1.20761
14917000000,13.39003,-11.20270,-2.25200,0.76460,0.00864,0.00799,-0.64440,0.50022,-2.83093,-1.20719
14950000000,13.40648,-11.29657,-2.29183,0.76115,0.00863,0.00806,-0.64847,0.49674,-2.85879,-1.20666
14983000000,13.42278,-11.39139,-2.33165,0.75762,0.00860,0.00810,-0.65258,0.49191,-2.88790,-1.20696
15016000000,13.43893,-11.48718,-2.37149,0.75409,0.00863,0.00815,-0.65666,0.48593,-2.91720,-1.20746
15049000000,13.45489,-11.58393,-2.41136,0.75055,0.00856,0.00816,-0.66070,0.48073,-2.94689,-1.20871
15082000000,13.47065,-11.68167,-2.45126,0.74694,0.00852,0.00822,-0.66479,0.47428,-2.97629,-1.20899
15115000000,13.48616,-11.78036,-2.49118,0.74337,0.00853,0.00826,-0.66877,0.46622,-3.00544,-1.20998
15148000000,13.50142,-11.87999,-2.53112,0.73979,0.00854,0.00824,-0.67273,0.45858,-3.03217,-1.21010
15181000000,13.51646,-11.98050,-2.57106,0.73626,0.00850,0.00824,-0.67660,0.45248,-3.05906,-1.21092
15214000000,13.53127,-12.08189,-2.61104,0.73276,0.00850,0.00829,-0.68039,0.44503,-3.08569,-1.21248
15247000000,13.54582,-12.18415,-2.65106,0.72923,0.00848,0.00834,-0.68416,0.43646,-3.11128,-1.21340
15280000000,13.56009,-12.28727,-2.69114,0.72569,0.00852,0.00837,-0.68792,0.42887,-3.14075,-1.21440
15313000000,13.57408,-12.39150,-2.73122,0.72219,0.00849,0.00842,-0.69159,0.41943,-3.17211,-1.21522
15346000000,13.58778,-12.49658,-2.77134,0.71872,0.00842,0.00846,-0.69520,0.41109,-3.19667,-1.21597
15379000000,13.60119,-12.60251,-2.81146,0.71527,0.00845,0.00850,-0.69874,0.40170,-3.23215,-1.21586
15412000000,13.61429,-12.70959,-2.85159,0.71183,0.00845,0.00853,-0.70225,0.39160,-3.25652,-1.21652
15445000000,13.62706,-12.81744,-2.89172,0.70845,0.00842,0.00847,-0.70566,0.38240,-3.27983,-1.21578
15478000000,13.63949,-12.92614,-2.93185,0.70508,0.00839,0.00848,-0.70903,0.37138,-3.31116,-1.21651
15511000000,13.65162,-13.03580,-2.97198,0.70174,0.00840,0.00852,-0.71234,0.36161,-3.34132,-1.21581
15544000000,13.66336,-13.14642,-3.01207,0.69839,0.00838,0.00855,-0.71562,0.35017,-3.36338,-1.21492
15577000000,13.67475,-13.25777,-3.05216,0.69511,0.00839,0.00858,-0.71881,0.34079,-3.38505,-1.21470
15610000000,13.68584,-13.36984,-3.09223,0.69186,0.00838,0.00860,-0.72193,0.33007,-3.41220,-1.21421
15643000000,13.69650,-13.48313,-3.13230,0.68866,0.00835,0.00865,-0.72499,0.31601,-3.45140,-1.21400
15676000000,13.70676,-13.59736,-3.17237,0.68549,0.00828,0.00866,-0.72798,0.30626,-3.47248,-1.21402
15709000000,13.71670,-13.71226,-3.21244,0.68243,0.00826,0.00867,-0.73085,0.29599,-3.49174,-1.21445
15742000000,13.72632,-13.82782,-3.25252,0.67934,0.00831,0.00863,-0.73372,0.28642,-3.51248,-1.21393
15775000000,13.73575,-13.94328,-3.29255,0.67639,0.00828,0.00860,-0.73645,0.28436,-3.48562,-1.21223
15808000000,13.74503,-14.05813,-3.33252,0.67359,0.00830,0.00864,-0.73901,0.27841,-3.47630,-1.21047
15841000000,13.75407,-14.17312,-3.37247,0.67088,0.00826,0.00863,-0.74147,0.26892,-3.49465,-1.21057
15874000000,13.76281,-14.28879,-3.41240,0.66827,0.00826,0.00866,-0.74382,0.26036,-3.51446,-1.20941
15907000000,13.77125,-14.40509,-3.45232,0.66570,0.00823,0.00872,-0.74612,0.25188,-3.53445,-1.20961
15940000000,13.77943,-14.52204,-3.49225,0.66324,0.00820,0.00872,-0.74832,0.24401,-3.55388,-1.21007
15973000000,13.78734,-14.63965,-3.53219,0.66084,0.00817,0.00875,-0.75043,0.23570,-3.57402,-1.20963
16006000000,13.79501,-14.75794,-3.57209,0.65852,0.00816,0.00878,-0.75246,0.22876,-3.59412,-1.20906
16039000000,13.80240,-14.87686,-3.61199,0.65628,0.00812,0.00882,-0.75442,0.21901,-3.61335,-1.20895
16072000000,13.80948,-14.99656,-3.65190,0.65412,0.00811,0.00885,-0.75629,0.20896,-3.64404,-1.20962
16105000000,13.81624,-15.11722,-3.69181,0.65200,0.00808,0.00878,-0.75812,0.19838,-3.67615,-1.20983
16138000000,13.82258,-15.23905,-3.73173,0.64988,0.00810,0.00874,-0.75995,0.18605,-3.70735,-1.20896
16171000000,13.82855,-15.36194,-3.77164,0.64786,0.00811,0.00876,-0.76166,0.17486,-3.74189,-1.21043
16204000000,13.83407,-15.48606,-3.81159,0.64583,0.00808,0.00875,-0.76339,0.15973,-3.78284,-1.21005
16237000000,13.83917,-15.61139,-3.85153,0.64385,0.00807,0.00877,-0.76506,0.14821,-3.81466,-1.21032
16270000000,13.84380,-15.73812,-3.89149,0.64189,0.00804,0.00880,-0.76670,0.13495,-3.85489,-1.21102
16303000000,13.84804,-15.86598,-3.93148,0.64002,0.00806,0.00880,-0.76827,0.12326,-3.88527,-1.21188
16336000000,13.85196,-15.99456,-3.97148,0.63814,0.00811,0.00873,-0.76983,0.11175,-3.91573,-1.21251
16369000000,13.85551,-16.12404,-4.01151,0.63626,0.00808,0.00876,-0.77138,0.10363,-3.93212,-1.21315
16402000000,13.85869,-16.25445,-4.05157,0.63444,0.00811,0.00880,-0.77288,0.08925,-3.97486,-1.21418
16435000000,13.86140,-16.38627,-4.09163,0.63269,0.00805,0.00880,-0.77432,0.07436,-4.01721,-1.21359
16468000000,13.86368,-16.51909,-4.13169,0.63085,0.00805,0.00883,-0.77581,0.06299,-4.03158,-1.21415
16501000000,13.86563,-16.65211,-4.17176,0.62894,0.00804,0.00879,-0.77736,0.05471,-4.03047,-1.21430
16534000000,13.86726,-16.78415,-4.21181,0.62691,0.00806,0.00880,-0.77900,0.03602,-3.97313,-1.21299
16567000000,13.86827,-16.91524,-4.25184,0.62446,0.00809,0.00882,-0.78097,0.02440,-3.97177,-1.21319
16600000000,13.86882,-17.04625,-4.29186,0.62180,0.00806,0.00881,-0.78309,0.00870,-3.96798,-1.21304
16633000000,13.86888,-17.17712,-4.33190,0.61897,0.00805,0.00884,-0.78532,-0.00629,-3.96351,-1.21267
16666000000,13.86837,-17.30780,-4.37191,0.61588,0.00806,0.00886,-0.78775,-0.02462,-3.95662,-1.21142
16699000000,13.86733,-17.43806,-4.41185,0.61253,0.00805,0.00884,-0.79036,-0.04062,-3.94108,-1.20996
16732000000,13.86568,-17.56780,-4.45177,0.60879,0.00806,0.00885,-0.79324,-0.06044,-3.92150,-1.20900
16765000000,13.86331,-17.69699,-4.49166,0.60479,0.00802,0.00883,-0.79630,-0.08269,-3.90722,-1.20808
16798000000,13.86028,-17.82538,-4.53150,0.60044,0.00800,0.00888,-0.79958,-0.10351,-3.87976,-1.20619
16831000000,13.85643,-17.95321,-4.57127,0.59571,0.00798,0.00890,-0.80311,-0.12764,-3.86102,-1.20472
16864000000,13.85182,-18.08024,-4.61099,0.59059,0.00796,0.00890,-0.80688,-0.15211,-3.83781,-1.20304
16897000000,13.84644,-18.20631,-4.65066,0.58502,0.00791,0.00893,-0.81093,-0.17527,-3.80599,-1.20133
16930000000,13.84041,-18.33108,-4.69027,0.57899,0.00786,0.00895,-0.81524,-0.19318,-3.76105,-1.19940
16963000000,13.83354,-18.45477,-4.72982,0.57248,0.00780,0.00901,-0.81983,-0.22646,-3.74394,-1.19863
16996000000,13.82536,-18.57828,-4.76936,0.56553,0.00780,0.00916,-0.82464,-0.27060,-3.74041,-1.19843
17029000000,13.81564,-18.70153,-4.80889,0.55766,0.00777,0.00922,-0.82998,-0.31512,-3.72626,-1.19697
17062000000,13.80443,-18.82439,-4.84839,0.54927,0.00767,0.00931,-0.83556,-0.36630,-3.72096,-1.19701
17095000000,13.79143,-18.94712,-4.88787,0.54020,0.00761,0.00934,-0.84145,-0.42229,-3.71669,-1.19614
17128000000,13.77649,-19.06965,-4.92734,0.53021,0.00757,0.00940,-0.84778,-0.48369,-3.70970,-1.19546
17161000000,13.75942,-19.19192,-4.96677,0.51925,0.00750,0.00947,-0.85453,-0.55210,-3.69992,-1.19415
17194000000,13.73998,-19.31380,-5.00614,0.50716,0.00735,0.00955,-0.86177,-0.62649,-3.68570,-1.19211
17227000000,13.71799,-19.43519,-5.04544,-0.49382,-0.00726,-0.00963,0.86948,-0.70681,-3.67087,-1.19028
17260000000,13.69326,-19.55596,-5.08470,-0.47918,-0.00711,-0.00971,0.87764,-0.79080,-3.64474,-1.18968
17293000000,13.66614,-19.67538,-5.12394,-0.46333,-0.00699,-0.00977,0.88610,-0.85725,-3.59564,-1.18841
17326000000,13.63659,-19.79326,-5.16311,-0.44622,-0.00683,-0.00985,0.89484,-0.93009,-3.54416,-1.18562
17359000000,13.60578,-19.90856,-5.20220,-0.42854,-0.00664,-0.00997,0.90344,-0.94332,-3.44999,-1.18372
17392000000,13.57447,-20.02095,-5.24123,-0.41088,-0.00649,-0.01012,0.91161,-0.95526,-3.36434,-1.18137
17425000000,13.54262,-20.13079,-5.28017,-0.39336,-0.00628,-0.01022,0.91931,-0.97251,-3.29263,-1.17921
17458000000,13.51061,-20.23815,-5.31907,-0.37603,-0.00614,-0.01038,0.92653,-0.97385,-3.21856,-1.17845
17491000000,13.47820,-20.34335,-5.35794,-0.35890,-0.00594,-0.01048,0.93330,-0.98542,-3.15531,-1.17695
17524000000,13.44576,-20.44638,-5.39671,-0.34209,-0.00578,-0.01057,0.93959,-0.98005,-3.08938,-1.17314
17557000000,13.41353,-20.54735,-5.43537,-0.32566,-0.00562,-0.01066,0.94541,-0.97443,-3.03198,-1.17054
17590000000,13.38078,-20.64673,-5.47395,-0.30948,-0.00546,-0.01075,0.95083,-1.01357,-2.99252,-1.16782
17623000000,13.34643,-20.74491,-5.51246,-0.29347,-0.00527,-0.01079,0.95589,-1.06579,-2.95784,-1.16626
17656000000,13.31043,-20.84193,-5.55094,-0.27753,-0.00510,-0.01085,0.96064,-1.10958,-2.92098,-1.16542
17689000000,13.27323,-20.93768,-5.58939,-0.26173,-0.00489,-0.01090,0.96507,-1.14287,-2.88221,-1.16445
17722000000,13.23491,-21.03276,-5.62782,-0.24657,-0.00472,-0.01091,0.96905,-1.17070,-2.88992,-1.16492
17755000000,13.19557,-21.12803,-5.66627,-0.23231,-0.00454,-0.01100,0.97257,-1.20901,-2.87354,-1.16503
17788000000,13.15505,-21.22240,-5.70467,-0.21838,-0.00442,-0.01100,0.97579,-1.24559,-2.84721,-1.16211
17821000000,13.11349,-21.31591,-5.74300,-0.20483,-0.00429,-0.01106,0.97872,-1.27619,-2.81887,-1.16095
17854000000,13.07079,-21.40837,-5.78131,-0.19102,-0.00416,-0.01108,0.98151,-1.31244,-2.78328,-1.16034
17887000000,13.02734,-21.49954,-5.81958,-0.17686,-0.00400,-0.01106,0.98417,-1.30825,-2.74348,-1.15900
17920000000,12.98428,-21.58958,-5.85778,-0.16325,-0.00382,-0.01107,0.98652,-1.29846,-2.71093,-1.15692
17953000000,12.94180,-21.67854,-5.89596,-0.15022,-0.00368,-0.01112,0.98858,-1.27472,-2.68181,-1.15648
17986000000,12.89957,-21.76662,-5.93410,-0.13773,-0.00352,-0.01110,0.99040,-1.27518,-2.65656,-1.15547
18019000000,12.85761,-21.85393,-5.97220,-0.12585,-0.00337,-0.01112,0.99198,-1.27532,-2.63457,-1.15461
18052000000,12.81517,-21.94053,-6.01031,-0.11419,-0.00325,-0.01116,0.99339,-1.29661,-2.61305,-1.15457
18085000000,12.77205,-22.02643,-6.04840,-0.10273,-0.00314,-0.01112,0.99464,-1.31674,-2.59444,-1.15447
18118000000,12.72829,-22.11174,-6.08651,-0.09157,-0.00305,-0.01114,0.99573,-1.33568,-2.57601,-1.15436
18151000000,12.68389,-22.19643,-6.12457,-0.08053,-0.00294,-0.01119,0.99668,-1.35430,-2.55624,-1.15263
18184000000,12.63890,-22.28046,-6.16258,-0.06954,-0.00283,-0.01119,0.99751,-1.37153,-2.53666,-1.15133
18217000000,12.59338,-22.36385,-6.20054,-0.05862,-0.00278,-0.01116,0.99821,-1.38703,-2.51682,-1.14939
18250000000,12.54738,-22.44658,-6.23846,-0.04776,-0.00269,-0.01117,0.99879,-1.40129,-2.49629,-1.14838
18283000000,12.50090,-22.52861,-6.27634,-0.03699,-0.00260,-0.01116,0.99925,-1.41470,-2.47550,-1.14719
18316000000,12.45403,-22.60995,-6.31416,-0.02634,-0.00246,-0.01121,0.99959,-1.42645,-2.45385,-1.14507
18349000000,12.40679,-22.69057,-6.35192,-0.01581,-0.00229,-0.01124,0.99981,-1.43626,-2.43297,-1.14319
18382000000,12.35925,-22.77053,-6.38961,-0.00560,-0.00217,-0.01128,0.99992,-1.44483,-2.41331,-1.14137
18415000000,12.31145,-22.84984,-6.42726,0.00431,-0.00207,-0.01131,0.99992,-1.45283,-2.39363,-1.14014
18448000000,12.26340,-22.92851,-6.46484,0.01410,-0.00198,-0.01127,0.99984,-1.45964,-2.37413,-1.13803
18481000000,12.21514,-23.00652,-6.50237,0.02367,-0.00188,-0.01122,0.99966,-1.45899,-2.35584,-1.13650
18514000000,12.16709,-23.08414,-6.53988,0.03289,-0.00179,-0.01124,0.99939,-1.45170,-2.34685,-1.13649
18547000000,12.11960,-23.16146,-6.57736,0.04183,-0.00170,-0.01125,0.99906,-1.42846,-2.33953,-1.13523
18580000000,12.07310,-23.23872,-6.61481,0.05012,-0.00157,-0.01125,0.99868,-1.39932,-2.34463,-1.13414
18613000000,12.02710,-23.31607,-6.65221,0.05787,-0.00146,-0.01127,0.99826,-1.38320,-2.34450,-1.13287
18646000000,11.98172,-23.39348,-6.68958,0.06497,-0.00140,-0.01122,0.99782,-1.36442,-2.34803,-1.13180
18679000000,11.93679,-23.47100,-6.72693,0.07146,-0.00130,-0.01128,0.99738,-1.35173,-2.35194,-1.13252
18712000000,11.89267,-23.54896,-6.76432,0.07727,-0.00124,-0.01126,0.99695,-1.32970,-2.36823,-1.13286
18745000000,11.84911,-23.62737,-6.80172,0.08233,-0.00119,-0.01126,0.99654,-1.30891,-2.38410,-1.13356
18778000000,11.80623,-23.70641,-6.83912,0.08672,-0.00114,-0.01126,0.99617,-1.28567,-2.40853,-1.13335
18811000000,11.76402,-23.78636,-6.87654,0.09041,-0.00112,-0.01124,0.99584,-1.27462,-2.43326,-1.13444
18844000000,11.72254,-23.86708,-6.91398,0.09333,-0.00112,-0.01122,0.99557,-1.25009,-2.45741,-1.13480
18877000000,11.68172,-23.94862,-6.95144,0.09549,-0.00112,-0.01121,0.99537,-1.22940,-2.48459,-1.13514
18910000000,11.64126,-24.03110,-6.98888,0.09692,-0.00112,-0.01121,0.99523,-1.21921,-2.51460,-1.13415
18943000000,11.60142,-24.11472,-7.02630,0.09760,-0.00115,-0.01120,0.99516,-1.19795,-2.55224,-1.13401
18976000000,11.56206,-24.19946,-7.06371,0.09758,-0.00115,-0.01116,0.99516,-1.18378,-2.58452,-1.13347
19009000000,11.52311,-24.28531,-7.10109,0.09672,-0.00114,-0.01112,0.99525,-1.17301,-2.61972,-1.13230
19042000000,11.48472,-24.37240,-7.13843,0.09520,-0.00117,-0.01108,0.99540,-1.15803,-2.65870,-1.13128
19075000000,11.44681,-24.46080,-7.17578,0.09289,-0.00115,-0.01107,0.99561,-1.13771,-2.69925,-1.13211
19108000000,11.40943,-24.55054,-7.21316,0.08990,-0.00118,-0.01103,0.99589,-1.12492,-2.73999,-1.13320
19141000000,11.37275,-24.64169,-7.25058,0.08613,-0.00125,-0.01098,0.99622,-1.10708,-2.78425,-1.13459
19174000000,11.33651,-24.73433,-7.28803,0.08168,-0.00131,-0.01096,0.99660,-1.07684,-2.83002,-1.13466
19207000000,11.30181,-24.82850,-7.32544,0.07676,-0.00137,-0.01092,0.99699,-1.03185,-2.87638,-1.13340
19240000000,11.26766,-24.92405,-7.36285,0.07128,-0.00146,-0.01087,0.99740,-1.03610,-2.91486,-1.13439
19273000000,11.23337,-25.02084,-7.40029,0.06528,-0.00153,-0.01087,0.99781,-1.04416,-2.95133,-1.13449
19306000000,11.19885,-25.11881,-7.43771,0.05894,-0.00159,-0.01085,0.99820,-1.04193,-2.98538,-1.13327
19339000000,11.16454,-25.21787,-7.47509,0.05228,-0.00165,-0.01081,0.99857,-1.04418,-3.01820,-1.13280
19372000000,11.13002,-25.31797,-7.51246,0.04533,-0.00176,-0.01078,0.99891,-1.05070,-3.04847,-1.13221
19405000000,11.09519,-25.41910,-7.54984,0.03831,-0.00187,-0.01072,0.99921,-1.05636,-3.07930,-1.13307
19438000000,11.06021,-25.52117,-7.58725,0.03118,-0.00198,-0.01073,0.99945,-1.06406,-3.10633,-1.13391
19471000000,11.02494,-25.62336,-7.62466,0.02464,-0.00208,-0.01070,0.99964,-1.07114,-3.08098,-1.13295
19504000000,10.98917,-25.72448,-7.66202,0.01979,-0.00211,-0.01064,0.99975,-1.09494,-3.05545,-1.13204
19537000000,10.95291,-25.82561,-7.69939,0.01548,-0.00211,-0.01055,0.99982,-1.10832,-3.07210,-1.13235
19570000000,10.91632,-25.92725,-7.73676,0.01125,-0.00218,-0.01057,0.99988,-1.11244,-3.08785,-1.13185
19603000000,10.87943,-26.02940,-7.77410,0.00723,-0.00220,-0.01055,0.99992,-1.12474,-3.10328,-1.13223
19636000000,10.84185,-26.13211,-7.81147,0.00325,-0.00223,-0.01050,0.99994,-1.15396,-3.12105,-1.13211
19669000000,10.80345,-26.23532,-7.84882,-0.00060,-0.00227,-0.01041,0.99994,-1.17634,-3.13503,-1.13123
19702000000,10.76412,-26.33904,-7.88613,-0.00430,-0.00231,-0.01034,0.99993,-1.20468,-3.15173,-1.13048
19735000000,10.72377,-26.44333,-7.92345,-0.00800,-0.00232,-0.01034,0.99991,-1.23848,-3.16795,-1.13059
19768000000,10.68257,-26.54811,-7.96075,-0.01158,-0.00235,-0.01028,0.99988,-1.27041,-3.18345,-1.12985
19801000000,10.64043,-26.65333,-7.99803,-0.01505,-0.00239,-0.01026,0.99983,-1.29047,-3.19599,-1.12949
19834000000,10.59749,-26.75907,-8.03528,-0.01850,-0.00244,-0.01026,0.99977,-1.31903,-3.21273,-1.12841
19867000000,10.55349,-26.86530,-8.07250,-0.02181,-0.00249,-0.01025,0.99971,-1.34909,-3.22673,-1.12779
19900000000,10.50881,-26.97194,-8.10971,-0.02501,-0.00253,-0.01018,0.99963,-1.35606,-3.23753,-1.12712
19933000000,10.46346,-27.07908,-8.14691,-0.02813,-0.00256,-0.01014,0.99955,-1.39200,-3.25424,-1.12695
19966000000,10.41678,-27.18673,-8.18408,-0.03122,-0.00258,-0.01014,0.99946,-1.43297,-3.27001,-1.12608
19999000000,10.36926,-27.29479,-8.22125,-0.03420,-0.00264,-0.01016,0.99936,-1.45256,-3.28259,-1.12555
20032000000,10.32098,-27.40334,-8.25837,-0.03717,-0.00269,-0.01015,0.99925,-1.47295,-3.29789,-1.12436
20065000000,10.27177,-27.51248,-8.29547,-0.04006,-0.00274,-0.01012,0.99914,-1.50548,-3.31474,-1.12374
20098000000,10.22173,-27.62215,-8.33255,-0.04291,-0.00277,-0.01012,0.99902,-1.53059,-3.33192,-1.12320
20131000000,10.17098,-27.73237,-8.36959,-0.04564,-0.00277,-0.01013,0.99890,-1.54688,-3.34826,-1.12269
20164000000,10.11922,-27.84320,-8.40664,-0.04829,-0.00275,-0.01005,0.99878,-1.58173,-3.36520,-1.12257
20197000000,10.06662,-27.95453,-8.44368,-0.05096,-0.00275,-0.00999,0.99865,-1.61068,-3.38297,-1.12251
20230000000,10.01316,-28.06646,-8.48072,-0.05351,-0.00277,-0.00994,0.99851,-1.63192,-3.40137,-1.12224
20263000000,9.95892,-28.17900,-8.51774,-0.05600,-0.00281,-0.00989,0.99838,-1.65256,-3.41765,-1.12072
20296000000,9.90422,-28.29200,-8.55471,-0.05838,-0.00284,-0.00985,0.99824,-1.66865,-3.43299,-1.11966
20329000000,9.84839,-28.40563,-8.59165,-0.06079,-0.00285,-0.00975,0.99810,-1.70528,-3.45160,-1.11869
20362000000,9.79156,-28.51981,-8.62855,-0.06306,-0.00289,-0.00975,0.99796,-1.73721,-3.46876,-1.11722
20395000000,9.73374,-28.63460,-8.66539,-0.06534,-0.00294,-0.00974,0.99781,-1.76728,-3.48767,-1.11627
20428000000,9.67527,-28.74991,-8.70221,-0.06753,-0.00297,-0.00969,0.99767,-1.78448,-3.50256,-1.11546
20461000000,9.61601,-28.86575,-8.73899,-0.06964,-0.00293,-0.00965,0.99752,-1.80923,-3.51840,-1.11428
20494000000,9.55599,-28.98207,-8.77575,-0.07177,-0.00301,-0.00962,0.99737,-1.83148,-3.53405,-1.11358
20527000000,9.49506,-29.09898,-8.81248,-0.07379,-0.00301,-0.00960,0.99722,-1.86519,-3.55283,-1.11247
20560000000,9.43326,-29.21640,-8.84920,-0.07577,-0.00301,-0.00960,0.99707,-1.88451,-3.56670,-1.11211
20593000000,9.37079,-29.33430,-8.88588,-0.07761,-0.00309,-0.00956,0.99693,-1.90074,-3.57830,-1.11134
20626000000,9.30843,-29.45241,-8.92254,-0.07905,-0.00310,-0.00959,0.99682,-1.87469,-3.57925,-1.11042
20659000000,9.24723,-29.57045,-8.95915,-0.08000,-0.00311,-0.00956,0.99674,-1.83427,-3.57321,-1.10812
20692000000,9.18734,-29.68820,-8.99572,-0.08043,-0.00314,-0.00951,0.99671,-1.79618,-3.56282,-1.10840
20725000000,9.12834,-29.80562,-9.03228,-0.08039,-0.00317,-0.00952,0.99671,-1.77987,-3.55410,-1.10749
20758000000,9.07025,-29.92264,-9.06880,-0.07985,-0.00317,-0.00948,0.99676,-1.74111,-3.53751,-1.10588
20791000000,9.01341,-30.03906,-9.10528,-0.07868,-0.00314,-0.00943,0.99685,-1.70664,-3.51861,-1.10390
20824000000,8.95770,-30.15485,-9.14167,-0.07694,-0.00317,-0.00939,0.99699,-1.66990,-3.49747,-1.10206
20857000000,8.90316,-30.26988,-9.17800,-0.07457,-0.00315,-0.00933,0.99717,-1.63658,-3.47340,-1.10012
20890000000,8.84965,-30.38405,-9.21426,-0.07159,-0.00307,-0.00931,0.99739,-1.60484,-3.44671,-1.09814
20923000000,8.79699,-30.49740,-9.25047,-0.06807,-0.00307,-0.00927,0.99763,-1.58979,-3.42350,-1.09648
20956000000,8.74473,-30.61003,-9.28664,-0.06436,-0.00307,-0.00925,0.99788,-1.58075,-3.40361,-1.09519
20989000000,8.69272,-30.72207,-9.32277,-0.06067,-0.00308,-0.00925,0.99811,-1.57500,-3.38690,-1.09491
21022000000,8.64048,-30.83363,-9.35890,-0.05705,-0.00302,-0.00929,0.99832,-1.60166,-3.37532,-1.09457
21055000000,8.58698,-30.94483,-9.39500,-0.05341,-0.00301,-0.00930,0.99852,-1.64382,-3.36291,-1.09377
21088000000,8.53182,-31.05568,-9.43112,-0.04984,-0.00299,-0.00927,0.99871,-1.69245,-3.35495,-1.09512
21121000000,8.47516,-31.16627,-9.46726,-0.04635,-0.00298,-0.00927,0.99888,-1.74174,-3.34820,-1.09490
21154000000,8.41704,-31.27665,-9.50337,-0.04299,-0.00303,-0.00924,0.99903,-1.78273,-3.34194,-1.09392
21187000000,8.35744,-31.38704,-9.53947,-0.03987,-0.00295,-0.00920,0.99916,-1.82011,-3.36094,-1.09342
21220000000,8.29688,-31.49857,-9.57556,-0.03794,-0.00298,-0.00914,0.99923,-1.84999,-3.38624,-1.09308
21253000000,8.23528,-31.61036,-9.61159,-0.03627,-0.00296,-0.00912,0.99930,-1.88307,-3.38890,-1.09078
21286000000,8.17263,-31.72227,-9.64757,-0.03465,-0.00297,-0.00911,0.99935,-1.91282,-3.39286,-1.08989
21319000000,8.10895,-31.83428,-9.68353,-0.03315,-0.00298,-0.00907,0.99940,-1.94670,-3.39534,-1.08909
21352000000,8.04422,-31.94635,-9.71944,-0.03168,-0.00296,-0.00901,0.99945,-1.97025,-3.39669,-1.08769
21385000000,7.97882,-32.05846,-9.75530,-0.03027,-0.00298,-0.00892,0.99950,-1.99540,-3.39787,-1.08576
21418000000,7.91250,-32.17064,-9.79111,-0.02891,-0.00297,-0.00888,0.99954,-2.02341,-3.39992,-1.08485
21451000000,7.84526,-32.28287,-9.82691,-0.02750,-0.00298,-0.00892,0.99958,-2.05128,-3.40237,-1.08408
21484000000,7.77722,-32.39516,-9.86270,-0.02614,-0.00298,-0.00891,0.99961,-2.07435,-3.40348,-1.08467
21517000000,7.70833,-32.50751,-9.89848,-0.02480,-0.00302,-0.00892,0.99965,-2.10098,-3.40504,-1.08424
21550000000,7.63844,-32.61987,-9.93424,-0.02345,-0.00302,-0.00889,0.99968,-2.13328,-3.40562,-1.08298
21583000000,7.56757,-32.73225,-9.96998,-0.02215,-0.00303,-0.00891,0.99971,-2.16115,-3.40615,-1.08306
21616000000,7.49569,-32.84469,-10.00570,-0.02089,-0.00300,-0.00888,0.99974,-2.19472,-3.40821,-1.08177
21649000000,7.42275,-32.95720,-10.04137,-0.01968,-0.00301,-0.00888,0.99976,-2.22037,-3.41050,-1.08045
21682000000,7.35010,-33.06978,-10.07700,-0.01844,-0.00303,-0.00880,0.99979,-2.18272,-3.41309,-1.07905
21715000000,7.27838,-33.18244,-10.11259,-0.01726,-0.00308,-0.00880,0.99981,-2.15317,-3.41454,-1.07788
21748000000,7.20764,-33.29515,-10.14812,-0.01613,-0.00312,-0.00878,0.99983,-2.13449,-3.41619,-1.07691
21781000000,7.13784,-33.40790,-10.18365,-0.01507,-0.00308,-0.00873,0.99984,-2.10315,-3.41793,-1.07650
21814000000,7.06888,-33.52071,-10.21916,-0.01403,-0.00309,-0.00871,0.99986,-2.07121,-3.42030,-1.07598
21847000000,7.00087,-33.63363,-10.25466,-0.01311,-0.00311,-0.00867,0.99987,-2.04772,-3.42316,-1.07472
21880000000,6.93358,-33.74668,-10.29010,-0.01219,-0.00316,-0.00862,0.99988,-2.03077,-3.42806,-1.07348
21913000000,6.86707,-33.85986,-10.32553,-0.01131,-0.00322,-0.00857,0.99989,-2.00193,-3.43134,-1.07316
21946000000,6.80107,-33.97312,-10.36095,-0.01038,-0.00324,-0.00855,0.99990,-1.98945,-3.43312,-1.07330
21979000000,6.73505,-34.08646,-10.39637,-0.00957,-0.00328,-0.00856,0.99991,-2.01594,-3.43563,-1.07351
22012000000,6.66801,-34.19987,-10.43180,-0.00871,-0.00334,-0.00853,0.99992,-2.04767,-3.43734,-1.07363
22045000000,6.59994,-34.31334,-10.46719,-0.00793,-0.00335,-0.00857,0.99993,-2.07223,-3.43958,-1.07200
22078000000,6.53121,-34.42689,-10.50256,-0.00714,-0.00344,-0.00853,0.99993,-2.08078,-3.44230,-1.07119
22111000000,6.46280,-34.54053,-10.53791,-0.00631,-0.00350,-0.00851,0.99994,-2.06792,-3.44470,-1.07101
22144000000,6.39530,-34.65424,-10.57325,-0.00556,-0.00352,-0.00849,0.99994,-2.03952,-3.44733,-1.07079
22177000000,6.32870,-34.76808,-10.60860,-0.00487,-0.00353,-0.00848,0.99995,-1.99958,-3.45234,-1.07091
22210000000,6.26295,-34.88206,-10.64395,-0.00412,-0.00353,-0.00849,0.99995,-1.98099,-3.45682,-1.07098
22243000000,6.19814,-34.99617,-10.67928,-0.00344,-0.00354,-0.00843,0.99995,-1.94904,-3.45972,-1.07018
22276000000,6.13435,-35.11039,-10.71457,-0.00283,-0.00354,-0.00845,0.99995,-1.91502,-3.46348,-1.06931
22309000000,6.07115,-35.22473,-10.74989,-0.00221,-0.00357,-0.00844,0.99996,-1.90631,-3.46674,-1.07057
22342000000,6.00862,-35.33917,-10.78519,-0.00164,-0.00360,-0.00844,0.99996,-1.87721,-3.46930,-1.06898
22375000000,5.94723,-35.45371,-10.82046,-0.00112,-0.00358,-0.00842,0.99996,-1.85087,-3.47309,-1.06891
22408000000,5.88645,-35.56840,-10.85571,-0.00055,-0.00358,-0.00835,0.99996,-1.82929,-3.47701,-1.06698
22441000000,5.82604,-35.68319,-10.89090,-0.00006,-0.00358,-0.00832,0.99996,-1.83078,-3.48027,-1.06630
22474000000,5.76626,-35.79810,-10.92609,0.00046,-0.00357,-0.00826,0.99996,-1.80019,-3.48431,-1.06588
22507000000,5.70716,-35.91314,-10.96124,0.00093,-0.00358,-0.00819,0.99996,-1.77792,-3.48798,-1.06456
22540000000,5.64826,-36.02832,-10.99636,0.00137,-0.00357,-0.00819,0.99996,-1.79815,-3.49219,-1.06357
22573000000,5.58840,-36.14363,-11.03146,0.00180,-0.00358,-0.00817,0.99996,-1.82838,-3.49587,-1.06351
22606000000,5.52756,-36.25904,-11.06653,0.00225,-0.00358,-0.00813,0.99996,-1.86596,-3.49903,-1.06178
22639000000,5.46553,-36.37453,-11.10157,0.00270,-0.00357,-0.00811,0.99996,-1.89531,-3.50142,-1.06222
22672000000,5.40276,-36.49013,-11.13662,0.00315,-0.00360,-0.00811,0.99996,-1.91374,-3.50449,-1.06199
22705000000,5.33914,-36.60584,-11.17165,0.00359,-0.00367,-0.00811,0.99995,-1.94155,-3.50917,-1.06086
22738000000,5.27462,-36.72194,-11.20666,0.00406,-0.00370,-0.00802,0.99995,-1.97835,-3.52624,-1.06086
22771000000,5.20950,-36.83838,-11.24166,0.00448,-0.00374,-0.00797,0.99995,-1.95980,-3.53061,-1.06009
22804000000,5.14501,-36.95495,-11.27659,0.00491,-0.00373,-0.00793,0.99995,-1.94696,-3.53411,-1.05822
22837000000,5.08122,-37.07163,-11.31151,0.00530,-0.00373,-0.00791,0.99995,-1.92021,-3.53708,-1.05773
22870000000,5.01811,-37.18841,-11.34636,0.00569,-0.00375,-0.00784,0.99995,-1.90182,-3.54070,-1.05481
22903000000,4.95570,-37.30532,-11.38116,0.00606,-0.00377,-0.00784,0.99994,-1.88368,-3.54440,-1.05403
22936000000,4.89386,-37.42235,-11.41592,0.00637,-0.00378,-0.00778,0.99994,-1.85849,-3.54801,-1.05256
22969000000,4.83276,-37.53950,-11.45062,0.00669,-0.00375,-0.00773,0.99994,-1.84162,-3.55129,-1.05123
23002000000,4.77256,-37.65677,-11.48530,0.00703,-0.00372,-0.00773,0.99994,-1.81345,-3.55660,-1.05078
23035000000,4.71290,-37.77421,-11.51996,0.00736,-0.00374,-0.00765,0.99994,-1.79514,-3.56070,-1.04968
23068000000,4.65411,-37.89175,-11.55458,0.00769,-0.00376,-0.00760,0.99993,-1.77198,-3.56364,-1.04895
23101000000,4.59595,-38.00942,-11.58918,0.00796,-0.00379,-0.00754,0.99993,-1.76257,-3.56780,-1.04788
23134000000,4.53834,-38.12719,-11.62431,0.00828,-0.00382,-0.00755,0.99993,-1.73508,-3.56998,-1.07664
23167000000,4.48153,-38.24504,-11.65981,0.00854,-0.00375,-0.00746,0.99993,-1.71050,-3.57337,-1.07497
23200000000,4.42554,-38.36300,-11.69529,0.00873,-0.00379,-0.00742,0.99993,-1.68983,-3.57642,-1.07472
23233000000,4.37042,-38.48111,-11.73073,0.00894,-0.00377,-0.00738,0.99993,-1.65428,-3.58157,-1.07328
23266000000,4.31582,-38.59936,-11.76615,0.00915,-0.00382,-0.00740,0.99992,-1.64425,-3.58545,-1.07405
23299000000,4.26202,-38.71778,-11.80157,0.00940,-0.00378,-0.00736,0.99992,-1.60949,-3.59178,-1.06613
23332000000,4.20948,-38.83638,-11.83639,0.00979,-0.00376,-0.00736,0.99992,-1.57907,-3.59537,-1.05404
23365000000,4.15753,-38.95510,-11.87117,0.01007,-0.00381,-0.00741,0.99991,-1.56751,-3.59934,-1.05361
23398000000,4.10607,-39.07395,-11.90594,0.01034,-0.00383,-0.00743,0.99991,-1.55633,-3.60338,-1.05353
23431000000,4.05532,-39.19302,-11.94068,0.01058,-0.00382,-0.00743,0.99991,-1.52472,-3.61010,-1.05223
23464000000,4.00541,-39.31229,-11.97540,0.01075,-0.00379,-0.00744,0.99991,-1.50276,-3.61799,-1.05195
23497000000,3.95647,-39.43172,-12.01011,0.01096,-0.00386,-0.00742,0.99990,-1.47793,-3.62049,-1.05144
23530000000,3.90836,-39.55135,-12.04478,0.01114,-0.00385,-0.00742,0.99990,-1.44373,-3.62781,-1.05000
23563000000,3.86095,-39.67110,-12.07941,0.01133,-0.00380,-0.00734,0.99990,-1.42133,-3.63084,-1.04852
23596000000,3.81422,-39.79099,-12.11401,0.01150,-0.00378,-0.00732,0.99990,-1.40897,-3.63457,-1.04780
23629000000,3.76850,-39.91105,-12.14857,0.01161,-0.00378,-0.00730,0.99990,-1.37300,-3.64041,-1.04693
23662000000,3.72372,-40.03123,-12.18310,0.01180,-0.00378,-0.00729,0.99990,-1.34323,-3.64335,-1.04602
23695000000,3.67982,-40.15153,-12.21760,0.01189,-0.00379,-0.00725,0.99990,-1.33075,-3.64753,-1.04469
23728000000,3.63664,-40.27205,-12.25204,0.01208,-0.00379,-0.00721,0.99989,-1.29315,-3.65688,-1.04337
23761000000,3.59437,-40.39280,-12.28645,0.01225,-0.00377,-0.00715,0.99989,-1.26722,-3.66074,-1.04186
23794000000,3.55276,-40.51367,-12.32082,0.01243,-0.00379,-0.00714,0.99989,-1.25058,-3.66484,-1.04099
23827000000,3.51191,-40.63464,-12.35518,0.01261,-0.00379,-0.00705,0.99989,-1.22988,-3.66650,-1.04091
23860000000,3.47171,-40.75569,-12.38952,0.01273,-0.00381,-0.00700,0.99989,-1.20346,-3.67003,-1.04074
23893000000,3.43220,-40.87685,-12.42385,0.01288,-0.00385,-0.00701,0.99989,-1.18857,-3.67321,-1.03977
23926000000,3.39346,-40.99811,-12.45813,0.01302,-0.00386,-0.00701,0.99988,-1.16525,-3.67611,-1.03792
23959000000,3.35535,-41.11948,-12.49234,0.01317,-0.00384,-0.00706,0.99988,-1.14157,-3.67987,-1.03537
23992000000,3.31788,-41.24098,-12.52650,0.01328,-0.00383,-0.00706,0.99988,-1.12698,-3.68346,-1.03499
24025000000,3.28127,-41.36262,-12.56064,0.01344,-0.00387,-0.00704,0.99988,-1.09980,-3.68841,-1.03420
24058000000,3.24530,-41.48439,-12.59477,0.01358,-0.00388,-0.00698,0.99988,-1.07718,-3.69188,-1.03395
24091000000,3.20999,-41.60632,-12.62890,0.01369,-0.00391,-0.00694,0.99987,-1.05949,-3.69808,-1.03337
24124000000,3.17566,-41.72839,-12.66298,0.01387,-0.00396,-0.00689,0.99987,-1.02957,-3.70083,-1.03227
24157000000,3.14212,-41.85061,-12.69704,0.01397,-0.00398,-0.00683,0.99987,-1.00350,-3.70581,-1.03204
24190000000,3.10927,-41.97295,-12.73109,0.01407,-0.00400,-0.00678,0.99987,-0.98499,-3.70947,-1.03122
24223000000,3.07727,-42.09546,-12.76511,0.01419,-0.00399,-0.00673,0.99987,-0.95678,-3.71502,-1.03048
24256000000,3.04605,-42.21810,-12.79908,0.01428,-0.00400,-0.00671,0.99987,-0.94497,-3.71792,-1.02892
24289000000,3.01556,-42.34092,-12.83302,0.01445,-0.00403,-0.00667,0.99987,-0.91008,-3.72445,-1.02816
24322000000,2.98584,-42.46388,-12.86693,0.01451,-0.00403,-0.00665,0.99986,-0.88769,-3.72803,-1.02705
24355000000,2.95673,-42.58696,-12.90080,0.01461,-0.00408,-0.00661,0.99986,-0.86969,-3.73145,-1.02655
24388000000,2.92830,-42.71017,-12.93466,0.01473,-0.00409,-0.00658,0.99986,-0.85256,-3.73539,-1.02509
24421000000,2.90057,-42.83350,-12.96848,0.01486,-0.00408,-0.00655,0.99986,-0.82719,-3.73929,-1.02460
24454000000,2.87353,-42.95696,-13.00230,0.01499,-0.00407,-0.00651,0.99986,-0.80859,-3.74264,-1.02454
24487000000,2.84729,-43.08055,-13.03609,0.01507,-0.00411,-0.00650,0.99986,-0.78374,-3.74726,-1.02350
24520000000,2.82207,-43.20432,-13.06984,0.01513,-0.00415,-0.00646,0.99986,-0.75005,-3.75211,-1.02277
24553000000,2.79757,-43.32819,-13.10359,0.01519,-0.00414,-0.00644,0.99986,-0.72615,-3.75630,-1.02180
24586000000,2.77384,-43.45227,-13.13729,0.01524,-0.00415,-0.00644,0.99985,-0.70912,-3.76146,-1.02078
24619000000,2.75113,-43.57652,-13.17096,0.01531,-0.00424,-0.00645,0.99985,-0.67514,-3.76800,-1.01983
24652000000,2.72902,-43.70092,-13.20460,0.01541,-0.00425,-0.00645,0.99985,-0.66232,-3.77174,-1.01936
24685000000,2.70788,-43.82547,-13.23823,0.01548,-0.00424,-0.00641,0.99985,-0.62887,-3.77782,-1.01896
24718000000,2.68752,-43.95020,-13.27184,0.01555,-0.00425,-0.00640,0.99985,-0.60360,-3.78057,-1.01780
24751000000,2.66800,-44.07500,-13.30544,0.01561,-0.00422,-0.00630,0.99985,-0.57808,-3.78362,-1.01805
24784000000,2.64911,-44.19995,-13.33905,0.01570,-0.00423,-0.00627,0.99985,-0.56206,-3.78932,-1.01807
24817000000,2.63089,-44.32507,-13.37263,0.01582,-0.00418,-0.00624,0.99985,-0.54942,-3.79385,-1.01730
24850000000,2.61341,-44.45034,-13.40619,0.01590,-0.00418,-0.00626,0.99985,-0.51568,-3.79823,-1.01662
24883000000,2.59689,-44.57579,-13.43972,0.01594,-0.00421,-0.00621,0.99984,-0.49243,-3.80333,-1.01531
24916000000,2.58104,-44.70136,-13.47322,0.01595,-0.00427,-0.00621,0.99984,-0.46745,-3.80733,-1.01477
24949000000,2.56583,-44.82707,-13.50671,0.01602,-0.00423,-0.00618,0.99984,-0.45179,-3.81125,-1.01455
24982000000,2.55132,-44.95290,-13.54016,0.01611,-0.00421,-0.00616,0.99984,-0.42878,-3.81554,-1.01304
25015000000,2.53785,-45.07889,-13.57358,0.01618,-0.00419,-0.00613,0.99984,-0.39717,-3.81975,-1.01290
25048000000,2.52505,-45.20500,-13.60698,0.01626,-0.00415,-0.00612,0.99984,-0.37485,-3.82334,-1.01172
25081000000,2.51285,-45.33123,-13.64037,0.01634,-0.00409,-0.00605,0.99984,-0.36290,-3.82769,-1.01176
25114000000,2.50153,-45.45763,-13.67374,0.01641,-0.00412,-0.00603,0.99984,-0.33163,-3.83202,-1.01029
25147000000,2.49087,-45.58414,-13.70707,0.01650,-0.00410,-0.00599,0.99984,-0.31130,-3.83530,-1.00976
25180000000,2.48055,-45.71073,-13.74037,0.01659,-0.00406,-0.00596,0.99984,-0.30733,-3.83740,-1.00934
25213000000,2.47083,-45.83743,-13.77368,0.01660,-0.00404,-0.00594,0.99984,-0.28398,-3.84062,-1.00916
25246000000,2.46187,-45.96422,-13.80697,0.01673,-0.00409,-0.00588,0.99983,-0.25787,-3.84383,-1.00881
25279000000,2.45357,-46.09114,-13.84024,0.01681,-0.00410,-0.00587,0.99983,-0.24715,-3.84842,-1.00758
25312000000,2.44537,-46.21819,-13.87347,0.01686,-0.00416,-0.00584,0.99983,-0.24998,-3.85074,-1.00667
25345000000,2.43705,-46.34530,-13.90667,0.01692,-0.00416,-0.00574,0.99983,-0.25512,-3.85343,-1.00515
25378000000,2.42855,-46.47250,-13.93982,0.01702,-0.00419,-0.00573,0.99983,-0.25882,-3.85556,-1.00399
25411000000,2.41992,-46.59979,-13.97292,0.01706,-0.00419,-0.00571,0.99983,-0.26459,-3.85909,-1.00295
25444000000,2.41111,-46.72718,-14.00602,0.01717,-0.00428,-0.00562,0.99983,-0.26950,-3.86180,-1.00238
25477000000,2.40216,-46.85468,-14.03909,0.01724,-0.00432,-0.00565,0.99983,-0.27357,-3.86505,-1.00180
25510000000,2.39303,-46.98226,-14.07213,0.01729,-0.00430,-0.00561,0.99983,-0.27918,-3.86751,-1.00135
25543000000,2.38375,-47.10995,-14.10522,0.01738,-0.00434,-0.00556,0.99982,-0.28278,-3.87181,-1.00292
25576000000,2.37436,-47.23778,-14.13830,0.01744,-0.00437,-0.00552,0.99982,-0.28637,-3.87442,-1.00280
25609000000,2.36483,-47.36568,-14.17137,0.01745,-0.00444,-0.00548,0.99982,-0.29004,-3.87780,-1.00124
25642000000,2.35519,-47.49372,-14.20440,0.01752,-0.00441,-0.00547,0.99982,-0.29491,-3.88090,-0.99991
25675000000,2.34541,-47.62186,-14.23737,0.01756,-0.00441,-0.00546,0.99982,-0.29830,-3.88452,-0.99776
25708000000,2.33548,-47.75007,-14.27027,0.01762,-0.00448,-0.00541,0.99982,-0.30321,-3.88665,-0.99624
25741000000,2.32539,-47.87837,-14.30312,0.01766,-0.00445,-0.00535,0.99982,-0.30833,-3.88894,-0.99476
25774000000,2.31514,-48.00676,-14.33594,0.01775,-0.00445,-0.00533,0.99982,-0.31318,-3.89199,-0.99408
25807000000,2.30474,-48.13525,-14.36875,0.01780,-0.00447,-0.00527,0.99982,-0.31734,-3.89481,-0.99404
25840000000,2.29420,-48.26382,-14.40154,0.01788,-0.00446,-0.00527,0.99982,-0.32173,-3.89671,-0.99353
25873000000,2.28350,-48.39244,-14.43431,0.01797,-0.00442,-0.00524,0.99982,-0.32661,-3.89869,-0.99270
25906000000,2.27265,-48.52115,-14.46706,0.01806,-0.00446,-0.00523,0.99981,-0.33069,-3.90222,-0.99179
25939000000,2.26165,-48.64999,-14.49977,0.01813,-0.00452,-0.00521,0.99981,-0.33627,-3.90598,-0.99051
25972000000,2.25048,-48.77892,-14.53245,0.01821,-0.00459,-0.00516,0.99981,-0.34090,-3.90849,-0.98975
26005000000,2.23915,-48.90795,-14.56507,0.01824,-0.00460,-0.00513,0.99981,-0.34603,-3.91130,-0.98821
26038000000,2.22763,-49.03708,-14.59765,0.01833,-0.00465,-0.00514,0.99981,-0.35224,-3.91476,-0.98662
26071000000,2.21593,-49.16632,-14.63021,0.01843,-0.00464,-0.00510,0.99981,-0.35635,-3.91754,-0.98672
26104000000,2.20409,-49.29567,-14.66277,0.01849,-0.00464,-0.00508,0.99981,-0.36200,-3.92187,-0.98640
26137000000,2.19206,-49.42512,-14.69531,0.01857,-0.00472,-0.00508,0.99980,-0.36670,-3.92393,-0.98594
26170000000,2.17991,-49.55464,-14.72786,0.01861,-0.00477,-0.00503,0.99980,-0.37014,-3.92606,-0.98616
26203000000,2.16761,-49.68424,-14.76041,0.01866,-0.00479,-0.00505,0.99980,-0.37547,-3.92895,-0.98674
26236000000,2.15513,-49.81395,-14.79294,0.01874,-0.00485,-0.00500,0.99980,-0.38009,-3.93211,-0.98517
26269000000,2.14252,-49.94377,-14.82542,0.01884,-0.00483,-0.00492,0.99980,-0.38413,-3.93567,-0.98387
