system,dataset,repeat,module,events,median_ms,iqr_ms,p95_ms,max_ms
VINS-Fusion,dataset_dynamic_nofloortexture_00_000,logging_20260916_01,feature_tracking_ms,1505,58.87,21.688000000000002,92.1572,212.418
VINS-Fusion,dataset_dynamic_nofloortexture_00_000,logging_20260916_01,backend_total_ms,1505,74.653,19.828000000000003,96.1842,156.567
VINS-Fusion,dataset_dynamic_nofloortexture_00_000,logging_20260916_01,solver_ms,1505,65.635,20.938000000000002,84.6272,96.544
VINS-Fusion,dataset_dynamic_nofloortexture_00_000,logging_20260916_01,visual_update_ms,1505,0.597,0.35000000000000003,1.1799999999999997,2.231
VINS-Fusion,dataset_dynamic_nofloortexture_00_000,logging_20260916_02,feature_tracking_ms,1389,63.454,21.307000000000002,98.82839999999996,214.029
VINS-Fusion,dataset_dynamic_nofloortexture_00_000,logging_20260916_02,backend_total_ms,1389,77.925,24.936999999999998,98.8778,170.119
VINS-Fusion,dataset_dynamic_nofloortexture_00_000,logging_20260916_02,solver_ms,1389,66.087,25.302000000000007,85.025,102.027
VINS-Fusion,dataset_dynamic_nofloortexture_00_000,logging_20260916_02,visual_update_ms,1389,0.679,0.385,1.2903999999999998,6.189
VINS-Fusion,dataset_dynamic_nofloortexture_00_000,logging_20260916_03,feature_tracking_ms,1195,72.727,27.8495,128.62089999999998,241.605
VINS-Fusion,dataset_dynamic_nofloortexture_00_000,logging_20260916_03,backend_total_ms,1195,81.58,21.92349999999999,106.71449999999999,200.02
VINS-Fusion,dataset_dynamic_nofloortexture_00_000,logging_20260916_03,solver_ms,1195,66.633,21.812499999999993,87.2007,106.705
VINS-Fusion,dataset_dynamic_nofloortexture_00_000,logging_20260916_03,visual_update_ms,1195,0.817,0.5514999999999999,1.9111999999999993,5.687
VINS-Fusion,dataset_dynamic_nofloortexture_00_001,logging_20260916_01,feature_tracking_ms,2235,47.215,12.787499999999994,68.86439999999999,182.154
VINS-Fusion,dataset_dynamic_nofloortexture_00_001,logging_20260916_01,backend_total_ms,2235,72.56,26.9525,89.6441,113.506
VINS-Fusion,dataset_dynamic_nofloortexture_00_001,logging_20260916_01,solver_ms,2235,65.582,28.349499999999992,83.2381,93.753
VINS-Fusion,dataset_dynamic_nofloortexture_00_001,logging_20260916_01,visual_update_ms,2235,0.459,0.236,0.87,3.009
VINS-Fusion,dataset_dynamic_nofloortexture_00_001,logging_20260916_02,feature_tracking_ms,2235,40.571,8.561,50.981899999999996,101.919
VINS-Fusion,dataset_dynamic_nofloortexture_00_001,logging_20260916_02,backend_total_ms,2235,69.678,38.13000000000001,86.61989999999999,120.523
VINS-Fusion,dataset_dynamic_nofloortexture_00_001,logging_20260916_02,solver_ms,2235,64.776,40.4135,82.3589,92.529
VINS-Fusion,dataset_dynamic_nofloortexture_00_001,logging_20260916_02,visual_update_ms,2235,0.343,0.13049999999999995,0.562,2.597
VINS-Fusion,dataset_dynamic_nofloortexture_00_001,logging_20260916_03,feature_tracking_ms,2235,42.014,9.543,56.369399999999956,102.277
VINS-Fusion,dataset_dynamic_nofloortexture_00_001,logging_20260916_03,backend_total_ms,2235,75.003,15.27600000000001,88.22849999999998,105.951
VINS-Fusion,dataset_dynamic_nofloortexture_00_001,logging_20260916_03,solver_ms,2235,66.18,16.388000000000005,82.7173,89.606
VINS-Fusion,dataset_dynamic_nofloortexture_00_001,logging_20260916_03,visual_update_ms,2235,0.36,0.1395,0.577,4.922
VINS-Fusion,dataset_dynamic_nofloortexture_01_000,logging_20260916_01,feature_tracking_ms,2563,42.474,10.456500000000005,58.16820000000001,191.367
VINS-Fusion,dataset_dynamic_nofloortexture_01_000,logging_20260916_01,backend_total_ms,2563,57.814,55.992999999999995,88.1982,180.196
VINS-Fusion,dataset_dynamic_nofloortexture_01_000,logging_20260916_01,solver_ms,2563,49.705,51.95,82.62819999999999,88.735
VINS-Fusion,dataset_dynamic_nofloortexture_01_000,logging_20260916_01,visual_update_ms,2563,0.418,0.26149999999999995,2.2089000000000003,5.612
VINS-Fusion,dataset_dynamic_nofloortexture_01_000,logging_20260916_02,feature_tracking_ms,2563,40.794,10.731500000000004,54.770900000000005,196.039
VINS-Fusion,dataset_dynamic_nofloortexture_01_000,logging_20260916_02,backend_total_ms,2563,52.676,46.447,86.89150000000001,194.824
VINS-Fusion,dataset_dynamic_nofloortexture_01_000,logging_20260916_02,solver_ms,2563,46.535,42.73100000000001,82.0975,85.927
VINS-Fusion,dataset_dynamic_nofloortexture_01_000,logging_20260916_02,visual_update_ms,2563,0.385,0.21749999999999997,1.8733000000000006,4.648
VINS-Fusion,dataset_dynamic_nofloortexture_01_000,logging_20260916_03,feature_tracking_ms,2563,42.457,12.486000000000004,62.0998,136.939
VINS-Fusion,dataset_dynamic_nofloortexture_01_000,logging_20260916_03,backend_total_ms,2563,52.949,55.6815,88.6002,191.862
VINS-Fusion,dataset_dynamic_nofloortexture_01_000,logging_20260916_03,solver_ms,2563,46.079,52.790000000000006,82.59949999999999,87.059
VINS-Fusion,dataset_dynamic_nofloortexture_01_000,logging_20260916_03,visual_update_ms,2563,0.435,0.29699999999999993,2.397500000000002,5.942
VINS-Fusion,dataset_dynamic_nofloortexture_02_000,logging_20260916_01,feature_tracking_ms,2712,41.0965,10.968500000000006,63.78399999999998,178.172
VINS-Fusion,dataset_dynamic_nofloortexture_02_000,logging_20260916_01,backend_total_ms,2712,34.891,41.14125,95.12759999999999,184.992
VINS-Fusion,dataset_dynamic_nofloortexture_02_000,logging_20260916_01,solver_ms,2712,27.6505,35.15575,81.6329,89.499
VINS-Fusion,dataset_dynamic_nofloortexture_02_000,logging_20260916_01,visual_update_ms,2712,0.4205,0.276,1.0034499999999997,7.124
VINS-Fusion,dataset_dynamic_nofloortexture_02_000,logging_20260916_02,feature_tracking_ms,2712,42.8425,11.638499999999993,71.22979999999998,171.715
VINS-Fusion,dataset_dynamic_nofloortexture_02_000,logging_20260916_02,backend_total_ms,2712,39.494,50.211,96.0594,225.167
VINS-Fusion,dataset_dynamic_nofloortexture_02_000,logging_20260916_02,solver_ms,2712,31.869999999999997,43.396499999999996,82.1567,91.076
VINS-Fusion,dataset_dynamic_nofloortexture_02_000,logging_20260916_02,visual_update_ms,2712,0.441,0.29724999999999996,1.0344999999999982,5.539
VINS-Fusion,dataset_dynamic_nofloortexture_02_000,logging_20260916_03,feature_tracking_ms,2711,41.427,13.842499999999994,68.0475,158.578
VINS-Fusion,dataset_dynamic_nofloortexture_02_000,logging_20260916_03,backend_total_ms,2711,35.7,49.277,94.715,184.103
VINS-Fusion,dataset_dynamic_nofloortexture_02_000,logging_20260916_03,solver_ms,2711,28.045,41.579499999999996,82.251,87.543
VINS-Fusion,dataset_dynamic_nofloortexture_02_000,logging_20260916_03,visual_update_ms,2711,0.459,0.309,1.0415,5.027
VINS-Fusion,dataset_static_nofloortexture_000,logging_20260916_01,feature_tracking_ms,1185,74.566,30.796999999999997,128.68779999999995,235.939
VINS-Fusion,dataset_static_nofloortexture_000,logging_20260916_01,backend_total_ms,1185,91.373,55.80199999999999,176.18299999999996,248.834
VINS-Fusion,dataset_static_nofloortexture_000,logging_20260916_01,solver_ms,1185,65.486,35.706999999999994,89.579,107.784
VINS-Fusion,dataset_static_nofloortexture_000,logging_20260916_01,visual_update_ms,1185,0.633,0.46299999999999997,1.4687999999999992,8.037
VINS-Fusion,dataset_static_nofloortexture_000,logging_20260916_02,feature_tracking_ms,1078,83.26,36.939750000000004,139.80194999999998,225.112
VINS-Fusion,dataset_static_nofloortexture_000,logging_20260916_02,backend_total_ms,1078,96.804,50.66,179.0057,295.152
VINS-Fusion,dataset_static_nofloortexture_000,logging_20260916_02,solver_ms,1078,66.6155,34.754999999999995,91.255,116.197
VINS-Fusion,dataset_static_nofloortexture_000,logging_20260916_02,visual_update_ms,1078,0.7184999999999999,0.546,1.6139999999999994,10.361
VINS-Fusion,dataset_static_nofloortexture_000,logging_20260916_03,feature_tracking_ms,1079,82.746,38.988,141.62030000000001,238.665
VINS-Fusion,dataset_static_nofloortexture_000,logging_20260916_03,backend_total_ms,1079,98.334,53.119,193.1635,292.014
VINS-Fusion,dataset_static_nofloortexture_000,logging_20260916_03,solver_ms,1079,67.912,33.986999999999995,91.7739,114.492
VINS-Fusion,dataset_static_nofloortexture_000,logging_20260916_03,visual_update_ms,1079,0.759,0.6074999999999999,1.939499999999995,13.67
VINS-Fusion,dataset_static_nofloortexture_001,logging_20260916_01,feature_tracking_ms,1004,78.595,33.62700000000001,136.78974999999997,242.236
VINS-Fusion,dataset_static_nofloortexture_001,logging_20260916_01,backend_total_ms,1004,99.78450000000001,44.505250000000004,165.02795,263.509
VINS-Fusion,dataset_static_nofloortexture_001,logging_20260916_01,solver_ms,1004,67.8115,25.65149999999999,89.09264999999999,103.141
VINS-Fusion,dataset_static_nofloortexture_001,logging_20260916_01,visual_update_ms,1004,0.776,0.5037499999999999,1.5872499999999976,7.732
VINS-Fusion,dataset_static_nofloortexture_001,logging_20260916_02,feature_tracking_ms,957,83.114,36.102999999999994,141.38339999999997,252.552
VINS-Fusion,dataset_static_nofloortexture_001,logging_20260916_02,backend_total_ms,957,102.862,42.513000000000005,179.32519999999997,240.865
VINS-Fusion,dataset_static_nofloortexture_001,logging_20260916_02,solver_ms,957,68.604,25.618000000000002,89.9786,121.76
VINS-Fusion,dataset_static_nofloortexture_001,logging_20260916_02,visual_update_ms,957,0.84,0.6180000000000001,2.010199999999998,6.713
VINS-Fusion,dataset_static_nofloortexture_001,logging_20260916_03,feature_tracking_ms,904,88.4005,35.55274999999999,145.82704999999996,224.666
VINS-Fusion,dataset_static_nofloortexture_001,logging_20260916_03,backend_total_ms,904,106.42250000000001,35.26424999999999,169.21639999999994,258.746
VINS-Fusion,dataset_static_nofloortexture_001,logging_20260916_03,solver_ms,904,69.58,19.476,90.7509,104.646
VINS-Fusion,dataset_static_nofloortexture_001,logging_20260916_03,visual_update_ms,904,0.982,0.6072499999999998,2.000799999999999,7.221
VINS-Fusion,dataset_static_nofloortexture_002,logging_20260916_01,feature_tracking_ms,1234,73.075,34.02824999999999,124.56029999999997,211.986
VINS-Fusion,dataset_static_nofloortexture_002,logging_20260916_01,backend_total_ms,1234,95.997,48.656000000000006,168.16719999999998,274.421
VINS-Fusion,dataset_static_nofloortexture_002,logging_20260916_01,solver_ms,1234,65.86,29.145249999999997,88.06149999999998,104.485
VINS-Fusion,dataset_static_nofloortexture_002,logging_20260916_01,visual_update_ms,1234,0.727,0.58375,1.6350499999999997,9.519
VINS-Fusion,dataset_static_nofloortexture_002,logging_20260916_02,feature_tracking_ms,1184,77.4625,34.16975000000001,129.80755,242.664
VINS-Fusion,dataset_static_nofloortexture_002,logging_20260916_02,backend_total_ms,1184,98.989,45.50075,176.5542999999999,271.641
VINS-Fusion,dataset_static_nofloortexture_002,logging_20260916_02,solver_ms,1184,66.0995,26.64500000000001,88.68414999999999,109.937
VINS-Fusion,dataset_static_nofloortexture_002,logging_20260916_02,visual_update_ms,1184,0.7685,0.67725,1.7875999999999985,10.951
VINS-Fusion,dataset_static_nofloortexture_002,logging_20260916_03,feature_tracking_ms,1085,83.997,37.928,141.32079999999996,291.547
VINS-Fusion,dataset_static_nofloortexture_002,logging_20260916_03,backend_total_ms,1085,102.477,51.260000000000005,174.05180000000001,261.47
VINS-Fusion,dataset_static_nofloortexture_002,logging_20260916_03,solver_ms,1085,67.658,24.090000000000003,89.181,121.632
VINS-Fusion,dataset_static_nofloortexture_002,logging_20260916_03,visual_update_ms,1085,0.832,0.6649999999999999,1.9651999999999998,9.405
ORB-SLAM3,dataset_dynamic_nofloortexture_00_000,logging_20260916_01,tracking_total_ms,1162,76.7595,20.0235,108.34535000000001,211.44
ORB-SLAM3,dataset_dynamic_nofloortexture_00_000,logging_20260916_01,feature_stereo_ms,1162,58.8865,15.75399999999999,84.75845000000001,183.877
ORB-SLAM3,dataset_dynamic_nofloortexture_00_000,logging_20260916_01,local_mapping_total_ms,336,212.3705,94.70750000000007,363.06425,1407.699
ORB-SLAM3,dataset_dynamic_nofloortexture_00_000,logging_20260916_01,local_BA_ms,336,130.36,73.26750000000001,243.546,343.378
ORB-SLAM3,dataset_dynamic_nofloortexture_00_000,logging_20260916_01,place_recognition_ms,335,19.119192,40.9174235,63.3503135,114.527202
ORB-SLAM3,dataset_dynamic_nofloortexture_00_000,logging_20260916_02,tracking_total_ms,1245,71.75,19.39,99.72119999999998,191.73
ORB-SLAM3,dataset_dynamic_nofloortexture_00_000,logging_20260916_02,feature_stereo_ms,1245,57.175,15.908999999999999,80.0958,174.944
ORB-SLAM3,dataset_dynamic_nofloortexture_00_000,logging_20260916_02,local_mapping_total_ms,334,189.5095,100.2825,359.97064999999986,1741.96
ORB-SLAM3,dataset_dynamic_nofloortexture_00_000,logging_20260916_02,local_BA_ms,334,113.1845,75.3585,251.32289999999995,374.99
ORB-SLAM3,dataset_dynamic_nofloortexture_00_000,logging_20260916_02,place_recognition_ms,333,23.257985,40.668341999999996,63.85697379999999,144.411194
ORB-SLAM3,dataset_dynamic_nofloortexture_00_000,logging_20260916_03,tracking_total_ms,1256,72.1875,21.322499999999998,100.6255,184.671
ORB-SLAM3,dataset_dynamic_nofloortexture_00_000,logging_20260916_03,feature_stereo_ms,1256,55.415,16.5205,79.73675,152.773
ORB-SLAM3,dataset_dynamic_nofloortexture_00_000,logging_20260916_03,local_mapping_total_ms,316,204.716,127.85650000000001,399.83275,2517.705
ORB-SLAM3,dataset_dynamic_nofloortexture_00_000,logging_20260916_03,local_BA_ms,316,128.355,96.7045,281.69,447.389
ORB-SLAM3,dataset_dynamic_nofloortexture_00_000,logging_20260916_03,place_recognition_ms,315,38.413777,51.7276195,72.6069063,121.274613
ORB-SLAM3,dataset_dynamic_nofloortexture_00_001,logging_20260916_01,tracking_total_ms,2043,57.26,18.15299999999999,85.6365,204.515
ORB-SLAM3,dataset_dynamic_nofloortexture_00_001,logging_20260916_01,feature_stereo_ms,2043,41.918,14.659500000000001,64.99499999999999,169.821
ORB-SLAM3,dataset_dynamic_nofloortexture_00_001,logging_20260916_01,local_mapping_total_ms,595,188.051,128.352,353.05179999999996,4053.229
ORB-SLAM3,dataset_dynamic_nofloortexture_00_001,logging_20260916_01,local_BA_ms,595,114.294,104.79150000000001,254.42639999999997,359.903
ORB-SLAM3,dataset_dynamic_nofloortexture_00_001,logging_20260916_01,place_recognition_ms,594,36.081869,44.951632249999996,64.36126750000001,114.559175
ORB-SLAM3,dataset_dynamic_nofloortexture_00_001,logging_20260916_02,tracking_total_ms,2001,60.846,19.420999999999992,92.485,166.751
ORB-SLAM3,dataset_dynamic_nofloortexture_00_001,logging_20260916_02,feature_stereo_ms,2001,44.792,15.819000000000003,72.218,137.336
ORB-SLAM3,dataset_dynamic_nofloortexture_00_001,logging_20260916_02,local_mapping_total_ms,561,201.288,130.766,366.936,3295.275
ORB-SLAM3,dataset_dynamic_nofloortexture_00_001,logging_20260916_02,local_BA_ms,561,130.283,105.13199999999999,269.307,456.708
ORB-SLAM3,dataset_dynamic_nofloortexture_00_001,logging_20260916_02,place_recognition_ms,560,36.682868,47.55556975,67.75464129999997,134.969257
ORB-SLAM3,dataset_dynamic_nofloortexture_00_001,logging_20260916_03,tracking_total_ms,2019,63.011,20.54849999999999,91.4752,194.667
ORB-SLAM3,dataset_dynamic_nofloortexture_00_001,logging_20260916_03,feature_stereo_ms,2019,46.697,14.826,70.0363,162.808
ORB-SLAM3,dataset_dynamic_nofloortexture_00_001,logging_20260916_03,local_mapping_total_ms,544,207.432,147.5715,400.3969,3283.992
ORB-SLAM3,dataset_dynamic_nofloortexture_00_001,logging_20260916_03,local_BA_ms,544,127.6795,116.50299999999999,279.90085,413.387
ORB-SLAM3,dataset_dynamic_nofloortexture_00_001,logging_20260916_03,place_recognition_ms,543,35.580411,46.732760999999996,66.45496259999999,152.661459
ORB-SLAM3,dataset_dynamic_nofloortexture_01_000,logging_20260916_01,tracking_total_ms,2099,61.31,28.980000000000004,99.22579999999998,206.436
ORB-SLAM3,dataset_dynamic_nofloortexture_01_000,logging_20260916_01,feature_stereo_ms,2099,45.493,18.997500000000002,73.0958,163.239
ORB-SLAM3,dataset_dynamic_nofloortexture_01_000,logging_20260916_01,local_mapping_total_ms,407,190.133,194.1585,444.71389999999997,4461.762
ORB-SLAM3,dataset_dynamic_nofloortexture_01_000,logging_20260916_01,local_BA_ms,407,123.082,155.80100000000002,321.768,443.056
ORB-SLAM3,dataset_dynamic_nofloortexture_01_000,logging_20260916_01,place_recognition_ms,406,2.5340305,27.85258675,50.359660000000005,129.206052
ORB-SLAM3,dataset_dynamic_nofloortexture_01_000,logging_20260916_02,tracking_total_ms,2096,61.034000000000006,26.988749999999996,96.49449999999999,215.043
ORB-SLAM3,dataset_dynamic_nofloortexture_01_000,logging_20260916_02,feature_stereo_ms,2096,44.751000000000005,18.591749999999998,70.451,190.975
ORB-SLAM3,dataset_dynamic_nofloortexture_01_000,logging_20260916_02,local_mapping_total_ms,445,172.287,195.839,445.13819999999987,3688.327
ORB-SLAM3,dataset_dynamic_nofloortexture_01_000,logging_20260916_02,local_BA_ms,445,109.386,148.934,330.10939999999994,433.256
ORB-SLAM3,dataset_dynamic_nofloortexture_01_000,logging_20260916_02,place_recognition_ms,444,4.5831655,28.2297635,53.46895029999995,93.388636
ORB-SLAM3,dataset_dynamic_nofloortexture_01_000,logging_20260916_03,tracking_total_ms,2133,59.288,25.126999999999995,93.46379999999996,185.947
ORB-SLAM3,dataset_dynamic_nofloortexture_01_000,logging_20260916_03,feature_stereo_ms,2133,43.754,17.001000000000005,69.35619999999999,159.995
ORB-SLAM3,dataset_dynamic_nofloortexture_01_000,logging_20260916_03,local_mapping_total_ms,515,152.188,146.14049999999997,416.58899999999994,3989.253
ORB-SLAM3,dataset_dynamic_nofloortexture_01_000,logging_20260916_03,local_BA_ms,515,88.59,112.73100000000001,299.27419999999995,479.16
ORB-SLAM3,dataset_dynamic_nofloortexture_01_000,logging_20260916_03,place_recognition_ms,514,2.4440109999999997,24.79260675,44.88821654999999,73.706317
ORB-SLAM3,dataset_dynamic_nofloortexture_02_000,logging_20260916_01,tracking_total_ms,2417,51.556,14.981000000000002,75.63159999999998,173.928
ORB-SLAM3,dataset_dynamic_nofloortexture_02_000,logging_20260916_01,feature_stereo_ms,2417,35.562,11.95,55.218599999999995,140.835
ORB-SLAM3,dataset_dynamic_nofloortexture_02_000,logging_20260916_01,local_mapping_total_ms,602,173.911,112.84049999999996,382.6075499999999,2592.892
ORB-SLAM3,dataset_dynamic_nofloortexture_02_000,logging_20260916_01,local_BA_ms,602,118.02850000000001,82.97000000000001,287.1982499999999,385.594
ORB-SLAM3,dataset_dynamic_nofloortexture_02_000,logging_20260916_01,place_recognition_ms,602,23.107638,35.942706750000006,53.23879989999997,95.465731
ORB-SLAM3,dataset_dynamic_nofloortexture_02_000,logging_20260916_02,tracking_total_ms,2267,60.007,22.61,91.27069999999996,190.148
ORB-SLAM3,dataset_dynamic_nofloortexture_02_000,logging_20260916_02,feature_stereo_ms,2267,43.12,16.103,67.25519999999997,154.329
ORB-SLAM3,dataset_dynamic_nofloortexture_02_000,logging_20260916_02,local_mapping_total_ms,549,192.683,166.71499999999997,468.17080000000004,2502.27
ORB-SLAM3,dataset_dynamic_nofloortexture_02_000,logging_20260916_02,local_BA_ms,549,126.165,127.609,358.0442,469.55
ORB-SLAM3,dataset_dynamic_nofloortexture_02_000,logging_20260916_02,place_recognition_ms,548,15.0735965,34.70275225,55.74084234999999,82.72461
ORB-SLAM3,dataset_dynamic_nofloortexture_02_000,logging_20260916_03,tracking_total_ms,2207,63.293,23.578500000000005,94.60799999999998,233.047
ORB-SLAM3,dataset_dynamic_nofloortexture_02_000,logging_20260916_03,feature_stereo_ms,2207,45.76,15.927500000000002,69.2315,199.644
ORB-SLAM3,dataset_dynamic_nofloortexture_02_000,logging_20260916_03,local_mapping_total_ms,531,190.35,142.31,471.74199999999996,4231.571
ORB-SLAM3,dataset_dynamic_nofloortexture_02_000,logging_20260916_03,local_BA_ms,531,122.74,112.8545,358.179,518.893
ORB-SLAM3,dataset_dynamic_nofloortexture_02_000,logging_20260916_03,place_recognition_ms,532,15.7031955,35.67629725,58.9736129,554.730182
ORB-SLAM3,dataset_static_nofloortexture_000,logging_20260916_01,tracking_total_ms,1173,80.374,26.117000000000004,112.11919999999998,254.362
ORB-SLAM3,dataset_static_nofloortexture_000,logging_20260916_01,feature_stereo_ms,1173,55.482,18.538000000000004,80.84479999999999,213.714
ORB-SLAM3,dataset_static_nofloortexture_000,logging_20260916_01,local_mapping_total_ms,216,403.1245,176.05525,553.5345,1616.37
ORB-SLAM3,dataset_static_nofloortexture_000,logging_20260916_01,local_BA_ms,216,322.849,149.96975000000003,453.703,587.772
ORB-SLAM3,dataset_static_nofloortexture_000,logging_20260916_01,place_recognition_ms,263,37.60156,80.07680649999999,124.22308849999986,189.236028
ORB-SLAM3,dataset_static_nofloortexture_000,logging_20260916_02,tracking_total_ms,994,89.84100000000001,40.098749999999995,157.73809999999997,221.887
ORB-SLAM3,dataset_static_nofloortexture_000,logging_20260916_02,feature_stereo_ms,994,63.888999999999996,32.330749999999995,116.94645,181.151
ORB-SLAM3,dataset_static_nofloortexture_000,logging_20260916_02,local_mapping_total_ms,205,439.838,271.566,647.3142,2106.31
ORB-SLAM3,dataset_static_nofloortexture_000,logging_20260916_02,local_BA_ms,205,359.862,231.68699999999998,547.0762,695.575
ORB-SLAM3,dataset_static_nofloortexture_000,logging_20260916_02,place_recognition_ms,251,44.690217,93.5720415,141.664172,314.611862
ORB-SLAM3,dataset_static_nofloortexture_000,logging_20260916_03,tracking_total_ms,1216,77.229,25.02199999999999,109.33,212.082
ORB-SLAM3,dataset_static_nofloortexture_000,logging_20260916_03,feature_stereo_ms,1216,53.5895,17.53,78.3905,163.414
ORB-SLAM3,dataset_static_nofloortexture_000,logging_20260916_03,local_mapping_total_ms,224,390.03049999999996,168.88149999999996,525.8779499999999,1972.234
ORB-SLAM3,dataset_static_nofloortexture_000,logging_20260916_03,local_BA_ms,224,307.062,146.70924999999997,429.42965,537.91
ORB-SLAM3,dataset_static_nofloortexture_000,logging_20260916_03,place_recognition_ms,270,36.783834,78.24211475,110.57151225,189.368282
ORB-SLAM3,dataset_static_nofloortexture_001,logging_20260916_01,tracking_total_ms,1009,81.978,20.599999999999994,112.5202,219.747
ORB-SLAM3,dataset_static_nofloortexture_001,logging_20260916_01,feature_stereo_ms,1009,57.587,15.736000000000004,81.03919999999998,153.024
ORB-SLAM3,dataset_static_nofloortexture_001,logging_20260916_01,local_mapping_total_ms,188,426.279,101.44300000000004,548.68345,1530.318
ORB-SLAM3,dataset_static_nofloortexture_001,logging_20260916_01,local_BA_ms,188,341.3575,94.54174999999998,451.87750000000005,560.71
ORB-SLAM3,dataset_static_nofloortexture_001,logging_20260916_01,place_recognition_ms,235,26.844499,83.4467145,114.81091509999993,250.898904
ORB-SLAM3,dataset_static_nofloortexture_001,logging_20260916_02,tracking_total_ms,1008,82.7125,21.065749999999994,110.68249999999999,202.413
ORB-SLAM3,dataset_static_nofloortexture_001,logging_20260916_02,feature_stereo_ms,1008,57.926500000000004,15.831249999999997,79.33104999999999,157.383
ORB-SLAM3,dataset_static_nofloortexture_001,logging_20260916_02,local_mapping_total_ms,197,411.851,113.92399999999998,520.5844,1533.564
ORB-SLAM3,dataset_static_nofloortexture_001,logging_20260916_02,local_BA_ms,197,329.971,108.42699999999996,426.3742,595.503
ORB-SLAM3,dataset_static_nofloortexture_001,logging_20260916_02,place_recognition_ms,240,57.4685405,82.6753905,109.3816678,175.468849
ORB-SLAM3,dataset_static_nofloortexture_001,logging_20260916_03,tracking_total_ms,964,86.30099999999999,19.915000000000006,113.68925,212.105
ORB-SLAM3,dataset_static_nofloortexture_001,logging_20260916_03,feature_stereo_ms,964,60.962500000000006,15.006,83.8586,184.99
ORB-SLAM3,dataset_static_nofloortexture_001,logging_20260916_03,local_mapping_total_ms,179,434.423,83.07250000000005,549.5025999999999,1461.176
ORB-SLAM3,dataset_static_nofloortexture_001,logging_20260916_03,local_BA_ms,179,349.939,77.30150000000003,469.4538,577.107
ORB-SLAM3,dataset_static_nofloortexture_001,logging_20260916_03,place_recognition_ms,223,32.589164,91.2242625,135.81426619999996,186.08946
ORB-SLAM3,dataset_static_nofloortexture_002,logging_20260916_01,tracking_total_ms,1689,52.519,12.995999999999995,76.42999999999998,142.481
ORB-SLAM3,dataset_static_nofloortexture_002,logging_20260916_01,feature_stereo_ms,1689,34.857,8.681000000000001,48.978799999999985,102.79
ORB-SLAM3,dataset_static_nofloortexture_002,logging_20260916_01,local_mapping_total_ms,260,300.04949999999997,93.06699999999998,448.16245,899.759
ORB-SLAM3,dataset_static_nofloortexture_002,logging_20260916_01,local_BA_ms,260,244.598,78.66500000000002,343.1233,794.363
ORB-SLAM3,dataset_static_nofloortexture_002,logging_20260916_01,place_recognition_ms,266,49.7034765,61.80586775,83.13359575,3102.548253
ORB-SLAM3,dataset_static_nofloortexture_002,logging_20260916_02,tracking_total_ms,1518,59.3595,16.667749999999998,89.11195,166.644
ORB-SLAM3,dataset_static_nofloortexture_002,logging_20260916_02,feature_stereo_ms,1518,39.9555,11.068000000000005,59.60774999999998,121.942
ORB-SLAM3,dataset_static_nofloortexture_002,logging_20260916_02,local_mapping_total_ms,240,335.154,103.24950000000001,493.39424999999994,864.6
ORB-SLAM3,dataset_static_nofloortexture_002,logging_20260916_02,local_BA_ms,240,269.319,83.56675000000001,384.14074999999997,447.13
ORB-SLAM3,dataset_static_nofloortexture_002,logging_20260916_02,place_recognition_ms,247,57.291836,70.5010905,97.95905569999996,4203.147086
ORB-SLAM3,dataset_static_nofloortexture_002,logging_20260916_03,tracking_total_ms,1455,63.228,17.098499999999994,91.0091,152.171
ORB-SLAM3,dataset_static_nofloortexture_002,logging_20260916_03,feature_stereo_ms,1455,42.781,11.384,60.242,110.065
ORB-SLAM3,dataset_static_nofloortexture_002,logging_20260916_03,local_mapping_total_ms,230,347.4785,99.65625000000006,493.4106499999999,1158.119
ORB-SLAM3,dataset_static_nofloortexture_002,logging_20260916_03,local_BA_ms,230,281.7215,83.63825000000003,386.54709999999994,470.906
ORB-SLAM3,dataset_static_nofloortexture_002,logging_20260916_03,place_recognition_ms,236,57.7804575,71.7752305,101.54191625,4024.494614
VINS-Fusion+YOLO,dataset_dynamic_nofloortexture_00_000,logging_20260916_01,feature_tracking_ms,2186,40.9765,10.475000000000001,55.7095,125.438
VINS-Fusion+YOLO,dataset_dynamic_nofloortexture_00_000,logging_20260916_01,backend_total_ms,2186,44.83,45.48725,87.53325,136.686
VINS-Fusion+YOLO,dataset_dynamic_nofloortexture_00_000,logging_20260916_01,solver_ms,2186,39.230000000000004,44.47475000000001,82.138,87.293
VINS-Fusion+YOLO,dataset_dynamic_nofloortexture_00_000,logging_20260916_01,visual_update_ms,2186,0.357,0.15500000000000003,0.57375,2.252
VINS-Fusion+YOLO,dataset_dynamic_nofloortexture_00_000,logging_20260916_02,feature_tracking_ms,2244,39.8395,10.098499999999994,52.311299999999996,76.939
VINS-Fusion+YOLO,dataset_dynamic_nofloortexture_00_000,logging_20260916_02,backend_total_ms,2244,45.2055,44.20025,86.40969999999999,124.905
VINS-Fusion+YOLO,dataset_dynamic_nofloortexture_00_000,logging_20260916_02,solver_ms,2244,39.9875,43.19699999999999,81.7461,86.308
VINS-Fusion+YOLO,dataset_dynamic_nofloortexture_00_000,logging_20260916_02,visual_update_ms,2244,0.338,0.14449999999999996,0.54685,2.932
VINS-Fusion+YOLO,dataset_dynamic_nofloortexture_00_000,logging_20260916_03,feature_tracking_ms,2068,43.001000000000005,11.090000000000003,59.45824999999999,124.298
VINS-Fusion+YOLO,dataset_dynamic_nofloortexture_00_000,logging_20260916_03,backend_total_ms,2068,49.5105,45.08800000000001,88.7222,156.691
VINS-Fusion+YOLO,dataset_dynamic_nofloortexture_00_000,logging_20260916_03,solver_ms,2068,43.7805,40.808499999999995,82.4802,87.1
VINS-Fusion+YOLO,dataset_dynamic_nofloortexture_00_000,logging_20260916_03,visual_update_ms,2068,0.3775,0.15925000000000006,0.695,2.201
VINS-Fusion+YOLO,dataset_dynamic_nofloortexture_00_001,logging_20260916_01,feature_tracking_ms,2235,40.53,7.963499999999996,50.308299999999996,82.851
VINS-Fusion+YOLO,dataset_dynamic_nofloortexture_00_001,logging_20260916_01,backend_total_ms,2235,70.804,18.870999999999995,86.6472,112.751
VINS-Fusion+YOLO,dataset_dynamic_nofloortexture_00_001,logging_20260916_01,solver_ms,2235,65.17,19.948499999999996,82.37189999999998,85.422
VINS-Fusion+YOLO,dataset_dynamic_nofloortexture_00_001,logging_20260916_01,visual_update_ms,2235,0.339,0.14199999999999996,0.5572999999999998,2.678
VINS-Fusion+YOLO,dataset_dynamic_nofloortexture_00_001,logging_20260916_02,feature_tracking_ms,2235,41.354,8.031999999999996,52.581899999999976,109.561
VINS-Fusion+YOLO,dataset_dynamic_nofloortexture_00_001,logging_20260916_02,backend_total_ms,2235,70.88,25.19099999999999,87.06400000000001,120.871
VINS-Fusion+YOLO,dataset_dynamic_nofloortexture_00_001,logging_20260916_02,solver_ms,2235,65.126,26.430999999999997,82.4821,85.447
VINS-Fusion+YOLO,dataset_dynamic_nofloortexture_00_001,logging_20260916_02,visual_update_ms,2235,0.359,0.14950000000000002,0.6032999999999997,2.975
VINS-Fusion+YOLO,dataset_dynamic_nofloortexture_00_001,logging_20260916_03,feature_tracking_ms,2235,39.358,7.850499999999997,49.115099999999984,69.58
VINS-Fusion+YOLO,dataset_dynamic_nofloortexture_00_001,logging_20260916_03,backend_total_ms,2235,71.483,15.902000000000001,86.36349999999999,118.243
VINS-Fusion+YOLO,dataset_dynamic_nofloortexture_00_001,logging_20260916_03,solver_ms,2235,65.413,16.557000000000016,82.1743,86.372
VINS-Fusion+YOLO,dataset_dynamic_nofloortexture_00_001,logging_20260916_03,visual_update_ms,2235,0.326,0.11499999999999999,0.4851999999999989,1.277
VINS-Fusion+YOLO,dataset_dynamic_nofloortexture_01_000,logging_20260916_01,feature_tracking_ms,2563,38.545,10.682000000000002,49.4797,80.043
VINS-Fusion+YOLO,dataset_dynamic_nofloortexture_01_000,logging_20260916_01,backend_total_ms,2563,41.082,39.07849999999999,85.0099,135.954
VINS-Fusion+YOLO,dataset_dynamic_nofloortexture_01_000,logging_20260916_01,solver_ms,2563,36.209,39.8305,81.51570000000001,84.045
VINS-Fusion+YOLO,dataset_dynamic_nofloortexture_01_000,logging_20260916_01,visual_update_ms,2563,0.312,0.2909999999999999,1.8713000000000042,3.984
VINS-Fusion+YOLO,dataset_dynamic_nofloortexture_01_000,logging_20260916_02,feature_tracking_ms,2563,40.538,9.395499999999998,53.25560000000001,109.653
VINS-Fusion+YOLO,dataset_dynamic_nofloortexture_01_000,logging_20260916_02,backend_total_ms,2563,56.274,53.205,87.3279,162.084
VINS-Fusion+YOLO,dataset_dynamic_nofloortexture_01_000,logging_20260916_02,solver_ms,2563,49.377,45.709500000000006,82.1245,85.495
VINS-Fusion+YOLO,dataset_dynamic_nofloortexture_01_000,logging_20260916_02,visual_update_ms,2563,0.387,0.251,1.7995000000000012,6.456
VINS-Fusion+YOLO,dataset_dynamic_nofloortexture_01_000,logging_20260916_03,feature_tracking_ms,2563,40.242,10.11,52.403600000000004,102.005
VINS-Fusion+YOLO,dataset_dynamic_nofloortexture_01_000,logging_20260916_03,backend_total_ms,2563,52.398,46.912000000000006,86.5544,188.749
VINS-Fusion+YOLO,dataset_dynamic_nofloortexture_01_000,logging_20260916_03,solver_ms,2563,46.421,43.01299999999999,81.9978,85.642
VINS-Fusion+YOLO,dataset_dynamic_nofloortexture_01_000,logging_20260916_03,visual_update_ms,2563,0.365,0.22300000000000003,1.6195000000000006,4.361
VINS-Fusion+YOLO,dataset_dynamic_nofloortexture_02_000,logging_20260916_01,feature_tracking_ms,2690,38.8505,8.952000000000005,48.7861,78.56
VINS-Fusion+YOLO,dataset_dynamic_nofloortexture_02_000,logging_20260916_01,backend_total_ms,2690,69.709,16.38600000000001,85.9623,118.191
VINS-Fusion+YOLO,dataset_dynamic_nofloortexture_02_000,logging_20260916_01,solver_ms,2690,64.9125,16.293999999999997,81.96455,88.177
VINS-Fusion+YOLO,dataset_dynamic_nofloortexture_02_000,logging_20260916_01,visual_update_ms,2690,0.317,0.19400000000000003,0.668,4.128
VINS-Fusion+YOLO,dataset_dynamic_nofloortexture_02_000,logging_20260916_02,feature_tracking_ms,2712,40.159499999999994,12.367249999999999,63.39749999999997,166.486
VINS-Fusion+YOLO,dataset_dynamic_nofloortexture_02_000,logging_20260916_02,backend_total_ms,2712,33.742000000000004,37.882000000000005,92.20264999999999,172.164
VINS-Fusion+YOLO,dataset_dynamic_nofloortexture_02_000,logging_20260916_02,solver_ms,2712,26.612000000000002,30.619750000000003,81.616,88.637
VINS-Fusion+YOLO,dataset_dynamic_nofloortexture_02_000,logging_20260916_02,visual_update_ms,2712,0.44,0.27399999999999997,1.0634499999999998,5.532
VINS-Fusion+YOLO,dataset_dynamic_nofloortexture_02_000,logging_20260916_03,feature_tracking_ms,1744,79.912,40.073250000000016,160.27009999999999,378.91
VINS-Fusion+YOLO,dataset_dynamic_nofloortexture_02_000,logging_20260916_03,backend_total_ms,1744,88.831,30.227250000000012,127.9494,346.048
VINS-Fusion+YOLO,dataset_dynamic_nofloortexture_02_000,logging_20260916_03,solver_ms,1744,69.872,30.11950000000001,89.04684999999999,110.723
VINS-Fusion+YOLO,dataset_dynamic_nofloortexture_02_000,logging_20260916_03,visual_update_ms,1744,0.951,0.86,3.1223499999999897,12.971
ORB-SLAM3+YOLO,dataset_dynamic_nofloortexture_00_000,logging_20260916_01,tracking_total_ms,1016,89.2235,30.981750000000005,131.81225,250.879
ORB-SLAM3+YOLO,dataset_dynamic_nofloortexture_00_000,logging_20260916_01,feature_stereo_ms,1016,67.44800000000001,25.703249999999997,106.49575,227.604
ORB-SLAM3+YOLO,dataset_dynamic_nofloortexture_00_000,logging_20260916_01,local_mapping_total_ms,248,284.284,130.772,588.8247499999998,2339.99
ORB-SLAM3+YOLO,dataset_dynamic_nofloortexture_00_000,logging_20260916_01,local_BA_ms,248,177.5345,130.28025,463.3238499999996,692.492
ORB-SLAM3+YOLO,dataset_dynamic_nofloortexture_00_000,logging_20260916_01,place_recognition_ms,247,26.841195,54.575655499999996,88.7598557,103.439993
ORB-SLAM3+YOLO,dataset_dynamic_nofloortexture_00_000,logging_20260916_02,tracking_total_ms,620,144.42849999999999,59.60800000000003,228.19679999999994,330.484
ORB-SLAM3+YOLO,dataset_dynamic_nofloortexture_00_000,logging_20260916_02,feature_stereo_ms,620,115.14500000000001,55.157249999999976,192.04474999999988,288.678
ORB-SLAM3+YOLO,dataset_dynamic_nofloortexture_00_000,logging_20260916_02,local_mapping_total_ms,177,416.487,188.84100000000007,673.0349999999997,2970.346
ORB-SLAM3+YOLO,dataset_dynamic_nofloortexture_00_000,logging_20260916_02,local_BA_ms,177,274.853,156.736,490.1884,671.04
ORB-SLAM3+YOLO,dataset_dynamic_nofloortexture_00_000,logging_20260916_02,place_recognition_ms,176,6.045743,95.4154235,136.730521,214.099848
ORB-SLAM3+YOLO,dataset_dynamic_nofloortexture_00_000,logging_20260916_03,tracking_total_ms,648,131.95850000000002,63.17599999999999,231.12315,340.033
ORB-SLAM3+YOLO,dataset_dynamic_nofloortexture_00_000,logging_20260916_03,feature_stereo_ms,648,104.973,50.449250000000006,183.68274999999997,260.136
ORB-SLAM3+YOLO,dataset_dynamic_nofloortexture_00_000,logging_20260916_03,local_mapping_total_ms,198,342.8645,175.71075000000002,602.869749999999,1809.521
ORB-SLAM3+YOLO,dataset_dynamic_nofloortexture_00_000,logging_20260916_03,local_BA_ms,198,221.1835,137.47924999999998,379.8883499999998,745.53
ORB-SLAM3+YOLO,dataset_dynamic_nofloortexture_00_000,logging_20260916_03,place_recognition_ms,197,1.649909,4.105136,102.41399519999997,164.774788
ORB-SLAM3+YOLO,dataset_dynamic_nofloortexture_00_001,logging_20260916_01,tracking_total_ms,2093,72.559,38.278000000000006,135.066,325.934
ORB-SLAM3+YOLO,dataset_dynamic_nofloortexture_00_001,logging_20260916_01,feature_stereo_ms,2093,53.977,29.099000000000004,100.45299999999999,272.576
ORB-SLAM3+YOLO,dataset_dynamic_nofloortexture_00_001,logging_20260916_01,local_mapping_total_ms,681,275.87,218.24799999999996,574.414,8085.789
ORB-SLAM3+YOLO,dataset_dynamic_nofloortexture_00_001,logging_20260916_01,local_BA_ms,681,190.093,174.43699999999998,425.35,912.846
ORB-SLAM3+YOLO,dataset_dynamic_nofloortexture_00_001,logging_20260916_01,place_recognition_ms,680,35.046993,47.40352274999999,88.50480709999995,233.52741
ORB-SLAM3+YOLO,dataset_dynamic_nofloortexture_00_001,logging_20260916_02,tracking_total_ms,1233,106.928,67.67999999999999,220.59779999999998,421.47
ORB-SLAM3+YOLO,dataset_dynamic_nofloortexture_00_001,logging_20260916_02,feature_stereo_ms,1233,79.654,58.135999999999996,180.3398,349.797
ORB-SLAM3+YOLO,dataset_dynamic_nofloortexture_00_001,logging_20260916_02,local_mapping_total_ms,299,409.827,251.25349999999992,788.4558999999999,4972.988
ORB-SLAM3+YOLO,dataset_dynamic_nofloortexture_00_001,logging_20260916_02,local_BA_ms,299,258.55,194.88,571.2504999999992,786.813
ORB-SLAM3+YOLO,dataset_dynamic_nofloortexture_00_001,logging_20260916_02,place_recognition_ms,298,51.3829075,93.57550024999999,160.60871749999995,334.78358
ORB-SLAM3+YOLO,dataset_dynamic_nofloortexture_00_001,logging_20260916_03,tracking_total_ms,1008,134.916,80.66999999999999,262.234,426.581
ORB-SLAM3+YOLO,dataset_dynamic_nofloortexture_00_001,logging_20260916_03,feature_stereo_ms,1008,103.0645,66.244,209.68404999999998,382.62
ORB-SLAM3+YOLO,dataset_dynamic_nofloortexture_00_001,logging_20260916_03,local_mapping_total_ms,247,478.633,288.4535,948.5452999999994,7843.56
ORB-SLAM3+YOLO,dataset_dynamic_nofloortexture_00_001,logging_20260916_03,local_BA_ms,247,317.887,238.2165,674.5988,929.516
ORB-SLAM3+YOLO,dataset_dynamic_nofloortexture_00_001,logging_20260916_03,place_recognition_ms,246,49.446971500000004,105.68693725,187.69367525,276.250943
ORB-SLAM3+YOLO,dataset_dynamic_nofloortexture_01_000,logging_20260916_01,tracking_total_ms,1654,73.6345,48.57699999999999,161.42104999999992,363.236
ORB-SLAM3+YOLO,dataset_dynamic_nofloortexture_01_000,logging_20260916_01,feature_stereo_ms,1654,54.8465,33.233,119.38839999999996,300.171
ORB-SLAM3+YOLO,dataset_dynamic_nofloortexture_01_000,logging_20260916_01,local_mapping_total_ms,323,231.942,364.969,716.6909999999995,3886.61
ORB-SLAM3+YOLO,dataset_dynamic_nofloortexture_01_000,logging_20260916_01,local_BA_ms,323,163.818,259.53649999999993,533.9626,872.718
ORB-SLAM3+YOLO,dataset_dynamic_nofloortexture_01_000,logging_20260916_01,place_recognition_ms,322,1.283881,19.5347935,53.6089327,116.845219
ORB-SLAM3+YOLO,dataset_dynamic_nofloortexture_01_000,logging_20260916_02,tracking_total_ms,1287,98.521,72.744,243.5977,449.24
ORB-SLAM3+YOLO,dataset_dynamic_nofloortexture_01_000,logging_20260916_02,feature_stereo_ms,1287,73.035,52.332499999999996,189.96390000000005,367.953
ORB-SLAM3+YOLO,dataset_dynamic_nofloortexture_01_000,logging_20260916_02,local_mapping_total_ms,252,362.661,431.99749999999995,920.7389499999999,4446.86
ORB-SLAM3+YOLO,dataset_dynamic_nofloortexture_01_000,logging_20260916_02,local_BA_ms,252,240.6725,336.69525,686.0323999999999,980.373
ORB-SLAM3+YOLO,dataset_dynamic_nofloortexture_01_000,logging_20260916_02,place_recognition_ms,255,1.640607,44.471568000000005,111.20817739999997,949.587454
ORB-SLAM3+YOLO,dataset_dynamic_nofloortexture_01_000,logging_20260916_03,tracking_total_ms,1047,120.531,101.9975,295.70199999999977,472.125
ORB-SLAM3+YOLO,dataset_dynamic_nofloortexture_01_000,logging_20260916_03,feature_stereo_ms,1047,90.116,76.8945,229.2735,401.112
ORB-SLAM3+YOLO,dataset_dynamic_nofloortexture_01_000,logging_20260916_03,local_mapping_total_ms,229,405.579,364.471,1009.2606,5819.259
ORB-SLAM3+YOLO,dataset_dynamic_nofloortexture_01_000,logging_20260916_03,local_BA_ms,229,248.462,284.01599999999996,768.4889999999998,1162.577
ORB-SLAM3+YOLO,dataset_dynamic_nofloortexture_01_000,logging_20260916_03,place_recognition_ms,228,1.7077685,52.595758000000004,120.81041924999997,300.850287
ORB-SLAM3+YOLO,dataset_dynamic_nofloortexture_02_000,logging_20260916_01,tracking_total_ms,1050,137.746,91.06499999999998,271.65675,465.343
ORB-SLAM3+YOLO,dataset_dynamic_nofloortexture_02_000,logging_20260916_01,feature_stereo_ms,1050,109.011,76.91750000000002,216.96979999999996,366.262
ORB-SLAM3+YOLO,dataset_dynamic_nofloortexture_02_000,logging_20260916_01,local_mapping_total_ms,265,363.768,302.50500000000005,955.2309999999999,3907.032
ORB-SLAM3+YOLO,dataset_dynamic_nofloortexture_02_000,logging_20260916_01,local_BA_ms,265,237.362,226.28199999999998,735.1029999999996,995.855
ORB-SLAM3+YOLO,dataset_dynamic_nofloortexture_02_000,logging_20260916_01,place_recognition_ms,264,1.8771405,56.71773949999999,137.04405599999998,189.758951
ORB-SLAM3+YOLO,dataset_dynamic_nofloortexture_02_000,logging_20260916_02,tracking_total_ms,1112,126.134,83.49149999999997,274.0062500000001,491.046
ORB-SLAM3+YOLO,dataset_dynamic_nofloortexture_02_000,logging_20260916_02,feature_stereo_ms,1112,96.3545,71.54650000000001,220.6329,387.265
ORB-SLAM3+YOLO,dataset_dynamic_nofloortexture_02_000,logging_20260916_02,local_mapping_total_ms,264,345.045,318.2397500000001,959.8062500000001,3520.489
ORB-SLAM3+YOLO,dataset_dynamic_nofloortexture_02_000,logging_20260916_02,local_BA_ms,264,210.767,215.44225000000003,720.4160499999998,1113.31
ORB-SLAM3+YOLO,dataset_dynamic_nofloortexture_02_000,logging_20260916_02,place_recognition_ms,263,1.607462,52.978384,128.65599949999995,260.606178
ORB-SLAM3+YOLO,dataset_dynamic_nofloortexture_02_000,logging_20260916_03,tracking_total_ms,1235,113.807,69.52650000000001,226.01049999999998,464.827
ORB-SLAM3+YOLO,dataset_dynamic_nofloortexture_02_000,logging_20260916_03,feature_stereo_ms,1235,89.93,49.64150000000001,175.9544,345.132
ORB-SLAM3+YOLO,dataset_dynamic_nofloortexture_02_000,logging_20260916_03,local_mapping_total_ms,235,358.615,337.98500000000007,987.6919999999994,4604.872
ORB-SLAM3+YOLO,dataset_dynamic_nofloortexture_02_000,logging_20260916_03,local_BA_ms,235,220.24,229.03599999999997,687.3606,920.81
ORB-SLAM3+YOLO,dataset_dynamic_nofloortexture_02_000,logging_20260916_03,place_recognition_ms,234,0.6107845000000001,0.7725877500000001,27.21645404999998,167.983806
