dataset,repeat,system,delta_s,pairs,trans_rmse,trans_median,rot_rmse,rot_median,pairs_clean,trans_rmse_clean,trans_median_clean,rot_rmse_clean,rot_median_clean
dataset_dynamic_nofloortexture_00_000,logging_20260916_01,VINS-Fusion,0.5,1468,21.53833170498474,10.30885293753315,2.2000637158001863,0.634852425299135,523,1.5894428575248714,1.3588759555319097,1.0615825762685587,0.26564204809043573
dataset_dynamic_nofloortexture_00_000,logging_20260916_01,VINS-Fusion,1.0,1463,39.4206090184632,19.97074140595729,2.6419153432709734,1.0053452150959912,468,2.9704192660604036,2.6127588623995184,1.6901044576877116,0.36449661688180657
dataset_dynamic_nofloortexture_00_000,logging_20260916_01,VINS-Fusion,2.0,1433,74.70679087228942,40.039509821128654,3.4998394366613126,1.415931704101808,370,5.549717667411768,5.129980873286549,2.6659462857798157,0.5234279147860972
dataset_dynamic_nofloortexture_00_000,logging_20260916_01,VINS-Fusion,5.0,1359,176.8827779391888,105.35163713707949,4.709741815046178,2.8731165870995072,194,13.066067635987602,12.667639619943422,1.146508150101151,0.9523458989595692
dataset_dynamic_nofloortexture_00_000,logging_20260916_01,ORB-SLAM3,0.5,1051,2.79188110335105,1.910184623417588,11.987049027999298,0.6056809488582565,661,1.9476510099945956,1.4672575312100675,11.740923410884882,0.6386568042208529
dataset_dynamic_nofloortexture_00_000,logging_20260916_01,ORB-SLAM3,1.0,1076,5.132411407958275,3.627134282388271,15.087224060455057,1.0212327731216977,508,3.4330862655901693,2.535096283923851,14.604922933955873,1.1438761424487307
dataset_dynamic_nofloortexture_00_000,logging_20260916_01,ORB-SLAM3,2.0,1070,9.85282663750233,7.220803608896999,19.581981128214846,1.7983083744565487,290,5.77500454821668,3.6869401664643404,19.455290103582787,1.9382098051230023
dataset_dynamic_nofloortexture_00_000,logging_20260916_01,ORB-SLAM3,5.0,1020,23.37284393360751,18.827536340401956,24.546480373517525,4.137610352933596,23,6.025816863074791,3.3181511204907275,1.6410346748501754,0.4291493527848378
dataset_dynamic_nofloortexture_00_000,logging_20260916_01,VINS-Fusion+YOLO,0.5,2159,13.130637999855802,5.286057543733196,1.705431809191123,0.19756164568565085,894,2.318965019390036,1.7692399823895255,1.3773181873551652,0.37594006775940325
dataset_dynamic_nofloortexture_00_000,logging_20260916_01,VINS-Fusion+YOLO,1.0,2144,25.150601578538755,10.228258592412264,2.438812873441358,0.36028635688770366,799,4.4872742310765865,3.5231005152711643,2.2634385096910243,0.7468566520051674
dataset_dynamic_nofloortexture_00_000,logging_20260916_01,VINS-Fusion+YOLO,2.0,2114,49.16202604001191,20.095036124821164,3.226180051559559,0.6845529171878562,617,8.738576026189582,6.63741214827741,3.805773854322341,1.604572681183881
dataset_dynamic_nofloortexture_00_000,logging_20260916_01,VINS-Fusion+YOLO,5.0,2024,120.98927028344886,49.67902283680213,4.2553467663139175,1.2060052208525718,288,17.9595534807961,8.639305099268618,5.789970854073488,4.982472445747912
dataset_dynamic_nofloortexture_00_000,logging_20260916_01,ORB-SLAM3+YOLO,0.5,866,1.5032437210888663,0.19920161896970312,9.74465401366909,0.3757976736282731,702,1.0722084315054323,0.12888036239444756,0.6720750513181764,0.2717558809975491
dataset_dynamic_nofloortexture_00_000,logging_20260916_01,ORB-SLAM3+YOLO,1.0,898,2.708936047401703,0.29664882444715834,12.499363910261152,0.5453626309223594,651,1.8432351138421375,0.19057547197000158,1.0798916424367675,0.39140866759916043
dataset_dynamic_nofloortexture_00_000,logging_20260916_01,ORB-SLAM3+YOLO,2.0,895,4.621247102107842,0.4536957144862097,18.507337688334378,1.0549643968794957,531,3.1437172461534297,0.2793541579143585,1.6187417520348648,0.6027924166303906
dataset_dynamic_nofloortexture_00_000,logging_20260916_01,ORB-SLAM3+YOLO,5.0,883,9.043854686962657,1.0736428011964538,22.403774565826996,2.626635505184448,334,3.967181383786085,0.36850583639614976,2.542668874567579,1.7613609176317935
dataset_dynamic_nofloortexture_00_000,logging_20260916_02,VINS-Fusion,0.5,1341,6.8480280120862895,2.8901297725069215,1.085568601584154,0.17630759541560762,661,1.956685459710768,0.40729794063342833,1.2657587097334118,0.1572793195950424
dataset_dynamic_nofloortexture_00_000,logging_20260916_02,VINS-Fusion,1.0,1347,12.766851931994513,5.108145030804869,1.671591736520388,0.2958357879624887,612,3.7256239259090504,0.352491592454779,2.1328101196729383,0.24132561572705408
dataset_dynamic_nofloortexture_00_000,logging_20260916_02,VINS-Fusion,2.0,1317,24.669470867422643,9.588913019393173,2.5360976336225542,0.5260819881652119,542,6.910014876705295,0.4888498467355527,3.3391672256938127,0.39775436867945396
dataset_dynamic_nofloortexture_00_000,logging_20260916_02,VINS-Fusion,5.0,1248,60.98673940192385,22.24042642387439,3.7098056614874606,0.9398248194828821,437,14.08796250081013,0.559228213265848,3.023185718286071,0.9926849742679754
dataset_dynamic_nofloortexture_00_000,logging_20260916_02,ORB-SLAM3,0.5,980,31.31268020426968,2.529166164927703,8.264847516281609,0.660994482088258,430,1.4516461817233863,0.9923468959519879,12.365703164649755,0.7554048253721867
dataset_dynamic_nofloortexture_00_000,logging_20260916_02,ORB-SLAM3,1.0,985,59.421602702561906,4.464680929730016,10.943793839856413,1.2518232570507013,362,2.687145868005902,1.7890761413806469,17.847932963767278,1.5218698917471927
dataset_dynamic_nofloortexture_00_000,logging_20260916_02,ORB-SLAM3,2.0,972,114.67326782392428,8.386468048427995,16.946846765418993,2.2265834022508315,236,4.899288003524153,3.3793102786640263,32.871058180747674,2.8268199557832645
dataset_dynamic_nofloortexture_00_000,logging_20260916_02,ORB-SLAM3,5.0,952,277.1502596935478,30.823966632130414,21.364604511646256,4.556255630091345,26,10.163394072787824,7.343034498465229,6.909065290240123,6.799930126797825
dataset_dynamic_nofloortexture_00_000,logging_20260916_02,VINS-Fusion+YOLO,0.5,2217,15.68867079090337,6.355548451623386,1.5299603349854958,0.16905136348710087,922,2.2855147292387232,1.4834021700527034,1.3501912777412612,0.3698727962572902
dataset_dynamic_nofloortexture_00_000,logging_20260916_02,VINS-Fusion+YOLO,1.0,2202,30.07996601727583,12.322250281844992,2.228436493007348,0.31044411001821215,850,4.4175044538922466,3.0985901701830567,2.18531530528804,0.6788798088410375
dataset_dynamic_nofloortexture_00_000,logging_20260916_02,VINS-Fusion+YOLO,2.0,2172,58.81307620030796,24.227612566767572,3.018042197336971,0.5404807828839214,719,8.651744507499137,6.399710816867988,3.3595668339272917,1.2037456328092624
dataset_dynamic_nofloortexture_00_000,logging_20260916_02,VINS-Fusion+YOLO,5.0,2081,144.4900465921676,59.61091886315238,4.050818554618419,1.0735044344815297,464,18.80158086487992,8.43766704704734,3.4020902220138,2.8080246981370567
dataset_dynamic_nofloortexture_00_000,logging_20260916_02,ORB-SLAM3+YOLO,0.5,383,28.40479083109073,0.7332432451229466,11.36543618610309,0.3700932550650836,242,0.9868692661098852,0.34768150031155015,14.288985856103372,0.30144228172965615
dataset_dynamic_nofloortexture_00_000,logging_20260916_02,ORB-SLAM3+YOLO,1.0,481,57.16402505139527,1.345847428713452,13.823132049317243,0.6311548053969614,285,1.7677130718389298,0.5910163798830038,17.933240545132094,0.5242726153084559
dataset_dynamic_nofloortexture_00_000,logging_20260916_02,ORB-SLAM3+YOLO,2.0,470,105.45869340803586,1.9626164924225864,21.46872697614511,1.1845589820102411,262,2.9938662043101063,1.1537123770142288,28.719717161288315,1.1173465923560473
dataset_dynamic_nofloortexture_00_000,logging_20260916_02,ORB-SLAM3+YOLO,5.0,448,249.1499080933517,6.149033814511361,27.212007337830933,2.45268529398951,188,5.77172073852354,2.733155865576241,41.48094726022636,2.258174930467473
dataset_dynamic_nofloortexture_00_000,logging_20260916_03,VINS-Fusion,0.5,1124,10.327993958566804,3.6989048024527387,1.1230766791584332,0.14310013938566174,539,1.943253277329224,0.4703981911236031,1.271563371581157,0.1462506632561292
dataset_dynamic_nofloortexture_00_000,logging_20260916_03,VINS-Fusion,1.0,1153,19.354339718343248,7.150834408092193,1.722906741523881,0.25109620902882407,524,3.5945627463997236,0.43253401703113836,2.1308644163643407,0.2533865088132018
dataset_dynamic_nofloortexture_00_000,logging_20260916_03,VINS-Fusion,2.0,1123,37.20222007637948,13.083591166303526,2.5811179662576054,0.44747932470189494,466,6.731370961634847,0.342957138853873,3.4510580626955183,0.38735294486544447
dataset_dynamic_nofloortexture_00_000,logging_20260916_03,VINS-Fusion,5.0,1060,92.04349156716093,29.513917194458443,3.853796658697698,0.9913424851904624,347,12.59390555459313,0.42218078993809943,2.301160537897525,1.0176548547043651
dataset_dynamic_nofloortexture_00_000,logging_20260916_03,ORB-SLAM3,0.5,1044,117.19193601399735,25.330144357903777,14.7759018138611,0.4087104112244113,377,0.8594074004456854,0.3543267778692803,4.6714612770426935,0.2693148127060317
dataset_dynamic_nofloortexture_00_000,logging_20260916_03,ORB-SLAM3,1.0,1031,222.28124786265292,39.26780294204733,17.531895770517785,0.6752599830938468,304,0.9720874921566561,0.6199847490453476,5.2095766683222715,0.41698962014052054
dataset_dynamic_nofloortexture_00_000,logging_20260916_03,ORB-SLAM3,2.0,988,428.2426540461957,38.84984145539498,23.801348114984815,1.1481797432992789,197,1.6318744627018082,1.1904501728502215,6.471633591480441,0.5902049345838457
dataset_dynamic_nofloortexture_00_000,logging_20260916_03,ORB-SLAM3,5.0,937,1028.5329901778584,87.02758395396177,31.73516443973253,2.613849790145689,74,2.5135005859779116,2.596396762821689,1.041358856107308,1.0408059977607613
dataset_dynamic_nofloortexture_00_000,logging_20260916_03,VINS-Fusion+YOLO,0.5,2041,10.688556948138196,3.5248430776150355,1.7967323195197185,0.20333563398602483,898,2.3838525274250553,1.9449240937476415,1.3488296748085664,0.5119770348640407
dataset_dynamic_nofloortexture_00_000,logging_20260916_03,VINS-Fusion+YOLO,1.0,2026,20.515037171211777,6.838750519202287,2.562863684546921,0.3773322709126822,804,4.661343586984852,3.766322628683943,2.2724458974110022,0.980589728040621
dataset_dynamic_nofloortexture_00_000,logging_20260916_03,VINS-Fusion+YOLO,2.0,1996,40.01523789149515,13.369375922121066,3.3786255802833876,0.6651744920891667,666,9.168152742225587,7.777552394510869,3.849764470970308,1.8775457163750309
dataset_dynamic_nofloortexture_00_000,logging_20260916_03,VINS-Fusion+YOLO,5.0,1910,98.02998395616297,33.13646820944851,4.341306743669272,1.129855081743648,371,21.402907796701932,20.864034683794845,5.629853961143951,3.7454324937825856
dataset_dynamic_nofloortexture_00_000,logging_20260916_03,ORB-SLAM3+YOLO,0.5,442,6.730658221563684,1.4361663467317336,14.408222553372445,0.48655866271040776,291,1.6893884590183876,0.9220946589416056,15.053517829429197,0.4557781284903489
dataset_dynamic_nofloortexture_00_000,logging_20260916_03,ORB-SLAM3+YOLO,1.0,527,13.164991932647489,2.694471438317138,23.931580639770416,0.9185059306108808,287,3.1617115721082407,1.6279849237877424,26.937211369564466,0.7650518286678295
dataset_dynamic_nofloortexture_00_000,logging_20260916_03,ORB-SLAM3+YOLO,2.0,531,24.980090999450507,4.786724951660883,30.68239838045096,1.694617614000613,212,5.59657697894373,2.640644675892828,42.66821253151928,1.7317008413873531
dataset_dynamic_nofloortexture_00_000,logging_20260916_03,ORB-SLAM3+YOLO,5.0,511,68.89055689335146,9.697384988578195,38.27329672720225,3.9921338083867126,96,12.356397663631231,6.64667908173292,41.3217137594326,5.994638617282131
dataset_dynamic_nofloortexture_00_001,logging_20260916_01,VINS-Fusion,0.5,2208,36.64593854938016,20.804849750872776,3.4724484302591705,0.7196344650537655,659,1.3265603797477592,0.11178108091460356,2.378074539426376,0.451237953566171
dataset_dynamic_nofloortexture_00_001,logging_20260916_01,VINS-Fusion,1.0,2193,69.58030900669087,40.5175340437797,4.618282493105191,1.1154643361608028,578,2.2904613293955336,0.16230040334490387,3.478286257483576,0.7725035011286211
dataset_dynamic_nofloortexture_00_001,logging_20260916_01,VINS-Fusion,2.0,2163,135.13641783422668,81.92296767065599,6.314474784960574,1.85206422057585,441,3.090545224862066,0.2747216082902665,4.448618078273841,1.2265251955069472
dataset_dynamic_nofloortexture_00_001,logging_20260916_01,VINS-Fusion,5.0,2072,329.90164569783974,202.05900959821417,8.955396789315971,4.547790789891323,267,3.0976716526423096,0.42565579687862587,4.859018171714068,1.7310254849319229
dataset_dynamic_nofloortexture_00_001,logging_20260916_01,ORB-SLAM3,0.5,1866,110.23166225591542,36.748741822857305,9.266114479401997,0.6129326899227594,585,1.1374364937725365,0.9825185073675393,0.8463692022664914,0.45309206835249544
dataset_dynamic_nofloortexture_00_001,logging_20260916_01,ORB-SLAM3,1.0,1830,211.05336675366067,62.356763745591124,13.858017139880538,1.1324297788805011,468,1.9968629848173576,1.7835975178066596,1.4436260309667321,0.8726165581867873
dataset_dynamic_nofloortexture_00_001,logging_20260916_01,ORB-SLAM3,2.0,1794,402.81016900561264,120.59689539784975,19.957946196235486,2.265838576217268,275,3.380007237726002,3.0920260123472043,2.7193828978991306,2.5234918823921477
dataset_dynamic_nofloortexture_00_001,logging_20260916_01,ORB-SLAM3,5.0,1785,1036.1156988985426,371.38718967908744,25.981390027144744,5.643028309181409,37,4.2578516868007865,3.007821214723164,5.489052835337825,5.462765173780796
dataset_dynamic_nofloortexture_00_001,logging_20260916_01,VINS-Fusion+YOLO,0.5,2208,82.78461822462488,41.62163857291267,6.1223629085074,1.241773626878853,167,2.194223383119949,2.0861225011247106,3.7197177113117657,1.2289612422825054
dataset_dynamic_nofloortexture_00_001,logging_20260916_01,VINS-Fusion+YOLO,1.0,2193,159.0611030760784,81.54300498783441,7.813883284448975,2.1237653797175695,128,3.6987829581357103,3.432721874893942,2.331262897002312,1.7563772537865512
dataset_dynamic_nofloortexture_00_001,logging_20260916_01,VINS-Fusion+YOLO,2.0,2163,310.281057420753,160.65778520748827,9.506022720986241,3.195373591029537,68,5.121813794428934,4.240911891474875,2.4694417069152883,2.172268661180614
dataset_dynamic_nofloortexture_00_001,logging_20260916_01,VINS-Fusion+YOLO,5.0,2072,761.8127617399026,394.5803276981061,12.895913187610347,6.439352562390539,0,nan,nan,nan,nan
dataset_dynamic_nofloortexture_00_001,logging_20260916_01,ORB-SLAM3+YOLO,0.5,1888,107.91792583592581,48.162888491157155,9.062285695135996,0.7429640599535867,669,0.7371415368838142,0.48796581880657813,0.36877222901712875,0.15516445468123494
dataset_dynamic_nofloortexture_00_001,logging_20260916_01,ORB-SLAM3+YOLO,1.0,1852,209.2567947693741,94.19689553086201,12.762429486588779,1.413141865304135,599,1.220942091841667,0.9702919603011804,0.5877056413971038,0.2264210036103662
dataset_dynamic_nofloortexture_00_001,logging_20260916_01,ORB-SLAM3+YOLO,2.0,1808,411.1187020199511,201.01617319478208,17.91772150249745,2.859967516694489,469,1.9693306571834905,2.0105732182338625,0.9884286085777833,0.3602134528410401
dataset_dynamic_nofloortexture_00_001,logging_20260916_01,ORB-SLAM3+YOLO,5.0,1713,1001.5514436732474,428.6562419929964,23.76867644491865,7.419365919773497,272,4.048100678571586,5.120251423921368,1.4241998045056228,0.5489585887236312
dataset_dynamic_nofloortexture_00_001,logging_20260916_02,VINS-Fusion,0.5,2208,52.753783377982614,25.041692881752038,4.688126063540684,1.0023524341000953,344,2.110422922898847,2.0122914197638915,3.7661051313672296,0.9515902122427552
dataset_dynamic_nofloortexture_00_001,logging_20260916_02,VINS-Fusion,1.0,2193,101.2729514091921,47.763464147834824,6.201981889929257,1.9137336477919582,269,3.5221751131770462,2.5327554625925326,5.345549389926475,1.7218073028475342
dataset_dynamic_nofloortexture_00_001,logging_20260916_02,VINS-Fusion,2.0,2163,197.29018499255932,98.83522580123761,8.065614073865849,3.0448563712068477,146,3.742884192676691,0.5967867099588242,4.883641434916811,3.1167636874826665
dataset_dynamic_nofloortexture_00_001,logging_20260916_02,VINS-Fusion,5.0,2072,482.7342811908871,247.81399027684716,9.934320095476778,5.090096539212288,45,5.253140209243176,4.058256947626791,7.445410936822975,7.476106809205888
dataset_dynamic_nofloortexture_00_001,logging_20260916_02,ORB-SLAM3,0.5,1825,97.62051196907031,37.20103723681485,9.839946475525124,0.5971498758979044,452,1.1446393596167892,1.0091313291555113,0.8213172102911418,0.3138353522838677
dataset_dynamic_nofloortexture_00_001,logging_20260916_02,ORB-SLAM3,1.0,1794,186.48868410741275,60.171710963229756,14.131893442993507,1.185189309532181,307,2.027851934200663,1.9275491636447122,1.4300396843827379,0.41255077856920536
dataset_dynamic_nofloortexture_00_001,logging_20260916_02,ORB-SLAM3,2.0,1750,359.2096275366221,108.69489540720475,19.701894646798102,2.2770213820493526,116,3.690350796048505,3.4088249752858233,2.6045574548229604,1.565283194855758
dataset_dynamic_nofloortexture_00_001,logging_20260916_02,ORB-SLAM3,5.0,1753,917.9293618726545,342.5508058151302,25.172250233218016,5.989661212340871,0,nan,nan,nan,nan
dataset_dynamic_nofloortexture_00_001,logging_20260916_02,VINS-Fusion+YOLO,0.5,2208,75.3224063026745,35.733860055521916,5.65076161912191,1.0912276811507855,193,2.1828413505868722,2.0932319498316283,4.017007806030382,0.7169743961316489
dataset_dynamic_nofloortexture_00_001,logging_20260916_02,VINS-Fusion+YOLO,1.0,2193,144.80978937624695,69.20601070335594,6.983854075701536,1.8117726868434174,148,3.8691165272709114,3.8164660314909478,5.613797310031609,0.6591828007753465
dataset_dynamic_nofloortexture_00_001,logging_20260916_02,VINS-Fusion+YOLO,2.0,2163,282.9964360608121,136.12758932456788,8.480021410074757,2.591055324473201,60,5.748274666203516,4.613489283907562,1.6213686858066108,0.8111645678077204
dataset_dynamic_nofloortexture_00_001,logging_20260916_02,VINS-Fusion+YOLO,5.0,2072,694.268116301126,340.5387875882581,11.288492841337955,4.512985677211844,0,nan,nan,nan,nan
dataset_dynamic_nofloortexture_00_001,logging_20260916_02,ORB-SLAM3+YOLO,0.5,1074,19.961789267911502,1.0475018029687342,10.661644629870338,0.34286628889460763,596,1.2129465826480974,0.2653117026758872,0.4644974407349594,0.23744486860513517
dataset_dynamic_nofloortexture_00_001,logging_20260916_02,ORB-SLAM3+YOLO,1.0,1092,39.46302732668702,2.6752000094723236,14.690676664190356,0.5566993437944672,553,2.172109674746614,0.5032353219771432,0.7123755099712716,0.3419033428085062
dataset_dynamic_nofloortexture_00_001,logging_20260916_02,ORB-SLAM3+YOLO,2.0,1078,76.84488204288134,5.4305832611636,20.565197156569866,1.0713144796382026,472,3.3310254597293882,1.0075025530792368,1.1795254217329767,0.46267189062366987
dataset_dynamic_nofloortexture_00_001,logging_20260916_02,ORB-SLAM3+YOLO,5.0,1069,184.68339165871788,14.996469544323695,23.42365233311526,2.932045207380237,329,3.8596534642254614,2.5355064486784205,1.6957655512458996,0.7159759617970491
dataset_dynamic_nofloortexture_00_001,logging_20260916_03,VINS-Fusion,0.5,2208,65.2507807471238,20.574796670715855,4.7883773120208755,1.3423053388154338,113,2.4862867598356413,2.352696154819383,6.920709382022979,5.630850493952721
dataset_dynamic_nofloortexture_00_001,logging_20260916_03,VINS-Fusion,1.0,2193,125.06608245383114,37.32084175160464,6.320088322409796,2.128439415633186,83,4.605326618158125,4.485647320839384,10.881080593001768,12.46355004569122
dataset_dynamic_nofloortexture_00_001,logging_20260916_03,VINS-Fusion,2.0,2163,242.90713729178768,72.46181231268524,8.15782577497378,2.7540866771799988,23,9.019340107251608,9.161852268363972,18.586065214218817,20.193940732695516
dataset_dynamic_nofloortexture_00_001,logging_20260916_03,VINS-Fusion,5.0,2072,591.5636098648207,174.20459962439492,12.463017292529972,4.132783469047761,0,nan,nan,nan,nan
dataset_dynamic_nofloortexture_00_001,logging_20260916_03,ORB-SLAM3,0.5,1778,84.27881668792273,25.65818294850077,9.603571599846212,0.6075161043705357,479,1.0888922489476613,1.0221015775468607,0.7897254432932088,0.31173652581948147
dataset_dynamic_nofloortexture_00_001,logging_20260916_03,ORB-SLAM3,1.0,1749,160.76422183690116,42.861435987112586,13.39260530673817,1.1929851283380484,324,2.03551846649437,1.9826299542879762,1.3273630508576792,0.5283302832987886
dataset_dynamic_nofloortexture_00_001,logging_20260916_03,ORB-SLAM3,2.0,1691,311.1133064588467,73.6524254106023,19.147841309987275,2.530472116652526,117,3.987569977524529,4.250612470381192,2.3349958354055187,2.013594863090137
dataset_dynamic_nofloortexture_00_001,logging_20260916_03,ORB-SLAM3,5.0,1683,799.2153190449557,266.150082609072,23.84312632909135,5.693458519358824,0,nan,nan,nan,nan
dataset_dynamic_nofloortexture_00_001,logging_20260916_03,VINS-Fusion+YOLO,0.5,2208,57.96832811473946,14.889679244788836,4.976376525714279,1.2738930523843037,86,2.540406790489883,2.354756869776438,5.341358046218886,3.128570314480991
dataset_dynamic_nofloortexture_00_001,logging_20260916_03,VINS-Fusion+YOLO,1.0,2193,111.1378634287325,27.92450095364176,6.691714883898549,2.179827389140574,38,4.520478666178426,4.389592513072291,3.1751406343043245,2.5916437733053463
dataset_dynamic_nofloortexture_00_001,logging_20260916_03,VINS-Fusion+YOLO,2.0,2163,216.04590645356183,54.19604850721217,8.555750739739803,2.898195838853951,8,8.785636215602064,8.75573115854407,3.7433743865134566,3.434276834483335
dataset_dynamic_nofloortexture_00_001,logging_20260916_03,VINS-Fusion+YOLO,5.0,2072,526.2179465416523,131.56973516510573,11.8176303375431,5.360490029227102,0,nan,nan,nan,nan
dataset_dynamic_nofloortexture_00_001,logging_20260916_03,ORB-SLAM3+YOLO,0.5,823,18.46275481962567,1.2314299880021076,10.89488559682307,0.3481878971135677,438,1.4079878407583022,0.4816095772529433,0.5812851352168915,0.24411292532359638
dataset_dynamic_nofloortexture_00_001,logging_20260916_03,ORB-SLAM3+YOLO,1.0,862,36.884134982549845,2.4362600153065106,14.093422106722958,0.5889486259021222,401,2.5344633056080514,0.9444827752271053,0.7964240823229136,0.3704700370827072
dataset_dynamic_nofloortexture_00_001,logging_20260916_03,ORB-SLAM3+YOLO,2.0,863,72.72426873339315,4.570540856058372,20.85394754977732,1.1726226038745995,322,4.303704759349272,1.8980425834332708,1.338278462645502,0.48237641491746897
dataset_dynamic_nofloortexture_00_001,logging_20260916_03,ORB-SLAM3+YOLO,5.0,860,177.953466156663,12.231172017237817,24.147526571383263,2.864307859544236,175,3.8249521497011143,4.865873644000649,2.206431232075967,0.40416575139755156
dataset_dynamic_nofloortexture_01_000,logging_20260916_01,VINS-Fusion,0.5,2536,27.281873433325476,15.139986976991917,1.3049454425707068,0.24023461641280167,884,1.5164098571879683,1.2499797016229692,2.1118553010117718,0.48783096729644515
dataset_dynamic_nofloortexture_01_000,logging_20260916_01,VINS-Fusion,1.0,2521,52.78026537997063,29.33941095785622,2.036503632942223,0.4262036177368982,839,2.7877082009000254,2.248348766228531,3.399836654392905,0.9548821419813016
dataset_dynamic_nofloortexture_01_000,logging_20260916_01,VINS-Fusion,2.0,2491,103.55152290825296,57.70550447626388,2.979386686203512,0.7800617851835477,776,5.05328260511318,4.112415307978475,5.134516045775119,1.5052284448207698
dataset_dynamic_nofloortexture_01_000,logging_20260916_01,VINS-Fusion,5.0,2400,255.42297604944028,143.8130562780521,3.6486138339193,1.5993116064011366,594,10.112536982640524,8.376565822164775,6.490114059943173,2.2087398830467047
dataset_dynamic_nofloortexture_01_000,logging_20260916_01,ORB-SLAM3,0.5,1384,4.9812255559335386,1.069187595742274,13.653233506287958,1.4241061785294178,822,1.171777795430331,0.8653025960487377,1.7013546738786745,1.0158652631571474
dataset_dynamic_nofloortexture_01_000,logging_20260916_01,ORB-SLAM3,1.0,1369,9.059245978365958,2.061613147392207,19.35050059599718,2.674294768113401,608,2.151405519436843,1.648627622689173,3.085945809272534,2.0392446642581663
dataset_dynamic_nofloortexture_01_000,logging_20260916_01,ORB-SLAM3,2.0,1382,19.491979384434458,3.851502883683854,26.785046558921767,5.275594775932747,333,4.112649995050615,3.2600722445109396,5.928544712173415,4.876722496553374
dataset_dynamic_nofloortexture_01_000,logging_20260916_01,ORB-SLAM3,5.0,1258,38.35581165330044,9.027719813532745,32.682520050591755,10.996066320902425,84,9.649253819314206,8.308133920186542,13.448857071601871,12.190770731504667
dataset_dynamic_nofloortexture_01_000,logging_20260916_01,VINS-Fusion+YOLO,0.5,2536,21.68669637161177,11.535695745365125,1.263645086247937,0.22635052598398275,958,1.5803692362556756,1.2696389930051497,1.9882585215722375,0.4745971317366676
dataset_dynamic_nofloortexture_01_000,logging_20260916_01,VINS-Fusion+YOLO,1.0,2521,41.947424297201664,22.348271297436312,1.946992647153201,0.4227309986495699,928,2.959351848130525,2.3539651909863375,3.1113016048049342,0.8217767713250134
dataset_dynamic_nofloortexture_01_000,logging_20260916_01,VINS-Fusion+YOLO,2.0,2491,82.26033121777867,43.92476132569928,2.8629317145099713,0.763446269484592,868,5.454968918637358,4.428395395600546,4.677423905163786,1.4304823020286803
dataset_dynamic_nofloortexture_01_000,logging_20260916_01,VINS-Fusion+YOLO,5.0,2400,202.58705533742628,109.41617487344601,3.491395113791567,1.6875739391608162,686,11.189627711140394,8.958893631584814,5.755049200984883,1.9789090914971612
dataset_dynamic_nofloortexture_01_000,logging_20260916_01,ORB-SLAM3+YOLO,0.5,1247,1.7485505724887378,0.20401489523502683,16.01327226367393,0.42276112797029625,1111,0.8680678718970987,0.1598062688980342,5.400332373609822,0.37211210908439335
dataset_dynamic_nofloortexture_01_000,logging_20260916_01,ORB-SLAM3+YOLO,1.0,1244,2.434753049835325,0.3406572435651526,22.698361302628197,0.7115494995997876,1022,1.5699574287678464,0.26876725836593207,8.16741400049171,0.5524769379149786
dataset_dynamic_nofloortexture_01_000,logging_20260916_01,ORB-SLAM3+YOLO,2.0,1222,4.313067933344119,0.8093990562093557,31.682149663145324,1.5185658874266352,888,3.025462247476027,0.4616903989194286,9.319526885986319,0.9783007806798274
dataset_dynamic_nofloortexture_01_000,logging_20260916_01,ORB-SLAM3+YOLO,5.0,1204,10.076933367701317,2.0382508870673783,41.51321670020224,5.090405544052141,573,5.007660547686641,0.9373159776808557,4.325343685370969,1.4609834568675493
dataset_dynamic_nofloortexture_01_000,logging_20260916_02,VINS-Fusion,0.5,2536,25.785184323556166,14.214248704526213,1.3415427787523637,0.23020330734569233,896,1.5306397638838218,1.2556257499962258,2.1293805211054346,0.4970575582282772
dataset_dynamic_nofloortexture_01_000,logging_20260916_02,VINS-Fusion,1.0,2521,49.88378691449889,27.54536912778311,2.0654933530736166,0.4246940846462816,851,2.8296226029949074,2.267670787635363,3.3889431562225543,0.9365790036771771
dataset_dynamic_nofloortexture_01_000,logging_20260916_02,VINS-Fusion,2.0,2491,97.87108899936928,54.168087503334796,2.9997254641276547,0.7715749391275921,774,5.079836153061392,4.063087487540483,5.1497610396267435,1.573151389339467
dataset_dynamic_nofloortexture_01_000,logging_20260916_02,VINS-Fusion,5.0,2400,241.4258190194365,134.971980379672,3.6313845095498056,1.591690344356012,592,10.082133287514578,8.160665442575162,6.458294661269673,2.191004917499246
dataset_dynamic_nofloortexture_01_000,logging_20260916_02,ORB-SLAM3,0.5,1482,6.311452337816059,1.133483630455621,13.70601926698035,1.5580628600138198,953,1.278045058077505,0.8879992685592152,1.8288972882610548,1.3796878190017445
dataset_dynamic_nofloortexture_01_000,logging_20260916_02,ORB-SLAM3,1.0,1445,11.343970822985366,2.091651007590612,19.260085837362084,2.9851573889160723,819,2.189032845943401,1.647893649353012,3.2845722223456066,2.5000975577519386
dataset_dynamic_nofloortexture_01_000,logging_20260916_02,ORB-SLAM3,2.0,1446,22.661435111430045,4.127635581733907,27.16289679374876,5.910101467679173,623,3.8621271668603123,2.9889225949048392,5.961239741782283,4.42871911364631
dataset_dynamic_nofloortexture_01_000,logging_20260916_02,ORB-SLAM3,5.0,1340,53.52980017537373,9.57262648723532,32.62643978001046,13.402971103135926,331,7.594599831644151,7.369264031132404,15.208809188848075,12.069611827936896
dataset_dynamic_nofloortexture_01_000,logging_20260916_02,VINS-Fusion+YOLO,0.5,2536,24.334797308550534,13.364867796633503,1.2989428804673018,0.2385058215626361,922,1.5495128220474352,1.2700099888444503,2.0440646352898826,0.47184530691991655
dataset_dynamic_nofloortexture_01_000,logging_20260916_02,VINS-Fusion+YOLO,1.0,2521,47.07425086991237,25.902157530967905,2.026745494704253,0.4522057104049921,892,2.8919415985651775,2.3991409024814683,3.2549444983193574,0.8851370814971806
dataset_dynamic_nofloortexture_01_000,logging_20260916_02,VINS-Fusion+YOLO,2.0,2491,92.33876285851747,50.94722307850189,2.9739876355862593,0.816178629284377,832,5.293544746106197,4.464256384052947,4.918258092747916,1.508139069169737
dataset_dynamic_nofloortexture_01_000,logging_20260916_02,VINS-Fusion+YOLO,5.0,2400,227.643992815859,126.96906115853233,3.6299443546491497,1.6899456217865876,650,10.78053743722514,9.02883295909873,6.097269573278155,2.0577781247576294
dataset_dynamic_nofloortexture_01_000,logging_20260916_02,ORB-SLAM3+YOLO,0.5,898,2.583578529545761,0.13863464522534996,14.161881818504725,0.2919011964793342,810,1.2555261577141765,0.12219102731164808,0.6856733173570909,0.2608376097948155
dataset_dynamic_nofloortexture_01_000,logging_20260916_02,ORB-SLAM3+YOLO,1.0,956,3.7951910316198827,0.23853817018970913,20.49763429292118,0.5345369082239786,801,2.108917924331085,0.1856495695291258,1.0444948938849454,0.3787364531704131
dataset_dynamic_nofloortexture_01_000,logging_20260916_02,ORB-SLAM3+YOLO,2.0,946,6.322904563936478,0.5244763981029792,28.23553878417776,1.12744020343633,698,3.05655691132108,0.2988215321465282,1.488091464124497,0.6408025220505496
dataset_dynamic_nofloortexture_01_000,logging_20260916_02,ORB-SLAM3+YOLO,5.0,920,15.73063446590271,1.1899171697364683,34.451662528510106,2.7112934078389412,520,2.015009331578954,0.5627039223489358,1.8082556721176333,1.020955334708638
dataset_dynamic_nofloortexture_01_000,logging_20260916_03,VINS-Fusion,0.5,2536,28.845678844671102,16.19346079538068,1.3490212055115771,0.23178153433431287,887,1.514742183534642,1.2811530252629137,2.178467316947288,0.43114409616246097
dataset_dynamic_nofloortexture_01_000,logging_20260916_03,VINS-Fusion,1.0,2521,55.80701459843571,31.380101497273245,2.0633999104253578,0.42806198591883915,857,2.8210262629442684,2.4175187139627607,3.4275803372806735,0.8185963332683743
dataset_dynamic_nofloortexture_01_000,logging_20260916_03,VINS-Fusion,2.0,2491,109.50241697484667,61.72591610303361,2.9846356607624824,0.8011704344051016,797,5.148324917179886,4.487798277811997,5.094605452868594,1.4091409680486442
dataset_dynamic_nofloortexture_01_000,logging_20260916_03,VINS-Fusion,5.0,2400,270.2146838413001,153.8634326434401,3.644878897693724,1.6239463385068595,615,10.553852676670399,9.018707578836342,6.3816615303296285,2.0308931436301827
dataset_dynamic_nofloortexture_01_000,logging_20260916_03,ORB-SLAM3,0.5,1631,6.092355175387425,1.4816117091724965,16.56196645974152,1.5112853936018416,805,1.3512224522401666,1.0403695179320391,2.0333530336498735,1.4434934425609285
dataset_dynamic_nofloortexture_01_000,logging_20260916_03,ORB-SLAM3,1.0,1610,11.546423138087933,2.8143364191360702,23.542983269932403,2.865047045380715,581,2.46624311761251,2.062857961734865,3.8527912312018575,2.9093965915925923
dataset_dynamic_nofloortexture_01_000,logging_20260916_03,ORB-SLAM3,2.0,1604,23.0403979729422,5.524501193144277,33.440592732515434,5.68870028190066,275,4.8832333391190375,4.0638430910244505,8.099748883892314,7.036686349136875
dataset_dynamic_nofloortexture_01_000,logging_20260916_03,ORB-SLAM3,5.0,1558,62.756131735642725,14.311085288182188,41.44462583836026,14.056534878944262,57,9.97380009284367,8.560667001828831,22.741258666559744,23.88232035336794
dataset_dynamic_nofloortexture_01_000,logging_20260916_03,VINS-Fusion+YOLO,0.5,2536,23.91811806387176,12.901601074308495,1.3393409974854777,0.22059691995249575,929,1.5312397227181196,1.2410007789638153,2.1051282973664645,0.485829611049178
dataset_dynamic_nofloortexture_01_000,logging_20260916_03,VINS-Fusion+YOLO,1.0,2521,46.26518448506666,24.99430104062925,2.0597850989612567,0.41928682747009066,899,2.8608515471377736,2.330288844803729,3.3089863164068176,0.844082249122316
dataset_dynamic_nofloortexture_01_000,logging_20260916_03,VINS-Fusion+YOLO,2.0,2491,90.74242181660841,49.14917506563737,2.991350640162653,0.7588786970269805,839,5.245593885118812,4.325168112737231,4.949395632568364,1.5028416818568155
dataset_dynamic_nofloortexture_01_000,logging_20260916_03,VINS-Fusion+YOLO,5.0,2400,223.62485449464526,122.44925005529707,3.5928176132654084,1.6675154198529278,657,10.69133264955962,8.80797633528986,6.076919818725381,2.1545400759274043
dataset_dynamic_nofloortexture_01_000,logging_20260916_03,ORB-SLAM3+YOLO,0.5,637,44.025367919266394,0.2223929160044759,16.744348452639873,0.3220449610279047,429,0.6463782107046755,0.11326732015076195,3.190426841648368,0.2166848980498481
dataset_dynamic_nofloortexture_01_000,logging_20260916_03,ORB-SLAM3+YOLO,1.0,694,87.05875530511587,0.7948586051617517,24.161116568313574,0.6229200410767941,421,1.169749577740894,0.15993771013329344,4.501686397668719,0.27654381441291914
dataset_dynamic_nofloortexture_01_000,logging_20260916_03,ORB-SLAM3+YOLO,2.0,687,164.78899396973793,2.822713817638274,36.39369749777737,1.482223118521696,335,1.635950307103741,0.26174816794118516,10.661775841023585,0.45559920003519955
dataset_dynamic_nofloortexture_01_000,logging_20260916_03,ORB-SLAM3+YOLO,5.0,651,451.30633003430034,9.537845051411445,50.67627334974857,3.354053998687755,204,2.0880070210604065,0.5959359237570075,16.293981543171174,0.7864392642428597
dataset_dynamic_nofloortexture_02_000,logging_20260916_01,VINS-Fusion,0.5,2685,0.5509698181104848,0.09964527370841032,0.8696326576973016,0.12717749501941053,2338,0.4224685413115726,0.07884355708278226,0.48671885029670625,0.11495481460631896
dataset_dynamic_nofloortexture_02_000,logging_20260916_01,VINS-Fusion,1.0,2670,1.0349112570859968,0.1871369048963556,0.9898254866508462,0.24093883992430748,2275,0.7748957058575138,0.14927801600106036,0.6215681366317123,0.21613788463506933
dataset_dynamic_nofloortexture_02_000,logging_20260916_01,VINS-Fusion,2.0,2640,1.9961870956904604,0.3283355667514807,1.1623198926349354,0.46816689201811046,2198,1.3964089609061792,0.2614112085893088,0.8191641639704752,0.41719428337600534
dataset_dynamic_nofloortexture_02_000,logging_20260916_01,VINS-Fusion,5.0,2549,4.762687431734101,0.6280479967043796,1.8298377062208058,1.1817081915743068,2086,3.0175305730982696,0.49335463314300576,1.4054724134498027,1.0059053776321112
dataset_dynamic_nofloortexture_02_000,logging_20260916_01,ORB-SLAM3,0.5,2274,3.721529345378099,1.4315031175531876,7.567158180636521,0.9403621780868183,1343,1.2230575623930307,0.3443798803531412,1.065152566357709,0.7359143721602215
dataset_dynamic_nofloortexture_02_000,logging_20260916_01,ORB-SLAM3,1.0,2249,6.928479013604495,2.856568479710916,10.691199129755484,1.7921731491129387,1136,2.1222690766491032,0.6439584107046006,1.8951771946498437,1.3820995388916966
dataset_dynamic_nofloortexture_02_000,logging_20260916_01,ORB-SLAM3,2.0,2195,12.921367599996794,5.003213381760302,15.449437979690588,3.578818079293966,835,3.3397203586189863,1.192514638622864,3.2330669735591613,2.421916206675803
dataset_dynamic_nofloortexture_02_000,logging_20260916_01,ORB-SLAM3,5.0,2110,27.12024371364402,9.853652418268545,18.584879450673014,8.14576910626569,485,6.000699595664892,4.472287810451431,6.358523029790888,5.746832663909674
dataset_dynamic_nofloortexture_02_000,logging_20260916_01,VINS-Fusion+YOLO,0.5,2663,136.0816688138339,74.26176895481247,10.806890903728341,1.9225892630696562,42,2.6019686796721246,2.4406013938462907,6.364315787215558,2.0141677425600917
dataset_dynamic_nofloortexture_02_000,logging_20260916_01,VINS-Fusion+YOLO,1.0,2648,256.47731449512656,141.42624383574412,12.956926125474688,3.1597409184835,27,4.89514324761361,4.72789774431849,7.811028781958473,3.2319087156285686
dataset_dynamic_nofloortexture_02_000,logging_20260916_01,VINS-Fusion+YOLO,2.0,2618,495.43933331250474,275.65693073243824,15.163065136404976,4.780113214007127,0,nan,nan,nan,nan
dataset_dynamic_nofloortexture_02_000,logging_20260916_01,VINS-Fusion+YOLO,5.0,2527,1201.220081275026,680.846100793618,22.104817041549207,8.705327024847666,0,nan,nan,nan,nan
dataset_dynamic_nofloortexture_02_000,logging_20260916_01,ORB-SLAM3+YOLO,0.5,684,65.39353557795131,0.2727661792301216,15.389433919873264,0.3429670200098385,474,0.6327150498880311,0.11008016545172972,8.177597648840452,0.24167112315079758
dataset_dynamic_nofloortexture_02_000,logging_20260916_01,ORB-SLAM3+YOLO,1.0,787,127.94019728279373,0.7264801913848549,23.67980204308732,0.6437064077356577,499,1.2519290013562208,0.18053345785846844,10.512404201469574,0.3645675229836165
dataset_dynamic_nofloortexture_02_000,logging_20260916_01,ORB-SLAM3+YOLO,2.0,762,246.8258312119949,2.7422215151963916,34.83425494548116,1.5273630412533437,414,2.277714509868807,0.2943218008697622,12.878184015746667,0.5779569334025645
dataset_dynamic_nofloortexture_02_000,logging_20260916_01,ORB-SLAM3+YOLO,5.0,728,622.4460343424298,9.404336153628087,46.48418711660838,5.070281845088974,280,4.72012208926849,0.6379064911700278,14.321126042973228,0.7831110232650215
dataset_dynamic_nofloortexture_02_000,logging_20260916_02,VINS-Fusion,0.5,2685,0.5888615085418615,0.10881402988132656,0.8335850895242602,0.12068968117444086,2356,0.4900296956821872,0.08300469053453757,0.4950147294981468,0.10916424050666096
dataset_dynamic_nofloortexture_02_000,logging_20260916_02,VINS-Fusion,1.0,2670,1.1135619446891913,0.20900058491222429,0.9991881120961409,0.23286856249825258,2284,0.9097924565018617,0.15768826795497282,0.6566676449361776,0.2042463029032055
dataset_dynamic_nofloortexture_02_000,logging_20260916_02,VINS-Fusion,2.0,2640,2.1520266326098794,0.35843263399951175,1.1518736136249317,0.4452958455246986,2177,1.6522055797574355,0.2766899854874303,0.7778612136164359,0.38367675900539394
dataset_dynamic_nofloortexture_02_000,logging_20260916_02,VINS-Fusion,5.0,2549,5.116607330645747,0.7808325920147191,1.8208823622509478,1.1345445881970593,2010,3.2597615298036393,0.5299587715082099,1.316079415816712,0.9080151525062456
dataset_dynamic_nofloortexture_02_000,logging_20260916_02,ORB-SLAM3,0.5,1993,14.398722275729266,0.8918585345201796,10.596713295820896,0.7881746243905299,1103,0.7365852750656919,0.4005262225693272,1.1177246233753189,0.668127890868991
dataset_dynamic_nofloortexture_02_000,logging_20260916_02,ORB-SLAM3,1.0,1978,27.408342023292875,1.7585229185183975,15.204018129313551,1.4633828039826322,944,1.2724338417721675,0.7841228402356684,1.884012374873701,1.1028233903091085
dataset_dynamic_nofloortexture_02_000,logging_20260916_02,ORB-SLAM3,2.0,1942,52.67201782026652,3.3617332395131845,22.089917754138845,2.8738023504611707,724,2.0995399077413124,1.54548539319343,3.089248050445412,1.8107823023701548
dataset_dynamic_nofloortexture_02_000,logging_20260916_02,ORB-SLAM3,5.0,1802,124.93222422904869,10.113252058243091,26.040405954510753,6.567359326169699,319,3.97319626715222,3.6432974201913146,5.868210583875397,3.711890541483205
dataset_dynamic_nofloortexture_02_000,logging_20260916_02,VINS-Fusion+YOLO,0.5,2685,0.5502861660971506,0.11893001122530653,0.9141911435189752,0.13081350542498535,2397,0.43296602197096135,0.09226957161621897,0.5365722199248899,0.123298478676559
dataset_dynamic_nofloortexture_02_000,logging_20260916_02,VINS-Fusion+YOLO,1.0,2670,1.0194785122346437,0.22110673935888467,1.1168494732580163,0.24971312426702313,2338,0.8165778041116951,0.1703687023023223,0.7286326237098367,0.22995130416693382
dataset_dynamic_nofloortexture_02_000,logging_20260916_02,VINS-Fusion+YOLO,2.0,2640,1.9442169287201954,0.3721470663071651,1.4454621611548246,0.4815282350973564,2265,1.5576871870601212,0.3013293882242272,0.8753084117432439,0.44481640482625684
dataset_dynamic_nofloortexture_02_000,logging_20260916_02,VINS-Fusion+YOLO,5.0,2549,4.549030560681643,0.8133772468319486,2.0988104390002205,1.2173278260763196,2174,3.4360777360869514,0.5944058057035365,1.5994258588609735,1.0917706665361235
dataset_dynamic_nofloortexture_02_000,logging_20260916_02,ORB-SLAM3+YOLO,0.5,692,42.74581970679655,0.20862067482073962,15.202680966787593,0.311508691882821,484,0.786015171704368,0.11065863547092374,3.4845638478645777,0.19442427986769203
dataset_dynamic_nofloortexture_02_000,logging_20260916_02,ORB-SLAM3+YOLO,1.0,755,80.42922834802648,1.1058332900456223,22.747581785851974,0.5917409732053758,491,1.6383500304797898,0.2000921247994801,10.713007863298706,0.27805543021311047
dataset_dynamic_nofloortexture_02_000,logging_20260916_02,ORB-SLAM3+YOLO,2.0,753,169.0528853347855,2.4957687034400386,29.957116263213024,1.2506390459383667,427,2.686071677398674,0.41045642039341496,12.985739279869918,0.3765213028733722
dataset_dynamic_nofloortexture_02_000,logging_20260916_02,ORB-SLAM3+YOLO,5.0,728,400.86738250207566,6.298862393437301,38.813003113380965,3.9399717139303405,289,5.498547728174812,1.071438605770135,24.787096250002097,0.621948995523516
dataset_dynamic_nofloortexture_02_000,logging_20260916_03,VINS-Fusion,0.5,2684,0.5293758376211694,0.10241488737033183,0.7644375535145599,0.09975769429029482,2404,0.41347513173857336,0.08246193707474751,0.44101866155808483,0.09073670493627711
dataset_dynamic_nofloortexture_02_000,logging_20260916_03,VINS-Fusion,1.0,2669,0.9860620593887126,0.19033894968512058,0.9712763195103062,0.19114963825914313,2325,0.7547090270053481,0.1524996235051028,0.544563723477283,0.16855148142614115
dataset_dynamic_nofloortexture_02_000,logging_20260916_03,VINS-Fusion,2.0,2639,1.8832519457690196,0.3369962946582927,1.2014456129106257,0.37660532075389824,2218,1.3715167840459381,0.2640685887188866,0.6366190211229773,0.30398696432675354
dataset_dynamic_nofloortexture_02_000,logging_20260916_03,VINS-Fusion,5.0,2548,4.401002035091849,0.5794911850466171,1.7340570312770813,0.9937683390615722,2082,2.9783819684725885,0.4917192643912061,1.0764312035503398,0.7627414834010889
dataset_dynamic_nofloortexture_02_000,logging_20260916_03,ORB-SLAM3,0.5,1968,4.095125217164062,1.0012503394088368,12.422375132623047,0.8743105734381837,1160,1.066920807904915,0.42848263627643024,1.1115798330618174,0.7265831975218208
dataset_dynamic_nofloortexture_02_000,logging_20260916_03,ORB-SLAM3,1.0,1946,7.3351671879436,2.0409911321487337,18.333739276016264,1.6408207876356862,968,1.9745725380286894,0.7058355223605386,1.7667171806432778,1.2790081497590842
dataset_dynamic_nofloortexture_02_000,logging_20260916_03,ORB-SLAM3,2.0,1901,13.167990835338275,3.8586234055226627,26.315931715467038,3.4714517329639256,755,3.67967751555826,1.5969715245146303,3.0063130891528425,2.3280531819454064
dataset_dynamic_nofloortexture_02_000,logging_20260916_03,ORB-SLAM3,5.0,1755,28.190867413875605,9.418676581644498,35.27523394471992,9.38630919748377,368,7.5485564408117085,4.429390382035304,6.194066423274364,6.124299375369244
dataset_dynamic_nofloortexture_02_000,logging_20260916_03,VINS-Fusion+YOLO,0.5,1674,0.6701952297809433,0.21272738825226783,0.9665079323279783,0.15214997397007482,1334,0.5237778424746544,0.10175176791467813,0.6051329264677792,0.1260403598344934
dataset_dynamic_nofloortexture_02_000,logging_20260916_03,VINS-Fusion+YOLO,1.0,1701,1.2135804452709789,0.35346459768692357,1.249661944297136,0.2763104473567037,1302,0.9162338852467468,0.17453367940338382,0.6739306417717577,0.22486228372782957
dataset_dynamic_nofloortexture_02_000,logging_20260916_03,VINS-Fusion+YOLO,2.0,1672,2.271093785538397,0.5396878527721716,1.4483935703900752,0.5223597747855675,1214,1.5383745640597695,0.2687062612798898,0.7706779966061281,0.4262855824012193
dataset_dynamic_nofloortexture_02_000,logging_20260916_03,VINS-Fusion+YOLO,5.0,1614,5.1771565710195135,0.9862296238841416,2.1043401640750665,1.458247051230428,1148,2.897102125702933,0.5012846024094021,1.4646369908070707,1.0496434875284746
dataset_dynamic_nofloortexture_02_000,logging_20260916_03,ORB-SLAM3+YOLO,0.5,772,1.7117875236398261,0.1590954932681844,18.806370580466115,0.3350781204853842,670,0.9641986171149922,0.12672621640669052,6.876319202764273,0.27885058345950164
dataset_dynamic_nofloortexture_02_000,logging_20260916_03,ORB-SLAM3+YOLO,1.0,825,3.2336433984848454,0.34934823992067227,28.468166127049077,0.6034618448552191,663,1.895757714180473,0.23025255603736408,13.34156177166688,0.4481734769887647
dataset_dynamic_nofloortexture_02_000,logging_20260916_03,ORB-SLAM3+YOLO,2.0,804,5.739408753998609,1.3743568749471726,40.16380257134403,1.3051618623746157,557,3.499393974704822,0.41249132058369603,19.626118948223215,0.6103295135395611
dataset_dynamic_nofloortexture_02_000,logging_20260916_03,ORB-SLAM3+YOLO,5.0,767,19.03539266904873,4.350605935099788,53.606292785094546,8.09690494639614,387,5.522265525608014,0.8830650753639654,34.26153303639024,1.036727959131542
dataset_static_nofloortexture_000,logging_20260916_01,VINS-Fusion,0.5,1100,0.032117630178939705,0.01093425647045253,0.38153480150773716,0.04013708387263917,1100,0.032117630178939705,0.01093425647045253,0.38153480150773716,0.04013708387263917
dataset_static_nofloortexture_000,logging_20260916_01,VINS-Fusion,1.0,1143,0.059252387631084626,0.020642252816742482,0.5847621234831889,0.0660100853402293,1143,0.059252387631084626,0.020642252816742482,0.5847621234831889,0.0660100853402293
dataset_static_nofloortexture_000,logging_20260916_01,VINS-Fusion,2.0,1113,0.11066780504195946,0.04467077256438548,0.9523897536663745,0.11684635244272881,1113,0.11066780504195946,0.04467077256438548,0.9523897536663745,0.11684635244272881
dataset_static_nofloortexture_000,logging_20260916_01,VINS-Fusion,5.0,1056,0.24400588022268738,0.17063324608527353,1.382030326309311,0.30697298429303105,1056,0.24400588022268738,0.17063324608527353,1.382030326309311,0.30697298429303105
dataset_static_nofloortexture_000,logging_20260916_01,ORB-SLAM3,0.5,1100,0.1736863113048234,0.01886958878056532,7.190617934707604,0.08537692707977468,1093,0.050144690913078285,0.018807893226786807,0.25636997648630566,0.08412131746517369
dataset_static_nofloortexture_000,logging_20260916_01,ORB-SLAM3,1.0,1133,0.28690443612519656,0.030840566494517455,9.278709281948908,0.12916437735584732,1121,0.07869033662018922,0.030333305416012986,0.39347367067491557,0.1270367023439832
dataset_static_nofloortexture_000,logging_20260916_01,ORB-SLAM3,2.0,1127,0.5845486219459275,0.059554591174070935,14.214059257980942,0.23798889880387386,1099,0.131983719922295,0.056834428229137285,0.6628447177252953,0.22635325942704584
dataset_static_nofloortexture_000,logging_20260916_01,ORB-SLAM3,5.0,1089,1.8118729491787848,0.23538401883243695,18.154219211714334,0.8008950124531394,1045,0.2642078931767668,0.21725246749676982,1.3323157656260793,0.7311867744642784
dataset_static_nofloortexture_000,logging_20260916_02,VINS-Fusion,0.5,964,0.031302822804473135,0.011548437769630483,0.31470576779640225,0.040386430257754555,964,0.031302822804473135,0.011548437769630483,0.31470576779640225,0.040386430257754555
dataset_static_nofloortexture_000,logging_20260916_02,VINS-Fusion,1.0,1036,0.05791552864464196,0.022054614007956337,0.5277324590546743,0.06368141225259363,1036,0.05791552864464196,0.022054614007956337,0.5277324590546743,0.06368141225259363
dataset_static_nofloortexture_000,logging_20260916_02,VINS-Fusion,2.0,1006,0.10818341366975175,0.04780475065279534,0.8432508121119183,0.11256876680906179,1006,0.10818341366975175,0.04780475065279534,0.8432508121119183,0.11256876680906179
dataset_static_nofloortexture_000,logging_20260916_02,VINS-Fusion,5.0,951,0.2382577847007705,0.1480274794011424,1.2658412745380125,0.2997919975411228,951,0.2382577847007705,0.1480274794011424,1.2658412745380125,0.2997919975411228
dataset_static_nofloortexture_000,logging_20260916_02,ORB-SLAM3,0.5,895,0.20060660647736178,0.02256478855685956,8.519438966042491,0.08942159189851383,887,0.09393075421866871,0.022352022587403285,0.26107052015085025,0.08867321633332122
dataset_static_nofloortexture_000,logging_20260916_02,ORB-SLAM3,1.0,961,0.3395258938371234,0.039121621578037016,11.630419003664745,0.13910975157954572,945,0.1456929406873865,0.03854187520866126,0.43399935327496625,0.13683095043889076
dataset_static_nofloortexture_000,logging_20260916_02,ORB-SLAM3,2.0,951,0.6853161285228982,0.07811843280447589,17.045640690514603,0.26287077149723476,917,0.23025099002193253,0.07526954853466665,0.7225254545577364,0.2518017995651556
dataset_static_nofloortexture_000,logging_20260916_02,ORB-SLAM3,5.0,918,2.1224691815579084,0.27221479068834054,20.63869977289112,0.7336214798232913,870,0.411200980042633,0.2561390543502675,1.4333749769214283,0.6900993477620165
dataset_static_nofloortexture_000,logging_20260916_03,VINS-Fusion,0.5,961,0.031444875957226164,0.010637687089987089,0.372443406654796,0.03734376056000327,961,0.031444875957226164,0.010637687089987089,0.372443406654796,0.03734376056000327
dataset_static_nofloortexture_000,logging_20260916_03,VINS-Fusion,1.0,1036,0.057806740730741275,0.020026896542714008,0.5735923096664268,0.060417088494990646,1036,0.057806740730741275,0.020026896542714008,0.5735923096664268,0.060417088494990646
dataset_static_nofloortexture_000,logging_20260916_03,VINS-Fusion,2.0,1007,0.10807462823121843,0.04514022191473004,0.8931335022054083,0.11059919681846324,1007,0.10807462823121843,0.04514022191473004,0.8931335022054083,0.11059919681846324
dataset_static_nofloortexture_000,logging_20260916_03,VINS-Fusion,5.0,950,0.23664351636601444,0.14319287547314885,1.3293810302528175,0.2975618883927931,950,0.23664351636601444,0.14319287547314885,1.3293810302528175,0.2975618883927931
dataset_static_nofloortexture_000,logging_20260916_03,ORB-SLAM3,0.5,1149,0.17226401265387983,0.02606369740501535,6.523481911975996,0.11968028901980704,1137,0.090792244353834,0.02562532346297854,0.4272677393709338,0.11799088507266851
dataset_static_nofloortexture_000,logging_20260916_03,ORB-SLAM3,1.0,1170,0.31024676215923447,0.04964307936986968,10.221714229256172,0.22628271895457014,1141,0.14553386296974782,0.04769610830717373,0.6592197141877648,0.2140134829773796
dataset_static_nofloortexture_000,logging_20260916_03,ORB-SLAM3,2.0,1162,0.6341642069023193,0.1181327346196603,15.894975065450367,0.4449923060903432,1100,0.23074474769361444,0.10323758349508395,1.1134204754553774,0.4199253725440708
dataset_static_nofloortexture_000,logging_20260916_03,ORB-SLAM3,5.0,1128,1.8880536964948382,0.3946072997370462,18.7167345263852,1.6264887085184598,1015,0.4371605872553739,0.3528267385091414,2.2720086838499665,1.3331356056995745
dataset_static_nofloortexture_001,logging_20260916_01,VINS-Fusion,0.5,900,0.037554233158834965,0.010083955273146563,0.5030940605667041,0.038983108174297496,900,0.037554233158834965,0.010083955273146563,0.5030940605667041,0.038983108174297496
dataset_static_nofloortexture_001,logging_20260916_01,VINS-Fusion,1.0,960,0.06291229931286967,0.019233465050378755,0.6894060673536655,0.0645775565078848,960,0.06291229931286967,0.019233465050378755,0.6894060673536655,0.0645775565078848
dataset_static_nofloortexture_001,logging_20260916_01,VINS-Fusion,2.0,932,0.11206724602258593,0.041854990947209014,1.0427161974192634,0.10201239055823824,932,0.11206724602258593,0.041854990947209014,1.0427161974192634,0.10201239055823824
dataset_static_nofloortexture_001,logging_20260916_01,VINS-Fusion,5.0,872,0.25545105600852785,0.15802113504607293,1.7066009512519966,0.18858364881908757,872,0.25545105600852785,0.15802113504607293,1.7066009512519966,0.18858364881908757
dataset_static_nofloortexture_001,logging_20260916_01,ORB-SLAM3,0.5,970,0.31453663110097946,0.015971773077407856,7.085637310859788,0.06658557386868359,957,0.05591427740929153,0.01585415090518615,0.17130698691996352,0.06622567551788192
dataset_static_nofloortexture_001,logging_20260916_01,ORB-SLAM3,1.0,996,0.5436516039258702,0.0241179802533378,10.682577005641601,0.09654645078662996,969,0.08152117324508759,0.02323290303561503,0.24703785937123668,0.09503029911095143
dataset_static_nofloortexture_001,logging_20260916_01,ORB-SLAM3,2.0,983,0.9921807432917079,0.03918244488004466,15.742529689968974,0.17053889849256137,928,0.13320576836125209,0.035618242693037205,0.39307315342638355,0.17044200200213416
dataset_static_nofloortexture_001,logging_20260916_01,ORB-SLAM3,5.0,949,2.437124190232157,0.16448116915025557,19.185754441533597,0.41900463982775293,873,0.2633834505241024,0.14938711309608257,0.7563502505621311,0.41485795459110225
dataset_static_nofloortexture_001,logging_20260916_02,VINS-Fusion,0.5,832,0.037001986435418945,0.011278470847759337,0.49974578166291533,0.04061365054557213,832,0.037001986435418945,0.011278470847759337,0.49974578166291533,0.04061365054557213
dataset_static_nofloortexture_001,logging_20260916_02,VINS-Fusion,1.0,914,0.0621405067770081,0.02175510488527068,0.6852276699713364,0.0671996368629825,914,0.0621405067770081,0.02175510488527068,0.6852276699713364,0.0671996368629825
dataset_static_nofloortexture_001,logging_20260916_02,VINS-Fusion,2.0,885,0.11039213819849274,0.047915770151758366,1.0296540111576662,0.10362620124946587,885,0.11039213819849274,0.047915770151758366,1.0296540111576662,0.10362620124946587
dataset_static_nofloortexture_001,logging_20260916_02,VINS-Fusion,5.0,827,0.2456221031587301,0.16238612427535723,1.563855365921862,0.17879268126772369,827,0.2456221031587301,0.16238612427535723,1.563855365921862,0.17879268126772369
dataset_static_nofloortexture_001,logging_20260916_02,ORB-SLAM3,0.5,962,0.3612972030746662,0.02239311833221179,8.710634642431794,0.1014442888528304,946,0.11208169637357601,0.021740809641855378,0.4548611671450867,0.09949754370795011
dataset_static_nofloortexture_001,logging_20260916_02,ORB-SLAM3,1.0,993,0.5616260956545005,0.040669847411861346,11.441979488965082,0.19187240991783802,964,0.17050751256847196,0.03818230916110662,0.6126867100679269,0.18283383075064732
dataset_static_nofloortexture_001,logging_20260916_02,ORB-SLAM3,2.0,981,0.9651307535825596,0.07460452756016185,16.024275128667657,0.35669808777572387,925,0.2305903408673853,0.06925054328886485,0.8740421548662246,0.322959987567029
dataset_static_nofloortexture_001,logging_20260916_02,ORB-SLAM3,5.0,944,2.2594696043485953,0.18661386139176628,18.364108452770505,1.011155584609413,840,0.3862210609617804,0.17016811571724869,1.4334340442435642,0.9472716279329392
dataset_static_nofloortexture_001,logging_20260916_03,VINS-Fusion,0.5,765,0.03932424890495947,0.011250437996327614,0.3785783609914813,0.03800366242136746,765,0.03932424890495947,0.011250437996327614,0.3785783609914813,0.03800366242136746
dataset_static_nofloortexture_001,logging_20260916_03,VINS-Fusion,1.0,861,0.06867924523001243,0.02211321224479627,0.563880314289092,0.062391556743298444,861,0.06867924523001243,0.02211321224479627,0.563880314289092,0.062391556743298444
dataset_static_nofloortexture_001,logging_20260916_03,VINS-Fusion,2.0,832,0.11787929958088074,0.038481112424822904,0.8570555054137046,0.09931930236862918,832,0.11787929958088074,0.038481112424822904,0.8570555054137046,0.09931930236862918
dataset_static_nofloortexture_001,logging_20260916_03,VINS-Fusion,5.0,773,0.25160774923636553,0.12678410485009772,1.5418668224021863,0.15533231538200798,773,0.25160774923636553,0.12678410485009772,1.5418668224021863,0.15533231538200798
dataset_static_nofloortexture_001,logging_20260916_03,ORB-SLAM3,0.5,913,0.3292929624638423,0.014186846028765835,7.301631283431638,0.06597727945131421,907,0.03961488513045845,0.014128420183610811,0.14291981510139806,0.06576477118586539
dataset_static_nofloortexture_001,logging_20260916_03,ORB-SLAM3,1.0,949,0.556414720656258,0.019037799026877397,10.542088302175996,0.10019181639230017,936,0.06203487470860421,0.018637737791144787,0.19983743648767963,0.09841033888524924
dataset_static_nofloortexture_001,logging_20260916_03,ORB-SLAM3,2.0,938,0.9191291731408291,0.029327621061805257,13.478889320656013,0.17148146783578738,917,0.10310973582495303,0.02857869274293233,0.30662166773667887,0.16884211418307457
dataset_static_nofloortexture_001,logging_20260916_03,ORB-SLAM3,5.0,904,2.1913212837875475,0.14450382283233143,17.46833268876039,0.4122207531912686,870,0.20794289647410974,0.13774806356672498,0.568939387937152,0.40339971433540145
dataset_static_nofloortexture_002,logging_20260916_01,VINS-Fusion,0.5,1145,0.04860349870993775,0.01644713871407612,0.40700906884669696,0.03556025046469047,1145,0.04860349870993775,0.01644713871407612,0.40700906884669696,0.03556025046469047
dataset_static_nofloortexture_002,logging_20260916_01,VINS-Fusion,1.0,1192,0.08675122057806067,0.03229750664140765,0.5921391644247416,0.056411337076526374,1192,0.08675122057806067,0.03229750664140765,0.5921391644247416,0.056411337076526374
dataset_static_nofloortexture_002,logging_20260916_01,VINS-Fusion,2.0,1162,0.15096912869025975,0.06582442821475248,0.8325058733525866,0.09427940944423135,1162,0.15096912869025975,0.06582442821475248,0.8325058733525866,0.09427940944423135
dataset_static_nofloortexture_002,logging_20260916_01,VINS-Fusion,5.0,1098,0.29471200764881533,0.2427775864801202,1.1718009220041463,0.1973684828960504,1098,0.29471200764881533,0.2427775864801202,1.1718009220041463,0.1973684828960504
dataset_static_nofloortexture_002,logging_20260916_01,ORB-SLAM3,0.5,1673,0.12033398659429037,0.01497164646998474,7.624076171695471,0.039059752577129424,1661,0.05724258537634321,0.014580039878234623,0.08306339840664718,0.03895232835337972
dataset_static_nofloortexture_002,logging_20260916_01,ORB-SLAM3,1.0,1672,0.23077512236484238,0.030057459212562587,10.558206326564143,0.05039912058604462,1649,0.0961038990192291,0.029204822696606222,0.10074727278513027,0.0496986904988281
dataset_static_nofloortexture_002,logging_20260916_01,ORB-SLAM3,2.0,1658,0.5191074671932486,0.0708040200811712,15.475309811369927,0.06446534298462159,1609,0.16216688110100808,0.06621879403247762,0.12641872876605237,0.06240431094514037
dataset_static_nofloortexture_002,logging_20260916_01,ORB-SLAM3,5.0,1612,1.6611663221617206,0.3110313820683019,17.082853253375315,0.10433766175985826,1554,0.3071811175158219,0.29496466283338246,0.17156858743783163,0.10061091163629178
dataset_static_nofloortexture_002,logging_20260916_02,VINS-Fusion,0.5,1081,0.048713524955812486,0.015739023932941014,0.3950049785159719,0.03626350264499534,1081,0.048713524955812486,0.015739023932941014,0.3950049785159719,0.03626350264499534
dataset_static_nofloortexture_002,logging_20260916_02,VINS-Fusion,1.0,1142,0.08611260406519614,0.029513686336289598,0.5416706847269162,0.05746492227160141,1142,0.08611260406519614,0.029513686336289598,0.5416706847269162,0.05746492227160141
dataset_static_nofloortexture_002,logging_20260916_02,VINS-Fusion,2.0,1112,0.14902393798553837,0.06129657556471502,0.7710046744111076,0.09395652250676105,1112,0.14902393798553837,0.06129657556471502,0.7710046744111076,0.09395652250676105
dataset_static_nofloortexture_002,logging_20260916_02,VINS-Fusion,5.0,1050,0.29454264881116393,0.25162310920869607,1.0470292289432017,0.19099938088149715,1050,0.29454264881116393,0.25162310920869607,1.0470292289432017,0.19099938088149715
dataset_static_nofloortexture_002,logging_20260916_02,ORB-SLAM3,0.5,1494,0.12510722478268638,0.016927702466591768,7.724656072456466,0.04136186094028306,1483,0.06738223126628629,0.016670027907128727,0.07831992611579164,0.041082801171877285
dataset_static_nofloortexture_002,logging_20260916_02,ORB-SLAM3,1.0,1497,0.23573131549383228,0.02925005052463102,10.912844646849697,0.053279548791682424,1475,0.10442529302731667,0.02853647706915135,0.09501551528924299,0.05263272606677614
dataset_static_nofloortexture_002,logging_20260916_02,ORB-SLAM3,2.0,1485,0.5276117272760049,0.06634984045654051,15.670022233276217,0.06949114755235926,1440,0.1737944706179018,0.06163758098935661,0.11905742030640855,0.06789761548875514
dataset_static_nofloortexture_002,logging_20260916_02,ORB-SLAM3,5.0,1439,1.7294176080869181,0.3216012996855079,18.078631347398296,0.11696747579541733,1381,0.32095695565254373,0.30820202618414533,0.1631398430318553,0.11285805262871818
dataset_static_nofloortexture_002,logging_20260916_03,VINS-Fusion,0.5,950,0.0484492147081546,0.015404435128456025,0.29457576001702546,0.03286599060996895,950,0.0484492147081546,0.015404435128456025,0.29457576001702546,0.03286599060996895
dataset_static_nofloortexture_002,logging_20260916_03,VINS-Fusion,1.0,1041,0.08733009811156059,0.032165293157850945,0.49235464310306104,0.052140798162409616,1041,0.08733009811156059,0.032165293157850945,0.49235464310306104,0.052140798162409616
dataset_static_nofloortexture_002,logging_20260916_03,VINS-Fusion,2.0,1013,0.15370244714044223,0.07187690093267514,0.7296537876076669,0.09044133746488361,1013,0.15370244714044223,0.07187690093267514,0.7296537876076669,0.09044133746488361
dataset_static_nofloortexture_002,logging_20260916_03,VINS-Fusion,5.0,956,0.29890431184993294,0.26189138659306616,1.040485274924161,0.19384137936416887,956,0.29890431184993294,0.26189138659306616,1.040485274924161,0.19384137936416887
dataset_static_nofloortexture_002,logging_20260916_03,ORB-SLAM3,0.5,1435,0.10470253274963615,0.013892678996027587,7.13309838468734,0.041217366633136,1426,0.04967667072443162,0.013721816233588882,0.07819646495558512,0.0409621772962341
dataset_static_nofloortexture_002,logging_20260916_03,ORB-SLAM3,1.0,1438,0.20391318916856763,0.02978295582744859,10.076622668986744,0.05069875200568966,1420,0.08619578818662099,0.02857109301542029,0.10613367009546497,0.05028553951945608
dataset_static_nofloortexture_002,logging_20260916_03,ORB-SLAM3,2.0,1424,0.4758166039354941,0.06367155753267668,14.712329253257732,0.06889261344387995,1386,0.1511671313353589,0.06101916161881832,0.1376762634303433,0.06723283475110729
dataset_static_nofloortexture_002,logging_20260916_03,ORB-SLAM3,5.0,1379,1.6231521050556097,0.2656864078397581,17.321903539881987,0.10792908433504102,1328,0.29040986612489944,0.2513078397712666,0.16784503837560488,0.10434780779674058
