tree,system,dataset,repeat,status,treatment_status,shutdown,initialized,initialization_evidence,summary_schema_status,sensor_duration_s,input_frames,processed_frames,dropped_frames,processed_fraction_pct,throughput_hz,poses,pose_rate_hz,initialization_s,tracking_losses_or_resets,tracking_loss_duration_s,keyframes,loop_closures,map_merges,cpu_avg_pct_one_core,memory_median_mb,memory_peak_mb,replay_rate,detection_frames_matched,detection_frames_missed,masks_rejected,dynamic_points_dropped
output_vins,VINS-Fusion,dataset_dynamic_nofloortexture_00_000,logging_20260916_01,valid,baseline,graceful,1,run_summary,complete,77.385,1505.0,1505.0,0.0,100.0,19.448213478064222,1494.0,19.306067067261097,0.33,0.0,0.0,nan,0.0,0.0,514.5654323438374,977.7578125,1104.79296875,0.5,0.0,0.0,0.0,0.0
output_vins,VINS-Fusion,dataset_dynamic_nofloortexture_00_000,logging_20260916_02,valid,baseline,graceful,1,run_summary,complete,77.418,1389.0,1389.0,0.0,100.0,17.9415639773696,1378.0,17.799478157534423,0.33,0.0,0.0,nan,0.0,0.0,526.144707633301,976.41796875,1088.71875,0.5,0.0,0.0,0.0,0.0
output_vins,VINS-Fusion,dataset_dynamic_nofloortexture_00_000,logging_20260916_03,valid,baseline,graceful,1,run_summary,complete,77.418,1195.0,1195.0,0.0,100.0,15.43568679118551,1184.0,15.293600971350331,0.33,0.0,0.0,nan,0.0,0.0,513.990383153636,962.59765625,1069.86328125,0.5,0.0,0.0,0.0,0.0
output_vins,VINS-Fusion,dataset_dynamic_nofloortexture_00_001,logging_20260916_01,valid,baseline,graceful,1,run_summary,complete,73.722,2235.0,2235.0,0.0,100.0,30.316594774965413,2224.0,30.16738558367923,0.33,0.0,0.0,nan,0.0,0.0,409.5469655902436,335.73046875,422.16796875,0.5,0.0,0.0,0.0,0.0
output_vins,VINS-Fusion,dataset_dynamic_nofloortexture_00_001,logging_20260916_02,valid,baseline,graceful,1,run_summary,complete,73.722,2235.0,2235.0,0.0,100.0,30.316594774965413,2224.0,30.16738558367923,0.33,0.0,0.0,nan,0.0,0.0,365.93793152192364,328.41015625,396.95703125,0.5,0.0,0.0,0.0,0.0
output_vins,VINS-Fusion,dataset_dynamic_nofloortexture_00_001,logging_20260916_03,valid,baseline,graceful,1,run_summary,complete,73.722,2235.0,2235.0,0.0,100.0,30.316594774965413,2224.0,30.16738558367923,0.33,0.0,0.0,nan,0.0,0.0,380.3413619210176,341.66796875,414.86328125,0.5,0.0,0.0,0.0,0.0
output_vins,VINS-Fusion,dataset_dynamic_nofloortexture_01_000,logging_20260916_01,valid,baseline,graceful,1,run_summary,complete,84.546,2563.0,2563.0,0.0,100.0,30.31485818371064,2552.0,30.184751496226905,0.33,0.0,0.0,nan,0.0,0.0,401.8110838256601,359.61328125,435.6640625,0.5,0.0,0.0,0.0,0.0
output_vins,VINS-Fusion,dataset_dynamic_nofloortexture_01_000,logging_20260916_02,valid,baseline,graceful,1,run_summary,complete,84.546,2563.0,2563.0,0.0,100.0,30.31485818371064,2552.0,30.184751496226905,0.33,0.0,0.0,nan,0.0,0.0,384.9765373673193,377.6484375,474.83984375,0.5,0.0,0.0,0.0,0.0
output_vins,VINS-Fusion,dataset_dynamic_nofloortexture_01_000,logging_20260916_03,valid,baseline,graceful,1,run_summary,complete,84.546,2563.0,2563.0,0.0,100.0,30.31485818371064,2552.0,30.184751496226905,0.33,0.0,0.0,nan,0.0,0.0,402.4586209585476,414.359375,493.84765625,0.5,0.0,0.0,0.0,0.0
output_vins,VINS-Fusion,dataset_dynamic_nofloortexture_02_000,logging_20260916_01,valid,baseline,graceful,1,run_summary,complete,89.463,2712.0,2712.0,0.0,100.0,30.314208108380004,2701.0,30.191252249533328,0.33,0.0,0.0,nan,0.0,0.0,458.43510932138247,406.412109375,490.83203125,0.5,0.0,0.0,0.0,0.0
output_vins,VINS-Fusion,dataset_dynamic_nofloortexture_02_000,logging_20260916_02,valid,baseline,graceful,1,run_summary,complete,89.463,2712.0,2712.0,0.0,100.0,30.314208108380004,2701.0,30.191252249533328,0.33,0.0,0.0,nan,0.0,0.0,488.7129698204171,431.677734375,559.13671875,0.5,0.0,0.0,0.0,0.0
output_vins,VINS-Fusion,dataset_dynamic_nofloortexture_02_000,logging_20260916_03,valid,baseline,graceful,1,run_summary,complete,89.463,2711.0,2711.0,0.0,100.0,30.303030303030305,2700.0,30.18007444418363,0.33,0.0,0.0,nan,0.0,0.0,476.95390371264506,485.0859375,602.39453125,0.5,0.0,0.0,0.0,0.0
output_vins,VINS-Fusion,dataset_static_nofloortexture_000,logging_20260916_01,valid,baseline,graceful,1,run_summary,complete,86.658,1185.0,1185.0,0.0,100.0,13.674444367513674,1174.0,13.547508597013547,0.33,0.0,0.0,nan,0.0,0.0,732.7541658021837,945.40625,1044.32421875,0.5,0.0,0.0,0.0,0.0
output_vins,VINS-Fusion,dataset_static_nofloortexture_000,logging_20260916_02,valid,baseline,graceful,1,run_summary,complete,86.658,1078.0,1078.0,0.0,100.0,12.43970550901244,1067.0,12.312769738512312,0.33,0.0,0.0,nan,0.0,0.0,716.9567238869986,971.697265625,1063.390625,0.5,0.0,0.0,0.0,0.0
output_vins,VINS-Fusion,dataset_static_nofloortexture_000,logging_20260916_03,valid,baseline,graceful,1,run_summary,complete,86.658,1079.0,1079.0,0.0,100.0,12.45124512451245,1068.0,12.324309354012325,0.33,0.0,0.0,nan,0.0,0.0,724.7289497322024,982.0859375,1104.8984375,0.5,0.0,0.0,0.0,0.0
output_vins,VINS-Fusion,dataset_static_nofloortexture_001,logging_20260916_01,valid,baseline,graceful,1,run_summary,complete,81.939,1004.0,1004.0,0.0,100.0,12.253017488619584,993.0,12.118771281074947,0.33,0.0,0.0,nan,0.0,0.0,769.0585086703088,973.787109375,1096.19140625,0.5,0.0,0.0,0.0,0.0
output_vins,VINS-Fusion,dataset_static_nofloortexture_001,logging_20260916_02,valid,baseline,graceful,1,run_summary,complete,81.939,957.0,957.0,0.0,100.0,11.679420056383409,946.0,11.545173848838772,0.33,0.0,0.0,nan,0.0,0.0,765.3873044121009,975.0078125,1106.46875,0.5,0.0,0.0,0.0,0.0
output_vins,VINS-Fusion,dataset_static_nofloortexture_001,logging_20260916_03,valid,baseline,graceful,1,run_summary,complete,81.939,904.0,904.0,0.0,100.0,11.032597420031976,893.0,10.89835121248734,0.33,0.0,0.0,nan,0.0,0.0,782.6920768502307,965.990234375,1095.51953125,0.5,0.0,0.0,0.0,0.0
output_vins,VINS-Fusion,dataset_static_nofloortexture_002,logging_20260916_01,valid,baseline,graceful,1,run_summary,complete,89.463,1234.0,1234.0,0.0,100.0,13.793411801526888,1223.0,13.670455942680215,0.363,0.0,0.0,nan,0.0,0.0,762.2077307969811,949.84375,1081.53125,0.5,0.0,0.0,0.0,0.0
output_vins,VINS-Fusion,dataset_static_nofloortexture_002,logging_20260916_02,valid,baseline,graceful,1,run_summary,complete,89.463,1184.0,1184.0,0.0,100.0,13.234521534042008,1173.0,13.111565675195333,0.33,0.0,0.0,nan,0.0,0.0,764.4070294580165,976.3515625,1103.453125,0.5,0.0,0.0,0.0,0.0
output_vins,VINS-Fusion,dataset_static_nofloortexture_002,logging_20260916_03,valid,baseline,graceful,1,run_summary,complete,89.463,1085.0,1085.0,0.0,100.0,12.12791880442194,1074.0,12.004962945575267,0.33,0.0,0.0,nan,0.0,0.0,782.5153071744095,982.95703125,1084.671875,0.5,0.0,0.0,0.0,0.0
output_orb,ORB-SLAM3,dataset_dynamic_nofloortexture_00_000,logging_20260916_01,valid,baseline,graceful,1,run_summary,complete,77.352,1809.0,1162.0,647.0,64.23438363736871,15.022236011997103,1105.0,14.285344916744233,0.066,9.0,3.564,338.0,0.0,0.0,428.0888835916816,930.07421875,1111.58203125,0.5,0.0,0.0,0.0,0.0
output_orb,ORB-SLAM3,dataset_dynamic_nofloortexture_00_000,logging_20260916_02,valid,baseline,graceful,1,run_summary,complete,77.352,1839.0,1245.0,594.0,67.69983686786297,16.095252869996898,1043.0,13.48381425173234,0.066,15.0,10.593,337.0,0.0,0.0,426.8007196559763,940.6171875,1110.11328125,0.5,0.0,0.0,0.0,0.0
output_orb,ORB-SLAM3,dataset_dynamic_nofloortexture_00_000,logging_20260916_03,valid,baseline,graceful,1,run_summary,complete,77.385,1852.0,1256.0,596.0,67.81857451403887,16.230535633520706,1092.0,14.111261872455902,0.033,5.0,7.887,320.0,0.0,0.0,430.078368443655,948.92578125,1092.55078125,0.5,0.0,0.0,0.0,0.0
output_orb,ORB-SLAM3,dataset_dynamic_nofloortexture_00_001,logging_20260916_01,valid,baseline,graceful,1,run_summary,complete,73.689,2066.0,2043.0,23.0,98.88673765730881,27.724626470707978,1919.0,26.04187870645551,0.033,5.0,4.554,598.0,0.0,0.0,367.72709951032834,1046.2734375,1312.14453125,0.5,0.0,0.0,0.0,0.0
output_orb,ORB-SLAM3,dataset_dynamic_nofloortexture_00_001,logging_20260916_02,valid,baseline,graceful,1,run_summary,complete,73.623,2042.0,2001.0,41.0,97.99216454456415,27.179006560449857,1882.0,25.562663841462584,0.033,3.0,4.092,563.0,0.0,0.0,377.57051924873895,1024.92578125,1290.01171875,0.5,0.0,0.0,0.0,0.0
output_orb,ORB-SLAM3,dataset_dynamic_nofloortexture_00_001,logging_20260916_03,valid,baseline,graceful,1,run_summary,complete,73.689,2056.0,2019.0,37.0,98.20038910505836,27.39893335504621,1840.0,24.969805534068858,0.033,5.0,6.204,546.0,0.0,0.0,384.56658236831004,1022.28125,1275.06640625,0.5,0.0,0.0,0.0,0.0
output_orb,ORB-SLAM3,dataset_dynamic_nofloortexture_01_000,logging_20260916_01,valid,baseline,graceful,1,run_summary,complete,84.513,2250.0,2099.0,151.0,93.28888888888889,24.83641569935986,1461.0,17.28728124667211,0.033,20.0,23.232,413.0,0.0,0.0,358.7560067061804,1015.28125,1174.25390625,0.5,0.0,0.0,0.0,0.0
output_orb,ORB-SLAM3,dataset_dynamic_nofloortexture_01_000,logging_20260916_02,valid,baseline,graceful,1,run_summary,complete,84.48,2237.0,2096.0,141.0,93.69691551184623,24.81060606060606,1557.0,18.430397727272727,0.033,12.0,19.14,450.0,0.0,0.0,361.13149343706124,1060.52734375,1222.4375,0.5,0.0,0.0,0.0,0.0
output_orb,ORB-SLAM3,dataset_dynamic_nofloortexture_01_000,logging_20260916_03,valid,baseline,graceful,1,run_summary,complete,84.513,2252.0,2133.0,119.0,94.7158081705151,25.23872067019275,1700.0,20.11524854164448,0.033,13.0,15.741,519.0,0.0,0.0,360.8376775405858,1080.67578125,1264.046875,0.5,0.0,0.0,0.0,0.0
output_orb,ORB-SLAM3,dataset_dynamic_nofloortexture_02_000,logging_20260916_01,valid,baseline,graceful,1,run_summary,complete,89.43,2465.0,2417.0,48.0,98.052738336714,27.02672481270267,2306.0,25.785530582578552,0.099,1.0,3.762,604.0,0.0,0.0,360.65981320484997,1066.65625,1297.20703125,0.5,0.0,0.0,0.0,0.0
output_orb,ORB-SLAM3,dataset_dynamic_nofloortexture_02_000,logging_20260916_02,valid,baseline,graceful,1,run_summary,complete,89.43,2397.0,2267.0,130.0,94.57655402586566,25.34943531253494,2040.0,22.811137202281113,0.033,4.0,8.052,553.0,0.0,0.0,380.16632164101185,1068.29296875,1283.7421875,0.5,0.0,0.0,0.0,0.0
output_orb,ORB-SLAM3,dataset_dynamic_nofloortexture_02_000,logging_20260916_03,valid,baseline,graceful,1,run_summary,complete,89.43,2362.0,2207.0,155.0,93.43776460626587,24.67851951246785,1999.0,22.352678072235268,0.033,1.0,7.392,535.0,0.0,1.0,386.26456115228746,1036.09375,1279.546875,0.5,0.0,0.0,0.0,0.0
output_orb,ORB-SLAM3,dataset_static_nofloortexture_000,logging_20260916_01,valid,baseline,graceful,1,run_summary,complete,86.592,2035.0,1173.0,862.0,57.64127764127764,13.54628603104213,1152.0,13.303769401330378,0.099,6.0,0.825,219.0,0.0,0.0,439.87499838867876,919.640625,1009.63671875,0.5,0.0,0.0,0.0,0.0
output_orb,ORB-SLAM3,dataset_static_nofloortexture_000,logging_20260916_02,valid,baseline,graceful,1,performance_fallback,incomplete,86.592,2051.0,1269.0,782.0,61.872257435397366,14.654933481152993,1242.0,14.343126385809313,0.033,2.0,1.155,209.0,0.0,0.0,435.1600416257798,908.1796875,996.65234375,0.5,0.0,0.0,0.0,0.0
output_orb,ORB-SLAM3,dataset_static_nofloortexture_000,logging_20260916_03,valid,baseline,graceful,1,performance_fallback,incomplete,86.625,2011.0,1221.0,790.0,60.71606166086524,14.095238095238095,1196.0,13.806637806637807,0.033,1.0,1.023,228.0,0.0,0.0,443.5764398399046,923.505859375,1022.4140625,0.5,0.0,0.0,0.0,0.0
output_orb,ORB-SLAM3,dataset_static_nofloortexture_001,logging_20260916_01,valid,baseline,graceful,1,run_summary,complete,81.906,1921.0,1009.0,912.0,52.52472670484123,12.31899982907235,1008.0,12.3067907113032,0.066,0.0,0.0,191.0,0.0,0.0,442.1286025235838,911.55078125,1012.05859375,0.5,0.0,0.0,0.0,0.0
output_orb,ORB-SLAM3,dataset_static_nofloortexture_001,logging_20260916_02,valid,baseline,graceful,1,run_summary,complete,81.906,1921.0,1008.0,913.0,52.47267048412285,12.3067907113032,1007.0,12.294581593534051,0.033,0.0,0.0,200.0,0.0,0.0,442.94500255266183,905.115234375,1009.70703125,0.5,0.0,0.0,0.0,0.0
output_orb,ORB-SLAM3,dataset_static_nofloortexture_001,logging_20260916_03,valid,baseline,graceful,1,run_summary,complete,81.906,1951.0,964.0,987.0,49.41055868785239,11.7695895294606,963.0,11.75738041169145,0.033,0.0,0.0,182.0,0.0,0.0,441.15273640186354,908.353515625,1004.0234375,0.5,0.0,0.0,0.0,0.0
output_orb,ORB-SLAM3,dataset_static_nofloortexture_002,logging_20260916_01,valid,baseline,graceful,1,run_summary,complete,89.397,2166.0,1689.0,477.0,77.97783933518005,18.893251451390984,1688.0,18.8820653936933,0.099,0.0,0.0,261.0,2.0,0.0,425.1665094563903,942.453125,1186.4375,0.5,0.0,0.0,0.0,0.0
output_orb,ORB-SLAM3,dataset_static_nofloortexture_002,logging_20260916_02,valid,baseline,graceful,1,run_summary,complete,89.43,2154.0,1518.0,636.0,70.47353760445682,16.974169741697416,1517.0,16.962987811696298,0.066,0.0,0.0,242.0,2.0,0.0,436.3813319424684,928.392578125,1173.48828125,0.5,0.0,0.0,0.0,0.0
output_orb,ORB-SLAM3,dataset_static_nofloortexture_002,logging_20260916_03,valid,baseline,graceful,1,run_summary,complete,89.43,2162.0,1455.0,707.0,67.29879740980573,16.26970815162697,1454.0,16.25852622162585,0.033,0.0,0.0,232.0,2.0,0.0,438.96019552687505,922.10546875,1145.6328125,0.5,0.0,0.0,0.0,0.0
output_vins_yolo,VINS-Fusion+YOLO,dataset_dynamic_nofloortexture_00_000,logging_20260916_01,valid,filter_inactive,graceful,1,run_summary,complete,77.418,2186.0,2186.0,0.0,100.0,28.23632746906404,2175.0,28.09424164922886,0.33,0.0,0.0,nan,0.0,0.0,487.78544195030065,931.0703125,1039.34375,0.5,0.0,2186.0,0.0,0.0
output_vins_yolo,VINS-Fusion+YOLO,dataset_dynamic_nofloortexture_00_000,logging_20260916_02,valid,filter_inactive,graceful,1,run_summary,complete,77.418,2244.0,2244.0,0.0,100.0,28.98550724637681,2233.0,28.843421426541628,0.33,0.0,0.0,nan,0.0,0.0,481.9430257199825,930.107421875,1078.60546875,0.5,0.0,2244.0,0.0,0.0
output_vins_yolo,VINS-Fusion+YOLO,dataset_dynamic_nofloortexture_00_000,logging_20260916_03,valid,filter_inactive,graceful,1,run_summary,complete,77.418,2068.0,2068.0,0.0,100.0,26.712134129013922,2057.0,26.57004830917874,0.33,0.0,0.0,nan,0.0,0.0,494.1211721023017,918.037109375,1061.5625,0.5,0.0,2068.0,0.0,0.0
output_vins_yolo,VINS-Fusion+YOLO,dataset_dynamic_nofloortexture_00_001,logging_20260916_01,valid,filter_inactive,graceful,1,run_summary,complete,73.722,2235.0,2235.0,0.0,100.0,30.316594774965413,2224.0,30.16738558367923,0.33,0.0,0.0,nan,0.0,0.0,363.79667460717536,326.19140625,391.90234375,0.5,0.0,2235.0,0.0,0.0
output_vins_yolo,VINS-Fusion+YOLO,dataset_dynamic_nofloortexture_00_001,logging_20260916_02,valid,filter_inactive,graceful,1,run_summary,complete,73.722,2235.0,2235.0,0.0,100.0,30.316594774965413,2224.0,30.16738558367923,0.33,0.0,0.0,nan,0.0,0.0,367.77718663772333,327.375,399.171875,0.5,0.0,2235.0,0.0,0.0
output_vins_yolo,VINS-Fusion+YOLO,dataset_dynamic_nofloortexture_00_001,logging_20260916_03,valid,filter_inactive,graceful,1,run_summary,complete,73.722,2235.0,2235.0,0.0,100.0,30.316594774965413,2224.0,30.16738558367923,0.33,0.0,0.0,nan,0.0,0.0,360.56292048695605,322.47265625,396.75390625,0.5,0.0,2235.0,0.0,0.0
output_vins_yolo,VINS-Fusion+YOLO,dataset_dynamic_nofloortexture_01_000,logging_20260916_01,valid,filter_inactive,graceful,1,run_summary,complete,84.546,2563.0,2563.0,0.0,100.0,30.31485818371064,2552.0,30.184751496226905,0.33,0.0,0.0,nan,0.0,0.0,195.35820510230187,332.30859375,424.6875,0.5,0.0,2563.0,0.0,0.0
output_vins_yolo,VINS-Fusion+YOLO,dataset_dynamic_nofloortexture_01_000,logging_20260916_02,valid,filter_inactive,graceful,1,run_summary,complete,84.546,2563.0,2563.0,0.0,100.0,30.31485818371064,2552.0,30.184751496226905,0.33,0.0,0.0,nan,0.0,0.0,393.33102490897795,344.125,418.20703125,0.5,0.0,2563.0,0.0,0.0
output_vins_yolo,VINS-Fusion+YOLO,dataset_dynamic_nofloortexture_01_000,logging_20260916_03,valid,filter_inactive,graceful,1,run_summary,complete,84.546,2563.0,2563.0,0.0,100.0,30.31485818371064,2552.0,30.184751496226905,0.33,0.0,0.0,nan,0.0,0.0,379.18011721596145,366.03125,461.24609375,0.5,0.0,2563.0,0.0,0.0
output_vins_yolo,VINS-Fusion+YOLO,dataset_dynamic_nofloortexture_02_000,logging_20260916_01,valid,filter_inactive,graceful,1,run_summary,complete,88.737,2690.0,2690.0,0.0,100.0,30.314299559372078,2679.0,30.190337739612566,0.33,0.0,0.0,nan,0.0,0.0,370.8676776125927,417.458984375,505.05859375,0.5,0.0,2690.0,0.0,0.0
output_vins_yolo,VINS-Fusion+YOLO,dataset_dynamic_nofloortexture_02_000,logging_20260916_02,valid,filter_inactive,graceful,1,run_summary,complete,89.463,2712.0,2712.0,0.0,100.0,30.314208108380004,2701.0,30.191252249533328,0.33,0.0,0.0,nan,0.0,0.0,455.983490362346,433.978515625,530.34765625,0.5,0.0,2712.0,0.0,0.0
output_vins_yolo,VINS-Fusion+YOLO,dataset_dynamic_nofloortexture_02_000,logging_20260916_03,valid,filter_inactive,graceful,1,run_summary,complete,89.463,1744.0,1744.0,0.0,100.0,19.494092529872685,1733.0,19.37113667102601,0.33,0.0,0.0,nan,0.0,0.0,526.4208371933798,934.05859375,1046.7734375,0.5,0.0,1744.0,0.0,0.0
output_orb_yolo,ORB-SLAM3+YOLO,dataset_dynamic_nofloortexture_00_000,logging_20260916_01,valid,active,graceful,1,run_summary,complete,77.253,1629.0,1016.0,613.0,62.369551872314304,13.151592818401875,943.0,12.206645696607252,0.033,9.0,5.016,252.0,0.0,0.0,428.77220016117434,926.87890625,1038.8046875,0.5,597.0,1032.0,0.0,0.0
output_orb_yolo,ORB-SLAM3+YOLO,dataset_dynamic_nofloortexture_00_000,logging_20260916_02,valid,active,graceful,1,run_summary,complete,77.286,1342.0,620.0,722.0,46.19970193740686,8.022151489273607,528.0,6.831767719897523,0.066,5.0,11.319,183.0,0.0,0.0,441.269490192875,876.4921875,966.96484375,0.5,25.0,1317.0,0.0,0.0
output_orb_yolo,ORB-SLAM3+YOLO,dataset_dynamic_nofloortexture_00_000,logging_20260916_03,valid,active,graceful,1,run_summary,complete,77.286,1465.0,648.0,817.0,44.232081911262796,8.384442201692416,570.0,7.375203788525735,0.033,10.0,10.494,203.0,0.0,0.0,420.0719144373828,878.509765625,994.94140625,0.5,20.0,1445.0,0.0,0.0
output_orb_yolo,ORB-SLAM3+YOLO,dataset_dynamic_nofloortexture_00_001,logging_20260916_01,valid,active,graceful,1,run_summary,complete,73.656,2095.0,2093.0,2.0,99.90453460620525,28.415879222330833,1930.0,26.20288910611491,0.033,6.0,6.336,684.0,0.0,0.0,281.84142899551404,1039.01171875,1328.52734375,0.5,2091.0,4.0,0.0,0.0
output_orb_yolo,ORB-SLAM3+YOLO,dataset_dynamic_nofloortexture_00_001,logging_20260916_02,valid,active,graceful,1,run_summary,complete,73.623,1619.0,1233.0,386.0,76.15812229771464,16.747483802616028,1139.0,15.470708881735327,0.033,5.0,3.993,304.0,0.0,0.0,427.69780148465435,936.7265625,1080.96875,0.5,1173.0,446.0,0.0,0.0
output_orb_yolo,ORB-SLAM3+YOLO,dataset_dynamic_nofloortexture_00_001,logging_20260916_03,valid,active,graceful,1,run_summary,complete,73.689,1572.0,1008.0,564.0,64.12213740458016,13.679110857794244,916.0,12.430620581090801,0.033,9.0,6.699,254.0,0.0,0.0,433.5047972365244,917.65625,1032.0625,0.5,735.0,837.0,0.0,0.0
output_orb_yolo,ORB-SLAM3+YOLO,dataset_dynamic_nofloortexture_01_000,logging_20260916_01,valid,active,graceful,1,run_summary,complete,84.447,1955.0,1654.0,301.0,84.60358056265984,19.586249363506102,1315.0,15.571897166269968,0.033,11.0,12.408,328.0,0.0,0.0,385.1782059649024,944.0625,1057.78515625,0.5,1573.0,382.0,0.0,0.0
output_orb_yolo,ORB-SLAM3+YOLO,dataset_dynamic_nofloortexture_01_000,logging_20260916_02,valid,active,graceful,1,run_summary,complete,84.48,1760.0,1287.0,473.0,73.125,15.234375,993.0,11.754261363636363,0.033,9.0,12.144,258.0,0.0,1.0,416.31538601692205,958.640625,1043.24609375,0.5,1026.0,734.0,0.0,0.0
output_orb_yolo,ORB-SLAM3+YOLO,dataset_dynamic_nofloortexture_01_000,logging_20260916_03,valid,active,graceful,1,run_summary,complete,84.414,1610.0,1047.0,563.0,65.03105590062111,12.403155874617955,747.0,8.849243016561234,0.066,7.0,16.731,239.0,0.0,0.0,421.06641716375555,951.046875,1029.67578125,0.5,609.0,1001.0,0.0,0.0
output_orb_yolo,ORB-SLAM3+YOLO,dataset_dynamic_nofloortexture_02_000,logging_20260916_01,valid,active,graceful,1,run_summary,complete,89.364,1724.0,1050.0,674.0,60.90487238979118,11.749697864912045,828.0,9.265476030616355,0.099,13.0,13.728,272.0,0.0,0.0,427.8173673716262,930.2890625,1033.5078125,0.5,530.0,1194.0,0.0,0.0
output_orb_yolo,ORB-SLAM3+YOLO,dataset_dynamic_nofloortexture_02_000,logging_20260916_02,valid,active,graceful,1,run_summary,complete,89.331,1770.0,1112.0,658.0,62.824858757062145,12.448086330613112,823.0,9.212927203322474,0.033,14.0,17.754,270.0,0.0,0.0,425.74640568151267,952.5,1041.6875,0.5,604.0,1166.0,0.0,0.0
output_orb_yolo,ORB-SLAM3+YOLO,dataset_dynamic_nofloortexture_02_000,logging_20260916_03,valid,active,graceful,1,run_summary,complete,89.43,1929.0,1235.0,694.0,64.02280974598237,13.809683551380967,884.0,9.884826120988482,0.033,12.0,20.955,241.0,0.0,0.0,421.04724533697924,934.86328125,1007.484375,0.5,723.0,1206.0,0.0,0.0
