dataset,repeat,system,reference,poses,overlap_s,path_m,trans_rmse_m,trans_max_m,trans_final_m,rot_rmse_deg,rot_max_deg,clean_rmse_m,jumps,mean_speed_m_s,rpe1_pairs,rpe1_trans_rmse_m,rpe1_trans_median_m,rpe1_rot_rmse_deg,rpe1_rot_median_deg,rpe1_pairs_clean,rpe1_trans_rmse_clean_m,rpe1_rot_rmse_clean_deg
dataset_dynamic_nofloortexture_00_000,logging_20260916_01,VINS-Fusion,rosbag /ground_truth/odometry,1494,77.02199999999999,5486.928639095059,596.3672910326706,1435.82265818177,1435.82265818177,38.514295673348336,44.645272284054585,6.771414125491236,858,71.238459649127,1463,39.4206090184632,19.97074140595729,2.6419153432709734,1.0053452150959912,468,2.9704192660604036,1.6901044576877116
dataset_dynamic_nofloortexture_00_000,logging_20260916_01,ORB-SLAM3,rosbag /ground_truth/odometry,1105,77.286,408.2164210210725,45.20595063042883,108.99259808834815,108.67054573521642,176.53376564668207,179.99270180033963,1.314009351142653,109,5.281893499742159,1076,5.132411407958275,3.627134282388271,15.087224060455057,1.0212327731216977,508,3.4330862655901693,14.604922933955873
dataset_dynamic_nofloortexture_00_000,logging_20260916_01,VINS-Fusion+YOLO,rosbag /ground_truth/odometry,2175,77.055,1958.1362293791924,392.54612087870703,992.7940389280466,992.7940389280466,107.03659191311618,113.97708642492056,5.743479175811598,1122,25.41218907766131,2144,25.150601578538755,10.228258592412264,2.438812873441358,0.36028635688770366,799,4.4872742310765865,2.2634385096910243
dataset_dynamic_nofloortexture_00_000,logging_20260916_01,ORB-SLAM3+YOLO,rosbag /ground_truth/odometry,943,77.22,239.52871657181072,13.8390731589143,32.68242227602495,32.68242227602495,76.72343493353682,121.69071364946811,1.3097206884764123,37,3.10189998150493,898,2.708936047401703,0.29664882444715834,12.499363910261152,0.5453626309223594,651,1.8432351138421375,1.0798916424367675
dataset_dynamic_nofloortexture_00_000,logging_20260916_02,VINS-Fusion,rosbag /ground_truth/odometry,1378,77.055,1068.2914773301395,206.97262587745243,461.3511294979246,461.3511294979246,92.24275831901198,96.52223232456329,8.319020660473369,609,13.86401242398468,1347,12.766851931994513,5.108145030804869,1.671591736520388,0.2958357879624887,612,3.7256239259090504,2.1328101196729383
dataset_dynamic_nofloortexture_00_000,logging_20260916_02,ORB-SLAM3,rosbag /ground_truth/odometry,1043,77.286,3084.4165130712627,857.9510409009903,2183.9910568479436,2183.9910568479436,162.04160225015346,179.9682239109135,0.8427773860368246,512,39.90912342560441,985,59.421602702561906,4.464680929730016,10.943793839856413,1.2518232570507013,362,2.687145868005902,17.847932963767278
dataset_dynamic_nofloortexture_00_000,logging_20260916_02,VINS-Fusion+YOLO,rosbag /ground_truth/odometry,2233,77.055,2248.897871856489,466.7207757553963,1187.0155493482766,1187.0155493482766,108.01641984755486,113.84503467436747,4.39124211170298,1183,29.18561899755355,2202,30.07996601727583,12.322250281844992,2.228436493007348,0.31044411001821215,850,4.4175044538922466,2.18531530528804
dataset_dynamic_nofloortexture_00_000,logging_20260916_02,ORB-SLAM3+YOLO,rosbag /ground_truth/odometry,528,77.22,3413.4702844997646,892.3065832411985,2708.0090770303495,2708.0090770303495,129.90627359524714,150.52551162162115,2.4464027541680604,213,44.20448438875634,481,57.16402505139527,1.345847428713452,13.823132049317243,0.6311548053969614,285,1.7677130718389298,17.933240545132094
dataset_dynamic_nofloortexture_00_000,logging_20260916_03,VINS-Fusion,rosbag /ground_truth/odometry,1184,77.055,1512.48301089877,324.00977914558797,699.6644783244177,699.6644783244177,88.40515368659565,91.88326412095033,5.466586307455827,580,19.628616065132306,1153,19.354339718343248,7.150834408092193,1.722906741523881,0.25109620902882407,524,3.5945627463997236,2.1308644163643407
dataset_dynamic_nofloortexture_00_000,logging_20260916_03,ORB-SLAM3,rosbag /ground_truth/odometry,1092,77.352,11300.352554338237,3364.3439889902893,8502.990713970323,8502.990713970323,70.82207953653281,91.8739604704562,1.39798179269989,610,146.08998544754158,1031,222.28124786265292,39.26780294204733,17.531895770517785,0.6752599830938468,304,0.9720874921566561,5.2095766683222715
dataset_dynamic_nofloortexture_00_000,logging_20260916_03,VINS-Fusion+YOLO,rosbag /ground_truth/odometry,2057,77.055,1415.5942303905013,318.6588788575602,826.7585874687268,826.7585874687268,108.72578670785052,115.46181071080123,6.067903094457473,991,18.371218355596667,2026,20.515037171211777,6.838750519202287,2.562863684546921,0.3773322709126822,804,4.661343586984852,2.2724458974110022
dataset_dynamic_nofloortexture_00_000,logging_20260916_03,ORB-SLAM3+YOLO,rosbag /ground_truth/odometry,570,77.253,1038.5389964589692,81.196491399007,367.4738864016338,29.604497312773756,173.10029110438333,179.9961780778137,4.331638403906344,119,13.443348432539437,527,13.164991932647489,2.694471438317138,23.931580639770416,0.9185059306108808,287,3.1617115721082407,26.937211369564466
dataset_dynamic_nofloortexture_00_001,logging_20260916_01,VINS-Fusion,rosbag /ground_truth/odometry,2224,73.359,11143.698428433789,1030.3983769167428,2666.7045455862144,2666.7045455862144,63.578885779270024,83.85251689199434,2.179434369989262,1374,151.9063567992174,2193,69.58030900669087,40.5175340437797,4.618282493105191,1.1154643361608028,578,2.2904613293955336,3.478286257483576
dataset_dynamic_nofloortexture_00_001,logging_20260916_01,ORB-SLAM3,rosbag /ground_truth/odometry,1919,73.65599999999999,11212.390275571452,3002.5679419993317,8561.872681313582,8561.872681313582,29.691334170749784,64.38138675119728,1.2603206185428357,1150,152.22643471776166,1830,211.05336675366067,62.356763745591124,13.858017139880538,1.1324297788805011,468,1.9968629848173576,1.4436260309667321
dataset_dynamic_nofloortexture_00_001,logging_20260916_01,VINS-Fusion+YOLO,rosbag /ground_truth/odometry,2224,73.359,15734.587372588292,2309.9297256738,5872.355126665925,5872.355126665925,74.57651711293256,92.54554822812453,2.040272648730461,1805,214.48748446118805,2193,159.0611030760784,81.54300498783441,7.813883284448975,2.1237653797175695,128,3.6987829581357103,2.331262897002312
dataset_dynamic_nofloortexture_00_001,logging_20260916_01,ORB-SLAM3+YOLO,rosbag /ground_truth/odometry,1930,73.623,9996.092169460277,2885.7744873738825,7419.908461793522,7419.908461793522,82.19993328107991,111.4042842073855,1.4157387074935914,1159,135.77404030615807,1852,209.2567947693741,94.19689553086201,12.762429486588779,1.413141865304135,599,1.220942091841667,0.5877056413971038
dataset_dynamic_nofloortexture_00_001,logging_20260916_02,VINS-Fusion,rosbag /ground_truth/odometry,2224,73.359,12363.332966774311,1480.9964635894235,3864.5448155368977,3864.5448155368977,62.83658928501868,79.37111761925438,2.139447661788907,1695,168.5319179211046,2193,101.2729514091921,47.763464147834824,6.201981889929257,1.9137336477919582,269,3.5221751131770462,5.345549389926475
dataset_dynamic_nofloortexture_00_001,logging_20260916_02,ORB-SLAM3,rosbag /ground_truth/odometry,1882,73.59,9821.783310847826,2669.7291507735267,7445.181764666392,7445.181764666392,26.107855339576883,55.69335852343402,1.087410858394324,1141,133.46627681543453,1794,186.48868410741275,60.171710963229756,14.131893442993507,1.185189309532181,307,2.027851934200663,1.4300396843827379
dataset_dynamic_nofloortexture_00_001,logging_20260916_02,VINS-Fusion+YOLO,rosbag /ground_truth/odometry,2224,73.359,15475.599341599953,2129.9684479452726,5521.270988212424,5521.270988212424,75.24192314108201,91.04297550984454,1.5144573632576666,1810,210.95706513992766,2193,144.80978937624695,69.20601070335594,6.983854075701536,1.8117726868434174,148,3.8691165272709114,5.613797310031609
dataset_dynamic_nofloortexture_00_001,logging_20260916_02,ORB-SLAM3+YOLO,rosbag /ground_truth/odometry,1139,73.59,2246.676819776952,553.3459066430081,1746.30620381482,1746.30620381482,93.48860533526612,119.32695589873575,1.9817049106702571,454,30.529648318751896,1092,39.46302732668702,2.6752000094723236,14.690676664190356,0.5566993437944672,553,2.172109674746614,0.7123755099712716
dataset_dynamic_nofloortexture_00_001,logging_20260916_03,VINS-Fusion,rosbag /ground_truth/odometry,2224,73.359,10355.484309444684,1724.9429115895337,4608.917691650766,4608.917691650766,175.11529757242246,179.99930415352713,2.5508854870674726,1995,141.16174306417324,2193,125.06608245383114,37.32084175160464,6.320088322409796,2.128439415633186,83,4.605326618158125,10.881080593001768
dataset_dynamic_nofloortexture_00_001,logging_20260916_03,ORB-SLAM3,rosbag /ground_truth/odometry,1840,73.65599999999999,8378.487670825587,2311.297200850477,6271.8395021964,6271.8395021964,23.132096529518158,50.89746899193968,1.449093579649958,1098,113.75159757284658,1749,160.76422183690116,42.861435987112586,13.39260530673817,1.1929851283380484,324,2.03551846649437,1.3273630508576792
dataset_dynamic_nofloortexture_00_001,logging_20260916_03,VINS-Fusion+YOLO,rosbag /ground_truth/odometry,2224,73.359,12833.255738110798,1457.8949580400445,3986.4422133082694,3986.4422133082694,59.6476954699901,78.24004344189399,2.0302561555928684,1997,174.93771368353984,2193,111.1378634287325,27.92450095364176,6.691714883898549,2.179827389140574,38,4.520478666178426,3.1751406343043245
dataset_dynamic_nofloortexture_00_001,logging_20260916_03,ORB-SLAM3+YOLO,rosbag /ground_truth/odometry,916,73.65599999999999,2220.18096330604,558.7556494438687,1635.3793884179775,1634.4253651773993,112.79952266465125,124.36561876982252,2.8219185077163,378,30.142567656484747,862,36.884134982549845,2.4362600153065106,14.093422106722958,0.5889486259021222,401,2.5344633056080514,0.7964240823229136
dataset_dynamic_nofloortexture_01_000,logging_20260916_01,VINS-Fusion,rosbag /ground_truth/odometry,2552,84.183,3319.5339747600583,904.9350168256982,2260.418752721549,2260.418752721549,53.27086199001535,54.410316903714936,7.290844794274128,1608,39.43235540144754,2521,52.78026537997063,29.33941095785622,2.036503632942223,0.4262036177368982,839,2.7877082009000254,3.399836654392905
dataset_dynamic_nofloortexture_01_000,logging_20260916_01,ORB-SLAM3,rosbag /ground_truth/odometry,1461,84.48,1151.8221594053541,98.8803146721091,412.47205075636435,87.26075435813446,169.07094761231338,176.53086014310176,4.049748820353386,239,13.634258515688376,1369,9.059245978365958,2.061613147392207,19.35050059599718,2.674294768113401,608,2.151405519436843,3.085945809272534
dataset_dynamic_nofloortexture_01_000,logging_20260916_01,VINS-Fusion+YOLO,rosbag /ground_truth/odometry,2552,84.183,2630.115827774718,698.1520913272034,1757.3765627186208,1757.3765627186208,52.04604595298959,53.45105475005549,8.673767528495762,1545,31.242837957482127,2521,41.947424297201664,22.348271297436312,1.946992647153201,0.4227309986495699,928,2.959351848130525,3.1113016048049342
dataset_dynamic_nofloortexture_01_000,logging_20260916_01,ORB-SLAM3+YOLO,rosbag /ground_truth/odometry,1315,84.414,301.2997926514406,8.204134302560224,32.031501288185495,14.731677711249334,102.25365376888519,179.94013443032267,0.26023120228782365,44,3.569310690779262,1244,2.434753049835325,0.3406572435651526,22.698361302628197,0.7115494995997876,1022,1.5699574287678464,8.16741400049171
dataset_dynamic_nofloortexture_01_000,logging_20260916_02,VINS-Fusion,rosbag /ground_truth/odometry,2552,84.183,3144.769156047446,851.8980243833436,2126.581605659408,2126.581605659408,53.81605916037118,55.031120754411994,7.548736205955817,1596,37.35634458319905,2521,49.88378691449889,27.54536912778311,2.0654933530736166,0.4246940846462816,851,2.8296226029949074,3.3889431562225543
dataset_dynamic_nofloortexture_01_000,logging_20260916_02,ORB-SLAM3,rosbag /ground_truth/odometry,1557,84.447,1218.9629876529752,115.45087022388272,453.1350569535551,84.28402956457919,172.40950790461116,179.99379332460344,2.281691683819934,327,14.434651173552348,1445,11.343970822985366,2.091651007590612,19.260085837362084,2.9851573889160723,819,2.189032845943401,3.2845722223456066
dataset_dynamic_nofloortexture_01_000,logging_20260916_02,VINS-Fusion+YOLO,rosbag /ground_truth/odometry,2552,84.183,2963.23198009761,796.0341328681409,1984.0594818448585,1984.0594818448585,52.565070899664406,53.973351732377566,7.766224136489474,1582,35.1998857263059,2521,47.07425086991237,25.902157530967905,2.026745494704253,0.4522057104049921,892,2.8919415985651775,3.2549444983193574
dataset_dynamic_nofloortexture_01_000,logging_20260916_02,ORB-SLAM3+YOLO,rosbag /ground_truth/odometry,993,84.447,401.1101023673058,14.780953460409902,91.35368154950727,3.1165917586761442,173.78743630737927,179.99955909554976,0.4149421283197778,26,4.749844309061373,956,3.7951910316198827,0.23853817018970913,20.49763429292118,0.5345369082239786,801,2.108917924331085,1.0444948938849454
dataset_dynamic_nofloortexture_01_000,logging_20260916_03,VINS-Fusion,rosbag /ground_truth/odometry,2552,84.183,3526.7407474297406,965.8245242554029,2414.484841567733,2414.484841567733,54.1213925092455,55.209046638915915,7.142003273670331,1619,41.89374039211884,2521,55.80701459843571,31.380101497273245,2.0633999104253578,0.42806198591883915,857,2.8210262629442684,3.4275803372806735
dataset_dynamic_nofloortexture_01_000,logging_20260916_03,ORB-SLAM3,rosbag /ground_truth/odometry,1700,84.48,1328.9082324432177,107.60276708848566,497.39649832573696,70.3009195563075,167.70243934808235,179.68513986336117,0.6367590291458669,456,15.730447827216118,1610,11.546423138087933,2.8143364191360702,23.542983269932403,2.865047045380715,581,2.46624311761251,3.8527912312018575
dataset_dynamic_nofloortexture_01_000,logging_20260916_03,VINS-Fusion+YOLO,rosbag /ground_truth/odometry,2552,84.183,2903.1693974165046,779.0988236989133,1956.4529146776501,1956.4529146776501,53.34752250461284,54.702644282206705,7.794245151900714,1574,34.4864093393738,2521,46.26518448506666,24.99430104062925,2.0597850989612567,0.41928682747009066,899,2.8608515471377736,3.3089863164068176
dataset_dynamic_nofloortexture_01_000,logging_20260916_03,ORB-SLAM3+YOLO,rosbag /ground_truth/odometry,747,84.348,9625.912144649465,749.1621201621956,4383.646202151302,301.9245674904061,162.64291721675855,176.83768066531374,0.4518214548915076,203,114.12140352645545,694,87.05875530511587,0.7948586051617517,24.161116568313574,0.6229200410767941,421,1.169749577740894,4.501686397668719
dataset_dynamic_nofloortexture_02_000,logging_20260916_01,VINS-Fusion,rosbag /ground_truth/odometry,2701,89.1,204.4535587365174,12.488036587739607,34.553903824522536,6.7669743823974615,6.072130543129557,14.792814128936838,6.798365119475636,72,2.294652735538916,2670,1.0349112570859968,0.1871369048963556,0.9898254866508462,0.24093883992430748,2275,0.7748957058575138,0.6215681366317123
dataset_dynamic_nofloortexture_02_000,logging_20260916_01,ORB-SLAM3,rosbag /ground_truth/odometry,2306,89.33099999999999,601.5988516507891,37.834051065195595,165.81166666067534,165.67128675617488,59.31950705728282,104.73792400807483,2.085163812688155,388,6.7344914044485025,2249,6.928479013604495,2.856568479710916,10.691199129755484,1.7921731491129387,1136,2.1222690766491032,1.8951771946498437
dataset_dynamic_nofloortexture_02_000,logging_20260916_01,VINS-Fusion+YOLO,rosbag /ground_truth/odometry,2679,88.374,34735.452296703814,4518.76700592957,9418.587008603403,9418.587008603403,25.093724854705066,73.64323572786078,2.091830778580379,2610,393.05058384483914,2648,256.47731449512656,141.42624383574412,12.956926125474688,3.1597409184835,27,4.89514324761361,7.811028781958473
dataset_dynamic_nofloortexture_02_000,logging_20260916_01,ORB-SLAM3+YOLO,rosbag /ground_truth/odometry,828,89.26499999999999,10497.648589405688,1097.9450070000453,4620.599611027762,493.946707662904,159.65511077519145,176.6312929772231,0.5400120141655345,231,117.60094762119184,787,127.94019728279373,0.7264801913848549,23.67980204308732,0.6437064077356577,499,1.2519290013562208,10.512404201469574
dataset_dynamic_nofloortexture_02_000,logging_20260916_02,VINS-Fusion,rosbag /ground_truth/odometry,2701,89.1,196.69517202881943,12.879117185367003,34.914355501388364,7.237043091646994,5.47764555017658,13.546392991763748,7.355277510672856,61,2.2075776883144718,2670,1.1135619446891913,0.20900058491222429,0.9991881120961409,0.23286856249825258,2284,0.9097924565018617,0.6566676449361776
dataset_dynamic_nofloortexture_02_000,logging_20260916_02,ORB-SLAM3,rosbag /ground_truth/odometry,2040,89.39699999999999,2607.578755791068,265.50068372167704,970.8706987776012,104.25372507663101,62.852516305997746,94.55937402086134,2.173343883660901,689,29.16852641353813,1978,27.408342023292875,1.7585229185183975,15.204018129313551,1.4633828039826322,944,1.2724338417721675,1.884012374873701
dataset_dynamic_nofloortexture_02_000,logging_20260916_02,VINS-Fusion+YOLO,rosbag /ground_truth/odometry,2701,89.1,196.80669916417503,11.85404068844727,31.96560579685591,6.818338647639677,6.391367257839586,15.403930383074133,7.55463231918007,62,2.208829395781987,2670,1.0194785122346437,0.22110673935888467,1.1168494732580163,0.24971312426702313,2338,0.8165778041116951,0.7286326237098367
dataset_dynamic_nofloortexture_02_000,logging_20260916_02,ORB-SLAM3+YOLO,rosbag /ground_truth/odometry,823,89.298,7196.267971018278,737.271940856305,3158.6781329854016,311.5494224152406,148.94209350218114,161.36024253681063,0.8066962335029338,219,80.58711248872626,755,80.42922834802648,1.1058332900456223,22.747581785851974,0.5917409732053758,491,1.6383500304797898,10.713007863298706
dataset_dynamic_nofloortexture_02_000,logging_20260916_03,VINS-Fusion,rosbag /ground_truth/odometry,2700,89.1,197.17415323288304,11.30094901159483,30.805582191272595,6.606371421835544,4.272398608778318,11.054307125653887,6.809806188656184,58,2.2129534594038502,2669,0.9860620593887126,0.19033894968512058,0.9712763195103062,0.19114963825914313,2325,0.7547090270053481,0.544563723477283
dataset_dynamic_nofloortexture_02_000,logging_20260916_03,ORB-SLAM3,rosbag /ground_truth/odometry,1999,89.39699999999999,680.933158563172,42.368834952216304,171.07055570557335,18.288071220630155,145.7670690053895,164.10534555631838,1.7197888613880195,408,7.616957599954944,1946,7.3351671879436,2.0409911321487337,18.333739276016264,1.6408207876356862,968,1.9745725380286894,1.7667171806432778
dataset_dynamic_nofloortexture_02_000,logging_20260916_03,VINS-Fusion+YOLO,rosbag /ground_truth/odometry,1733,89.1,201.52240583470126,12.552130763093338,29.025928301156796,3.034184825995843,6.932171513593354,14.254188340812812,6.290859683828531,66,2.2617553965735273,1701,1.2135804452709789,0.35346459768692357,1.249661944297136,0.2763104473567037,1302,0.9162338852467468,0.6739306417717577
dataset_dynamic_nofloortexture_02_000,logging_20260916_03,ORB-SLAM3+YOLO,rosbag /ground_truth/odometry,884,89.39699999999999,394.9446874250219,15.812252852946662,89.47946952289841,24.906423423102012,146.9404872227298,178.58694970528654,0.5901882311427181,31,4.417874060930702,825,3.2336433984848454,0.34934823992067227,28.468166127049077,0.6034618448552191,663,1.895757714180473,13.34156177166688
dataset_static_nofloortexture_000,logging_20260916_01,VINS-Fusion,rosbag /ground_truth/odometry,1174,86.295,123.16635824074606,0.37048928476013376,0.567307581178466,0.4438015084000754,1.5571775370215157,3.8958203285041826,0.37048928476013376,0,1.42727108454425,1143,0.059252387631084626,0.020642252816742482,0.5847621234831889,0.0660100853402293,1143,0.059252387631084626,0.5847621234831889
dataset_static_nofloortexture_000,logging_20260916_01,ORB-SLAM3,rosbag /ground_truth/odometry,1152,86.493,125.30848153487787,0.5760083272960519,1.1144838599241262,0.4568451249568761,17.923023646375714,90.45522575338202,0.5501670046966649,1,1.4487702072407926,1133,0.28690443612519656,0.030840566494517455,9.278709281948908,0.12916437735584732,1121,0.07869033662018922,0.39347367067491557
dataset_static_nofloortexture_000,logging_20260916_02,VINS-Fusion,rosbag /ground_truth/odometry,1067,86.295,123.03998705851754,0.4053119157744721,0.6825434007287549,0.4699654969310703,1.5498522643725912,3.734602606227018,0.4053119157744721,0,1.4258066754564869,1036,0.05791552864464196,0.022054614007956337,0.5277324590546743,0.06368141225259363,1036,0.05791552864464196,0.5277324590546743
dataset_static_nofloortexture_000,logging_20260916_02,ORB-SLAM3,rosbag /ground_truth/odometry,980,86.526,127.32513983788286,0.7938399629228461,1.2745041974391493,0.813417525083979,20.36546782213863,90.58755914007986,0.7677932657288413,1,1.4715246265617603,961,0.3395258938371234,0.039121621578037016,11.630419003664745,0.13910975157954572,945,0.1456929406873865,0.43399935327496625
dataset_static_nofloortexture_000,logging_20260916_03,VINS-Fusion,rosbag /ground_truth/odometry,1068,86.295,123.01514365022189,0.43099368900019247,0.7422807628483625,0.4896651159146821,1.6444176886381248,3.8488374613643526,0.43099368900019247,0,1.4255187861431355,1036,0.057806740730741275,0.020026896542714008,0.5735923096664268,0.060417088494990646,1036,0.057806740730741275,0.5735923096664268
dataset_static_nofloortexture_000,logging_20260916_03,ORB-SLAM3,rosbag /ground_truth/odometry,1194,86.526,127.6676822861813,1.200769217442442,2.2638073015661413,1.827037087276381,19.09423729769342,91.60786238933431,0.3006141987435718,2,1.4754834649259334,1170,0.31024676215923447,0.04964307936986968,10.221714229256172,0.22628271895457014,1141,0.14553386296974782,0.6592197141877648
dataset_static_nofloortexture_001,logging_20260916_01,VINS-Fusion,rosbag /ground_truth/odometry,993,81.576,113.34764437227467,0.3864315081892375,0.7314474847443849,0.30085518066215894,2.2735620087703943,4.084819691258603,0.3864315081892375,0,1.3894729377791837,960,0.06291229931286967,0.019233465050378755,0.6894060673536655,0.0645775565078848,960,0.06291229931286967,0.6894060673536655
dataset_static_nofloortexture_001,logging_20260916_01,ORB-SLAM3,rosbag /ground_truth/odometry,1008,81.84,117.53204035647565,0.45353708342947957,3.6174403423099593,0.3136306668763618,18.880184014011654,90.88647678790844,0.2742283833272482,2,1.4361197502013152,996,0.5436516039258702,0.0241179802533378,10.682577005641601,0.09654645078662996,969,0.08152117324508759,0.24703785937123668
dataset_static_nofloortexture_001,logging_20260916_02,VINS-Fusion,rosbag /ground_truth/odometry,946,81.576,113.31902828384793,0.29385927883011137,0.5370654449502485,0.24191350913040935,1.7984694990842252,3.665315546616365,0.29385927883011137,0,1.389122147247327,914,0.0621405067770081,0.02175510488527068,0.6852276699713364,0.0671996368629825,914,0.0621405067770081,0.6852276699713364
dataset_static_nofloortexture_001,logging_20260916_02,ORB-SLAM3,rosbag /ground_truth/odometry,1007,81.87299999999999,116.87028678467544,0.45252545329252425,2.344605753481814,0.649546387621208,18.11069993807536,90.90752867544973,0.21197996038696526,2,1.4274582192502467,993,0.5616260956545005,0.040669847411861346,11.441979488965082,0.19187240991783802,964,0.17050751256847196,0.6126867100679269
dataset_static_nofloortexture_001,logging_20260916_03,VINS-Fusion,rosbag /ground_truth/odometry,893,81.576,113.89477939044967,0.48286865148296976,0.8485212054528886,0.4335895597297151,2.2141063572004462,4.946906689548659,0.48286865148296976,0,1.3961799964505452,861,0.06867924523001243,0.02211321224479627,0.563880314289092,0.062391556743298444,861,0.06867924523001243,0.563880314289092
dataset_static_nofloortexture_001,logging_20260916_03,ORB-SLAM3,rosbag /ground_truth/odometry,963,81.87299999999999,116.692654985371,0.384311517882762,3.1644361840658837,0.5418599081186717,17.162525508915056,90.9351771186397,0.26180587347881223,1,1.425288617558548,949,0.556414720656258,0.019037799026877397,10.542088302175996,0.10019181639230017,936,0.06203487470860421,0.19983743648767963
dataset_static_nofloortexture_002,logging_20260916_01,VINS-Fusion,rosbag /ground_truth/odometry,1223,89.067,115.24245044468313,0.34202114198683625,0.5152730983451426,0.3350107930175069,0.8179541186950348,3.089530942183427,0.34202114198683625,0,1.2938849455430534,1192,0.08675122057806067,0.03229750664140765,0.5921391644247416,0.056411337076526374,1192,0.08675122057806067,0.5921391644247416
dataset_static_nofloortexture_002,logging_20260916_01,ORB-SLAM3,rosbag /ground_truth/odometry,1688,89.29799999999999,116.33845517295701,0.41894199180475056,0.9425990137552186,0.25103724156345886,16.673266413469456,89.96249355824055,0.3907837282487838,1,1.3028114310842016,1672,0.23077512236484238,0.030057459212562587,10.558206326564143,0.05039912058604462,1649,0.0961038990192291,0.10074727278513027
dataset_static_nofloortexture_002,logging_20260916_02,VINS-Fusion,rosbag /ground_truth/odometry,1173,89.1,115.27409268881034,0.35698658002883615,0.5175563103175241,0.2640151502900833,0.7982213412858529,2.752697810216091,0.35698658002883615,0,1.2937608607049422,1142,0.08611260406519614,0.029513686336289598,0.5416706847269162,0.05746492227160141,1142,0.08611260406519614,0.5416706847269162
dataset_static_nofloortexture_002,logging_20260916_02,ORB-SLAM3,rosbag /ground_truth/odometry,1517,89.36399999999999,116.37290592383673,0.45696256304013266,0.9736520083789647,0.22917661587329843,17.626733052173588,90.14695896578002,0.425524641389885,1,1.3022347469208713,1497,0.23573131549383228,0.02925005052463102,10.912844646849697,0.053279548791682424,1475,0.10442529302731667,0.09501551528924299
dataset_static_nofloortexture_002,logging_20260916_03,VINS-Fusion,rosbag /ground_truth/odometry,1074,89.1,115.19303895103629,0.3419764934925042,0.5175811291480749,0.3021464491339614,0.7253058336797817,3.043313506769329,0.3419764934925042,0,1.2928511666782974,1041,0.08733009811156059,0.032165293157850945,0.49235464310306104,0.052140798162409616,1041,0.08733009811156059,0.49235464310306104
dataset_static_nofloortexture_002,logging_20260916_03,ORB-SLAM3,rosbag /ground_truth/odometry,1454,89.39699999999999,116.11911545499143,0.3604011594652239,0.7411535270809405,0.2953064823112067,16.854998728100835,89.99899177046909,0.3410655493801833,1,1.2989151252837505,1438,0.20391318916856763,0.02978295582744859,10.076622668986744,0.05069875200568966,1420,0.08619578818662099,0.10613367009546497
