7327000000,0.09360,0.24750,-0.15800,0.50000,0.50000,-0.50000,0.50000,0.00000,0.00000,0.00000
7360000000,0.09352,0.24745,-0.15802,0.50001,0.50000,-0.50000,0.49999,-0.00257,-0.00153,-0.00071
7426000000,0.09335,0.24736,-0.15822,0.50003,0.50001,-0.50000,0.49996,-0.00247,-0.00142,-0.00293
7459000000,0.09352,0.24728,-0.15846,0.50003,0.49999,-0.50000,0.49998,0.00506,-0.00241,-0.00729
7492000000,0.09352,0.24718,-0.15856,0.50003,0.50000,-0.50000,0.49997,0.00017,-0.00300,-0.00305
7525000000,0.09332,0.24721,-0.15869,0.50003,0.50000,-0.50001,0.49996,-0.00605,0.00093,-0.00411
7558000000,0.09352,0.24715,-0.15876,0.50001,0.49999,-0.50001,0.49998,0.00604,-0.00178,-0.00200
7591000000,0.09359,0.24723,-0.15846,0.50002,0.50000,-0.50000,0.49998,0.00203,0.00245,0.00914
7624000000,0.09364,0.24707,-0.15872,0.49999,0.50000,-0.49999,0.50003,0.00141,-0.00480,-0.00805
7657000000,0.09362,0.24710,-0.15838,0.50001,0.49999,-0.50000,0.50000,-0.00066,0.00076,0.01033
7690000000,0.09343,0.24689,-0.15918,0.50002,0.50001,-0.49999,0.49999,-0.00557,-0.00639,-0.02425
7789000000,0.09337,0.24686,-0.15913,0.50001,0.50000,-0.50000,0.50000,-0.00062,-0.00025,0.00056
7822000000,0.09330,0.24694,-0.15876,0.50004,0.49996,-0.50004,0.49996,-0.00208,0.00237,0.01115
7855000000,0.09365,0.24688,-0.15905,0.50002,0.49999,-0.50000,0.49999,0.01050,-0.00168,-0.00876
7888000000,0.09359,0.24664,-0.15909,0.50003,0.49999,-0.49999,0.49999,-0.00169,-0.00726,-0.00127
7921000000,0.09379,0.24670,-0.15888,0.50001,0.50000,-0.49998,0.50000,0.00598,0.00180,0.00642
7954000000,0.09361,0.24661,-0.15932,0.50003,0.50000,-0.49997,0.50000,-0.00553,-0.00269,-0.01338
7987000000,0.09355,0.24661,-0.15914,0.50004,0.49999,-0.49998,0.49999,-0.00173,-0.00027,0.00547
8020000000,0.09363,0.24653,-0.15914,0.50002,0.49998,-0.49999,0.50001,0.00240,-0.00241,0.00005
8053000000,0.09369,0.24650,-0.15911,0.50003,0.49997,-0.50001,0.50000,0.00178,-0.00068,0.00079
8086000000,0.09355,0.24645,-0.15906,0.50005,0.49994,-0.50002,0.49998,-0.00433,-0.00156,0.00166
8152000000,0.09351,0.24639,-0.15929,0.50006,0.49994,-0.50002,0.49999,-0.00048,-0.00091,-0.00357
8185000000,0.09350,0.24651,-0.15880,0.50010,0.49993,-0.50005,0.49992,-0.00031,0.00352,0.01482
8218000000,0.09354,0.24643,-0.15891,0.50010,0.49994,-0.50003,0.49993,0.00109,-0.00251,-0.00335
8251000000,0.09349,0.24619,-0.15935,0.50011,0.49993,-0.50002,0.49994,-0.00163,-0.00716,-0.01333
8284000000,0.09353,0.24616,-0.15980,0.50010,0.49994,-0.50002,0.49994,0.00128,-0.00095,-0.01365
8317000000,0.09336,0.24629,-0.15856,0.50011,0.49993,-0.50006,0.49990,-0.00515,0.00403,0.03757
8350000000,0.09322,0.24621,-0.15649,0.50010,0.49996,-0.50001,0.49993,-0.00427,-0.00240,0.06274
8383000000,0.09345,0.24633,-0.15364,0.50006,0.49999,-0.49997,0.49997,0.00707,0.00361,0.08651
8416000000,0.09321,0.24595,-0.15090,0.50012,0.49997,-0.49999,0.49993,-0.00738,-0.01143,0.08304
8449000000,0.09355,0.24612,-0.14614,0.50005,0.49994,-0.50001,0.49999,0.01039,0.00496,0.14409
8482000000,0.09343,0.24598,-0.14179,0.50006,0.49995,-0.50000,0.49999,-0.00372,-0.00404,0.13204
8515000000,0.09318,0.24622,-0.13502,0.50007,0.50000,-0.50000,0.49993,-0.00743,0.00704,0.20496
8548000000,0.09283,0.24588,-0.12995,0.50016,0.50006,-0.49991,0.49987,-0.01057,-0.01032,0.15365
8581000000,0.09320,0.24633,-0.12157,0.50012,0.50002,-0.50005,0.49981,0.01099,0.01376,0.25393
8647000000,0.09354,0.24640,-0.10405,0.50008,0.50004,-0.49998,0.49990,0.00527,0.00109,0.26549
8680000000,0.09339,0.24625,-0.09398,0.50001,0.50004,-0.49997,0.49998,-0.00469,-0.00463,0.30509
8713000000,0.09322,0.24611,-0.08431,0.50005,0.50002,-0.50000,0.49993,-0.00500,-0.00432,0.29308
8746000000,0.09305,0.24657,-0.07247,0.50006,0.50008,-0.50002,0.49984,-0.00536,0.01404,0.35896
8812000000,0.09369,0.24584,-0.04750,0.50006,0.50003,-0.49992,0.49999,0.00974,-0.01100,0.37821
8845000000,0.09317,0.24569,-0.03466,0.50011,0.49998,-0.50004,0.49987,-0.01584,-0.00467,0.38915
8878000000,0.09324,0.24584,-0.01954,0.50009,0.50000,-0.50006,0.49984,0.00230,0.00440,0.45835
8911000000,0.09327,0.24652,-0.00231,0.50003,0.50005,-0.50007,0.49985,0.00086,0.02076,0.52193
8944000000,0.09321,0.24628,0.01407,0.50007,0.50001,-0.50006,0.49986,-0.00186,-0.00720,0.49650
8977000000,0.09326,0.24574,0.02844,0.50013,0.50007,-0.49993,0.49987,0.00164,-0.01660,0.43526
9010000000,0.09431,0.24527,0.04552,0.49989,0.50004,-0.49993,0.50015,0.03178,-0.01409,0.51783
9043000000,0.09511,0.24584,0.06421,0.49975,0.50009,-0.50000,0.50016,0.02414,0.01722,0.56626
9076000000,0.09351,0.24551,0.08460,0.50004,0.50014,-0.49983,0.49999,-0.04836,-0.01009,0.61778
9109000000,0.09325,0.24549,0.10593,0.50007,0.50009,-0.49986,0.49997,-0.00795,-0.00037,0.64642
9142000000,0.09308,0.24591,0.12780,0.50009,0.50011,-0.49994,0.49986,-0.00523,0.01264,0.66290
9175000000,0.09312,0.24582,0.14905,0.50015,0.50011,-0.49989,0.49985,0.00124,-0.00261,0.64372
9208000000,0.09374,0.24535,0.17213,0.50018,0.50010,-0.49978,0.49995,0.01873,-0.01444,0.69953
9241000000,0.09343,0.24518,0.19544,0.50020,0.50008,-0.49983,0.49989,-0.00919,-0.00515,0.70617
9274000000,0.09674,0.24517,0.21869,0.49937,0.49971,-0.50020,0.50071,0.10006,-0.00018,0.70466
9307000000,0.09654,0.24514,0.24423,0.49936,0.49976,-0.50014,0.50074,-0.00608,-0.00102,0.77381
9340000000,0.09715,0.24536,0.27004,0.49926,0.49971,-0.50021,0.50082,0.01861,0.00658,0.78226
9373000000,0.09763,0.24496,0.29689,0.49932,0.49963,-0.50026,0.50080,0.01444,-0.01199,0.81378
9406000000,0.09727,0.24529,0.32621,0.49939,0.49963,-0.50024,0.50074,-0.01079,0.00999,0.88849
9439000000,0.09823,0.24465,0.35351,0.49919,0.49965,-0.50020,0.50096,0.02915,-0.01949,0.82722
9472000000,0.09824,0.24509,0.38186,0.49911,0.49970,-0.50015,0.50104,0.00009,0.01332,0.85902
9505000000,0.09706,0.24497,0.41288,0.49933,0.49965,-0.50019,0.50083,-0.03561,-0.00363,0.93992
9538000000,0.09675,0.24467,0.44026,0.49955,0.49983,-0.50009,0.50053,-0.00951,-0.00893,0.82988
9571000000,0.09584,0.24495,0.47255,0.49956,0.49985,-0.50009,0.50050,-0.02747,0.00855,0.97841
9604000000,0.09725,0.24386,0.50333,0.49939,0.49968,-0.50020,0.50074,0.04266,-0.03324,0.93274
9637000000,0.09628,0.24489,0.53860,0.49963,0.49964,-0.50020,0.50053,-0.02925,0.03129,1.06871
9670000000,0.09710,0.24530,0.57288,0.49922,0.49982,-0.50027,0.50069,0.02464,0.01250,1.03892
9703000000,0.09763,0.24546,0.60900,0.49939,0.49980,-0.50023,0.50058,0.01627,0.00468,1.09442
9736000000,0.09664,0.24488,0.64251,0.49925,0.49991,-0.50018,0.50066,-0.02998,-0.01756,1.01536
9769000000,0.10190,0.67759,-0.24504,0.70628,0.00087,0.00146,0.70794,0.15914,13.11247,-26.89528
9802000000,0.10213,0.71396,-0.24504,0.70625,0.00086,0.00134,0.70796,0.00703,1.10209,-0.00006
9835000000,0.09539,0.70515,-0.25295,0.70685,0.00001,0.00086,0.70736,-0.20413,-0.26685,-0.23958
9868000000,0.09531,0.74460,-0.25299,0.70685,0.00015,0.00091,0.70736,-0.00238,1.19537,-0.00132
9901000000,0.09543,0.78410,-0.25296,0.70679,0.00005,0.00087,0.70742,0.00350,1.19709,0.00102
9934000000,0.09528,0.82481,-0.25305,0.70687,0.00010,0.00091,0.70734,-0.00454,1.23355,-0.00299
9967000000,0.09621,0.86583,-0.25398,0.70687,0.00045,0.00103,0.70734,0.02833,1.24302,-0.02801
10000000000,0.09597,0.90848,-0.25364,0.70678,0.00033,0.00107,0.70744,-0.00748,1.29256,0.01038
10033000000,0.09579,0.95146,-0.25363,0.70686,0.00033,0.00105,0.70735,-0.00535,1.30232,0.00017
10066000000,0.09552,0.99467,-0.25355,0.70677,0.00034,0.00107,0.70745,-0.00810,1.30931,0.00249
10099000000,0.09627,1.04098,-0.25491,0.70688,0.00065,0.00092,0.70733,0.02277,1.40335,-0.04112
10132000000,0.09649,1.08624,-0.25467,0.70689,0.00056,0.00096,0.70733,0.00646,1.37173,0.00727
10165000000,0.09658,1.13341,-0.25443,0.70687,0.00050,0.00099,0.70735,0.00276,1.42911,0.00726
10198000000,0.09659,1.18096,-0.25426,0.70681,0.00049,0.00104,0.70740,0.00049,1.44112,0.00496
10264000000,0.09613,1.28130,-0.25368,0.70721,0.00012,0.00097,0.70701,-0.00709,1.52024,0.00884
10297000000,0.09652,1.32973,-0.25378,0.70706,0.00009,0.00087,0.70715,0.01207,1.46750,-0.00319
10363000000,0.09635,1.42906,-0.25392,0.70711,0.00006,0.00080,0.70710,-0.00259,1.50510,-0.00213
10396000000,0.09410,1.46743,-0.25082,0.70759,-0.00024,0.00061,0.70662,-0.06826,1.16267,0.09407
10429000000,0.09504,1.51639,-0.25064,0.70743,-0.00018,0.00074,0.70678,0.02843,1.48364,0.00550
10462000000,0.09419,1.56466,-0.25218,0.70734,-0.00008,0.00082,0.70687,-0.02577,1.46263,-0.04677
10495000000,0.09474,1.61356,-0.25183,0.70725,-0.00009,0.00093,0.70697,0.01683,1.48182,0.01077
10528000000,0.09454,1.66599,-0.25343,0.70729,0.00004,0.00075,0.70692,-0.00606,1.58890,-0.04853
10561000000,0.09478,1.71495,-0.25315,0.70728,-0.00005,0.00078,0.70693,0.00709,1.48350,0.00853
10594000000,0.09495,1.76588,-0.25491,0.70730,0.00007,0.00064,0.70691,0.00532,1.54334,-0.05334
10627000000,0.09510,1.81517,-0.25462,0.70731,0.00005,0.00071,0.70691,0.00434,1.49369,0.00871
10660000000,0.09513,1.86481,-0.25454,0.70734,-0.00004,0.00073,0.70687,0.00111,1.50440,0.00233
10726000000,0.09435,1.96483,-0.25432,0.70750,-0.00008,0.00045,0.70671,-0.01192,1.51542,0.00339
10759000000,0.09509,2.01439,-0.25424,0.70739,0.00001,0.00058,0.70683,0.02263,1.50165,0.00236
10792000000,0.09542,2.06379,-0.25404,0.70739,0.00004,0.00065,0.70683,0.00976,1.49699,0.00607
10825000000,0.09357,2.11606,-0.25397,0.70763,-0.00028,0.00048,0.70659,-0.05595,1.58416,0.00210
10858000000,0.09384,2.16557,-0.25404,0.70758,-0.00024,0.00057,0.70663,0.00831,1.50022,-0.00213
10891000000,0.09401,2.21526,-0.25423,0.70759,-0.00027,0.00050,0.70662,0.00511,1.50556,-0.00575
10924000000,0.09380,2.26244,-0.25438,0.70749,-0.00031,0.00050,0.70673,-0.00638,1.42995,-0.00461
10957000000,0.09448,2.31138,-0.25421,0.70736,-0.00029,0.00048,0.70685,0.02049,1.48288,0.00532
10990000000,0.09490,2.36034,-0.25395,0.70743,-0.00024,0.00063,0.70679,0.01288,1.48366,0.00778
11023000000,0.09421,2.40699,-0.25264,0.70760,-0.00051,0.00042,0.70661,-0.02089,1.41360,0.03963
11056000000,0.09479,2.45597,-0.25211,0.70750,-0.00042,0.00073,0.70671,0.01748,1.48443,0.01611
11089000000,0.09509,2.50461,-0.25181,0.70751,-0.00052,0.00067,0.70670,0.00897,1.47372,0.00914
11122000000,0.09545,2.55669,-0.25357,0.70742,-0.00021,0.00063,0.70679,0.01117,1.57832,-0.05338
11155000000,0.09559,2.60535,-0.25333,0.70746,-0.00027,0.00071,0.70675,0.00398,1.47452,0.00744
11221000000,0.09596,2.70293,-0.25264,0.70750,-0.00021,0.00074,0.70671,0.00570,1.47846,0.01041
11254000000,0.09590,2.74894,-0.25302,0.70737,-0.00032,0.00063,0.70684,-0.00174,1.39433,-0.01154
11287000000,0.09604,2.79759,-0.25272,0.70743,-0.00027,0.00076,0.70678,0.00400,1.47431,0.00921
11320000000,0.09656,2.84673,-0.25257,0.70740,-0.00021,0.00086,0.70681,0.01571,1.48891,0.00453
11353000000,0.09503,2.89985,-0.25355,0.70737,-0.00009,0.00100,0.70685,-0.04629,1.60985,-0.02983
11386000000,0.09542,2.94889,-0.25337,0.70731,-0.00006,0.00099,0.70690,0.01201,1.48598,0.00542
11419000000,0.09554,2.99821,-0.25357,0.70732,-0.00011,0.00090,0.70689,0.00345,1.49452,-0.00610
11452000000,0.09359,3.04729,-0.25436,0.70752,-0.00009,0.00030,0.70669,-0.05906,1.48726,-0.02375
11485000000,0.09422,3.09657,-0.25415,0.70738,-0.00015,0.00037,0.70684,0.01926,1.49338,0.00640
11518000000,0.09488,3.14734,-0.25421,0.70737,-0.00013,0.00044,0.70684,0.01978,1.53851,-0.00204
11551000000,0.09507,3.18978,-0.25334,0.70741,-0.00015,0.00058,0.70680,0.00582,1.28608,0.02653
11584000000,0.09599,3.23897,-0.25286,0.70732,-0.00018,0.00071,0.70689,0.02780,1.49058,0.01461
11617000000,0.09628,3.28871,-0.25287,0.70726,-0.00010,0.00075,0.70695,0.00888,1.50714,-0.00057
11650000000,0.09630,3.33710,-0.25278,0.70722,-0.00008,0.00087,0.70699,0.00055,1.46651,0.00298
11683000000,0.09748,3.39155,-0.25434,0.70707,0.00025,0.00097,0.70714,0.03580,1.65005,-0.04745
11716000000,0.09773,3.44082,-0.25420,0.70698,0.00022,0.00100,0.70723,0.00754,1.49296,0.00416
11749000000,0.09786,3.49057,-0.25419,0.70701,0.00024,0.00106,0.70720,0.00393,1.50741,0.00057
11815000000,0.09746,3.58967,-0.25528,0.70718,0.00019,0.00096,0.70703,-0.00608,1.50166,-0.01663
11848000000,0.09756,3.63856,-0.25501,0.70709,0.00016,0.00102,0.70712,0.00316,1.48142,0.00832
11881000000,0.09740,3.68832,-0.25464,0.70717,0.00010,0.00110,0.70704,-0.00485,1.50777,0.01130
11914000000,0.09740,3.73778,-0.25489,0.70713,0.00016,0.00094,0.70708,0.00000,1.49899,-0.00782
11947000000,0.09619,3.78614,-0.25491,0.70725,-0.00022,0.00076,0.70697,-0.03659,1.46529,-0.00056
11980000000,0.09622,3.83610,-0.25495,0.70728,-0.00015,0.00083,0.70694,0.00089,1.51402,-0.00100
12013000000,0.09574,3.88592,-0.25489,0.70734,-0.00029,0.00086,0.70687,-0.01468,1.50977,0.00165
12046000000,0.09781,3.93721,-0.25608,0.70735,-0.00002,0.00073,0.70686,0.06282,1.55424,-0.03591
12079000000,0.09810,3.98626,-0.25572,0.70732,-0.00008,0.00084,0.70689,0.00873,1.48625,0.01070
12112000000,0.09823,4.03535,-0.25552,0.70725,-0.00008,0.00083,0.70696,0.00395,1.48746,0.00609
12178000000,0.09103,4.13484,-0.25576,0.70794,-0.00073,0.00012,0.70628,-0.10902,1.50746,-0.00364
12211000000,0.09253,4.18496,-0.25593,0.70779,-0.00056,0.00021,0.70643,0.04544,1.51890,-0.00495
12277000000,0.09381,4.28504,-0.25668,0.70771,-0.00031,0.00029,0.70650,0.01933,1.51630,-0.01140
12310000000,0.09193,4.34019,-0.25688,0.70801,-0.00081,0.00018,0.70620,-0.05699,1.67111,-0.00622
12343000000,0.09326,4.38989,-0.25729,0.70781,-0.00066,0.00027,0.70640,0.04043,1.50608,-0.01222
12376000000,0.09404,4.43972,-0.25758,0.70774,-0.00056,0.00032,0.70648,0.02361,1.50997,-0.00896
12409000000,0.09470,4.48975,-0.25784,0.70764,-0.00041,0.00037,0.70657,0.01993,1.51608,-0.00780
12442000000,0.09463,4.52799,-0.25537,0.70757,-0.00061,0.00056,0.70665,-0.00202,1.15903,0.07486
12508000000,0.09562,4.62667,-0.25589,0.70744,-0.00050,0.00057,0.70677,0.01500,1.49501,-0.00789
12541000000,0.09604,4.67586,-0.25589,0.70745,-0.00037,0.00062,0.70677,0.01259,1.49067,0.00004
12574000000,0.09645,4.72471,-0.25587,0.70746,-0.00038,0.00061,0.70675,0.01245,1.48054,0.00042
12640000000,0.09612,4.81935,-0.25571,0.70746,-0.00076,0.00077,0.70675,-0.00502,1.43387,0.00243
12673000000,0.09659,4.87048,-0.25647,0.70737,-0.00065,0.00087,0.70684,0.01420,1.54953,-0.02275
12706000000,0.09724,4.91979,-0.25678,0.70737,-0.00070,0.00082,0.70684,0.01969,1.49396,-0.00962
12739000000,0.09781,4.96868,-0.25687,0.70738,-0.00060,0.00071,0.70684,0.01743,1.48166,-0.00268
12772000000,0.09811,5.01799,-0.25695,0.70741,-0.00054,0.00079,0.70680,0.00916,1.49431,-0.00235
12805000000,0.09361,5.11960,-0.24001,0.70728,-0.00064,0.00115,0.70693,-0.13642,3.07902,0.51342
12838000000,0.09292,5.16830,-0.23959,0.70751,-0.00074,0.00118,0.70670,-0.02110,1.47580,0.01246
12871000000,0.09318,5.21740,-0.23941,0.70742,-0.00084,0.00118,0.70680,0.00809,1.48798,0.00555
12904000000,0.09469,5.26568,-0.24068,0.70701,-0.00034,0.00155,0.70720,0.04556,1.46292,-0.03852
12970000000,0.09464,5.36411,-0.24078,0.70703,-0.00038,0.00148,0.70718,-0.00074,1.49127,-0.00151
13003000000,0.09459,5.41360,-0.24066,0.70708,-0.00045,0.00147,0.70713,-0.00151,1.49993,0.00379
13036000000,0.08597,5.46761,-0.24249,0.70781,-0.00108,0.00045,0.70640,-0.26104,1.63653,-0.05547
13069000000,0.08652,5.51662,-0.24224,0.70787,-0.00109,0.00059,0.70634,0.01666,1.48515,0.00746
13102000000,0.08747,5.56643,-0.24203,0.70777,-0.00105,0.00063,0.70644,0.02883,1.50932,0.00631
13135000000,0.09312,5.61449,-0.24023,0.70767,-0.00106,0.00065,0.70654,0.17108,1.45636,0.05471
13168000000,0.09425,5.66333,-0.24004,0.70750,-0.00102,0.00076,0.70671,0.03426,1.48022,0.00569
13201000000,0.09493,5.71264,-0.24016,0.70747,-0.00097,0.00081,0.70675,0.02056,1.49428,-0.00374
13234000000,0.09554,5.76231,-0.24012,0.70738,-0.00084,0.00112,0.70683,0.01861,1.50497,0.00133
13300000000,0.09559,5.85994,-0.24028,0.70740,-0.00085,0.00104,0.70681,0.00066,1.47929,-0.00241
13333000000,0.09131,5.90276,-0.24109,0.70738,-0.00080,0.00089,0.70683,-0.12962,1.29755,-0.02460
13399000000,0.09046,6.00072,-0.24111,0.70748,-0.00074,0.00086,0.70674,-0.01292,1.48431,-0.00036
13432000000,0.09069,6.04996,-0.24130,0.70742,-0.00078,0.00089,0.70679,0.00719,1.49192,-0.00556
13498000000,0.09076,6.14892,-0.24139,0.70744,-0.00078,0.00084,0.70677,0.00103,1.49940,-0.00141
13531000000,0.09071,6.19850,-0.24149,0.70744,-0.00077,0.00086,0.70677,-0.00160,1.50243,-0.00308
13597000000,0.09150,6.29571,-0.24335,0.70756,-0.00063,0.00106,0.70666,0.01194,1.47291,-0.02820
13663000000,0.09153,6.39554,-0.24374,0.70755,-0.00064,0.00105,0.70666,0.00042,1.51256,-0.00584
13696000000,0.09173,6.44461,-0.24363,0.70759,-0.00065,0.00108,0.70663,0.00633,1.48702,0.00340
13729000000,0.09183,6.49362,-0.24342,0.70752,-0.00072,0.00111,0.70669,0.00278,1.48496,0.00621
13762000000,0.10225,6.57168,-0.25166,0.70700,-0.00012,0.00113,0.70721,0.31598,2.36563,-0.24968
13795000000,0.10146,6.62044,-0.25145,0.70709,-0.00018,0.00112,0.70712,-0.02399,1.47752,0.00628
13828000000,0.10183,6.67018,-0.25195,0.70712,-0.00006,0.00104,0.70709,0.01125,1.50740,-0.01512
13861000000,0.09551,6.70748,-0.24671,0.70707,-0.00027,0.00128,0.70714,-0.19155,1.13035,0.15877
13927000000,0.09581,6.80701,-0.24680,0.70717,-0.00035,0.00117,0.70705,0.00451,1.50800,-0.00126
13960000000,0.09592,6.85583,-0.24662,0.70714,-0.00038,0.00124,0.70707,0.00339,1.47944,0.00549
14026000000,0.09621,6.95549,-0.24665,0.70708,-0.00047,0.00124,0.70713,0.00439,1.51001,-0.00049
14059000000,0.09797,7.00535,-0.24692,0.70695,-0.00038,0.00112,0.70727,0.05315,1.51065,-0.00834
14092000000,0.09762,7.05436,-0.24694,0.70700,-0.00037,0.00114,0.70721,-0.01034,1.48538,-0.00040
14158000000,0.09707,7.15232,-0.24653,0.70700,-0.00047,0.00118,0.70721,-0.00845,1.48421,0.00617
14224000000,0.09738,7.24685,-0.24667,0.70703,-0.00043,0.00118,0.70718,0.00481,1.43231,-0.00213
14257000000,0.09764,7.29608,-0.24652,0.70703,-0.00043,0.00123,0.70718,0.00770,1.49166,0.00456
14323000000,0.09701,7.39530,-0.24699,0.70701,-0.00041,0.00122,0.70720,-0.00945,1.50330,-0.00712
14356000000,0.09689,7.44433,-0.24689,0.70711,-0.00054,0.00113,0.70710,-0.00384,1.48587,0.00304
14422000000,0.09511,7.53567,-0.24565,0.70697,-0.00048,0.00105,0.70724,-0.02694,1.38394,0.01871
14488000000,0.09456,7.63509,-0.24565,0.70709,-0.00052,0.00104,0.70712,-0.00832,1.50629,0.00001
14554000000,0.09407,7.73295,-0.24562,0.70706,-0.00050,0.00110,0.70715,-0.00749,1.48279,0.00055
14620000000,0.09443,7.83160,-0.24756,0.70716,-0.00047,0.00120,0.70705,0.00548,1.49471,-0.02938
14653000000,0.09428,7.88096,-0.24774,0.70716,-0.00054,0.00106,0.70705,-0.00436,1.49577,-0.00564
14686000000,0.09368,7.93048,-0.24769,0.70712,-0.00058,0.00106,0.70709,-0.01836,1.50046,0.00155
14752000000,0.09371,8.02920,-0.24774,0.70721,-0.00060,0.00104,0.70700,0.00052,1.49588,-0.00077
14818000000,0.09221,8.12536,-0.24737,0.70727,-0.00052,0.00115,0.70695,-0.02281,1.45693,0.00559
14851000000,0.09265,8.17457,-0.24774,0.70716,-0.00050,0.00114,0.70705,0.01337,1.49120,-0.01122
14917000000,0.09240,8.27363,-0.24817,0.70726,-0.00049,0.00114,0.70695,-0.00373,1.50087,-0.00647
14950000000,0.09210,8.32245,-0.24815,0.70719,-0.00053,0.00117,0.70702,-0.00912,1.47941,0.00071
14983000000,0.09616,8.37336,-0.24653,0.70714,-0.00059,0.00131,0.70707,0.12298,1.54281,0.04907
15016000000,0.09726,8.42220,-0.24662,0.70680,-0.00040,0.00139,0.70741,0.03323,1.47981,-0.00287
15049000000,0.09633,8.47211,-0.24678,0.70708,-0.00053,0.00129,0.70713,-0.02796,1.51256,-0.00492
15082000000,0.09427,8.52197,-0.24919,0.70727,-0.00056,0.00087,0.70694,-0.06239,1.51094,-0.07276
15148000000,0.09443,8.61970,-0.24861,0.70721,-0.00064,0.00101,0.70701,0.00239,1.48077,0.00878
15181000000,0.09415,8.66924,-0.24859,0.70727,-0.00061,0.00107,0.70694,-0.00850,1.50103,0.00057
15247000000,0.10199,8.75278,-0.24688,0.70591,0.00057,0.00183,0.70830,0.11876,1.26580,0.02579
15280000000,0.10066,8.80223,-0.24632,0.70601,0.00022,0.00175,0.70820,-0.04024,1.49854,0.01710
15313000000,0.09938,8.85189,-0.24613,0.70630,0.00016,0.00179,0.70791,-0.03890,1.50484,0.00568
15346000000,0.10284,8.89326,-0.24575,0.70539,0.00007,0.00153,0.70881,0.10483,1.25371,0.01159
15379000000,0.10093,8.94442,-0.24554,0.70613,0.00008,0.00178,0.70808,-0.05796,1.55024,0.00642
15445000000,0.09918,9.04431,-0.24539,0.70639,-0.00006,0.00186,0.70782,-0.02641,1.51355,0.00225
15478000000,0.09803,9.09395,-0.24572,0.70659,-0.00015,0.00178,0.70762,-0.03490,1.50400,-0.01008
15544000000,0.09702,9.19272,-0.24599,0.70679,-0.00032,0.00160,0.70742,-0.01538,1.49663,-0.00399
15577000000,0.10087,9.25182,-0.24946,0.70653,0.00045,0.00176,0.70768,0.11668,1.79068,-0.10520
15610000000,0.10031,9.30100,-0.24914,0.70659,0.00025,0.00170,0.70762,-0.01696,1.49033,0.00957
15643000000,0.09963,9.35031,-0.24908,0.70670,0.00026,0.00168,0.70751,-0.02043,1.49432,0.00192
15676000000,0.09895,9.39976,-0.24924,0.70682,0.00021,0.00157,0.70739,-0.02062,1.49857,-0.00498
15709000000,0.09795,9.45908,-0.24872,0.70707,-0.00066,0.00137,0.70714,-0.03024,1.79739,0.01595
15775000000,0.09763,9.55788,-0.24899,0.70723,-0.00055,0.00145,0.70698,-0.00497,1.49701,-0.00421
15808000000,0.09735,9.60682,-0.24926,0.70722,-0.00065,0.00133,0.70699,-0.00849,1.48299,-0.00817
15841000000,0.09732,9.65641,-0.24938,0.70722,-0.00054,0.00132,0.70699,-0.00091,1.50288,-0.00364
15940000000,0.09685,9.79680,-0.24904,0.70710,-0.00056,0.00169,0.70711,-0.00465,1.41807,0.00352
15973000000,0.09603,9.84606,-0.24921,0.70720,-0.00064,0.00147,0.70702,-0.02491,1.49273,-0.00528
16006000000,0.09607,9.89548,-0.24900,0.70722,-0.00079,0.00142,0.70699,0.00118,1.49756,0.00640
16039000000,0.09604,9.94534,-0.24942,0.70716,-0.00073,0.00139,0.70706,-0.00105,1.51094,-0.01286
16072000000,0.09972,9.99991,-0.24801,0.70727,-0.00050,0.00116,0.70694,0.11169,1.65350,0.04286
16138000000,0.09971,10.09923,-0.24788,0.70722,-0.00061,0.00114,0.70699,-0.00025,1.50484,0.00190
16171000000,0.09945,10.14834,-0.24786,0.70729,-0.00068,0.00118,0.70692,-0.00788,1.48834,0.00077
16204000000,0.09938,10.19746,-0.24746,0.70734,-0.00056,0.00126,0.70687,-0.00189,1.48854,0.01208
16270000000,0.09886,10.30101,-0.24972,0.70734,-0.00075,0.00101,0.70687,-0.00790,1.56895,-0.03422
16303000000,0.09906,10.35000,-0.24959,0.70742,-0.00082,0.00104,0.70679,0.00592,1.48432,0.00388
16336000000,0.09894,10.39996,-0.24972,0.70736,-0.00069,0.00107,0.70685,-0.00362,1.51400,-0.00389
16402000000,0.09832,10.49294,-0.25114,0.70727,-0.00025,0.00149,0.70694,-0.00935,1.40874,-0.02158
16435000000,0.09810,10.54230,-0.25121,0.70730,-0.00030,0.00145,0.70692,-0.00669,1.49579,-0.00203
16468000000,0.09814,10.59195,-0.25132,0.70727,-0.00034,0.00140,0.70694,0.00128,1.50461,-0.00331
16501000000,0.09754,10.64683,-0.25121,0.70741,-0.00051,0.00111,0.70680,-0.01824,1.66292,0.00343
16534000000,0.09787,10.69587,-0.25115,0.70744,-0.00051,0.00111,0.70677,0.01004,1.48626,0.00169
16600000000,0.09821,10.79529,-0.25121,0.70744,-0.00051,0.00102,0.70677,0.00517,1.50636,-0.00097
16633000000,0.09864,10.84518,-0.25118,0.70742,-0.00059,0.00111,0.70679,0.01302,1.51175,0.00099
16699000000,0.09860,10.94470,-0.25129,0.70748,-0.00056,0.00111,0.70674,-0.00072,1.50795,-0.00169
16732000000,0.09880,10.99378,-0.25173,0.70740,-0.00046,0.00113,0.70681,0.00609,1.48718,-0.01334
16798000000,0.09915,11.08908,-0.25113,0.70730,-0.00086,0.00124,0.70691,0.00537,1.44395,0.00920
16864000000,0.09917,11.18715,-0.25113,0.70735,-0.00086,0.00118,0.70686,0.00035,1.48595,-0.00009
16897000000,0.09934,11.23646,-0.25115,0.70731,-0.00089,0.00124,0.70690,0.00513,1.49415,-0.00066
16930000000,0.10319,11.29374,-0.25582,0.70727,-0.00055,0.00108,0.70695,0.11663,1.73563,-0.14140
16963000000,0.10319,11.34318,-0.25584,0.70731,-0.00049,0.00115,0.70690,-0.00001,1.49831,-0.00058
16996000000,0.10347,11.39207,-0.25583,0.70728,-0.00051,0.00111,0.70693,0.00834,1.48146,0.00024
17029000000,0.10322,11.44164,-0.25587,0.70734,-0.00053,0.00115,0.70687,-0.00761,1.50221,-0.00124
17062000000,0.10262,11.49112,-0.25572,0.70731,-0.00057,0.00116,0.70691,-0.01811,1.49938,0.00476
17095000000,0.09873,11.53902,-0.25362,0.70745,-0.00073,0.00112,0.70676,-0.11785,1.45152,0.06364
17128000000,0.09902,11.58858,-0.25360,0.70738,-0.00074,0.00118,0.70683,0.00886,1.50163,0.00059
17161000000,0.09901,11.63839,-0.25413,0.70734,-0.00071,0.00105,0.70687,-0.00039,1.50964,-0.01614
17194000000,0.09884,11.68764,-0.25418,0.70738,-0.00072,0.00111,0.70683,-0.00501,1.49241,-0.00171
17260000000,0.10143,11.78678,-0.25400,0.70714,-0.00042,0.00148,0.70707,0.03916,1.50209,0.00279
17293000000,0.10127,11.83571,-0.25446,0.70710,-0.00042,0.00132,0.70711,-0.00470,1.48273,-0.01397
17359000000,0.10088,11.93488,-0.25470,0.70719,-0.00043,0.00125,0.70702,-0.00587,1.50249,-0.00362
17425000000,0.10077,12.03448,-0.25484,0.70716,-0.00049,0.00119,0.70706,-0.00172,1.50913,-0.00216
17458000000,0.10365,12.08313,-0.25490,0.70728,-0.00048,0.00117,0.70693,0.08709,1.47429,-0.00165
17491000000,0.10350,12.13332,-0.25532,0.70738,-0.00055,0.00111,0.70683,-0.00440,1.52099,-0.01286
17524000000,0.10357,12.18278,-0.25535,0.70732,-0.00053,0.00112,0.70689,0.00226,1.49874,-0.00073
17557000000,0.10381,12.23253,-0.25530,0.70730,-0.00056,0.00113,0.70691,0.00721,1.50764,0.00152
17590000000,0.09948,12.28219,-0.25455,0.70739,-0.00094,0.00111,0.70682,-0.13117,1.50484,0.02262
17656000000,0.09983,12.38094,-0.25542,0.70741,-0.00087,0.00106,0.70680,0.00526,1.49618,-0.01317
17722000000,0.10000,12.48033,-0.25599,0.70744,-0.00088,0.00098,0.70678,0.00254,1.50588,-0.00864
17755000000,0.10017,12.52974,-0.25608,0.70741,-0.00093,0.00098,0.70680,0.00505,1.49730,-0.00286
17788000000,0.10051,12.57955,-0.25627,0.70737,-0.00084,0.00103,0.70684,0.01041,1.50946,-0.00556
17821000000,0.09949,12.62706,-0.25691,0.70725,-0.00081,0.00089,0.70696,-0.03097,1.43947,-0.01940
17854000000,0.09935,12.67709,-0.25714,0.70729,-0.00086,0.00092,0.70692,-0.00425,1.51620,-0.00713
17887000000,0.09936,12.72665,-0.25739,0.70727,-0.00076,0.00092,0.70694,0.00037,1.50192,-0.00747
17920000000,0.09952,12.77599,-0.25730,0.70728,-0.00082,0.00096,0.70693,0.00479,1.49504,0.00254
17986000000,0.09926,12.86999,-0.25441,0.70702,-0.00079,0.00141,0.70720,-0.00384,1.42417,0.04390
18019000000,0.09436,12.92539,-0.25568,0.70881,-0.00053,0.00173,0.70539,-0.14854,1.67893,-0.03870
18052000000,0.09377,12.97527,-0.25578,0.70883,-0.00081,0.00154,0.70538,-0.01784,1.51163,-0.00302
18085000000,0.09412,13.02515,-0.25575,0.70874,-0.00089,0.00146,0.70547,0.01061,1.51126,0.00118
18118000000,0.09862,13.08034,-0.25751,0.70800,-0.00051,0.00115,0.70621,0.13623,1.67243,-0.05342
18151000000,0.09910,13.12958,-0.25746,0.70801,-0.00049,0.00117,0.70620,0.01462,1.49230,0.00148
18184000000,0.09974,13.17932,-0.25756,0.70776,-0.00056,0.00100,0.70645,0.01951,1.50709,-0.00314
18217000000,0.10044,13.22798,-0.25760,0.70750,-0.00061,0.00102,0.70672,0.02092,1.47464,-0.00105
18283000000,0.09673,13.33192,-0.25933,0.70781,-0.00054,0.00077,0.70640,-0.05609,1.57491,-0.02620
18349000000,0.09778,13.43140,-0.26005,0.70767,-0.00035,0.00063,0.70655,0.01586,1.50717,-0.01090
18382000000,0.09761,13.48126,-0.26027,0.70781,-0.00049,0.00064,0.70640,-0.00523,1.51114,-0.00677
18448000000,0.09842,13.57690,-0.25848,0.70746,-0.00048,0.00095,0.70675,0.01228,1.44905,0.02709
18481000000,0.09817,13.62691,-0.25873,0.70757,-0.00049,0.00088,0.70664,-0.00753,1.51548,-0.00763
18514000000,0.09801,13.67599,-0.25882,0.70767,-0.00054,0.00081,0.70655,-0.00490,1.48718,-0.00256
18580000000,0.10048,13.76595,-0.25729,0.70740,-0.00083,0.00109,0.70681,0.03753,1.36305,0.02309
18613000000,0.10014,13.81585,-0.25763,0.70745,-0.00081,0.00095,0.70676,-0.01055,1.51209,-0.01015
18679000000,0.10006,13.91464,-0.25785,0.70745,-0.00087,0.00089,0.70676,-0.00114,1.49684,-0.00338
18712000000,0.09982,13.96406,-0.25774,0.70748,-0.00085,0.00086,0.70673,-0.00730,1.49770,0.00341
18745000000,0.09677,14.01709,-0.25821,0.70777,-0.00120,0.00089,0.70644,-0.09247,1.60688,-0.01434
18811000000,0.09715,14.11619,-0.25902,0.70767,-0.00107,0.00085,0.70654,0.00572,1.50156,-0.01216
18877000000,0.09756,14.21611,-0.25966,0.70769,-0.00090,0.00086,0.70652,0.00631,1.51389,-0.00980
18910000000,0.09798,14.26601,-0.25981,0.70765,-0.00083,0.00093,0.70656,0.01274,1.51207,-0.00439
18976000000,0.09927,14.37454,-0.25972,0.70749,-0.00074,0.00108,0.70672,0.01956,1.64437,0.00132
19042000000,0.09948,14.47400,-0.26033,0.70758,-0.00070,0.00094,0.70664,0.00310,1.50705,-0.00924
19108000000,0.09860,14.57313,-0.26033,0.70778,-0.00083,0.00098,0.70644,-0.01324,1.50198,0.00004
19174000000,0.09880,14.66571,-0.26057,0.70771,-0.00078,0.00077,0.70650,0.00302,1.40267,-0.00371
19207000000,0.09875,14.71516,-0.26070,0.70780,-0.00086,0.00064,0.70641,-0.00175,1.49854,-0.00377
19240000000,0.09916,14.76456,-0.26097,0.70773,-0.00077,0.00069,0.70648,0.01261,1.49698,-0.00834
19273000000,0.09950,14.81385,-0.26086,0.70771,-0.00082,0.00068,0.70650,0.01039,1.49354,0.00338
19372000000,0.09935,14.96400,-0.26141,0.70776,-0.00082,0.00055,0.70645,-0.00157,1.51668,-0.00554
19438000000,0.09639,15.05621,-0.25940,0.70754,-0.00073,0.00085,0.70667,-0.04487,1.39715,0.03047
19504000000,0.09638,15.15600,-0.25973,0.70755,-0.00077,0.00089,0.70666,-0.00015,1.51199,-0.00502
19537000000,0.09664,15.20493,-0.25953,0.70755,-0.00082,0.00093,0.70666,0.00801,1.48276,0.00616
19570000000,0.09675,15.25429,-0.25954,0.70761,-0.00078,0.00093,0.70660,0.00325,1.49571,-0.00053
19603000000,0.09908,15.30031,-0.26034,0.70758,-0.00072,0.00092,0.70663,0.07077,1.39436,-0.02422
19669000000,0.09959,15.39946,-0.26034,0.70749,-0.00081,0.00087,0.70672,0.00763,1.50231,0.00006
19735000000,0.10011,15.49773,-0.26013,0.70746,-0.00080,0.00099,0.70675,0.00793,1.48895,0.00321
19768000000,0.10235,15.55982,-0.26165,0.70719,-0.00031,0.00124,0.70702,0.06776,1.88166,-0.04603
19834000000,0.10226,15.65840,-0.26232,0.70729,-0.00017,0.00103,0.70692,-0.00133,1.49363,-0.01015
19867000000,0.10252,15.70764,-0.26222,0.70715,-0.00025,0.00106,0.70707,0.00796,1.49215,0.00279
19933000000,0.10178,15.80034,-0.26323,0.70701,0.00008,0.00133,0.70720,-0.01130,1.40449,-0.01532
19966000000,0.10186,15.85000,-0.26323,0.70700,0.00004,0.00137,0.70721,0.00239,1.50478,0.00006
19999000000,0.10189,15.89955,-0.26324,0.70695,-0.00001,0.00140,0.70726,0.00099,1.50166,-0.00022
20032000000,0.09879,15.95133,-0.26178,0.70729,-0.00036,0.00102,0.70692,-0.09404,1.56897,0.04415
20065000000,0.09884,16.00086,-0.26191,0.70721,-0.00044,0.00103,0.70700,0.00173,1.50108,-0.00377
20131000000,0.09838,16.09891,-0.26162,0.70730,-0.00050,0.00111,0.70691,-0.00699,1.48548,0.00439
20230000000,0.09901,16.24657,-0.26127,0.70724,-0.00045,0.00115,0.70698,0.00633,1.49157,0.00352
20263000000,0.09912,16.29464,-0.26137,0.70724,-0.00045,0.00102,0.70698,0.00339,1.45652,-0.00299
20296000000,0.10699,16.34649,-0.26410,0.70709,0.00001,0.00117,0.70712,0.23834,1.57148,-0.08264
20362000000,0.10682,16.44494,-0.26427,0.70715,-0.00004,0.00117,0.70706,-0.00246,1.49163,-0.00268
20395000000,0.10694,16.49405,-0.26410,0.70703,-0.00014,0.00109,0.70719,0.00357,1.48808,0.00533
20428000000,0.10756,16.54283,-0.26387,0.70698,-0.00012,0.00114,0.70723,0.01891,1.47820,0.00671
20461000000,0.10002,16.58209,-0.26148,0.70761,-0.00062,0.00066,0.70661,-0.22872,1.18978,0.07250
20527000000,0.10053,16.68055,-0.26128,0.70754,-0.00067,0.00079,0.70667,0.00776,1.49172,0.00312
20560000000,0.10065,16.72956,-0.26105,0.70756,-0.00076,0.00073,0.70665,0.00357,1.48519,0.00673
20593000000,0.10212,16.78327,-0.26141,0.70727,-0.00042,0.00096,0.70694,0.04456,1.62766,-0.01082
20626000000,0.10235,16.83291,-0.26127,0.70724,-0.00032,0.00105,0.70698,0.00696,1.50438,0.00429
20692000000,0.10270,16.93168,-0.26126,0.70720,-0.00032,0.00106,0.70702,0.00529,1.49640,0.00008
20758000000,0.10147,17.02601,-0.26289,0.70715,-0.00036,0.00113,0.70706,-0.01862,1.42924,-0.02460
20791000000,0.10178,17.07501,-0.26256,0.70711,-0.00038,0.00126,0.70710,0.00955,1.48496,0.00982
20857000000,0.10160,17.17338,-0.26264,0.70714,-0.00032,0.00119,0.70707,-0.00273,1.49042,-0.00113
20890000000,0.10284,17.22884,-0.26482,0.70708,-0.00035,0.00093,0.70713,0.03740,1.68055,-0.06612
20956000000,0.10285,17.32741,-0.26430,0.70709,-0.00042,0.00103,0.70713,0.00027,1.49351,0.00785
20989000000,0.10318,17.37699,-0.26424,0.70703,-0.00046,0.00103,0.70718,0.00995,1.50235,0.00181
21022000000,0.10304,17.42631,-0.26431,0.70702,-0.00042,0.00103,0.70719,-0.00432,1.49455,-0.00204
21055000000,0.10244,17.47247,-0.26441,0.70693,-0.00029,0.00119,0.70729,-0.01828,1.39901,-0.00302
21088000000,0.10238,17.52186,-0.26437,0.70699,-0.00029,0.00120,0.70723,-0.00175,1.49652,0.00134
21154000000,0.10230,17.62105,-0.26433,0.70703,-0.00039,0.00120,0.70718,-0.00125,1.50288,0.00059
21187000000,0.10226,17.67031,-0.26432,0.70707,-0.00044,0.00121,0.70714,-0.00111,1.49293,0.00026
21220000000,0.10353,17.72963,-0.26510,0.70710,-0.00029,0.00123,0.70711,0.03851,1.79730,-0.02355
21319000000,0.10374,17.87587,-0.26498,0.70717,-0.00036,0.00128,0.70704,0.00208,1.47725,0.00120
21352000000,0.10355,17.92527,-0.26498,0.70713,-0.00029,0.00126,0.70708,-0.00582,1.49698,-0.00013
21418000000,0.10285,18.01578,-0.26591,0.70709,-0.00038,0.00125,0.70712,-0.01053,1.37130,-0.01405
21484000000,0.10182,18.11271,-0.26600,0.70708,-0.00044,0.00120,0.70713,-0.01555,1.46872,-0.00144
21550000000,0.10154,18.21014,-0.26570,0.70711,-0.00048,0.00118,0.70710,-0.00436,1.47620,0.00467
21583000000,0.10134,18.26021,-0.26599,0.70709,-0.00051,0.00120,0.70712,-0.00580,1.51721,-0.00904
21616000000,0.10123,18.30955,-0.26616,0.70723,-0.00046,0.00119,0.70699,-0.00339,1.49496,-0.00494
21682000000,0.10017,18.40721,-0.26512,0.70744,-0.00067,0.00131,0.70677,-0.01606,1.47973,0.01577
21715000000,0.10021,18.45761,-0.26587,0.70733,-0.00059,0.00117,0.70688,0.00120,1.52732,-0.02297
21781000000,0.10087,18.55663,-0.26613,0.70729,-0.00066,0.00127,0.70692,0.00999,1.50036,-0.00381
21814000000,0.10107,18.60664,-0.26632,0.70732,-0.00061,0.00131,0.70689,0.00613,1.51530,-0.00594
21880000000,0.11056,18.70886,-0.26801,0.70685,-0.00018,0.00150,0.70736,0.14377,1.54882,-0.02560
21913000000,0.11025,18.75834,-0.26819,0.70683,-0.00025,0.00147,0.70738,-0.00951,1.49941,-0.00557
21979000000,0.11037,18.85633,-0.26835,0.70700,-0.00024,0.00138,0.70721,0.00186,1.48473,-0.00230
22078000000,0.10150,19.00451,-0.26840,0.70734,-0.00071,0.00098,0.70687,-0.08966,1.49679,-0.00059
22144000000,0.10192,19.10379,-0.26832,0.70727,-0.00075,0.00112,0.70694,0.00649,1.50418,0.00122
22210000000,0.10200,19.20230,-0.26881,0.70723,-0.00071,0.00109,0.70698,0.00119,1.49264,-0.00735
22276000000,0.10359,19.30208,-0.26862,0.70727,-0.00069,0.00119,0.70695,0.02405,1.51175,0.00279
22342000000,0.10360,19.40085,-0.26942,0.70723,-0.00059,0.00105,0.70698,0.00019,1.49655,-0.01204
22375000000,0.10401,19.45022,-0.26947,0.70716,-0.00058,0.00104,0.70705,0.01249,1.49594,-0.00146
22474000000,0.10347,19.59808,-0.27025,0.70723,-0.00049,0.00109,0.70698,-0.00554,1.49355,-0.00789
22540000000,0.10307,19.70002,-0.26911,0.70729,-0.00067,0.00074,0.70692,-0.00603,1.54449,0.01720
22573000000,0.10287,19.75001,-0.26998,0.70735,-0.00057,0.00058,0.70686,-0.00604,1.51484,-0.02629
22606000000,0.10302,19.80003,-0.27012,0.70724,-0.00063,0.00066,0.70697,0.00460,1.51594,-0.00414
22672000000,0.11238,19.88641,-0.11014,0.70618,0.00066,-0.00355,0.70802,0.14177,1.30876,2.42391
22705000000,0.10990,19.93620,-0.11003,0.70660,0.00056,-0.00370,0.70760,-0.07518,1.50877,0.00343
22771000000,0.10702,20.03665,-0.10920,0.70698,0.00032,-0.00384,0.70722,-0.04362,1.52198,0.01248
22804000000,0.10553,20.08654,-0.10871,0.70708,0.00011,-0.00392,0.70712,-0.04515,1.51195,0.01489
22870000000,0.10334,20.18585,-0.10792,0.70712,0.00001,-0.00400,0.70708,-0.03310,1.50470,0.01192
22903000000,0.10296,20.23520,-0.10769,0.70734,0.00007,-0.00403,0.70686,-0.01152,1.49530,0.00695
22969000000,0.10180,20.33457,-0.10767,0.70734,0.00006,-0.00418,0.70686,-0.01764,1.50568,0.00043
23002000000,0.10284,20.38526,-0.10775,0.70733,0.00004,-0.00424,0.70687,0.03147,1.53605,-0.00262
23035000000,0.10243,20.43426,-0.10795,0.70730,0.00001,-0.00416,0.70690,-0.01244,1.48473,-0.00612
23101000000,0.10219,20.53114,-0.10743,0.70743,0.00011,-0.00409,0.70677,-0.00363,1.46788,0.00796
23167000000,0.10250,20.62577,-0.10691,0.70803,0.00009,-0.00414,0.70617,0.00479,1.43375,0.00791
23233000000,0.10429,20.71844,-0.10594,0.70910,-0.00001,-0.00414,0.70510,0.02713,1.40413,0.01463
23266000000,0.10600,20.76416,-0.10572,0.70983,0.00013,-0.00402,0.70436,0.05182,1.38543,0.00669
23299000000,0.10816,20.80909,-0.10539,0.71086,0.00019,-0.00392,0.70332,0.06538,1.36167,0.00987
23365000000,0.11394,20.89715,-0.10418,0.71338,0.00011,-0.00395,0.70077,0.08756,1.33425,0.01837
23398000000,0.11698,20.94123,-0.10412,0.71514,0.00019,-0.00400,0.69897,0.09196,1.33561,0.00191
23464000000,0.12571,21.02541,-0.10323,0.71893,0.00011,-0.00401,0.69507,0.13230,1.27552,0.01344
23530000000,0.13867,21.10939,-0.10193,0.72401,0.00019,-0.00399,0.68977,0.19640,1.27240,0.01975
23563000000,0.14561,21.15042,-0.10135,0.72699,0.00025,-0.00390,0.68664,0.21046,1.24324,0.01751
23596000000,0.15374,21.19139,-0.10110,0.73018,0.00038,-0.00392,0.68325,0.24627,1.24163,0.00746
23728000000,0.19536,21.35147,-0.09891,0.74647,0.00021,-0.00372,0.66541,0.31529,1.21271,0.01659
23794000000,0.22282,21.42945,-0.09814,0.75658,0.00022,-0.00366,0.65390,0.41611,1.18149,0.01174
23860000000,0.25552,21.50582,-0.09737,0.76822,0.00043,-0.00359,0.64018,0.49543,1.15707,0.01168
23893000000,0.27353,21.54322,-0.09686,0.77464,0.00028,-0.00361,0.63239,0.54556,1.13360,0.01541
23926000000,0.29297,21.58094,-0.09670,0.78141,0.00043,-0.00357,0.62401,0.58938,1.14279,0.00473
23959000000,0.31505,21.61874,-0.09687,0.78867,0.00052,-0.00364,0.61481,0.66899,1.14568,-0.00486
23992000000,0.33840,21.65492,-0.09696,0.79612,0.00061,-0.00359,0.60512,0.70751,1.09638,-0.00285
24091000000,0.41952,21.76376,-0.09636,0.82111,0.00073,-0.00367,0.57075,0.81935,1.09938,0.00610
24124000000,0.45067,21.79910,-0.09629,0.83018,0.00097,-0.00368,0.55749,0.94409,1.07095,0.00187
24190000000,0.51924,21.86889,-0.09583,0.85015,0.00093,-0.00373,0.52653,1.03890,1.05734,0.00707
24223000000,0.55893,21.90277,-0.09508,0.86087,0.00075,-0.00373,0.50881,1.20289,1.02673,0.02267
24289000000,0.64684,21.96580,-0.09372,0.88326,0.00068,-0.00374,0.46887,1.33194,0.95503,0.02062
24322000000,0.69232,21.99286,-0.09287,0.89402,0.00083,-0.00365,0.44802,1.37810,0.82004,0.02556
24355000000,0.74093,22.01822,-0.09262,0.90450,0.00097,-0.00355,0.42645,1.47308,0.76826,0.00779
24388000000,0.78980,22.04075,-0.09267,0.91450,0.00127,-0.00357,0.40456,1.48088,0.68277,-0.00159
24421000000,0.83978,22.05999,-0.09224,0.92407,0.00123,-0.00348,0.38221,1.51456,0.58301,0.01313
24454000000,0.89073,22.07600,-0.09181,0.93293,0.00146,-0.00347,0.36003,1.54399,0.48516,0.01307
24520000000,0.99265,22.10002,-0.09073,0.94880,0.00154,-0.00336,0.31587,1.54429,0.36401,0.01633
24553000000,1.04469,22.10759,-0.09013,0.95576,0.00174,-0.00320,0.29413,1.57673,0.22934,0.01826
24586000000,1.09767,22.11329,-0.09005,0.96216,0.00185,-0.00318,0.27248,1.60550,0.17282,0.00228
24619000000,1.15040,22.11642,-0.08943,0.96794,0.00189,-0.00307,0.25114,1.59793,0.09473,0.01887
24652000000,1.20270,22.11726,-0.08894,0.97320,0.00207,-0.00303,0.22992,1.58479,0.02555,0.01468
24685000000,1.25418,22.11627,-0.08821,0.97779,0.00221,-0.00293,0.20956,1.56010,-0.03017,0.02207
24718000000,1.30609,22.11534,-0.08792,0.98172,0.00242,-0.00283,0.19028,1.57301,-0.02803,0.00897
24784000000,1.41106,22.10698,-0.08652,0.98829,0.00242,-0.00279,0.15253,1.59050,-0.12675,0.02116
24817000000,1.46345,22.09985,-0.08540,0.99094,0.00252,-0.00271,0.13426,1.58740,-0.21611,0.03415
24850000000,1.51708,22.09208,-0.08537,0.99324,0.00248,-0.00268,0.11599,1.62521,-0.23530,0.00075
24949000000,1.67290,22.05670,-0.08375,0.99803,0.00279,-0.00238,0.06270,1.57397,-0.35737,0.01642
24982000000,1.57428,22.55451,-0.10799,0.99895,-0.00328,-0.01410,0.04340,-2.98846,15.08516,-0.73456
25015000000,1.62489,22.53821,-0.10645,0.99955,-0.00293,-0.01414,0.02637,1.53358,-0.49395,0.04644
25081000000,1.72496,22.50284,-0.10296,0.99987,-0.00232,-0.01424,-0.00715,1.51611,-0.53594,0.05289
25147000000,1.82179,22.46458,-0.09985,0.99917,-0.00201,-0.01424,-0.03823,1.46717,-0.57969,0.04715
25180000000,1.91760,22.48844,-0.11317,0.99865,-0.00016,-0.01353,-0.05019,2.90346,0.72312,-0.40352
25279000000,2.05195,22.42606,-0.10531,0.99620,-0.00041,-0.01394,-0.08593,1.35708,-0.63010,0.07931
25312000000,2.09939,22.40689,-0.10403,0.99530,-0.00032,-0.01390,-0.09580,1.43746,-0.58116,0.03904
25345000000,2.14549,22.38660,-0.10273,0.99444,-0.00028,-0.01397,-0.10436,1.39708,-0.61457,0.03933
25378000000,2.19157,22.36688,-0.10128,0.99363,-0.00024,-0.01389,-0.11180,1.39622,-0.59758,0.04398
25411000000,2.23647,22.34678,-0.09952,0.99293,-0.00058,-0.01445,-0.11786,1.36069,-0.60908,0.05337
25477000000,2.32831,22.30966,-0.09650,0.99189,-0.00060,-0.01437,-0.12631,1.39142,-0.56249,0.04564
25510000000,2.37358,22.29202,-0.09502,0.99158,-0.00052,-0.01438,-0.12872,1.37207,-0.53440,0.04510
25543000000,2.41999,22.27402,-0.09412,0.99140,-0.00023,-0.01406,-0.13009,1.40619,-0.54568,0.02721
25609000000,2.51310,22.24395,-0.09200,0.99159,-0.00022,-0.01415,-0.12862,1.41079,-0.45560,0.03207
25642000000,2.55918,22.23165,-0.09075,0.99186,-0.00035,-0.01411,-0.12652,1.39624,-0.37280,0.03794
25675000000,2.60546,22.22087,-0.08946,0.99229,-0.00048,-0.01411,-0.12312,1.40247,-0.32650,0.03898
25708000000,2.65001,22.20256,-0.08774,0.99301,0.00049,-0.01390,-0.11721,1.34991,-0.55487,0.05229
25741000000,2.69827,22.19576,-0.08635,0.99357,0.00024,-0.01379,-0.11234,1.46258,-0.20599,0.04218
25774000000,2.74486,22.18960,-0.08455,0.99420,0.00012,-0.01364,-0.10669,1.41188,-0.18680,0.05452
25807000000,2.79306,22.18106,-0.08225,0.99487,-0.00016,-0.01334,-0.10024,1.46068,-0.25871,0.06962
25840000000,2.84082,22.17805,-0.08076,0.99552,-0.00025,-0.01323,-0.09364,1.44699,-0.09126,0.04510
25906000000,2.93286,22.17421,-0.07699,0.99688,-0.00066,-0.01307,-0.07787,1.39462,-0.05812,0.05709
25939000000,2.98100,22.17539,-0.07526,0.99752,-0.00089,-0.01285,-0.06919,1.45875,0.03555,0.05245
25972000000,3.02990,22.17819,-0.07366,0.99811,-0.00094,-0.01275,-0.06006,1.48185,0.08485,0.04843
26005000000,3.07845,22.18248,-0.07228,0.99864,-0.00113,-0.01270,-0.05063,1.47129,0.13005,0.04191
26071000000,3.17652,22.19270,-0.06983,0.99946,-0.00125,-0.01268,-0.03020,1.48589,0.15487,0.03716
26104000000,3.22727,22.20218,-0.06879,0.99972,-0.00139,-0.01264,-0.01976,1.53798,0.28743,0.03158
26170000000,3.32786,22.22402,-0.06614,0.99992,-0.00171,-0.01260,0.00251,1.52401,0.33090,0.04006
26203000000,3.37540,22.23103,-0.06440,0.99980,-0.00113,-0.01283,0.01509,1.44050,0.21218,0.05274
26269000000,3.47717,22.26328,-0.06191,0.99917,-0.00158,-0.01265,0.03872,1.54198,0.48869,0.03772
26335000000,3.57405,22.29381,-0.05843,0.99801,-0.00173,-0.01222,0.06177,1.46794,0.46256,0.05277
26401000000,3.67145,22.32631,-0.05599,0.99687,-0.00196,-0.01210,0.07812,1.47570,0.49247,0.03698
26467000000,3.76244,22.35452,-0.05304,0.99592,-0.00278,-0.01228,0.08940,1.37867,0.42742,0.04470
26500000000,3.80972,22.37014,-0.05176,0.99544,-0.00286,-0.01219,0.09457,1.43276,0.47331,0.03865
26533000000,3.85536,22.38518,-0.05032,0.99497,-0.00300,-0.01212,0.09943,1.38319,0.45568,0.04371
26566000000,3.90246,22.39903,-0.05093,0.99448,-0.00293,-0.01221,0.10413,1.42709,0.41973,-0.01836
26599000000,3.94835,22.41468,-0.04958,0.99406,-0.00297,-0.01197,0.10811,1.39049,0.47424,0.04089
26632000000,3.99542,22.42915,-0.04841,0.99363,-0.00323,-0.01193,0.11203,1.42665,0.43840,0.03545
26698000000,4.08411,22.45868,-0.04603,0.99291,-0.00313,-0.01178,0.11821,1.34372,0.44745,0.03599
26731000000,4.13531,22.47272,-0.04545,0.99260,-0.00311,-0.01194,0.12079,1.55138,0.42563,0.01777
26764000000,4.17894,22.48741,-0.04432,0.99238,-0.00309,-0.01194,0.12257,1.32227,0.44499,0.03413
26830000000,4.26480,22.51442,-0.04265,0.99215,-0.00287,-0.01201,0.12443,1.30085,0.40921,0.02535
26863000000,4.30886,22.52798,-0.04169,0.99208,-0.00291,-0.01202,0.12498,1.33526,0.41095,0.02893
26896000000,4.35349,22.54252,-0.03926,0.99207,-0.00351,-0.01228,0.12504,1.35248,0.44083,0.07366
26929000000,4.39890,22.55573,-0.03808,0.99197,-0.00347,-0.01222,0.12581,1.37594,0.40020,0.03576
26962000000,4.44515,22.56959,-0.03727,0.99187,-0.00349,-0.01228,0.12658,1.40163,0.41985,0.02455
26995000000,4.49171,22.58334,-0.03616,0.99172,-0.00353,-0.01224,0.12779,1.41083,0.41690,0.03360
27028000000,4.53894,22.59550,-0.03396,0.99153,-0.00333,-0.01249,0.12925,1.43119,0.36841,0.06667
27061000000,4.58584,22.60963,-0.03282,0.99140,-0.00338,-0.01240,0.13021,1.42128,0.42811,0.03463
27094000000,4.63186,22.62412,-0.03168,0.99135,-0.00338,-0.01234,0.13065,1.39440,0.43909,0.03447
27127000000,4.67793,22.63752,-0.03071,0.99131,-0.00343,-0.01238,0.13089,1.39631,0.40621,0.02946
27193000000,4.76941,22.66245,-0.02840,0.99115,-0.00282,-0.01258,0.13209,1.38602,0.37766,0.03503
27259000000,4.86456,22.69069,-0.02562,0.99101,-0.00283,-0.01234,0.13317,1.44166,0.42797,0.04204
27292000000,4.91164,22.70450,-0.02441,0.99091,-0.00278,-0.01234,0.13393,1.42661,0.41840,0.03663
27325000000,4.95880,22.71823,-0.02310,0.99082,-0.00288,-0.01233,0.13458,1.42923,0.41603,0.03978
27391000000,5.04807,22.73925,-0.02160,0.99068,-0.00270,-0.01228,0.13561,1.35250,0.31850,0.02269
27424000000,5.09463,22.75357,-0.02080,0.99079,-0.00278,-0.01234,0.13485,1.41108,0.43378,0.02432
27457000000,5.14062,22.76636,-0.01990,0.99090,-0.00275,-0.01237,0.13402,1.39356,0.38765,0.02719
27523000000,5.22613,22.78561,-0.01450,0.99132,-0.00305,-0.01251,0.13086,1.29553,0.29165,0.08183
27556000000,5.27181,22.79763,-0.01289,0.99163,-0.00306,-0.01225,0.12853,1.38442,0.36430,0.04888
27622000000,5.36129,22.81808,-0.01087,0.99234,-0.00302,-0.01239,0.12290,1.35567,0.30992,0.03061
27655000000,5.40640,22.82480,-0.00986,0.99275,-0.00310,-0.01262,0.11946,1.36703,0.20357,0.03055
27688000000,5.45108,22.83375,-0.00866,0.99324,-0.00306,-0.01267,0.11536,1.35391,0.27107,0.03637
27754000000,5.54594,22.84903,-0.00660,0.99407,-0.00309,-0.01302,0.10793,1.43727,0.23154,0.03122
27787000000,5.59292,22.85591,-0.00521,0.99444,-0.00311,-0.01301,0.10441,1.42375,0.20859,0.04214
27820000000,5.64035,22.86233,-0.00393,0.99481,-0.00296,-0.01292,0.10084,1.43720,0.19438,0.03864
27853000000,5.68986,22.85841,-0.00392,0.99516,-0.00313,-0.01269,0.09742,1.50022,-0.11872,0.00035
27886000000,5.73857,22.86464,-0.00240,0.99547,-0.00314,-0.01257,0.09414,1.47623,0.18871,0.04607
27919000000,5.78744,22.87127,-0.00097,0.99566,-0.00310,-0.01254,0.09212,1.48085,0.20114,0.04346
27952000000,5.79255,22.86188,0.00079,0.99583,-0.00321,-0.01151,0.09047,0.15496,-0.28483,0.05320
27985000000,5.84213,22.86943,0.00177,0.99591,-0.00316,-0.01155,0.08951,1.50237,0.22894,0.02972
28018000000,5.89133,22.87685,0.00284,0.99598,-0.00313,-0.01155,0.08879,1.49075,0.22495,0.03253
28051000000,5.94059,22.88444,0.00386,0.99606,-0.00314,-0.01157,0.08782,1.49292,0.22992,0.03090
28117000000,6.04134,22.90044,0.00566,0.99622,-0.00317,-0.01141,0.08607,1.52649,0.24241,0.02726
28216000000,6.18712,22.92255,0.00915,0.99645,-0.00324,-0.01143,0.08338,1.47254,0.22329,0.03523
28249000000,6.23656,22.92964,0.01012,0.99650,-0.00304,-0.01147,0.08270,1.49803,0.21495,0.02952
28282000000,6.27982,22.93643,0.01162,0.99656,-0.00305,-0.01144,0.08208,1.31097,0.20582,0.04541
28315000000,6.32941,22.94331,0.01256,0.99664,-0.00305,-0.01142,0.08105,1.50283,0.20848,0.02842
28381000000,6.42654,22.95387,0.01527,0.99700,-0.00283,-0.01128,0.07648,1.47168,0.15990,0.04113
28414000000,6.47410,22.95809,0.01590,0.99716,-0.00305,-0.01166,0.07434,1.44118,0.12802,0.01895
28480000000,6.56996,22.96719,0.01826,0.99757,-0.00317,-0.01165,0.06857,1.45233,0.13794,0.03580
28513000000,6.61698,22.97049,0.01977,0.99779,-0.00313,-0.01154,0.06533,1.42480,0.09988,0.04579
28546000000,6.66717,22.97574,0.01967,0.99802,-0.00343,-0.01190,0.06166,1.52110,0.15912,-0.00304
28579000000,6.71569,22.97881,0.02117,0.99824,-0.00345,-0.01169,0.05809,1.47019,0.09300,0.04547
28612000000,6.76431,22.98113,0.02220,0.99842,-0.00358,-0.01172,0.05482,1.47324,0.07046,0.03114
28678000000,6.86250,22.98468,0.02466,0.99869,-0.00327,-0.01177,0.04975,1.48778,0.05372,0.03722
28711000000,6.90992,22.98730,0.02625,0.99879,-0.00315,-0.01158,0.04771,1.43698,0.07924,0.04834
28777000000,7.00999,22.99244,0.02895,0.99896,-0.00307,-0.01144,0.04395,1.51630,0.07794,0.04087
28843000000,7.11026,22.99552,0.03135,0.99909,-0.00296,-0.01138,0.04093,1.51921,0.04661,0.03636
28876000000,7.15936,22.99738,0.03266,0.99916,-0.00290,-0.01144,0.03930,1.48779,0.05653,0.03973
28909000000,7.20865,22.99903,0.03405,0.99922,-0.00289,-0.01136,0.03771,1.49358,0.04982,0.04222
28942000000,7.26151,23.00256,0.03411,0.99927,-0.00335,-0.01149,0.03635,1.60191,0.10716,0.00186
29008000000,7.36153,23.00535,0.03586,0.99936,-0.00313,-0.01168,0.03359,1.51550,0.04222,0.02645
29041000000,7.41110,23.00676,0.03911,0.99944,-0.00272,-0.01095,0.03160,1.50189,0.04277,0.09857
29074000000,7.46133,23.00805,0.04043,0.99948,-0.00264,-0.01082,0.03036,1.52211,0.03919,0.03995
29107000000,7.51133,23.00934,0.04118,0.99951,-0.00271,-0.01096,0.02918,1.51522,0.03890,0.02257
29140000000,7.56292,23.01215,0.04173,0.99955,-0.00312,-0.01135,0.02754,1.56339,0.08525,0.01677
29173000000,7.61363,23.01328,0.04278,0.99958,-0.00312,-0.01126,0.02652,1.53659,0.03416,0.03190
29239000000,7.71361,23.01567,0.04492,0.99964,-0.00301,-0.01126,0.02403,1.51490,0.03633,0.03234
29272000000,7.76289,23.01644,0.04602,0.99967,-0.00300,-0.01128,0.02299,1.49321,0.02312,0.03331
29338000000,7.86385,23.01715,0.04797,0.99971,-0.00293,-0.01143,0.02109,1.52973,0.01075,0.02966
29371000000,7.91346,23.01778,0.04924,0.99973,-0.00289,-0.01144,0.02006,1.50335,0.01907,0.03827
29437000000,8.01335,23.01920,0.05172,0.99977,-0.00291,-0.01139,0.01819,1.51356,0.02159,0.03761
29470000000,8.06278,23.01958,0.05312,0.99978,-0.00284,-0.01135,0.01734,1.49788,0.01139,0.04239
29503000000,8.11226,23.02004,0.05522,0.99980,-0.00254,-0.01114,0.01623,1.49912,0.01405,0.06375
29569000000,8.21289,23.02151,0.05702,0.99983,-0.00278,-0.01118,0.01455,1.52481,0.02234,0.02729
29602000000,8.26222,23.02223,0.05790,0.99984,-0.00272,-0.01124,0.01361,1.49484,0.02173,0.02660
29635000000,8.31204,23.02245,0.05906,0.99985,-0.00274,-0.01115,0.01287,1.50961,0.00659,0.03511
29668000000,8.35944,23.02314,0.06075,0.99986,-0.00278,-0.01125,0.01191,1.43638,0.02098,0.05133
29701000000,8.41027,23.02431,0.06188,0.99987,-0.00283,-0.01118,0.01093,1.54039,0.03555,0.03402
29767000000,8.50958,23.02432,0.06356,0.99988,-0.00295,-0.01130,0.00974,1.50468,0.00009,0.02555
29800000000,8.55890,23.02462,0.06443,0.99989,-0.00294,-0.01143,0.00895,1.49461,0.00919,0.02636
29833000000,8.60818,23.02450,0.06555,0.99989,-0.00293,-0.01149,0.00839,1.49331,-0.00364,0.03399
29899000000,8.70506,23.02495,0.06858,0.99990,-0.00334,-0.01150,0.00720,1.46789,0.00670,0.04592
29965000000,8.80482,23.02552,0.07105,0.99991,-0.00346,-0.01145,0.00608,1.51152,0.00876,0.03736
29998000000,8.85508,23.02584,0.07157,0.99991,-0.00349,-0.01155,0.00544,1.52296,0.00948,0.01579
30064000000,8.95403,23.02559,0.07411,0.99992,-0.00352,-0.01156,0.00428,1.49928,-0.00376,0.03850
30097000000,9.00293,23.02529,0.07524,0.99992,-0.00341,-0.01155,0.00396,1.48175,-0.00896,0.03413
30163000000,9.10114,23.02345,0.07724,0.99992,-0.00351,-0.01143,0.00291,1.48793,-0.02792,0.03030
30196000000,9.15117,23.02351,0.07841,0.99993,-0.00359,-0.01140,0.00225,1.51617,0.00185,0.03560
30229000000,9.20110,23.02308,0.07942,0.99993,-0.00347,-0.01141,0.00176,1.51313,-0.01324,0.03049
30262000000,9.25036,23.02252,0.08032,0.99993,-0.00356,-0.01148,0.00153,1.49273,-0.01682,0.02716
30295000000,9.29970,23.02179,0.08148,0.99993,-0.00351,-0.01146,0.00123,1.49513,-0.02225,0.03542
30328000000,9.34781,23.01974,0.08328,0.99993,-0.00324,-0.01123,0.00109,1.45782,-0.06202,0.05432
30361000000,9.39831,23.01970,0.08424,0.99993,-0.00319,-0.01115,0.00060,1.53039,-0.00133,0.02923
30427000000,9.49688,23.01845,0.08635,0.99993,-0.00329,-0.01123,-0.00006,1.49345,-0.01890,0.03195
30493000000,9.59609,23.01739,0.08808,0.99993,-0.00332,-0.01138,-0.00066,1.50321,-0.01598,0.02619
30526000000,9.64386,23.01605,0.08854,0.99993,-0.00352,-0.01159,-0.00069,1.44742,-0.04069,0.01393
30559000000,9.69400,23.01638,0.08967,0.99993,-0.00361,-0.01164,-0.00123,1.51952,0.01006,0.03417
30592000000,9.74391,23.01629,0.09094,0.99993,-0.00357,-0.01150,-0.00171,1.51235,-0.00266,0.03869
30658000000,9.84305,23.01523,0.09289,0.99992,-0.00371,-0.01157,-0.00216,1.50207,-0.01610,0.02953
30691000000,9.89275,23.01368,0.09359,0.99992,-0.00365,-0.01178,-0.00219,1.50623,-0.04711,0.02119
30724000000,9.94177,23.01150,0.09507,0.99992,-0.00355,-0.01162,-0.00192,1.48556,-0.06589,0.04477
30757000000,9.98880,23.01274,0.09737,0.99992,-0.00392,-0.01186,-0.00276,1.42502,0.03751,0.06957
30790000000,10.04028,23.01195,0.09889,0.99992,-0.00390,-0.01173,-0.00286,1.56010,-0.02399,0.04632
30823000000,10.08983,23.01098,0.10005,0.99992,-0.00369,-0.01166,-0.00331,1.50140,-0.02930,0.03497
30889000000,10.18844,23.00973,0.10228,0.99992,-0.00374,-0.01167,-0.00376,1.49408,-0.01904,0.03381
30922000000,10.23735,23.00936,0.10330,0.99992,-0.00363,-0.01173,-0.00410,1.48224,-0.01104,0.03098
30955000000,10.28819,23.00039,0.10351,0.99992,-0.00385,-0.01202,-0.00217,1.54068,-0.27177,0.00636
30988000000,10.34004,23.00279,0.10403,0.99992,-0.00407,-0.01202,-0.00287,1.57099,0.07254,0.01579
31021000000,10.38982,23.00356,0.10527,0.99991,-0.00421,-0.01200,-0.00334,1.50871,0.02341,0.03762
31054000000,10.43882,23.00354,0.10661,0.99991,-0.00423,-0.01192,-0.00379,1.48484,-0.00046,0.04043
31087000000,10.48814,23.00274,0.10790,0.99991,-0.00430,-0.01191,-0.00373,1.49444,-0.02445,0.03930
31120000000,10.53678,23.00167,0.11043,0.99991,-0.00425,-0.01173,-0.00388,1.47400,-0.03242,0.07652
31153000000,10.58715,23.00290,0.11148,0.99991,-0.00428,-0.01167,-0.00462,1.52620,0.03740,0.03195
31186000000,10.63714,23.00293,0.11285,0.99991,-0.00436,-0.01156,-0.00486,1.51481,0.00092,0.04127
31219000000,10.68685,23.00274,0.11378,0.99991,-0.00450,-0.01160,-0.00498,1.50657,-0.00590,0.02834
31252000000,10.73663,23.00244,0.11481,0.99991,-0.00457,-0.01163,-0.00527,1.50839,-0.00890,0.03129
31285000000,10.78515,23.00107,0.11598,0.99991,-0.00458,-0.01163,-0.00515,1.47033,-0.04167,0.03543
31318000000,10.83458,23.00013,0.11728,0.99991,-0.00455,-0.01165,-0.00529,1.49782,-0.02838,0.03942
31384000000,10.93346,22.99974,0.11981,0.99991,-0.00390,-0.01131,-0.00652,1.49818,-0.00595,0.03821
31417000000,10.98403,22.99998,0.12021,0.99990,-0.00391,-0.01136,-0.00709,1.53244,0.00717,0.01215
31483000000,11.08289,22.99842,0.12203,0.99990,-0.00405,-0.01144,-0.00717,1.49795,-0.02350,0.02765
31516000000,11.13207,22.99695,0.12342,0.99990,-0.00395,-0.01138,-0.00727,1.49007,-0.04456,0.04194
31582000000,11.22746,22.99227,0.12579,0.99991,-0.00367,-0.01130,-0.00690,1.44529,-0.07103,0.03592
31615000000,11.27820,22.99196,0.12657,0.99990,-0.00375,-0.01129,-0.00698,1.53761,-0.00919,0.02382
31648000000,11.32826,22.99170,0.12725,0.99990,-0.00377,-0.01138,-0.00726,1.51692,-0.00798,0.02056
31714000000,11.42912,22.98748,0.13103,0.99991,-0.00483,-0.01099,-0.00661,1.52831,-0.06390,0.05728
31747000000,11.47900,22.98701,0.13181,0.99991,-0.00482,-0.01100,-0.00673,1.51126,-0.01428,0.02375
31780000000,11.52844,22.98695,0.13269,0.99990,-0.00494,-0.01101,-0.00703,1.49819,-0.00191,0.02643
31813000000,11.57800,22.98594,0.13340,0.99990,-0.00496,-0.01117,-0.00703,1.50204,-0.03063,0.02156
31846000000,11.62693,22.98459,0.13458,0.99990,-0.00496,-0.01116,-0.00698,1.48262,-0.04075,0.03587
31879000000,11.67372,22.98469,0.13518,0.99990,-0.00459,-0.01108,-0.00747,1.41777,0.00301,0.01797
31912000000,11.72333,22.98390,0.13642,0.99990,-0.00469,-0.01100,-0.00748,1.50340,-0.02404,0.03766
31945000000,11.77345,22.98344,0.13733,0.99990,-0.00461,-0.01109,-0.00778,1.51894,-0.01376,0.02774
32011000000,11.87268,22.98125,0.13957,0.99990,-0.00447,-0.01109,-0.00802,1.50340,-0.03329,0.03386
32044000000,11.92228,22.98085,0.14077,0.99990,-0.00451,-0.01097,-0.00823,1.50308,-0.01208,0.03633
32077000000,11.97198,22.98004,0.14179,0.99989,-0.00451,-0.01101,-0.00830,1.50611,-0.02451,0.03095
32110000000,12.01819,22.97904,0.14414,0.99989,-0.00445,-0.01067,-0.00877,1.40028,-0.03029,0.07137
32143000000,12.06772,22.97835,0.14527,0.99989,-0.00448,-0.01067,-0.00887,1.50094,-0.02098,0.03425
32176000000,12.11777,22.97795,0.14592,0.99989,-0.00446,-0.01067,-0.00913,1.51666,-0.01196,0.01946
32242000000,12.21676,22.97636,0.14830,0.99989,-0.00446,-0.01060,-0.00938,1.49990,-0.02410,0.03617
32275000000,12.26774,22.97493,0.14914,0.99989,-0.00429,-0.01100,-0.00934,1.54475,-0.04352,0.02531
32308000000,12.31804,22.97468,0.15035,0.99989,-0.00426,-0.01092,-0.00955,1.52409,-0.00757,0.03664
32341000000,12.36807,22.97404,0.15136,0.99988,-0.00429,-0.01090,-0.00970,1.51608,-0.01913,0.03076
32374000000,12.41720,22.97318,0.15247,0.99988,-0.00420,-0.01088,-0.00983,1.48906,-0.02607,0.03357
32407000000,12.46647,22.97197,0.15337,0.99988,-0.00428,-0.01088,-0.00974,1.49293,-0.03693,0.02715
32440000000,12.51566,22.96978,0.15399,0.99988,-0.00441,-0.01100,-0.00951,1.49042,-0.06635,0.01892
32506000000,12.61436,22.96765,0.15618,0.99988,-0.00443,-0.01098,-0.00960,1.49551,-0.03228,0.03315
32539000000,12.66353,22.96690,0.15740,0.99988,-0.00445,-0.01088,-0.00974,1.49016,-0.02271,0.03711
32605000000,12.76644,22.96623,0.15912,0.99987,-0.00485,-0.01129,-0.01040,1.55916,-0.01003,0.02606
32638000000,12.81623,22.96594,0.15998,0.99987,-0.00487,-0.01128,-0.01058,1.50889,-0.00902,0.02599
32671000000,12.86580,22.96494,0.16110,0.99987,-0.00478,-0.01135,-0.01071,1.50207,-0.03023,0.03388
32704000000,12.91523,22.96354,0.16224,0.99987,-0.00493,-0.01128,-0.01050,1.49799,-0.04225,0.03452
32770000000,13.01165,22.96218,0.16555,0.99987,-0.00485,-0.01062,-0.01074,1.46093,-0.02069,0.05011
32836000000,13.11051,22.96025,0.16754,0.99987,-0.00482,-0.01059,-0.01084,1.49775,-0.02919,0.03015
32869000000,13.15992,22.95901,0.16871,0.99987,-0.00486,-0.01062,-0.01079,1.49730,-0.03780,0.03553
32902000000,13.21163,22.95650,0.16928,0.99987,-0.00514,-0.01075,-0.01068,1.56697,-0.07589,0.01742
32935000000,13.26155,22.95498,0.16996,0.99987,-0.00506,-0.01083,-0.01055,1.51267,-0.04601,0.02051
32968000000,13.31115,22.95377,0.17097,0.99987,-0.00512,-0.01077,-0.01070,1.50322,-0.03676,0.03073
33001000000,13.36216,22.95414,0.17218,0.99987,-0.00491,-0.01041,-0.01101,1.54576,0.01133,0.03664
33034000000,13.41323,22.95345,0.17296,0.99987,-0.00501,-0.01047,-0.01092,1.54761,-0.02098,0.02354
33067000000,13.46225,22.95206,0.17369,0.99987,-0.00488,-0.01058,-0.01091,1.48548,-0.04219,0.02218
33100000000,13.51201,22.95148,0.17463,0.99987,-0.00493,-0.01056,-0.01123,1.50779,-0.01763,0.02832
33133000000,13.55962,22.94958,0.17592,0.99987,-0.00507,-0.01046,-0.01115,1.44262,-0.05734,0.03904
33199000000,13.65852,22.94746,0.17788,0.99987,-0.00500,-0.01048,-0.01133,1.49851,-0.03225,0.02980
33265000000,13.75701,22.94464,0.17990,0.99987,-0.00494,-0.01051,-0.01117,1.49230,-0.04274,0.03058
33298000000,13.80642,22.94341,0.18070,0.99987,-0.00489,-0.01057,-0.01128,1.49721,-0.03728,0.02429
33331000000,13.85513,22.94236,0.18142,0.99987,-0.00501,-0.01066,-0.01120,1.47606,-0.03162,0.02166
33364000000,13.90513,22.94264,0.18283,0.99987,-0.00513,-0.01033,-0.01129,1.51510,0.00855,0.04299
33430000000,14.00367,22.94036,0.18481,0.99987,-0.00512,-0.01031,-0.01129,1.49305,-0.03465,0.02995
33463000000,14.05305,22.93953,0.18568,0.99987,-0.00524,-0.01032,-0.01134,1.49658,-0.02514,0.02632
33496000000,14.09840,22.93867,0.18822,0.99987,-0.00521,-0.01011,-0.01122,1.37407,-0.02595,0.07693
33529000000,14.14651,22.93812,0.18925,0.99987,-0.00530,-0.01008,-0.01159,1.45794,-0.01665,0.03118
33562000000,14.19404,22.93660,0.19010,0.99987,-0.00525,-0.01011,-0.01176,1.44016,-0.04601,0.02588
33595000000,14.24169,22.93517,0.19092,0.99986,-0.00558,-0.00992,-0.01206,1.44418,-0.04346,0.02471
33628000000,14.28906,22.93421,0.19180,0.99985,-0.00559,-0.00989,-0.01275,1.43545,-0.02919,0.02676
33661000000,14.33593,22.93213,0.19243,0.99984,-0.00558,-0.00994,-0.01363,1.42025,-0.06283,0.01899
33694000000,14.38187,22.92985,0.19319,0.99983,-0.00555,-0.00999,-0.01467,1.39193,-0.06930,0.02318
33727000000,14.42767,22.92708,0.19384,0.99981,-0.00554,-0.01003,-0.01594,1.38791,-0.08381,0.01957
33760000000,14.47301,22.92321,0.19466,0.99978,-0.00546,-0.01010,-0.01736,1.37404,-0.11716,0.02497
33793000000,14.51742,22.91687,0.19668,0.99976,-0.00527,-0.01001,-0.01873,1.34587,-0.19235,0.06119
33859000000,14.60624,22.90816,0.19829,0.99966,-0.00531,-0.01012,-0.02350,1.34572,-0.13198,0.02437
33925000000,14.69247,22.89732,0.20021,0.99949,-0.00520,-0.01011,-0.02988,1.30648,-0.16423,0.02904
33958000000,14.73717,22.89056,0.20057,0.99936,-0.00511,-0.00998,-0.03402,1.35471,-0.20478,0.01092
33991000000,14.78046,22.88400,0.20165,0.99921,-0.00512,-0.00997,-0.03822,1.31174,-0.19883,0.03271
34024000000,14.82264,22.87592,0.20248,0.99901,-0.00508,-0.01002,-0.04294,1.27807,-0.24472,0.02511
34057000000,14.86360,22.86688,0.20351,0.99878,-0.00509,-0.01001,-0.04811,1.24116,-0.27408,0.03125
34090000000,14.90572,22.85767,0.20631,0.99849,-0.00537,-0.01012,-0.05366,1.27657,-0.27911,0.08495
34123000000,14.94657,22.84643,0.20700,0.99814,-0.00538,-0.01011,-0.05983,1.23775,-0.34038,0.02100
34156000000,14.98644,22.83392,0.20789,0.99772,-0.00528,-0.01020,-0.06650,1.20822,-0.37933,0.02679
34189000000,15.02641,22.82015,0.20875,0.99721,-0.00519,-0.01017,-0.07371,1.21108,-0.41725,0.02606
34222000000,15.06526,22.80546,0.20959,0.99659,-0.00510,-0.01028,-0.08171,1.17730,-0.44493,0.02547
34255000000,15.10449,22.78932,0.21054,0.99585,-0.00498,-0.01031,-0.09031,1.18883,-0.48926,0.02901
34288000000,15.14296,22.77181,0.21139,0.99496,-0.00493,-0.01046,-0.09960,1.16579,-0.53042,0.02553
34321000000,15.18142,22.75262,0.21225,0.99390,-0.00476,-0.01057,-0.10969,1.16539,-0.58174,0.02622
34354000000,15.21982,22.73214,0.21395,0.99263,-0.00456,-0.01044,-0.12068,1.16360,-0.62041,0.05146
34420000000,15.29588,22.68631,0.21594,0.98939,-0.00436,-0.01054,-0.14482,1.15247,-0.69448,0.03022
34453000000,15.33281,22.66043,0.21700,0.98742,-0.00429,-0.01058,-0.15770,1.11924,-0.78409,0.03214
34486000000,15.36919,22.63241,0.21824,0.98515,-0.00415,-0.01061,-0.17131,1.10239,-0.84929,0.03754
34519000000,15.40541,22.60098,0.21848,0.98263,-0.00364,-0.01111,-0.18521,1.09739,-0.95223,0.00725
34552000000,15.44235,22.56908,0.21969,0.97969,-0.00355,-0.01108,-0.20020,1.11944,-0.96674,0.03660
34618000000,15.51418,22.49782,0.22181,0.97232,-0.00318,-0.01131,-0.23337,1.08843,-1.07965,0.03207
34651000000,15.54898,22.45869,0.22297,0.96762,-0.00292,-0.01140,-0.25214,1.05445,-1.18579,0.03523
34717000000,15.61360,22.37341,0.22538,0.95642,-0.00252,-0.01147,-0.29177,0.97902,-1.29214,0.03653
34783000000,15.66976,22.28318,0.22758,0.94250,-0.00249,-0.01151,-0.33399,0.85102,-1.36714,0.03334
34816000000,15.69424,22.23628,0.22867,0.93450,-0.00250,-0.01148,-0.35576,0.74176,-1.42115,0.03311
34882000000,15.73379,22.13889,0.23054,0.91691,-0.00198,-0.01150,-0.39893,0.59927,-1.47559,0.02830
34915000000,15.74866,22.08947,0.23175,0.90727,-0.00157,-0.01156,-0.42038,0.45057,-1.49756,0.03664
34981000000,15.76965,21.98795,0.23246,0.88695,0.00046,-0.01154,-0.46172,0.31798,-1.53828,0.01067
35014000000,15.77468,21.93474,0.23302,0.87697,0.00042,-0.01156,-0.48041,0.15247,-1.61240,0.01714
35047000000,15.77782,21.88104,0.23312,0.86643,0.00051,-0.01164,-0.49916,0.09505,-1.62726,0.00299
35080000000,15.77861,21.82805,0.23368,0.85530,0.00095,-0.01167,-0.51800,0.02396,-1.60564,0.01705
35113000000,15.77747,21.77418,0.23317,0.84393,0.00149,-0.01135,-0.53633,-0.03445,-1.63240,-0.01561
35146000000,15.77411,21.72131,0.23389,0.83236,0.00184,-0.01142,-0.55411,-0.10181,-1.60217,0.02181
35179000000,15.76861,21.66888,0.23427,0.82019,0.00222,-0.01146,-0.57197,-0.16681,-1.58871,0.01171
35212000000,15.76087,21.61970,0.23449,0.80822,0.00241,-0.01152,-0.58876,-0.23455,-1.49033,0.00652
35278000000,15.74928,21.51870,0.23667,0.78445,0.00267,-0.01120,-0.62009,-0.17555,-1.53039,0.03305
35344000000,15.72668,21.41599,0.23715,0.76038,0.00309,-0.01119,-0.64938,-0.34244,-1.55617,0.00731
35377000000,15.71289,21.36538,0.23753,0.74817,0.00338,-0.01114,-0.66340,-0.41797,-1.53380,0.01158
35410000000,15.69896,21.31224,0.23584,0.73672,0.00384,-0.01130,-0.67610,-0.42216,-1.61009,-0.05146
35476000000,15.66583,21.21276,0.23609,0.71142,0.00414,-0.01094,-0.70267,-0.50186,-1.50733,0.00380
35509000000,15.64670,21.16477,0.23585,0.69898,0.00430,-0.01094,-0.71505,-0.57992,-1.45421,-0.00717
35542000000,15.62583,21.11876,0.23694,0.68626,0.00342,-0.01037,-0.72728,-0.63240,-1.39439,0.03296
35575000000,15.60469,21.07172,0.23706,0.67440,0.00355,-0.01025,-0.73828,-0.64038,-1.42543,0.00362
35641000000,15.55916,20.98051,0.23736,0.65249,0.00387,-0.01021,-0.75772,-0.68990,-1.38190,0.00456
35674000000,15.53610,20.93684,0.23861,0.64239,0.00369,-0.00966,-0.76631,-0.69887,-1.32330,0.03783
35707000000,15.51502,20.89182,0.23878,0.63292,0.00373,-0.00943,-0.77415,-0.63876,-1.36439,0.00514
35740000000,15.49196,20.84802,0.23861,0.62443,0.00378,-0.00944,-0.78102,-0.69884,-1.32717,-0.00504
35806000000,15.44746,20.76131,0.23884,0.60947,0.00381,-0.00917,-0.79274,-0.67420,-1.31373,0.00344
35839000000,15.42077,20.72353,0.24032,0.60439,0.00401,-0.00975,-0.79662,-0.80889,-1.14499,0.04507
35872000000,15.39910,20.68028,0.24039,0.59944,0.00405,-0.00954,-0.80035,-0.65642,-1.31070,0.00217
35938000000,15.35641,20.59579,0.24065,0.59304,0.00426,-0.00973,-0.80510,-0.64688,-1.28018,0.00388
36004000000,15.32277,20.51144,0.24189,0.58897,0.00290,-0.00862,-0.80811,-0.50970,-1.27798,0.01884
36037000000,15.30505,20.46873,0.24215,0.58897,0.00288,-0.00842,-0.80810,-0.53686,-1.29411,0.00765
36070000000,15.28780,20.42336,0.24137,0.58989,0.00207,-0.00808,-0.80744,-0.52293,-1.37479,-0.02349
36103000000,15.27167,20.38174,0.24157,0.59215,0.00208,-0.00814,-0.80579,-0.48874,-1.26128,0.00606
36136000000,15.25723,20.33997,0.24062,0.59519,0.00239,-0.00805,-0.80354,-0.43762,-1.26584,-0.02894
36169000000,15.24448,20.29759,0.24087,0.59904,0.00240,-0.00821,-0.80068,-0.38627,-1.28417,0.00769
36202000000,15.23308,20.25549,0.24134,0.60351,0.00231,-0.00822,-0.79731,-0.34558,-1.27596,0.01414
36301000000,15.21426,20.12800,0.24266,0.62013,0.00149,-0.00797,-0.78446,-0.19009,-1.28777,0.01336
36334000000,15.21010,20.08507,0.24316,0.62678,0.00137,-0.00792,-0.77916,-0.12612,-1.30087,0.01531
36367000000,15.20654,20.04246,0.24382,0.63412,0.00144,-0.00795,-0.77319,-0.10774,-1.29104,0.01981
36400000000,15.20493,20.00192,0.24559,0.64143,0.00125,-0.00780,-0.76714,-0.04887,-1.22851,0.05377
36433000000,15.20580,19.95876,0.24634,0.64882,0.00117,-0.00771,-0.76091,0.02653,-1.30809,0.02267
36466000000,15.20813,19.91542,0.24684,0.65649,0.00113,-0.00778,-0.75429,0.07051,-1.31307,0.01515
36532000000,15.21575,19.82908,0.24863,0.67283,0.00042,-0.00741,-0.73976,0.11550,-1.30824,0.02707
36565000000,15.22326,19.78413,0.24952,0.68079,0.00036,-0.00737,-0.73244,0.22741,-1.36225,0.02715
36598000000,15.23237,19.73862,0.24976,0.68883,0.00009,-0.00751,-0.72489,0.27625,-1.37913,0.00717
36631000000,15.24198,19.69351,0.25042,0.69755,0.00022,-0.00742,-0.71650,0.29116,-1.36676,0.02012
36697000000,15.26534,19.60719,0.25336,0.71480,0.00025,-0.00712,-0.69929,0.35397,-1.30789,0.04443
36730000000,15.28269,19.56067,0.25376,0.72355,-0.00020,-0.00681,-0.69024,0.52573,-1.40976,0.01238
36763000000,15.29959,19.51442,0.25472,0.73320,-0.00031,-0.00697,-0.67997,0.51192,-1.40150,0.02902
36796000000,15.31908,19.46703,0.25563,0.74285,-0.00042,-0.00698,-0.66943,0.59067,-1.43612,0.02765
36829000000,15.33728,19.42344,0.25615,0.75314,-0.00045,-0.00694,-0.65782,0.55160,-1.32087,0.01574
36862000000,15.36007,19.37560,0.25707,0.76348,-0.00052,-0.00697,-0.64580,0.69072,-1.44976,0.02778
36928000000,15.41048,19.28398,0.25910,0.78228,-0.00079,-0.00699,-0.62288,0.76365,-1.38820,0.03075
36961000000,15.43547,19.23903,0.26017,0.79065,-0.00081,-0.00697,-0.61222,0.75754,-1.36190,0.03227
37027000000,15.48630,19.14445,0.26203,0.80351,-0.00123,-0.00675,-0.59525,0.77015,-1.43308,0.02827
37093000000,15.53489,19.05643,0.26325,0.81354,-0.00129,-0.00677,-0.58146,0.73622,-1.33361,0.01849
37126000000,15.56137,19.01397,0.26418,0.81839,-0.00123,-0.00710,-0.57461,0.80227,-1.28671,0.02821
37159000000,15.58709,18.97182,0.26504,0.82231,-0.00134,-0.00707,-0.56900,0.77938,-1.27729,0.02589
37225000000,15.63737,18.88783,0.26647,0.82942,-0.00130,-0.00701,-0.55858,0.76175,-1.27261,0.02172
37258000000,15.66379,18.84297,0.26706,0.83232,-0.00152,-0.00701,-0.55425,0.80083,-1.35942,0.01782
37291000000,15.69074,18.80240,0.26775,0.83450,-0.00168,-0.00678,-0.55096,0.81661,-1.22937,0.02088
37357000000,15.74008,18.72009,0.26863,0.83797,-0.00174,-0.00687,-0.54568,0.74759,-1.24700,0.01330
37390000000,15.76387,18.68020,0.27116,0.83891,-0.00176,-0.00635,-0.54423,0.72092,-1.20891,0.07677
37423000000,15.78809,18.64016,0.27174,0.83929,-0.00192,-0.00617,-0.54365,0.73395,-1.21330,0.01772
37456000000,15.81048,18.59957,0.27229,0.83946,-0.00190,-0.00621,-0.54338,0.67847,-1.23007,0.01665
37489000000,15.83390,18.55829,0.27439,0.83939,-0.00247,-0.00547,-0.54350,0.70974,-1.25076,0.06363
37522000000,15.85633,18.51686,0.27472,0.83931,-0.00256,-0.00544,-0.54361,0.67948,-1.25567,0.00978
37555000000,15.87874,18.47568,0.27507,0.83875,-0.00259,-0.00540,-0.54448,0.67910,-1.24781,0.01064
37621000000,15.91967,18.39149,0.27572,0.83693,-0.00257,-0.00546,-0.54728,0.62026,-1.27555,0.00992
37654000000,15.93715,18.34740,0.27681,0.83575,-0.00277,-0.00542,-0.54907,0.52949,-1.33601,0.03294
37687000000,15.95655,18.30509,0.27718,0.83374,-0.00280,-0.00536,-0.55212,0.58790,-1.28214,0.01131
37720000000,15.97478,18.26177,0.27745,0.83178,-0.00272,-0.00534,-0.55507,0.55250,-1.31283,0.00816
37786000000,16.00796,18.17494,0.27901,0.82866,-0.00247,-0.00574,-0.55972,0.50275,-1.31558,0.02356
37819000000,16.02543,18.13056,0.27956,0.82685,-0.00260,-0.00573,-0.56239,0.52938,-1.34503,0.01666
37852000000,16.04122,18.08549,0.28023,0.82547,-0.00255,-0.00564,-0.56442,0.47857,-1.36549,0.02054
37918000000,16.07485,17.99375,0.28194,0.82247,-0.00291,-0.00539,-0.56877,0.50949,-1.39011,0.02584
37951000000,16.09032,17.94904,0.28289,0.82073,-0.00292,-0.00523,-0.57129,0.46880,-1.35468,0.02885
37984000000,16.10429,17.90429,0.28389,0.81884,-0.00290,-0.00516,-0.57399,0.42337,-1.35607,0.03022
38017000000,16.12042,17.85938,0.28369,0.81631,-0.00311,-0.00511,-0.57758,0.48874,-1.36115,-0.00615
38050000000,16.13396,17.81416,0.28449,0.81411,-0.00314,-0.00499,-0.58069,0.41031,-1.37011,0.02424
38083000000,16.14701,17.76839,0.28517,0.81198,-0.00307,-0.00501,-0.58366,0.39528,-1.38699,0.02088
38116000000,16.15963,17.72256,0.28597,0.80987,-0.00304,-0.00503,-0.58659,0.38268,-1.38890,0.02410
38149000000,16.17162,17.67658,0.28682,0.80818,-0.00345,-0.00466,-0.58890,0.36315,-1.39323,0.02575
38182000000,16.18454,17.62955,0.28766,0.80650,-0.00337,-0.00469,-0.59120,0.39153,-1.42525,0.02540
38248000000,16.21161,17.53484,0.28924,0.80611,-0.00339,-0.00456,-0.59173,0.41017,-1.43493,0.02404
38281000000,16.22740,17.48976,0.29073,0.80627,-0.00334,-0.00454,-0.59152,0.47863,-1.36607,0.04505
38314000000,16.24241,17.44252,0.29142,0.80643,-0.00338,-0.00431,-0.59131,0.45464,-1.43155,0.02084
38380000000,16.27181,17.34763,0.29252,0.80633,-0.00349,-0.00424,-0.59144,0.44548,-1.43779,0.01664
38446000000,16.30163,17.25332,0.29343,0.80633,-0.00340,-0.00395,-0.59144,0.45181,-1.42881,0.01381
38479000000,16.31676,17.20571,0.29402,0.80641,-0.00366,-0.00381,-0.59134,0.45846,-1.44294,0.01793
38512000000,16.33142,17.15838,0.29445,0.80645,-0.00370,-0.00384,-0.59128,0.44424,-1.43415,0.01316
38578000000,16.35954,17.06449,0.29567,0.80581,-0.00361,-0.00390,-0.59215,0.42618,-1.42256,0.01844
38611000000,16.37322,17.01917,0.29586,0.80461,-0.00337,-0.00384,-0.59378,0.41441,-1.37329,0.00574
38677000000,16.39768,16.92544,0.29700,0.80165,-0.00342,-0.00382,-0.59777,0.37066,-1.42019,0.01725
38710000000,16.40887,16.87876,0.29790,0.79997,-0.00336,-0.00369,-0.60001,0.33905,-1.41450,0.02740
38776000000,16.43362,16.78888,0.29820,0.79587,-0.00384,-0.00373,-0.60545,0.37491,-1.36185,0.00457
38809000000,16.44399,16.74148,0.29889,0.79376,-0.00380,-0.00369,-0.60821,0.31425,-1.43641,0.02090
38842000000,16.45358,16.69409,0.29952,0.79198,-0.00377,-0.00363,-0.61053,0.29067,-1.43600,0.01883
38875000000,16.46158,16.64670,0.29987,0.79072,-0.00371,-0.00358,-0.61215,0.24246,-1.43600,0.01082
38908000000,16.47271,16.59888,0.30040,0.78979,-0.00372,-0.00360,-0.61335,0.33714,-1.44906,0.01597
38974000000,16.49512,16.50297,0.30173,0.78878,-0.00376,-0.00354,-0.61465,0.33954,-1.45317,0.02010
39007000000,16.50571,16.45456,0.30251,0.78832,-0.00364,-0.00355,-0.61525,0.32113,-1.46710,0.02379
39040000000,16.51533,16.40756,0.30325,0.78800,-0.00369,-0.00341,-0.61565,0.29142,-1.42427,0.02231
39073000000,16.52689,16.35937,0.30375,0.78749,-0.00372,-0.00341,-0.61631,0.35043,-1.46039,0.01520
39106000000,16.53787,16.31178,0.30433,0.78711,-0.00376,-0.00339,-0.61680,0.33275,-1.44201,0.01761
39172000000,16.55801,16.21651,0.30532,0.78644,-0.00380,-0.00348,-0.61764,0.30506,-1.44346,0.01503
39238000000,16.57940,16.12040,0.30669,0.78531,-0.00386,-0.00335,-0.61909,0.32408,-1.45617,0.02080
39271000000,16.58907,16.06918,0.30675,0.78415,-0.00373,-0.00350,-0.62055,0.29321,-1.55229,0.00158
39304000000,16.59895,16.02105,0.30728,0.78271,-0.00380,-0.00334,-0.62237,0.29940,-1.45837,0.01601
39337000000,16.60778,15.97333,0.30777,0.78102,-0.00376,-0.00331,-0.62448,0.26738,-1.44606,0.01487
39403000000,16.62362,15.87912,0.30898,0.77736,-0.00380,-0.00326,-0.62904,0.23998,-1.42743,0.01834
39436000000,16.62670,15.83431,0.30969,0.77561,-0.00357,-0.00353,-0.63119,0.09340,-1.35800,0.02171
39469000000,16.63442,15.78766,0.31016,0.77319,-0.00368,-0.00338,-0.63416,0.23414,-1.41340,0.01412
39568000000,16.64893,15.64572,0.31207,0.76605,-0.00364,-0.00347,-0.64276,0.14650,-1.43383,0.01931
39634000000,16.65944,15.54593,0.31364,0.76156,-0.00368,-0.00321,-0.64808,0.15923,-1.51185,0.02372
39667000000,16.66481,15.49616,0.31399,0.75999,-0.00367,-0.00323,-0.64992,0.16288,-1.50816,0.01085
39700000000,16.66963,15.44672,0.31446,0.75872,-0.00370,-0.00325,-0.65139,0.14594,-1.49831,0.01416
39733000000,16.67431,15.39608,0.31472,0.75737,-0.00368,-0.00334,-0.65296,0.14190,-1.53461,0.00788
39799000000,16.68151,15.30043,0.31723,0.75490,-0.00365,-0.00338,-0.65582,0.10901,-1.44917,0.03802
39865000000,16.69113,15.19999,0.31797,0.75250,-0.00370,-0.00332,-0.65858,0.14583,-1.52188,0.01125
39931000000,16.69917,15.09994,0.31914,0.75014,-0.00363,-0.00333,-0.66127,0.12178,-1.51592,0.01763
39964000000,16.70263,15.05149,0.32018,0.74914,-0.00367,-0.00328,-0.66239,0.10485,-1.46828,0.03177
40030000000,16.71070,14.95311,0.32175,0.74703,-0.00363,-0.00323,-0.66477,0.12233,-1.49048,0.02367
40063000000,16.71458,14.90296,0.32221,0.74612,-0.00363,-0.00320,-0.66579,0.11745,-1.51990,0.01394
40129000000,16.72202,14.79676,0.32180,0.74428,-0.00366,-0.00362,-0.66784,0.11282,-1.60905,-0.00621
40162000000,16.72672,14.74658,0.32188,0.74315,-0.00372,-0.00359,-0.66910,0.14230,-1.52047,0.00251
40195000000,16.73038,14.69797,0.32282,0.74204,-0.00364,-0.00365,-0.67033,0.11092,-1.47305,0.02845
40228000000,16.73388,14.64815,0.32311,0.74115,-0.00368,-0.00370,-0.67132,0.10606,-1.50984,0.00873
40261000000,16.73754,14.59841,0.32361,0.74029,-0.00364,-0.00365,-0.67227,0.11092,-1.50721,0.01519
40327000000,16.74393,14.49864,0.32450,0.73863,-0.00363,-0.00369,-0.67409,0.09675,-1.51166,0.01349
40360000000,16.74640,14.44835,0.32570,0.73834,-0.00371,-0.00356,-0.67440,0.07496,-1.52386,0.03653
40426000000,16.75316,14.34754,0.32658,0.73678,-0.00376,-0.00358,-0.67612,0.10242,-1.52743,0.01320
40459000000,16.75694,14.29766,0.32724,0.73591,-0.00370,-0.00346,-0.67706,0.11444,-1.51163,0.02019
40525000000,16.76212,14.19808,0.32790,0.73466,-0.00379,-0.00365,-0.67841,0.07855,-1.50876,0.01002
40591000000,16.76761,14.09890,0.32879,0.73337,-0.00368,-0.00367,-0.67981,0.08314,-1.50283,0.01345
40624000000,16.76943,14.05261,0.33008,0.73294,-0.00371,-0.00369,-0.68028,0.05520,-1.40251,0.03902
40657000000,16.77220,14.00347,0.33066,0.73228,-0.00369,-0.00370,-0.68099,0.08398,-1.48918,0.01751
40690000000,16.77442,13.95457,0.33142,0.73148,-0.00367,-0.00372,-0.68184,0.06722,-1.48195,0.02316
40723000000,16.77601,13.90594,0.33198,0.73057,-0.00364,-0.00378,-0.68282,0.04826,-1.47346,0.01694
40789000000,16.77793,13.80643,0.33228,0.72883,-0.00409,-0.00348,-0.68468,0.02913,-1.50767,0.00457
40855000000,16.78198,13.70651,0.33316,0.72742,-0.00406,-0.00345,-0.68617,0.06132,-1.51402,0.01336
40921000000,16.78243,13.60743,0.33425,0.72694,-0.00407,-0.00356,-0.68668,0.00679,-1.50123,0.01650
40987000000,16.78110,13.51280,0.33635,0.72646,-0.00349,-0.00401,-0.68719,-0.02017,-1.43383,0.03175
41053000000,16.78465,13.41308,0.33648,0.72516,-0.00354,-0.00425,-0.68856,0.05375,-1.51078,0.00203
41086000000,16.78671,13.36284,0.33708,0.72448,-0.00346,-0.00430,-0.68928,0.06260,-1.52241,0.01811
41119000000,16.77921,13.30912,0.33954,0.72514,-0.00342,-0.00338,-0.68858,-0.22744,-1.62789,0.07448
41152000000,16.78037,13.25979,0.34036,0.72490,-0.00349,-0.00333,-0.68884,0.03543,-1.49493,0.02491
41218000000,16.78424,13.16019,0.34103,0.72383,-0.00361,-0.00345,-0.68996,0.05864,-1.50918,0.01017
41251000000,16.78483,13.10976,0.34063,0.72390,-0.00405,-0.00265,-0.68989,0.01774,-1.52819,-0.01199
41284000000,16.78660,13.06053,0.34140,0.72342,-0.00396,-0.00256,-0.69039,0.05358,-1.49163,0.02328
41317000000,16.78752,13.01210,0.34236,0.72298,-0.00400,-0.00239,-0.69085,0.02786,-1.46756,0.02906
41350000000,16.79163,12.96174,0.34377,0.72175,-0.00380,-0.00209,-0.69214,0.12461,-1.52623,0.04263
41383000000,16.79284,12.91389,0.34401,0.72097,-0.00384,-0.00218,-0.69296,0.03676,-1.44976,0.00721
41449000000,16.79349,12.82000,0.34515,0.71933,-0.00385,-0.00212,-0.69465,0.00977,-1.42258,0.01738
41482000000,16.79341,12.77193,0.34568,0.71837,-0.00389,-0.00207,-0.69564,-0.00231,-1.45681,0.01598
41548000000,16.78878,12.67429,0.34684,0.71628,-0.00365,-0.00275,-0.69779,-0.07023,-1.47939,0.01756
41581000000,16.78811,12.62473,0.34769,0.71566,-0.00368,-0.00261,-0.69843,-0.02006,-1.50192,0.02568
41614000000,16.78752,12.57513,0.34809,0.71485,-0.00372,-0.00257,-0.69926,-0.01803,-1.50282,0.01233
41647000000,16.78297,12.52639,0.34717,0.71361,-0.00375,-0.00292,-0.70053,-0.13791,-1.47698,-0.02784
41680000000,16.78272,12.47660,0.34787,0.71286,-0.00362,-0.00286,-0.70129,-0.00757,-1.50897,0.02103
41713000000,16.78087,12.42642,0.34847,0.71239,-0.00363,-0.00277,-0.70177,-0.05589,-1.52059,0.01819
41746000000,16.78027,12.37686,0.34928,0.71161,-0.00345,-0.00266,-0.70257,-0.01826,-1.50172,0.02453
41812000000,16.77900,12.27751,0.35033,0.71009,-0.00351,-0.00268,-0.70410,-0.01928,-1.50533,0.01599
41878000000,16.77616,12.17729,0.35155,0.70830,-0.00356,-0.00249,-0.70590,-0.04300,-1.51851,0.01838
41911000000,16.77385,12.12751,0.35230,0.70800,-0.00348,-0.00239,-0.70620,-0.07005,-1.50854,0.02275
41944000000,16.77282,12.07780,0.35307,0.70725,-0.00342,-0.00232,-0.70695,-0.03133,-1.50634,0.02342
42010000000,16.77751,11.98336,0.35177,0.70382,-0.00402,-0.00280,-0.71036,0.07109,-1.43083,-0.01963
42043000000,16.77603,11.93329,0.35233,0.70314,-0.00394,-0.00270,-0.71103,-0.04485,-1.51735,0.01695
42076000000,16.77486,11.88314,0.35328,0.70252,-0.00384,-0.00253,-0.71165,-0.03549,-1.51972,0.02868
42109000000,16.77224,11.83376,0.35410,0.70224,-0.00383,-0.00246,-0.71193,-0.07918,-1.49640,0.02478
42175000000,16.76835,11.73450,0.35520,0.70134,-0.00370,-0.00249,-0.71281,-0.05901,-1.50387,0.01670
42208000000,16.76730,11.68305,0.35481,0.70020,-0.00348,-0.00234,-0.71393,-0.03185,-1.55920,-0.01176
42241000000,16.76642,11.63295,0.35530,0.69952,-0.00347,-0.00219,-0.71460,-0.02659,-1.51808,0.01469
42274000000,16.76408,11.58407,0.35566,0.69930,-0.00352,-0.00219,-0.71482,-0.07080,-1.48117,0.01103
42307000000,16.76284,11.53398,0.35578,0.69860,-0.00356,-0.00229,-0.71550,-0.03774,-1.51782,0.00354
42340000000,16.76123,11.48426,0.35605,0.69812,-0.00365,-0.00231,-0.71596,-0.04867,-1.50669,0.00821
42373000000,16.76293,11.43883,0.35829,0.69694,-0.00321,-0.00247,-0.71711,0.05144,-1.37664,0.06785
42439000000,16.75865,11.33839,0.35888,0.69625,-0.00339,-0.00245,-0.71779,-0.06479,-1.52191,0.00902
42472000000,16.75595,11.28962,0.35986,0.69618,-0.00329,-0.00224,-0.71786,-0.08202,-1.47796,0.02965
42505000000,16.75373,11.24041,0.36007,0.69571,-0.00331,-0.00234,-0.71831,-0.06716,-1.49106,0.00630
42538000000,16.75191,11.19053,0.36055,0.69525,-0.00340,-0.00235,-0.71876,-0.05531,-1.51143,0.01459
42571000000,16.74610,11.14104,0.36127,0.69512,-0.00335,-0.00206,-0.71888,-0.17594,-1.49996,0.02179
42637000000,16.74272,11.04222,0.36182,0.69432,-0.00357,-0.00200,-0.71966,-0.05127,-1.49715,0.00828
42670000000,16.74059,10.99306,0.36221,0.69401,-0.00373,-0.00189,-0.71995,-0.06427,-1.48973,0.01205
42736000000,16.73662,10.89422,0.36296,0.69333,-0.00378,-0.00189,-0.72061,-0.06025,-1.49763,0.01123
42769000000,16.73446,10.84419,0.36330,0.69301,-0.00374,-0.00186,-0.72091,-0.06543,-1.51600,0.01043
42802000000,16.73158,10.79718,0.36496,0.69287,-0.00354,-0.00189,-0.72105,-0.08710,-1.42447,0.05040
42835000000,16.72953,10.74704,0.36529,0.69253,-0.00366,-0.00185,-0.72138,-0.06213,-1.51943,0.00979
42901000000,16.72478,10.64864,0.36656,0.69207,-0.00369,-0.00167,-0.72182,-0.07210,-1.49094,0.01924
42967000000,16.71945,10.54950,0.36701,0.69152,-0.00361,-0.00190,-0.72235,-0.08069,-1.50217,0.00687
43000000000,16.71845,10.50214,0.36738,0.69089,-0.00388,-0.00182,-0.72294,-0.03017,-1.43493,0.01138
43066000000,16.71362,10.40117,0.36848,0.69060,-0.00398,-0.00168,-0.72323,-0.07326,-1.52994,0.01654
43132000000,16.70902,10.30033,0.36903,0.69064,-0.00395,-0.00173,-0.72319,-0.06968,-1.52777,0.00846
43165000000,16.70604,10.25085,0.36949,0.69095,-0.00387,-0.00177,-0.72289,-0.09022,-1.49967,0.01379
43198000000,16.70360,10.20120,0.36974,0.69110,-0.00392,-0.00180,-0.72275,-0.07404,-1.50444,0.00770
43231000000,16.70350,10.15229,0.37067,0.69100,-0.00440,-0.00101,-0.72284,-0.00318,-1.48204,0.02818
43264000000,16.70233,10.10284,0.37092,0.69097,-0.00461,-0.00099,-0.72287,-0.03537,-1.49854,0.00758
43297000000,16.70029,10.05365,0.37144,0.69099,-0.00457,-0.00094,-0.72285,-0.06161,-1.49074,0.01563
43363000000,16.69581,9.95485,0.37231,0.69113,-0.00454,-0.00100,-0.72272,-0.06794,-1.49688,0.01313
43396000000,16.69267,9.90598,0.37197,0.69167,-0.00458,-0.00088,-0.72220,-0.09531,-1.48103,-0.01013
43462000000,16.68855,9.80648,0.37249,0.69156,-0.00452,-0.00103,-0.72230,-0.06231,-1.50754,0.00786
43495000000,16.68629,9.75764,0.37311,0.69169,-0.00455,-0.00091,-0.72218,-0.06861,-1.48004,0.01889
43561000000,16.68107,9.65870,0.37404,0.69201,-0.00451,-0.00089,-0.72187,-0.07907,-1.49903,0.01407
43627000000,16.67582,9.55790,0.37419,0.69175,-0.00427,-0.00121,-0.72213,-0.07950,-1.52725,0.00229
43660000000,16.67506,9.50892,0.37497,0.69163,-0.00427,-0.00111,-0.72223,-0.02306,-1.48438,0.02346
43693000000,16.67262,9.45984,0.37592,0.69187,-0.00422,-0.00095,-0.72201,-0.07410,-1.48718,0.02887
43759000000,16.66882,9.36079,0.37686,0.69199,-0.00424,-0.00086,-0.72189,-0.05760,-1.50087,0.01430
43792000000,16.66730,9.31034,0.37749,0.69199,-0.00411,-0.00094,-0.72189,-0.04583,-1.52868,0.01882
43858000000,16.66268,9.21438,0.37852,0.69227,-0.00408,-0.00065,-0.72163,-0.07011,-1.45389,0.01572
43924000000,16.65973,9.12111,0.37887,0.69284,-0.00414,-0.00067,-0.72108,-0.04459,-1.41326,0.00522
43990000000,16.65630,9.03276,0.37942,0.69319,-0.00416,-0.00066,-0.72074,-0.05205,-1.33855,0.00831
44056000000,16.65378,8.94569,0.37894,0.69369,-0.00426,-0.00083,-0.72026,-0.03815,-1.31921,-0.00728
44089000000,16.65307,8.90461,0.37951,0.69366,-0.00419,-0.00070,-0.72029,-0.02139,-1.24486,0.01738
44155000000,16.65031,8.82472,0.38026,0.69411,-0.00426,-0.00065,-0.71986,-0.04193,-1.21056,0.01135
44221000000,16.64746,8.74785,0.38067,0.69451,-0.00429,-0.00064,-0.71947,-0.04318,-1.16467,0.00618
44254000000,16.64888,8.71331,0.38083,0.69445,-0.00464,-0.00034,-0.71952,0.04323,-1.04670,0.00490
44320000000,16.64754,8.64205,0.38142,0.69443,-0.00463,-0.00033,-0.71954,-0.02035,-1.07965,0.00896
44386000000,16.64545,8.57364,0.38203,0.69465,-0.00461,-0.00025,-0.71934,-0.03173,-1.03649,0.00920
44419000000,16.64492,8.54144,0.38254,0.69480,-0.00472,0.00003,-0.71919,-0.01607,-0.97601,0.01561
44485000000,16.64253,8.47859,0.38275,0.69498,-0.00471,-0.00001,-0.71902,-0.03618,-0.95216,0.00309
44518000000,16.64190,8.44860,0.38286,0.69501,-0.00477,-0.00004,-0.71898,-0.01890,-0.90900,0.00353
44551000000,16.64058,8.41936,0.38316,0.69520,-0.00474,0.00001,-0.71880,-0.04023,-0.88596,0.00914
44650000000,16.63865,8.33653,0.38353,0.69512,-0.00465,-0.00010,-0.71888,-0.01944,-0.83667,0.00366
44683000000,16.63749,8.30946,0.38345,0.69549,-0.00469,0.00019,-0.71852,-0.03514,-0.82025,-0.00235
44749000000,16.63677,8.26088,0.38393,0.69546,-0.00464,0.00027,-0.71855,-0.01095,-0.73609,0.00725
44782000000,16.63621,8.23775,0.38416,0.69548,-0.00464,0.00033,-0.71853,-0.01688,-0.70086,0.00702
44815000000,16.63535,8.21594,0.38446,0.69558,-0.00461,0.00034,-0.71843,-0.02630,-0.66095,0.00918
44848000000,16.63457,8.19493,0.38461,0.69562,-0.00460,0.00026,-0.71840,-0.02352,-0.63674,0.00448
44881000000,16.63563,8.17197,0.38460,0.69546,-0.00477,0.00053,-0.71855,0.03214,-0.69552,-0.00039
44947000000,16.63410,8.13348,0.38498,0.69573,-0.00486,0.00065,-0.71829,-0.02312,-0.58322,0.00582
44980000000,16.63352,8.11543,0.38515,0.69582,-0.00489,0.00071,-0.71820,-0.01757,-0.54718,0.00515
45046000000,16.63267,8.08302,0.38521,0.69581,-0.00489,0.00072,-0.71820,-0.01300,-0.49101,0.00097
45079000000,16.63233,8.06798,0.38522,0.69575,-0.00490,0.00058,-0.71827,-0.01023,-0.45574,0.00026
45112000000,16.63155,8.05359,0.38566,0.69588,-0.00479,0.00062,-0.71814,-0.02347,-0.43615,0.01329
45178000000,16.63072,8.02835,0.38621,0.69605,-0.00481,0.00075,-0.71798,-0.01260,-0.38242,0.00831
45211000000,16.63046,8.01610,0.38635,0.69597,-0.00477,0.00077,-0.71805,-0.00803,-0.37112,0.00429
45277000000,16.62939,7.99476,0.38619,0.69609,-0.00486,0.00073,-0.71794,-0.01618,-0.32330,-0.00240
45343000000,16.62873,7.97720,0.38611,0.69615,-0.00484,0.00068,-0.71788,-0.00991,-0.26606,-0.00124
45409000000,16.62909,7.96291,0.38538,0.69625,-0.00514,0.00094,-0.71778,0.00538,-0.21659,-0.01113
45442000000,16.62956,7.95687,0.38554,0.69613,-0.00509,0.00092,-0.71789,0.01428,-0.18295,0.00505
45475000000,16.62985,7.95134,0.38513,0.69596,-0.00513,0.00087,-0.71807,0.00873,-0.16763,-0.01264
45508000000,16.62990,7.94756,0.38492,0.69598,-0.00518,0.00081,-0.71804,0.00144,-0.11459,-0.00622
45541000000,16.62949,7.94455,0.38475,0.69606,-0.00526,0.00082,-0.71796,-0.01231,-0.09109,-0.00520
45607000000,16.62949,7.94193,0.38518,0.69603,-0.00511,0.00082,-0.71799,-0.00006,-0.03969,0.00645
45640000000,16.62925,7.94136,0.38525,0.69604,-0.00512,0.00078,-0.71799,-0.00728,-0.01738,0.00240
45706000000,16.62916,7.94125,0.38535,0.69607,-0.00510,0.00078,-0.71796,-0.00127,-0.00166,0.00138
45772000000,16.62919,7.94105,0.38534,0.69606,-0.00508,0.00079,-0.71797,0.00040,-0.00302,-0.00013
45805000000,16.62919,7.94083,0.38535,0.69607,-0.00510,0.00084,-0.71796,0.00017,-0.00669,0.00039
45838000000,16.62915,7.94077,0.38538,0.69608,-0.00510,0.00085,-0.71795,-0.00121,-0.00172,0.00096
45904000000,16.62926,7.94093,0.38605,0.69610,-0.00512,0.00102,-0.71793,0.00168,0.00248,0.01007
45970000000,16.62962,7.94075,0.38601,0.69604,-0.00515,0.00106,-0.71798,0.00538,-0.00283,-0.00062
46036000000,16.62967,7.94074,0.38597,0.69604,-0.00517,0.00107,-0.71799,0.00084,-0.00009,-0.00046
46069000000,16.62964,7.94075,0.38600,0.69604,-0.00515,0.00106,-0.71798,-0.00098,0.00035,0.00062
46135000000,16.62962,7.94075,0.38600,0.69604,-0.00515,0.00106,-0.71798,-0.00032,-0.00005,0.00002
46201000000,16.62960,7.94075,0.38601,0.69605,-0.00515,0.00106,-0.71798,-0.00035,0.00009,0.00025
46234000000,16.62961,7.94075,0.38601,0.69605,-0.00514,0.00106,-0.71798,0.00035,-0.00010,-0.00017
46267000000,16.62961,7.94077,0.38602,0.69605,-0.00514,0.00106,-0.71798,-0.00012,0.00059,0.00024
46300000000,16.62962,7.94076,0.38600,0.69605,-0.00516,0.00106,-0.71798,0.00035,-0.00048,-0.00056
46333000000,16.62961,7.94079,0.38600,0.69605,-0.00518,0.00107,-0.71798,-0.00029,0.00110,-0.00006
46432000000,16.63058,7.94125,0.38669,0.69609,-0.00542,0.00162,-0.71793,0.00985,0.00460,0.00705
46498000000,16.63090,7.94109,0.38651,0.69604,-0.00547,0.00162,-0.71798,0.00474,-0.00240,-0.00282
46531000000,16.63095,7.94107,0.38644,0.69603,-0.00548,0.00161,-0.71799,0.00156,-0.00058,-0.00200
46564000000,16.63095,7.94108,0.38642,0.69603,-0.00549,0.00160,-0.71799,0.00012,0.00035,-0.00069
46597000000,16.63093,7.94110,0.38642,0.69603,-0.00549,0.00160,-0.71799,-0.00058,0.00053,0.00016
46630000000,16.63091,7.94111,0.38643,0.69604,-0.00549,0.00160,-0.71798,-0.00075,0.00040,0.00022
46663000000,16.63089,7.94113,0.38644,0.69604,-0.00549,0.00160,-0.71798,-0.00058,0.00045,0.00016
46729000000,16.63088,7.94112,0.38644,0.69604,-0.00548,0.00160,-0.71798,-0.00014,-0.00015,0.00012
46762000000,16.63089,7.94112,0.38644,0.69604,-0.00549,0.00160,-0.71798,0.00029,0.00000,-0.00010
46795000000,16.63088,7.94111,0.38643,0.69604,-0.00549,0.00160,-0.71798,-0.00012,-0.00033,-0.00035
46828000000,16.63089,7.94111,0.38643,0.69604,-0.00548,0.00160,-0.71798,0.00023,0.00003,-0.00003
46861000000,16.63085,7.94113,0.38642,0.69604,-0.00549,0.00159,-0.71798,-0.00116,0.00081,-0.00014
46894000000,16.63086,7.94113,0.38642,0.69604,-0.00549,0.00159,-0.71798,0.00012,-0.00025,-0.00021
