7624000000,-0.00428,-0.01243,0.00330,0.99999,0.00158,0.00255,0.00225,-0.00757,-0.03693,0.00585
7657000000,-0.00028,-0.00068,0.00018,1.00000,0.00050,0.00159,0.00007,0.00013,-0.00159,0.00156
7690000000,0.00016,-0.00073,0.00069,1.00000,0.00056,0.00142,0.00002,0.00044,-0.00276,0.00150
7723000000,0.00017,-0.00085,0.00083,1.00000,0.00064,0.00140,0.00004,0.00075,-0.00372,0.00244
7756000000,0.00028,-0.00105,0.00096,1.00000,0.00074,0.00147,0.00007,0.00055,-0.00412,0.00217
7789000000,0.00030,-0.00104,0.00095,1.00000,0.00065,0.00148,0.00004,0.00003,-0.00435,0.00124
7822000000,0.00040,-0.00105,0.00091,1.00000,0.00063,0.00146,0.00006,0.00097,-0.00472,0.00029
7855000000,0.00048,-0.00110,0.00097,1.00000,0.00064,0.00149,0.00004,0.00139,-0.00532,0.00169
7888000000,0.00048,-0.00112,0.00099,1.00000,0.00064,0.00144,0.00003,0.00090,-0.00556,0.00104
7921000000,0.00049,-0.00118,0.00102,1.00000,0.00062,0.00139,0.00005,-0.00004,-0.00531,0.00160
7954000000,0.00061,-0.00133,0.00115,1.00000,0.00064,0.00146,0.00005,0.00090,-0.00470,0.00164
7987000000,0.00075,-0.00137,0.00118,1.00000,0.00060,0.00144,0.00003,0.00212,-0.00459,0.00123
8020000000,0.00085,-0.00139,0.00118,1.00000,0.00058,0.00146,0.00006,0.00267,-0.00359,0.00137
8053000000,0.00076,-0.00130,0.00113,1.00000,0.00057,0.00141,0.00002,0.00290,-0.00342,0.00054
8086000000,0.00070,-0.00132,0.00114,1.00000,0.00057,0.00137,0.00006,0.00289,-0.00253,0.00015
8119000000,0.00077,-0.00138,0.00121,1.00000,0.00056,0.00133,0.00001,0.00281,-0.00441,0.00052
8152000000,0.00094,-0.00156,0.00139,1.00000,0.00057,0.00135,0.00004,0.00360,-0.00445,0.00203
8185000000,0.00105,-0.00158,0.00139,1.00000,0.00054,0.00138,0.00003,0.00297,-0.00508,0.00230
8218000000,0.00108,-0.00162,0.00137,1.00000,0.00056,0.00136,0.00003,0.00227,-0.00542,0.00105
8251000000,0.00085,-0.00161,0.00141,1.00000,0.00051,0.00137,0.00005,0.00148,-0.00510,0.00119
8284000000,0.00090,-0.00166,0.00144,1.00000,0.00051,0.00134,0.00007,0.01582,-0.00611,0.00122
8317000000,0.00177,-0.00178,0.00153,1.00000,0.00049,0.00129,0.00006,0.04791,-0.00599,0.00079
8350000000,0.00295,-0.00176,0.00159,1.00000,0.00047,0.00119,0.00005,0.07074,-0.00573,0.00047
8383000000,0.00457,-0.00153,0.00154,1.00000,0.00048,0.00101,0.00003,0.09696,-0.00605,-0.00023
8416000000,0.00680,-0.00116,0.00146,1.00000,0.00041,0.00089,0.00002,0.12049,-0.00503,-0.00025
8449000000,0.00909,-0.00057,0.00132,1.00000,0.00045,0.00059,-0.00001,0.14119,-0.00306,-0.00103
8482000000,0.01211,0.00001,0.00126,1.00000,0.00037,0.00043,-0.00008,0.16143,-0.00159,-0.00135
8515000000,0.01722,0.00069,0.00133,1.00000,0.00024,0.00037,-0.00015,0.17909,-0.00040,-0.00015
8548000000,0.02431,0.00117,0.00132,1.00000,0.00018,0.00044,-0.00014,0.21117,-0.00026,0.00053
8581000000,0.03228,0.00102,0.00105,1.00000,0.00023,0.00047,-0.00018,0.23918,-0.00143,-0.00004
8614000000,0.04205,-0.00013,0.00133,1.00000,0.00033,0.00065,-0.00012,0.26262,-0.00323,0.00038
8647000000,0.05116,-0.00011,0.00131,1.00000,0.00031,0.00060,-0.00015,0.29577,-0.00213,0.00079
8680000000,0.06141,-0.00024,0.00128,1.00000,0.00033,0.00064,-0.00012,0.32862,-0.00267,0.00136
8713000000,0.07187,0.00003,0.00134,1.00000,0.00024,0.00063,-0.00019,0.34548,-0.00229,0.00180
8746000000,0.08278,0.00020,0.00155,1.00000,0.00024,0.00061,-0.00011,0.37753,-0.00248,0.00217
8779000000,0.09441,0.00051,0.00155,1.00000,0.00030,0.00058,-0.00012,0.39927,-0.00125,0.00183
8812000000,0.10772,0.00035,0.00156,1.00000,0.00033,0.00053,-0.00013,0.41877,0.00002,0.00168
8845000000,0.12152,0.00049,0.00149,1.00000,0.00033,0.00055,-0.00012,0.44687,0.00052,0.00189
8878000000,0.13621,0.00000,0.00155,1.00000,0.00032,0.00070,0.00000,0.46939,-0.00050,0.00104
8911000000,0.15175,-0.00019,0.00149,1.00000,0.00031,0.00075,0.00004,0.49360,0.00012,0.00096
8944000000,0.16860,-0.00048,0.00142,1.00000,0.00033,0.00083,-0.00001,0.50967,-0.00037,0.00267
8977000000,0.18560,-0.00064,0.00143,1.00000,0.00039,0.00094,-0.00004,0.53034,-0.00015,0.00163
9010000000,0.20237,-0.00130,0.00165,1.00000,0.00047,0.00095,0.00011,0.55987,-0.00069,0.00343
9043000000,0.22033,-0.00296,0.00212,1.00000,0.00054,0.00093,0.00071,0.58508,-0.00134,0.00335
9076000000,0.24224,-0.00618,0.00067,1.00000,0.00091,0.00101,0.00102,0.61232,-0.00614,0.00140
9109000000,0.25989,-0.00332,0.00274,1.00000,0.00113,0.00084,0.00083,0.62625,-0.00234,0.00359
9142000000,0.28102,-0.00347,0.00290,1.00000,0.00152,0.00071,0.00092,0.65306,-0.00353,0.00393
9175000000,0.30293,-0.00363,0.00294,1.00000,0.00176,0.00057,0.00098,0.66676,-0.00407,0.00321
9208000000,0.32586,-0.00369,0.00303,1.00000,0.00164,0.00047,0.00095,0.69893,-0.00261,0.00432
9241000000,0.34931,-0.00512,0.00263,0.99999,0.00315,0.00154,0.00115,0.71809,-0.00454,0.00308
9274000000,0.37366,-0.00289,-0.00037,0.99998,0.00447,0.00472,0.00052,0.74272,-0.00140,-0.00250
9307000000,0.39883,-0.00302,-0.00249,0.99996,0.00506,0.00734,0.00054,0.77433,-0.00077,-0.00726
9340000000,0.42506,-0.00281,-0.00362,0.99995,0.00427,0.00850,0.00053,0.80401,-0.00099,-0.00969
9373000000,0.45154,-0.00284,-0.00463,0.99995,0.00393,0.00935,0.00054,0.81779,-0.00077,-0.01101
9406000000,0.47988,-0.00241,-0.00612,0.99994,0.00182,0.01041,0.00044,0.84013,-0.00036,-0.01450
9439000000,0.50828,-0.00237,-0.00690,0.99994,0.00030,0.01060,0.00047,0.86590,0.00037,-0.01466
9472000000,0.53757,-0.00229,-0.00762,0.99994,-0.00157,0.01071,0.00048,0.89330,0.00100,-0.01639
9505000000,0.56808,-0.00206,-0.00759,0.99994,-0.00438,0.01020,0.00048,0.92026,0.00069,-0.01544
9538000000,0.59873,-0.00216,-0.00839,0.99993,-0.00575,0.01029,0.00055,0.94595,0.00059,-0.01745
9571000000,0.63195,-0.00232,-0.01040,0.99990,-0.00840,0.01128,0.00050,0.96572,-0.00064,-0.02136
9604000000,0.66370,-0.00208,-0.01225,0.99988,-0.01017,0.01206,0.00058,0.98739,0.00021,-0.02420
9637000000,0.69681,-0.00229,-0.01381,0.99985,-0.01143,0.01265,0.00065,1.00409,-0.00002,-0.02633
9670000000,0.73058,-0.00242,-0.01485,0.99985,-0.01175,0.01273,0.00074,1.03061,-0.00050,-0.02774
9703000000,0.76593,-0.00260,-0.01726,0.99982,-0.01287,0.01358,0.00070,1.05380,-0.00050,-0.02959
9736000000,0.80062,-0.00269,-0.01876,0.99981,-0.01347,0.01399,0.00075,1.07823,-0.00031,-0.03090
9769000000,0.83676,-0.00270,-0.02088,0.99980,-0.01385,0.01475,0.00071,1.09196,0.00109,-0.03326
9802000000,0.87334,-0.00285,-0.02301,0.99978,-0.01404,0.01532,0.00076,1.11584,0.00186,-0.03648
9835000000,0.91188,-0.00354,-0.02596,0.99978,-0.01362,0.01622,0.00073,1.13753,0.00294,-0.03940
9868000000,0.94918,-0.00259,-0.03101,0.99975,-0.01329,0.01822,0.00071,1.15645,0.00487,-0.04488
9901000000,0.98774,-0.00272,-0.03271,0.99975,-0.01262,0.01837,0.00070,1.17670,0.00410,-0.04506
9934000000,1.02710,-0.00298,-0.03448,0.99977,-0.01028,0.01860,0.00061,1.20897,0.00317,-0.04540
9967000000,1.06737,-0.00263,-0.03655,0.99978,-0.00885,0.01895,0.00055,1.23539,0.00326,-0.04631
10000000000,1.10850,-0.00244,-0.03833,0.99979,-0.00700,0.01908,0.00053,1.25584,0.00443,-0.04832
10033000000,1.15239,-0.00279,-0.04253,0.99979,-0.00116,0.02030,0.00033,1.27931,0.00419,-0.05274
10066000000,1.19453,-0.00210,-0.04689,0.99977,0.00097,0.02149,0.00026,1.27884,0.00589,-0.05603
10099000000,1.23712,-0.00172,-0.04926,0.99976,0.00196,0.02167,0.00022,1.30987,0.00697,-0.05940
10132000000,1.28709,-0.00210,-0.05085,0.99973,0.00827,0.02151,0.00009,1.35980,0.00631,-0.05981
10165000000,1.33452,-0.00159,-0.05347,0.99972,0.00865,0.02187,0.00002,1.40189,0.00845,-0.06185
10198000000,1.38139,-0.00107,-0.05611,0.99972,0.00870,0.02214,0.00000,1.42194,0.00901,-0.06303
10231000000,1.43136,-0.00181,-0.05273,0.99976,0.00957,0.01957,0.00007,1.46425,0.00737,-0.05740
10264000000,1.47685,-0.00222,-0.04883,0.99984,0.00648,0.01692,0.00019,1.46438,0.00540,-0.04962
10297000000,1.52250,-0.00259,-0.04191,0.99991,0.00179,0.01335,0.00028,1.47479,0.00296,-0.03891
10330000000,1.57334,-0.00237,-0.05195,0.99983,0.00703,0.01687,0.00020,1.48031,0.00441,-0.05012
10363000000,1.62549,-0.00305,-0.05715,0.99980,0.00853,0.01818,0.00012,1.48482,0.00210,-0.05438
10396000000,1.67460,-0.00243,-0.05903,0.99979,0.00871,0.01832,0.00011,1.48408,0.00410,-0.05524
10429000000,1.72331,-0.00200,-0.06096,0.99979,0.00903,0.01840,0.00014,1.48441,0.00528,-0.05555
10462000000,1.77906,-0.00258,-0.06293,0.99978,0.00947,0.01849,0.00007,1.49439,0.00396,-0.05570
10495000000,1.82713,-0.00274,-0.06372,0.99979,0.00944,0.01810,0.00009,1.49220,0.00280,-0.05512
10528000000,1.87636,-0.00275,-0.06471,0.99980,0.00964,0.01779,0.00012,1.49341,0.00234,-0.05453
10561000000,1.93565,-0.00240,-0.07057,0.99975,0.01084,0.01958,0.00006,1.50867,0.00345,-0.05941
10594000000,1.97911,-0.00294,-0.06690,0.99979,0.01063,0.01743,0.00013,1.49995,0.00261,-0.05356
10627000000,2.02698,-0.00334,-0.06547,0.99981,0.01037,0.01620,0.00016,1.49748,0.00169,-0.04936
10660000000,2.07552,-0.00409,-0.06571,0.99982,0.01070,0.01575,0.00017,1.49866,0.00065,-0.04720
10693000000,2.12367,-0.00402,-0.06649,0.99982,0.01096,0.01546,0.00024,1.49776,0.00083,-0.04559
10726000000,2.17382,-0.00402,-0.06848,0.99982,0.01095,0.01566,0.00023,1.49863,0.00082,-0.04482
10759000000,2.23042,-0.00294,-0.07538,0.99976,0.01213,0.01798,0.00017,1.51017,0.00362,-0.05186
10792000000,2.27292,-0.00346,-0.06817,0.99983,0.01115,0.01466,0.00024,1.50028,0.00347,-0.04034
10825000000,2.32099,-0.00353,-0.06777,0.99984,0.01092,0.01399,0.00023,1.49958,0.00263,-0.03939
10858000000,2.36934,-0.00340,-0.06989,0.99982,0.01223,0.01445,0.00015,1.49751,0.00276,-0.04062
10891000000,2.41784,-0.00295,-0.07105,0.99982,0.01220,0.01441,0.00016,1.49681,0.00392,-0.04178
10924000000,2.46789,-0.00280,-0.07256,0.99982,0.01237,0.01447,0.00016,1.49756,0.00540,-0.04218
10957000000,2.52266,-0.00150,-0.07815,0.99977,0.01365,0.01623,0.00004,1.50623,0.00668,-0.04714
10990000000,2.56553,-0.00190,-0.07275,0.99983,0.01250,0.01368,0.00015,1.49625,0.00522,-0.03958
11023000000,2.61547,-0.00195,-0.07350,0.99983,0.01253,0.01355,0.00020,1.49798,0.00459,-0.03779
11056000000,2.66552,-0.00202,-0.07507,0.99983,0.01240,0.01361,0.00026,1.50041,0.00305,-0.03872
11089000000,2.71372,-0.00251,-0.07452,0.99983,0.01324,0.01314,0.00023,1.49871,0.00185,-0.03658
11122000000,2.76421,-0.00166,-0.08007,0.99981,0.01287,0.01452,0.00021,1.50063,0.00377,-0.04228
11155000000,2.81313,-0.00157,-0.08046,0.99982,0.01293,0.01421,0.00024,1.50078,0.00347,-0.04032
11188000000,2.86551,-0.00086,-0.08273,0.99981,0.01294,0.01458,0.00025,1.50535,0.00303,-0.04003
11221000000,2.90944,-0.00120,-0.07920,0.99984,0.01250,0.01287,0.00028,1.49710,0.00424,-0.03520
11254000000,2.95929,-0.00140,-0.08016,0.99984,0.01231,0.01278,0.00034,1.49956,0.00333,-0.03394
11287000000,3.01114,-0.00100,-0.08374,0.99983,0.01251,0.01367,0.00029,1.50358,0.00293,-0.03813
11320000000,3.05759,-0.00076,-0.08364,0.99984,0.01195,0.01313,0.00028,1.50018,0.00256,-0.03553
11353000000,3.10787,-0.00043,-0.08594,0.99984,0.01188,0.01348,0.00026,1.50084,0.00246,-0.03711
11386000000,3.16013,0.00020,-0.08871,0.99983,0.01171,0.01401,0.00021,1.50402,0.00228,-0.03794
11419000000,3.20582,0.00015,-0.08798,0.99985,0.01147,0.01333,0.00023,1.49794,0.00115,-0.03686
11452000000,3.25489,-0.00001,-0.08916,0.99985,0.01122,0.01330,0.00023,1.49788,0.00119,-0.03592
11485000000,3.30334,-0.00040,-0.08900,0.99986,0.01072,0.01279,0.00020,1.49741,-0.00031,-0.03547
11518000000,3.35238,-0.00041,-0.09033,0.99986,0.01090,0.01284,0.00020,1.49676,-0.00125,-0.03562
11551000000,3.40249,-0.00028,-0.09183,0.99985,0.01114,0.01303,0.00014,1.49767,-0.00090,-0.03577
11584000000,3.45657,0.00027,-0.09411,0.99985,0.01121,0.01346,0.00013,1.50307,-0.00067,-0.03745
11617000000,3.50321,0.00030,-0.09477,0.99985,0.01117,0.01332,0.00018,1.49966,-0.00101,-0.03758
11650000000,3.55229,0.00035,-0.09579,0.99985,0.01114,0.01321,0.00017,1.49956,-0.00104,-0.03620
11683000000,3.60395,0.00054,-0.09752,0.99985,0.01092,0.01334,0.00018,1.50253,0.00003,-0.03674
11716000000,3.65178,0.00071,-0.09846,0.99985,0.01086,0.01325,0.00024,1.50075,-0.00070,-0.03625
11749000000,3.70119,0.00083,-0.09987,0.99985,0.01083,0.01331,0.00022,1.50114,-0.00100,-0.03841
11782000000,3.75295,0.00085,-0.10198,0.99985,0.01057,0.01352,0.00019,1.50448,-0.00104,-0.03985
11815000000,3.79988,0.00033,-0.10261,0.99986,0.01029,0.01319,0.00023,1.50204,-0.00244,-0.04011
11848000000,3.84976,0.00017,-0.10444,0.99986,0.01016,0.01328,0.00027,1.50157,-0.00220,-0.04087
11881000000,3.89938,-0.00002,-0.10582,0.99986,0.01011,0.01332,0.00023,1.50246,-0.00227,-0.03983
11914000000,3.95209,0.00008,-0.10905,0.99985,0.01020,0.01390,0.00019,1.50636,-0.00186,-0.04268
11947000000,4.00076,0.00028,-0.10988,0.99985,0.01027,0.01376,0.00023,1.50578,-0.00138,-0.04192
11980000000,4.04949,0.00013,-0.11052,0.99986,0.01019,0.01349,0.00023,1.50446,-0.00159,-0.04172
12013000000,4.10411,0.00076,-0.11549,0.99984,0.01053,0.01468,0.00021,1.51156,-0.00023,-0.04519
12046000000,4.15114,-0.00005,-0.11477,0.99985,0.01020,0.01391,0.00024,1.50738,-0.00214,-0.04320
12079000000,4.20174,-0.00065,-0.11643,0.99985,0.01017,0.01396,0.00028,1.50783,-0.00409,-0.04230
12112000000,4.25584,-0.00124,-0.12103,0.99983,0.01081,0.01504,0.00022,1.51180,-0.00547,-0.04677
12145000000,4.30315,-0.00160,-0.12099,0.99984,0.01052,0.01448,0.00026,1.50991,-0.00542,-0.04339
12178000000,4.35332,-0.00175,-0.12230,0.99984,0.01049,0.01441,0.00025,1.51053,-0.00552,-0.04331
12211000000,4.40492,-0.00104,-0.12472,0.99984,0.01046,0.01473,0.00022,1.51223,-0.00427,-0.04441
12244000000,4.45004,-0.00093,-0.12441,0.99985,0.01024,0.01410,0.00027,1.50610,-0.00387,-0.04193
12277000000,4.49993,-0.00125,-0.12562,0.99985,0.01019,0.01400,0.00028,1.50552,-0.00511,-0.04229
12310000000,4.54816,-0.00078,-0.12602,0.99986,0.01002,0.01369,0.00024,1.50301,-0.00595,-0.04070
12343000000,4.59558,-0.00112,-0.12605,0.99986,0.01001,0.01324,0.00027,1.49996,-0.00657,-0.03911
12376000000,4.64462,-0.00129,-0.12716,0.99986,0.00989,0.01314,0.00031,1.49970,-0.00616,-0.03909
12409000000,4.70036,-0.00125,-0.13332,0.99983,0.01066,0.01488,0.00023,1.50858,-0.00631,-0.04466
12442000000,4.74577,-0.00046,-0.13215,0.99985,0.01020,0.01400,0.00024,1.50407,-0.00541,-0.04293
12475000000,4.79574,-0.00120,-0.13411,0.99985,0.00985,0.01406,0.00026,1.50383,-0.00690,-0.04328
12508000000,4.84337,-0.00110,-0.13478,0.99986,0.00941,0.01372,0.00025,1.50128,-0.00735,-0.04252
12541000000,4.89111,-0.00114,-0.13491,0.99987,0.00935,0.01333,0.00026,1.49940,-0.00708,-0.04149
12574000000,4.93993,-0.00108,-0.13535,0.99987,0.00926,0.01307,0.00024,1.50055,-0.00708,-0.04090
12607000000,4.99535,-0.00116,-0.14061,0.99985,0.00974,0.01449,0.00019,1.50880,-0.00703,-0.04563
12640000000,5.03991,-0.00104,-0.13906,0.99986,0.00943,0.01346,0.00022,1.50276,-0.00467,-0.04275
12673000000,5.09101,-0.00091,-0.14018,0.99986,0.00950,0.01342,0.00023,1.50436,-0.00290,-0.04284
12706000000,5.13991,-0.00093,-0.14082,0.99987,0.00946,0.01317,0.00026,1.50461,-0.00111,-0.04179
12739000000,5.18912,-0.00105,-0.14165,0.99987,0.00938,0.01301,0.00031,1.50430,0.00023,-0.03969
12772000000,5.24135,-0.00057,-0.14455,0.99986,0.00979,0.01376,0.00027,1.50898,0.00108,-0.04062
12805000000,5.29092,-0.00030,-0.14575,0.99986,0.00976,0.01373,0.00033,1.50759,0.00244,-0.04070
12838000000,5.34125,-0.00022,-0.14779,0.99985,0.00981,0.01398,0.00033,1.50814,0.00282,-0.04186
12871000000,5.39902,-0.00023,-0.15589,0.99980,0.01090,0.01671,0.00029,1.51989,0.00391,-0.05073
12904000000,5.44435,0.00053,-0.15495,0.99982,0.01066,0.01576,0.00031,1.51508,0.00631,-0.04867
12937000000,5.49520,0.00072,-0.15637,0.99982,0.01054,0.01567,0.00030,1.51678,0.00587,-0.04812
12970000000,5.54380,0.00057,-0.15656,0.99983,0.01066,0.01518,0.00028,1.51505,0.00655,-0.04585
13003000000,5.59284,0.00073,-0.15692,0.99984,0.01050,0.01475,0.00026,1.51477,0.00754,-0.04404
13036000000,5.64154,0.00090,-0.15678,0.99985,0.01035,0.01421,0.00028,1.51431,0.00753,-0.04088
13069000000,5.69218,0.00127,-0.15832,0.99985,0.01029,0.01424,0.00030,1.51542,0.00779,-0.04113
13102000000,5.74194,0.00128,-0.15950,0.99985,0.01024,0.01415,0.00027,1.51453,0.00756,-0.03977
13135000000,5.79323,0.00151,-0.16084,0.99984,0.01038,0.01425,0.00023,1.51706,0.00730,-0.03864
13168000000,5.83981,0.00141,-0.16038,0.99985,0.01029,0.01361,0.00024,1.51188,0.00650,-0.03662
13201000000,5.88905,0.00152,-0.16043,0.99986,0.01009,0.01315,0.00023,1.51151,0.00617,-0.03490
13234000000,5.93799,0.00130,-0.15953,0.99987,0.01002,0.01253,0.00023,1.50911,0.00630,-0.03126
13267000000,5.98753,0.00092,-0.16098,0.99987,0.00990,0.01260,0.00022,1.50889,0.00619,-0.03131
13300000000,6.03707,0.00104,-0.16207,0.99987,0.00989,0.01259,0.00024,1.50928,0.00650,-0.03054
13333000000,6.08670,0.00123,-0.16323,0.99987,0.00985,0.01262,0.00029,1.50882,0.00630,-0.03131
13366000000,6.13748,0.00104,-0.16407,0.99987,0.00982,0.01265,0.00027,1.50896,0.00645,-0.03053
13399000000,6.18388,0.00108,-0.16363,0.99988,0.00948,0.01203,0.00029,1.50489,0.00558,-0.02938
13432000000,6.23334,0.00119,-0.16447,0.99988,0.00945,0.01194,0.00033,1.50562,0.00530,-0.02818
13465000000,6.28175,0.00098,-0.16506,0.99989,0.00920,0.01175,0.00027,1.50449,0.00480,-0.02810
13498000000,6.33144,0.00116,-0.16624,0.99989,0.00925,0.01172,0.00037,1.50488,0.00598,-0.02759
13531000000,6.38122,0.00124,-0.16748,0.99989,0.00928,0.01178,0.00039,1.50386,0.00610,-0.02728
13564000000,6.42979,0.00069,-0.16943,0.99988,0.00922,0.01218,0.00039,1.50298,0.00601,-0.02837
13597000000,6.47900,0.00131,-0.16998,0.99989,0.00916,0.01204,0.00041,1.50276,0.00642,-0.02742
13630000000,6.52878,0.00153,-0.17116,0.99988,0.00917,0.01214,0.00037,1.50393,0.00647,-0.02614
13663000000,6.57853,0.00184,-0.17276,0.99988,0.00911,0.01233,0.00034,1.50471,0.00617,-0.02695
13696000000,6.62928,0.00161,-0.17554,0.99987,0.00918,0.01289,0.00031,1.50565,0.00524,-0.02985
13729000000,6.67901,0.00181,-0.17681,0.99987,0.00924,0.01295,0.00031,1.50572,0.00565,-0.03035
13762000000,6.72829,0.00205,-0.17804,0.99987,0.00917,0.01297,0.00032,1.50644,0.00535,-0.03043
13795000000,6.77726,0.00161,-0.18041,0.99987,0.00901,0.01326,0.00029,1.50704,0.00494,-0.03195
13828000000,6.82602,0.00240,-0.18084,0.99987,0.00888,0.01311,0.00028,1.50613,0.00583,-0.03053
13861000000,6.87507,0.00273,-0.18175,0.99988,0.00881,0.01308,0.00029,1.50605,0.00745,-0.03031
13894000000,6.92379,0.00241,-0.18419,0.99987,0.00867,0.01342,0.00029,1.50572,0.00666,-0.03147
13927000000,6.97373,0.00259,-0.18564,0.99987,0.00868,0.01352,0.00033,1.50638,0.00687,-0.03050
13960000000,7.02304,0.00286,-0.18683,0.99987,0.00860,0.01358,0.00035,1.50535,0.00793,-0.02884
13993000000,7.07274,0.00239,-0.18989,0.99987,0.00843,0.01406,0.00033,1.50563,0.00656,-0.03142
14026000000,7.12205,0.00299,-0.19066,0.99987,0.00835,0.01400,0.00038,1.50586,0.00609,-0.03012
14059000000,7.17140,0.00305,-0.19208,0.99987,0.00833,0.01408,0.00035,1.50605,0.00536,-0.03093
14092000000,7.21864,0.00228,-0.19495,0.99986,0.00827,0.01440,0.00030,1.50299,0.00458,-0.03382
14125000000,7.26829,0.00262,-0.19631,0.99986,0.00823,0.01443,0.00027,1.50320,0.00560,-0.03420
14158000000,7.31813,0.00268,-0.19756,0.99986,0.00817,0.01447,0.00023,1.50404,0.00614,-0.03318
14191000000,7.36598,0.00248,-0.20060,0.99986,0.00808,0.01484,0.00013,1.50240,0.00510,-0.03501
14224000000,7.41619,0.00272,-0.20177,0.99986,0.00802,0.01487,0.00018,1.50380,0.00639,-0.03441
14257000000,7.46583,0.00281,-0.20327,0.99986,0.00798,0.01485,0.00019,1.50399,0.00661,-0.03371
14290000000,7.51473,0.00263,-0.20605,0.99985,0.00793,0.01519,0.00018,1.50379,0.00545,-0.03564
14323000000,7.56414,0.00272,-0.20713,0.99985,0.00793,0.01515,0.00017,1.50388,0.00643,-0.03387
14356000000,7.61346,0.00283,-0.20846,0.99985,0.00792,0.01517,0.00024,1.50357,0.00565,-0.03338
14389000000,7.66248,0.00234,-0.21095,0.99985,0.00800,0.01540,0.00019,1.50361,0.00501,-0.03412
14422000000,7.71219,0.00281,-0.21185,0.99985,0.00797,0.01534,0.00016,1.50390,0.00612,-0.03323
14455000000,7.76174,0.00293,-0.21282,0.99985,0.00800,0.01537,0.00015,1.50336,0.00788,-0.03197
14488000000,7.81036,0.00303,-0.21511,0.99985,0.00798,0.01551,0.00014,1.50286,0.00684,-0.03348
14554000000,7.90900,0.00377,-0.21732,0.99985,0.00798,0.01556,0.00016,1.50267,0.00831,-0.03293
14620000000,8.00861,0.00409,-0.21972,0.99985,0.00799,0.01564,0.00017,1.50354,0.00938,-0.03285
14719000000,8.15569,0.00435,-0.22458,0.99984,0.00803,0.01587,0.00008,1.50317,0.00812,-0.03390
14752000000,8.20485,0.00507,-0.22573,0.99984,0.00796,0.01579,0.00005,1.50297,0.00837,-0.03399
14785000000,8.25473,0.00442,-0.22866,0.99984,0.00801,0.01600,0.00003,1.50394,0.00635,-0.03538
14851000000,8.35501,0.00564,-0.23061,0.99984,0.00794,0.01599,-0.00008,1.50502,0.00846,-0.03295
14884000000,8.40486,0.00634,-0.23186,0.99984,0.00791,0.01600,-0.00013,1.50566,0.01060,-0.03265
14917000000,8.45394,0.00625,-0.23454,0.99984,0.00780,0.01600,-0.00015,1.50535,0.01154,-0.03402
14950000000,8.50382,0.00710,-0.23561,0.99984,0.00774,0.01599,-0.00020,1.50624,0.01367,-0.03361
15016000000,8.60266,0.00829,-0.23787,0.99984,0.00766,0.01592,-0.00024,1.50594,0.01541,-0.03297
15049000000,8.65107,0.00960,-0.24036,0.99985,0.00744,0.01591,-0.00024,1.50391,0.01774,-0.03587
15115000000,8.75161,0.01040,-0.24260,0.99984,0.00754,0.01594,-0.00027,1.50536,0.01739,-0.03488
15181000000,8.84694,0.01180,-0.24659,0.99984,0.00736,0.01600,-0.00031,1.50057,0.01726,-0.03728
15247000000,8.94941,0.01140,-0.24918,0.99984,0.00762,0.01601,-0.00034,1.50303,0.01595,-0.03677
15280000000,8.99702,0.01054,-0.25241,0.99984,0.00765,0.01613,-0.00033,1.49974,0.01371,-0.03877
15379000000,9.14574,0.01323,-0.25530,0.99984,0.00750,0.01602,-0.00025,1.50357,0.01638,-0.03471
15445000000,9.24536,0.01432,-0.25886,0.99984,0.00739,0.01606,-0.00032,1.50315,0.01603,-0.03522
15511000000,9.34547,0.01481,-0.26227,0.99984,0.00748,0.01618,-0.00029,1.50266,0.01472,-0.03683
15577000000,9.44072,0.01523,-0.26495,0.99984,0.00747,0.01612,-0.00021,1.49807,0.01426,-0.03562
15643000000,9.53918,0.01628,-0.26719,0.99984,0.00739,0.01608,-0.00029,1.49907,0.01567,-0.03394
15742000000,9.68704,0.01778,-0.27123,0.99984,0.00749,0.01620,-0.00033,1.50025,0.01628,-0.03314
15808000000,9.78751,0.01774,-0.27441,0.99983,0.00770,0.01646,-0.00035,1.50248,0.01540,-0.03290
15841000000,9.83597,0.01841,-0.27555,0.99984,0.00767,0.01635,-0.00039,1.50158,0.01601,-0.03299
15907000000,9.93468,0.02007,-0.27754,0.99984,0.00755,0.01639,-0.00036,1.50137,0.01743,-0.03262
15973000000,10.03379,0.02110,-0.27967,0.99984,0.00758,0.01638,-0.00042,1.50318,0.01795,-0.03098
16105000000,10.23252,0.02318,-0.28354,0.99984,0.00765,0.01636,-0.00054,1.50260,0.02064,-0.02768
16171000000,10.33294,0.02540,-0.28539,0.99984,0.00757,0.01632,-0.00058,1.50447,0.02117,-0.02692
16237000000,10.43276,0.02639,-0.28730,0.99984,0.00742,0.01634,-0.00061,1.50672,0.02176,-0.02686
16303000000,10.53216,0.02828,-0.28904,0.99984,0.00741,0.01632,-0.00061,1.50758,0.02418,-0.02665
16336000000,10.58249,0.02862,-0.29051,0.99984,0.00742,0.01633,-0.00062,1.50931,0.02480,-0.02636
16402000000,10.68203,0.03026,-0.29211,0.99984,0.00740,0.01635,-0.00064,1.51040,0.02679,-0.02419
16501000000,10.83265,0.03305,-0.29469,0.99984,0.00740,0.01635,-0.00061,1.51371,0.02852,-0.02155
16534000000,10.88215,0.03132,-0.29741,0.99984,0.00746,0.01632,-0.00057,1.51443,0.02444,-0.02423
16600000000,10.98205,0.03258,-0.29944,0.99984,0.00744,0.01634,-0.00056,1.51718,0.02638,-0.02369
16666000000,11.08243,0.03115,-0.30376,0.99984,0.00743,0.01629,-0.00062,1.51763,0.02616,-0.02606
16699000000,11.13279,0.03242,-0.30508,0.99984,0.00741,0.01625,-0.00066,1.51777,0.02694,-0.02654
16798000000,11.28333,0.03313,-0.31064,0.99984,0.00729,0.01621,-0.00061,1.51658,0.02573,-0.02865
16864000000,11.38320,0.03847,-0.31168,0.99984,0.00709,0.01619,-0.00066,1.51735,0.03129,-0.02653
16930000000,11.48138,0.03867,-0.31579,0.99984,0.00716,0.01622,-0.00066,1.51753,0.03025,-0.02924
16996000000,11.58182,0.04116,-0.31769,0.99984,0.00722,0.01617,-0.00064,1.51943,0.03223,-0.02988
17062000000,11.68093,0.03740,-0.32364,0.99984,0.00740,0.01624,-0.00060,1.52097,0.02928,-0.03388
17128000000,11.78216,0.04041,-0.32589,0.99984,0.00732,0.01623,-0.00059,1.52433,0.03137,-0.03344
17161000000,11.82861,0.03312,-0.33166,0.99984,0.00756,0.01639,-0.00051,1.52218,0.02129,-0.03770
17227000000,11.93147,0.03525,-0.33324,0.99984,0.00752,0.01630,-0.00044,1.52794,0.02232,-0.03556
17260000000,11.97688,0.03171,-0.33691,0.99984,0.00764,0.01640,-0.00045,1.52364,0.01780,-0.03825
17326000000,12.07703,0.03402,-0.33915,0.99984,0.00757,0.01638,-0.00042,1.52390,0.01750,-0.03671
17425000000,12.22467,0.03210,-0.34537,0.99984,0.00763,0.01630,-0.00043,1.52307,0.01455,-0.03644
17491000000,12.32987,0.03367,-0.34736,0.99984,0.00764,0.01619,-0.00042,1.52789,0.01567,-0.03441
17524000000,12.37816,0.03027,-0.35117,0.99984,0.00763,0.01628,-0.00042,1.52570,0.01155,-0.03661
17590000000,12.48048,0.03179,-0.35325,0.99984,0.00757,0.01628,-0.00044,1.52878,0.01280,-0.03493
17656000000,12.57982,0.02928,-0.35780,0.99984,0.00768,0.01622,-0.00041,1.52971,0.00924,-0.03781
17689000000,12.63119,0.02973,-0.35913,0.99984,0.00772,0.01623,-0.00043,1.53115,0.00987,-0.03818
17722000000,12.68012,0.02772,-0.36180,0.99984,0.00771,0.01624,-0.00043,1.52981,0.00729,-0.03825
17788000000,12.78171,0.02875,-0.36370,0.99984,0.00772,0.01629,-0.00043,1.53137,0.00708,-0.03590
17854000000,12.88203,0.02893,-0.36645,0.99984,0.00775,0.01636,-0.00042,1.53287,0.00606,-0.03734
17887000000,12.92855,0.02641,-0.36915,0.99984,0.00779,0.01636,-0.00045,1.52801,0.00327,-0.03719
17953000000,13.02986,0.02699,-0.37168,0.99984,0.00778,0.01631,-0.00048,1.52869,0.00331,-0.03676
18019000000,13.12847,0.02441,-0.37532,0.99984,0.00775,0.01637,-0.00049,1.52748,-0.00079,-0.03595
18085000000,13.23868,0.02288,-0.37730,0.99984,0.00783,0.01638,-0.00047,1.53954,-0.00471,-0.03448
18118000000,13.28982,0.01968,-0.37920,0.99983,0.00791,0.01641,-0.00043,1.54109,-0.00993,-0.03630
18151000000,13.33816,0.01801,-0.38091,0.99984,0.00787,0.01635,-0.00049,1.53921,-0.01207,-0.03757
18184000000,13.38719,0.01854,-0.38200,0.99984,0.00787,0.01635,-0.00048,1.53724,-0.01155,-0.03807
18250000000,13.48837,0.01643,-0.38533,0.99983,0.00782,0.01643,-0.00044,1.53815,-0.01327,-0.03774
18349000000,13.64043,0.01513,-0.38911,0.99983,0.00778,0.01641,-0.00045,1.53996,-0.01623,-0.03854
18382000000,13.70021,0.01282,-0.39093,0.99983,0.00773,0.01646,-0.00039,1.55146,-0.01936,-0.03894
18448000000,13.79493,0.01298,-0.39370,0.99984,0.00764,0.01625,-0.00048,1.54180,-0.01709,-0.03840
18481000000,13.84416,0.01282,-0.39547,0.99984,0.00758,0.01622,-0.00048,1.54175,-0.01694,-0.03872
18514000000,13.89041,0.01355,-0.39721,0.99984,0.00762,0.01616,-0.00052,1.53435,-0.01560,-0.04026
18547000000,13.94120,0.01341,-0.39837,0.99984,0.00761,0.01612,-0.00052,1.53469,-0.01642,-0.03912
18613000000,14.04335,0.01271,-0.40182,0.99984,0.00761,0.01613,-0.00052,1.53645,-0.01507,-0.04094
18679000000,14.14160,0.01252,-0.40465,0.99984,0.00776,0.01609,-0.00055,1.53358,-0.01256,-0.04028
18712000000,14.19129,0.01238,-0.40719,0.99984,0.00783,0.01628,-0.00053,1.53100,-0.01344,-0.04201
18745000000,14.23816,0.01296,-0.40921,0.99984,0.00786,0.01635,-0.00057,1.52389,-0.01257,-0.04193
18778000000,14.28794,0.01275,-0.41044,0.99984,0.00788,0.01629,-0.00057,1.52247,-0.01260,-0.04185
18811000000,14.33870,0.01261,-0.41279,0.99983,0.00790,0.01649,-0.00057,1.52397,-0.01244,-0.04250
18877000000,14.43618,0.01252,-0.41539,0.99983,0.00800,0.01645,-0.00062,1.51885,-0.01114,-0.04154
18910000000,14.48530,0.01254,-0.41767,0.99983,0.00807,0.01663,-0.00059,1.51617,-0.01107,-0.04266
18976000000,14.58288,0.01250,-0.42076,0.99983,0.00811,0.01662,-0.00064,1.51302,-0.01118,-0.04300
19075000000,14.73290,0.01146,-0.42474,0.99983,0.00809,0.01662,-0.00055,1.51251,-0.01162,-0.04184
19108000000,14.78282,0.01150,-0.42657,0.99983,0.00811,0.01661,-0.00054,1.51207,-0.01110,-0.04215
19174000000,14.88109,0.01123,-0.42966,0.99983,0.00812,0.01654,-0.00053,1.51022,-0.01006,-0.04195
19273000000,15.03067,0.01046,-0.43353,0.99983,0.00807,0.01651,-0.00049,1.51067,-0.01114,-0.03978
19339000000,15.12869,0.01003,-0.43658,0.99983,0.00811,0.01642,-0.00044,1.50959,-0.01076,-0.04146
19405000000,15.22903,0.00961,-0.43941,0.99984,0.00800,0.01630,-0.00036,1.51137,-0.01296,-0.04223
19471000000,15.32725,0.00877,-0.44242,0.99984,0.00797,0.01628,-0.00042,1.50991,-0.01385,-0.04228
19504000000,15.37668,0.00869,-0.44387,0.99984,0.00795,0.01618,-0.00042,1.51004,-0.01299,-0.04091
19570000000,15.47587,0.00826,-0.44699,0.99984,0.00793,0.01615,-0.00036,1.50971,-0.01230,-0.04110
19636000000,15.57571,0.00733,-0.44948,0.99984,0.00791,0.01623,-0.00030,1.50927,-0.01243,-0.04006
19669000000,15.62739,0.00776,-0.45119,0.99984,0.00775,0.01607,-0.00035,1.51071,-0.01034,-0.04010
19702000000,15.67564,0.00748,-0.45274,0.99984,0.00779,0.01604,-0.00036,1.50763,-0.01034,-0.04113
19768000000,15.77555,0.00718,-0.45581,0.99984,0.00772,0.01610,-0.00037,1.50827,-0.00932,-0.04269
19834000000,15.87484,0.00640,-0.45859,0.99984,0.00775,0.01609,-0.00034,1.50940,-0.00914,-0.04261
19900000000,15.97464,0.00622,-0.46186,0.99984,0.00780,0.01608,-0.00036,1.50808,-0.00900,-0.04194
19933000000,16.02448,0.00602,-0.46323,0.99984,0.00781,0.01607,-0.00038,1.50807,-0.01035,-0.04154
19999000000,16.12708,0.00660,-0.46599,0.99985,0.00747,0.01589,-0.00037,1.50979,-0.01001,-0.04095
20065000000,16.22403,0.00504,-0.46908,0.99984,0.00766,0.01603,-0.00035,1.50553,-0.01140,-0.04132
20131000000,16.32425,0.00533,-0.47237,0.99984,0.00758,0.01602,-0.00036,1.50593,-0.01279,-0.04367
20197000000,16.42044,0.00480,-0.47606,0.99984,0.00773,0.01602,-0.00039,1.50087,-0.01363,-0.04490
20230000000,16.46815,0.00550,-0.47812,0.99984,0.00776,0.01599,-0.00041,1.49876,-0.01268,-0.04705
20296000000,16.56479,0.00508,-0.48148,0.99984,0.00788,0.01601,-0.00036,1.49237,-0.01247,-0.04923
20362000000,16.66360,0.00391,-0.48457,0.99984,0.00787,0.01615,-0.00035,1.49019,-0.01250,-0.04851
20428000000,16.76608,0.00402,-0.48756,0.99984,0.00767,0.01609,-0.00030,1.49545,-0.01285,-0.04870
20494000000,16.86576,0.00401,-0.49060,0.99984,0.00758,0.01606,-0.00030,1.49694,-0.01183,-0.05124
20560000000,16.96186,0.00277,-0.49408,0.99984,0.00771,0.01604,-0.00031,1.49291,-0.01328,-0.05123
20593000000,17.01108,0.00336,-0.49525,0.99985,0.00763,0.01583,-0.00028,1.49233,-0.01289,-0.05104
20692000000,17.15874,0.00135,-0.50087,0.99984,0.00776,0.01592,-0.00031,1.49142,-0.01468,-0.05261
20758000000,17.26009,0.00209,-0.50309,0.99985,0.00734,0.01562,-0.00027,1.49601,-0.01308,-0.05145
20824000000,17.35992,0.00210,-0.50597,0.99986,0.00715,0.01545,-0.00023,1.49703,-0.01244,-0.05027
20890000000,17.45692,0.00072,-0.50948,0.99985,0.00735,0.01550,-0.00023,1.49500,-0.01226,-0.05174
20923000000,17.50698,0.00100,-0.51040,0.99986,0.00717,0.01528,-0.00026,1.49622,-0.01203,-0.05134
20956000000,17.55602,0.00068,-0.51156,0.99986,0.00715,0.01505,-0.00026,1.49449,-0.01284,-0.05083
20989000000,17.60838,0.00149,-0.51124,0.99988,0.00635,0.01442,-0.00025,1.50004,-0.01083,-0.04898
21055000000,17.70510,0.00039,-0.51407,0.99988,0.00646,0.01418,-0.00025,1.49668,-0.01241,-0.04802
21088000000,17.75886,0.00198,-0.51329,0.99989,0.00585,0.01348,-0.00023,1.50409,-0.00855,-0.04466
21121000000,17.80539,0.00128,-0.51181,0.99991,0.00517,0.01222,-0.00020,1.49913,-0.01016,-0.04176
21154000000,17.85376,0.00060,-0.51300,0.99991,0.00521,0.01199,-0.00021,1.49595,-0.00964,-0.04182
21220000000,17.95331,0.00066,-0.51186,0.99994,0.00407,0.01053,-0.00020,1.49785,-0.00908,-0.03599
21253000000,18.00108,-0.00008,-0.51261,0.99994,0.00402,0.01032,-0.00024,1.49491,-0.01005,-0.03532
21286000000,18.05324,0.00136,-0.50629,0.99997,0.00216,0.00727,-0.00024,1.50051,-0.00700,-0.02366
21319000000,18.09816,-0.00020,-0.50867,0.99997,0.00247,0.00776,-0.00027,1.49252,-0.01008,-0.02626
21385000000,18.19659,-0.00036,-0.50729,0.99998,0.00167,0.00648,-0.00025,1.49267,-0.00888,-0.02101
21451000000,18.29397,-0.00170,-0.50951,0.99998,0.00178,0.00678,-0.00030,1.49082,-0.01132,-0.02142
21484000000,18.34547,-0.00037,-0.50588,0.99999,0.00097,0.00512,-0.00034,1.49413,-0.00785,-0.01470
21550000000,18.44803,0.00034,-0.50247,0.99999,0.00012,0.00340,-0.00032,1.49994,-0.00591,-0.00961
21616000000,18.54119,-0.00223,-0.50795,0.99999,0.00083,0.00513,-0.00028,1.48967,-0.00936,-0.01530
21682000000,18.64162,-0.00224,-0.50796,0.99999,0.00065,0.00476,-0.00026,1.49190,-0.00999,-0.01516
21715000000,18.69164,-0.00165,-0.50800,0.99999,0.00076,0.00457,-0.00021,1.49363,-0.00834,-0.01429
21748000000,18.74408,-0.00078,-0.50719,0.99999,0.00070,0.00406,-0.00023,1.49839,-0.00705,-0.01268
21847000000,18.88644,-0.00337,-0.51171,0.99999,0.00119,0.00520,-0.00020,1.48876,-0.01047,-0.01791
21913000000,18.98520,-0.00352,-0.51342,0.99998,0.00144,0.00531,-0.00017,1.48921,-0.01079,-0.01972
21946000000,19.03798,-0.00221,-0.51250,0.99999,0.00131,0.00477,-0.00015,1.49599,-0.00793,-0.01805
21979000000,19.08908,-0.00191,-0.51239,0.99999,0.00126,0.00451,-0.00012,1.49974,-0.00714,-0.01569
22045000000,19.18239,-0.00387,-0.51593,0.99998,0.00160,0.00540,-0.00010,1.49029,-0.01058,-0.01978
22078000000,19.23293,-0.00322,-0.51546,0.99999,0.00149,0.00494,-0.00011,1.49210,-0.00882,-0.01799
22144000000,19.33321,-0.00228,-0.51488,0.99999,0.00129,0.00430,-0.00014,1.49536,-0.00548,-0.01539
22243000000,19.47825,-0.00414,-0.51730,0.99999,0.00130,0.00461,-0.00006,1.49115,-0.00843,-0.01725
22309000000,19.57864,-0.00321,-0.51377,1.00000,0.00029,0.00300,-0.00005,1.49570,-0.00603,-0.01038
22342000000,19.62515,-0.00426,-0.51576,0.99999,0.00065,0.00361,-0.00006,1.49160,-0.00887,-0.01239
22375000000,19.67537,-0.00367,-0.51453,1.00000,0.00030,0.00306,-0.00003,1.49318,-0.00667,-0.01009
22441000000,19.77171,-0.00469,-0.51496,1.00000,0.00007,0.00294,-0.00003,1.49064,-0.00752,-0.01080
22474000000,19.82019,-0.00446,-0.51310,1.00000,-0.00041,0.00211,-0.00006,1.48853,-0.00732,-0.00763
22507000000,19.86977,-0.00392,-0.51148,1.00000,-0.00079,0.00134,-0.00003,1.48858,-0.00647,-0.00542
22573000000,19.96611,-0.00466,-0.51230,1.00000,-0.00076,0.00152,-0.00006,1.48712,-0.00605,-0.00358
22606000000,20.01587,-0.00395,-0.51057,1.00000,-0.00109,0.00081,-0.00010,1.48764,-0.00400,-0.00058
22705000000,20.16102,-0.00456,-0.51044,1.00000,-0.00115,0.00074,-0.00020,1.48292,-0.00430,0.00103
22804000000,20.30787,-0.00444,-0.50994,1.00000,-0.00114,0.00056,-0.00014,1.48183,-0.00357,0.00268
22870000000,20.40441,-0.00450,-0.50984,1.00000,-0.00114,0.00050,-0.00014,1.47984,-0.00383,0.00357
22903000000,20.45330,-0.00410,-0.51033,1.00000,-0.00089,0.00078,-0.00014,1.48100,-0.00347,0.00328
22969000000,20.54865,-0.00398,-0.51084,1.00000,-0.00067,0.00102,-0.00015,1.47662,-0.00313,0.00325
23035000000,20.64458,-0.00396,-0.51153,1.00000,-0.00040,0.00136,-0.00016,1.45548,-0.00466,0.00177
23068000000,20.69100,-0.00408,-0.51214,1.00000,-0.00022,0.00160,-0.00023,1.43680,-0.00749,0.00207
23134000000,20.78409,-0.00472,-0.51259,1.00000,0.00003,0.00184,-0.00070,1.40923,-0.01724,0.00219
23233000000,20.92039,-0.00767,-0.51225,0.99999,-0.00001,0.00179,-0.00267,1.36683,-0.04370,0.00456
23266000000,20.96532,-0.00855,-0.51287,0.99999,0.00019,0.00206,-0.00378,1.35116,-0.05435,0.00333
23299000000,21.01055,-0.01008,-0.51345,0.99998,0.00040,0.00232,-0.00509,1.34544,-0.06612,0.00151
23332000000,21.05263,-0.01330,-0.51364,0.99997,0.00041,0.00243,-0.00675,1.33068,-0.08172,0.00126
23398000000,21.13975,-0.01952,-0.51489,0.99993,0.00076,0.00284,-0.01109,1.30297,-0.11591,0.00122
23464000000,21.22457,-0.02827,-0.51530,0.99985,0.00084,0.00305,-0.01685,1.28417,-0.15647,0.00178
23497000000,21.26824,-0.03313,-0.51620,0.99979,0.00105,0.00339,-0.02030,1.27230,-0.17776,0.00071
23563000000,21.35124,-0.04613,-0.51730,0.99959,0.00127,0.00374,-0.02846,1.23943,-0.22506,-0.00060
23596000000,21.39214,-0.05370,-0.51771,0.99944,0.00132,0.00392,-0.03325,1.22369,-0.25002,-0.00082
23662000000,21.47292,-0.07171,-0.51934,0.99901,0.00159,0.00443,-0.04422,1.19851,-0.30643,-0.00396
23695000000,21.51229,-0.08211,-0.51984,0.99872,0.00158,0.00456,-0.05044,1.18490,-0.33668,-0.00384
23761000000,21.59053,-0.10630,-0.52221,0.99790,0.00173,0.00511,-0.06455,1.16218,-0.40474,-0.00662
23794000000,21.62830,-0.12018,-0.52285,0.99735,0.00173,0.00526,-0.07252,1.14959,-0.44180,-0.00687
23827000000,21.66582,-0.13517,-0.52487,0.99668,0.00178,0.00572,-0.08119,1.13721,-0.48079,-0.00872
23860000000,21.70357,-0.15158,-0.52652,0.99587,0.00190,0.00608,-0.09055,1.12612,-0.52302,-0.01121
23926000000,21.77831,-0.18890,-0.52913,0.99375,0.00193,0.00670,-0.11139,1.10722,-0.61608,-0.01424
24025000000,21.88826,-0.25767,-0.53217,0.98894,0.00174,0.00718,-0.14810,1.08357,-0.77656,-0.01768
24091000000,21.96151,-0.31291,-0.53504,0.98419,0.00146,0.00779,-0.17696,1.06869,-0.90290,-0.02047
24157000000,22.03334,-0.37734,-0.53703,0.97766,0.00128,0.00809,-0.21004,1.04398,-1.05056,-0.02341
24223000000,22.10219,-0.45284,-0.53819,0.96858,0.00122,0.00774,-0.24856,0.99967,-1.22699,-0.02355
24289000000,22.16524,-0.53941,-0.53938,0.95621,0.00099,0.00746,-0.29260,0.87604,-1.35517,-0.02405
24322000000,22.19325,-0.58538,-0.53952,0.94905,0.00082,0.00697,-0.31505,0.79598,-1.39488,-0.02202
24388000000,22.24052,-0.67995,-0.54011,0.93286,0.00030,0.00653,-0.36018,0.62945,-1.45409,-0.01924
24421000000,22.25931,-0.72864,-0.53908,0.92387,-0.00055,0.00586,-0.38265,0.54280,-1.47898,-0.01437
24487000000,22.28864,-0.82768,-0.53781,0.90460,-0.00174,0.00508,-0.42623,0.37640,-1.51607,-0.00846
24520000000,22.29933,-0.87893,-0.53634,0.89441,-0.00200,0.00431,-0.44723,0.29479,-1.53587,-0.00497
24586000000,22.31425,-0.98266,-0.53613,0.87313,-0.00172,0.00377,-0.48746,0.14778,-1.56739,-0.00323
24619000000,22.31793,-1.03605,-0.53562,0.86210,-0.00146,0.00318,-0.50672,0.07570,-1.58421,-0.00152
24652000000,22.31934,-1.08947,-0.53541,0.85081,-0.00131,0.00285,-0.52547,0.00835,-1.59806,0.00037
24685000000,22.31958,-1.14288,-0.53536,0.83959,-0.00098,0.00266,-0.54322,-0.00697,-1.57980,0.00102
24751000000,22.31629,-1.24830,-0.53525,0.81782,-0.00070,0.00234,-0.57548,-0.10670,-1.58486,0.00033
24817000000,22.30569,-1.35396,-0.53511,0.79562,-0.00054,0.00216,-0.60579,-0.21221,-1.58356,0.00233
24883000000,22.28836,-1.45899,-0.53483,0.77299,-0.00037,0.00196,-0.63441,-0.30825,-1.57145,0.00309
24916000000,22.27719,-1.51212,-0.53468,0.76150,-0.00021,0.00174,-0.64817,-0.35549,-1.56362,0.00182
24982000000,22.25055,-1.61575,-0.53447,0.73831,-0.00010,0.00156,-0.67445,-0.44083,-1.53978,0.00235
25048000000,22.21852,-1.71786,-0.53446,0.71492,0.00014,0.00132,-0.69921,-0.51614,-1.51336,0.00036
25114000000,22.18213,-1.81757,-0.53462,0.69172,0.00020,0.00118,-0.72217,-0.57382,-1.48189,-0.00007
25180000000,22.14286,-1.91555,-0.53495,0.67033,0.00030,0.00114,-0.74207,-0.60630,-1.45439,-0.00219
25213000000,22.12241,-1.96414,-0.53513,0.66055,0.00040,0.00107,-0.75078,-0.61616,-1.44160,-0.00162
25246000000,22.10148,-2.01256,-0.53541,0.65150,0.00048,0.00093,-0.75865,-0.62249,-1.43111,-0.00266
25279000000,22.08062,-2.05978,-0.53537,0.64321,0.00048,0.00086,-0.76569,-0.62224,-1.42101,-0.00181
25312000000,22.05990,-2.10661,-0.53535,0.63573,0.00044,0.00081,-0.77191,-0.61865,-1.41220,-0.00213
25345000000,22.03914,-2.15322,-0.53536,0.62907,0.00039,0.00074,-0.77735,-0.61080,-1.40438,-0.00217
25411000000,21.99915,-2.24599,-0.53554,0.61857,0.00043,0.00065,-0.78573,-0.58068,-1.39482,-0.00155
25477000000,21.96126,-2.33892,-0.53569,0.61182,0.00050,0.00046,-0.79100,-0.53633,-1.39332,-0.00323
25543000000,21.92694,-2.43180,-0.53602,0.60892,0.00058,0.00031,-0.79323,-0.47815,-1.39720,-0.00308
25576000000,21.91115,-2.47873,-0.53617,0.60890,0.00063,0.00027,-0.79324,-0.44397,-1.40424,-0.00249
25642000000,21.88405,-2.57202,-0.53616,0.61167,0.00061,0.00027,-0.79111,-0.36214,-1.41394,-0.00177
25708000000,21.86334,-2.66498,-0.53617,0.61779,0.00056,0.00028,-0.78634,-0.27049,-1.42611,-0.00078
25774000000,21.84769,-2.75928,-0.53600,0.62643,0.00052,0.00021,-0.77947,-0.18383,-1.43618,-0.00074
25807000000,21.84157,-2.80791,-0.53605,0.63133,0.00069,0.00014,-0.77551,-0.14266,-1.44368,-0.00100
25840000000,21.83781,-2.85424,-0.53576,0.63665,0.00059,0.00015,-0.77115,-0.09680,-1.44710,-0.00055
25873000000,21.83591,-2.90104,-0.53569,0.64252,0.00054,0.00018,-0.76626,-0.04810,-1.45217,0.00005
25939000000,21.83564,-2.99769,-0.53556,0.65549,0.00058,0.00017,-0.75520,0.05021,-1.47199,-0.00041
26005000000,21.84118,-3.09797,-0.53580,0.66959,0.00068,0.00015,-0.74273,0.14410,-1.49998,-0.00063
26104000000,21.86267,-3.24752,-0.53572,0.69211,0.00057,0.00018,-0.72179,0.28661,-1.54299,-0.00231
26137000000,21.87296,-3.29857,-0.53573,0.70000,0.00050,0.00014,-0.71414,0.33610,-1.56024,-0.00206
26203000000,21.89859,-3.40314,-0.53582,0.71637,0.00049,0.00016,-0.69772,0.43582,-1.59118,-0.00281
26269000000,21.92991,-3.50604,-0.53603,0.73283,0.00047,0.00018,-0.68041,0.50560,-1.52881,-0.00431
26302000000,21.94696,-3.55615,-0.53607,0.74080,0.00047,0.00020,-0.67172,0.53451,-1.50011,-0.00343
26368000000,21.98068,-3.65427,-0.53624,0.75401,0.00042,0.00013,-0.65686,0.48417,-1.48659,-0.00297
26401000000,21.99601,-3.70224,-0.53616,0.75891,0.00037,0.00012,-0.65120,0.45229,-1.48164,-0.00148
26467000000,22.02541,-3.79955,-0.53615,0.76666,0.00038,0.00016,-0.64206,0.45560,-1.44883,-0.00031
26533000000,22.05587,-3.89374,-0.53618,0.77324,0.00033,0.00008,-0.63412,0.46366,-1.41442,0.00061
26599000000,22.08674,-3.98533,-0.53602,0.77865,0.00032,0.00015,-0.62746,0.47173,-1.40501,0.00172
26665000000,22.11753,-4.07600,-0.53576,0.78311,0.00029,0.00016,-0.62188,0.46506,-1.38035,0.00308
26731000000,22.14785,-4.16644,-0.53542,0.78633,0.00027,0.00015,-0.61781,0.45019,-1.36406,0.00414
26830000000,22.19090,-4.29977,-0.53470,0.78854,0.00025,0.00008,-0.61498,0.41650,-1.35395,0.00458
26863000000,22.20434,-4.34454,-0.53437,0.78886,0.00031,0.00007,-0.61457,0.41471,-1.37204,0.00470
26896000000,22.21768,-4.38916,-0.53404,0.78922,0.00023,0.00004,-0.61411,0.41453,-1.38743,0.00544
26962000000,22.24518,-4.48161,-0.53378,0.79017,0.00020,0.00006,-0.61288,0.42078,-1.42000,0.00456
27061000000,22.28739,-4.62316,-0.53313,0.79223,0.00018,0.00016,-0.61023,0.42347,-1.42399,0.00710
27127000000,22.31497,-4.71649,-0.53261,0.79280,0.00017,0.00014,-0.60949,0.40879,-1.40960,0.00907
27193000000,22.34184,-4.80961,-0.53189,0.79310,0.00018,0.00008,-0.60909,0.41233,-1.43924,0.01104
27259000000,22.36917,-4.90361,-0.53125,0.79390,0.00014,0.00011,-0.60805,0.41899,-1.44797,0.01073
27325000000,22.39658,-4.99892,-0.53096,0.79468,0.00015,0.00008,-0.60703,0.41591,-1.43802,0.00974
27391000000,22.42397,-5.09258,-0.53075,0.79482,0.00006,0.00010,-0.60684,0.40197,-1.42052,0.00848
27490000000,22.46226,-5.23180,-0.53052,0.79323,0.00015,0.00012,-0.60892,0.36346,-1.39836,0.00823
27556000000,22.48568,-5.32251,-0.53023,0.79094,0.00011,0.00010,-0.61190,0.32969,-1.38698,0.00721
27589000000,22.49590,-5.36730,-0.53054,0.78939,0.00012,0.00009,-0.61390,0.30774,-1.37843,0.00511
27622000000,22.50561,-5.41291,-0.53080,0.78750,0.00014,0.00005,-0.61631,0.28440,-1.37500,0.00566
27688000000,22.52282,-5.50267,-0.53024,0.78298,0.00013,0.00009,-0.62205,0.23980,-1.37932,0.00562
27754000000,22.53744,-5.59471,-0.53037,0.77816,0.00016,0.00007,-0.62807,0.20807,-1.42070,0.00555
27820000000,22.55008,-5.68920,-0.53018,0.77355,0.00011,0.00004,-0.63374,0.18411,-1.45838,0.00659
27853000000,22.55578,-5.73771,-0.53016,0.77136,0.00012,0.00006,-0.63640,0.17503,-1.47710,0.00638
27919000000,22.56809,-5.83545,-0.52996,0.76792,0.00006,0.00007,-0.64054,0.22139,-1.48637,0.00579
27952000000,22.57571,-5.88478,-0.52995,0.76721,0.00003,0.00005,-0.64140,0.22740,-1.49982,0.00615
28018000000,22.59082,-5.98360,-0.53003,0.76599,0.00002,0.00004,-0.64285,0.22278,-1.50010,0.00574
28084000000,22.60550,-6.08270,-0.52975,0.76485,0.00000,0.00001,-0.64421,0.21835,-1.50193,0.00614
28117000000,22.61329,-6.13179,-0.52991,0.76426,-0.00004,0.00001,-0.64491,0.21837,-1.50045,0.00515
28216000000,22.63496,-6.27932,-0.52961,0.76267,-0.00010,-0.00010,-0.64679,0.21290,-1.49728,0.00674
28282000000,22.64905,-6.37795,-0.52898,0.76171,-0.00012,-0.00008,-0.64791,0.21002,-1.49302,0.00986
28381000000,22.66610,-6.52419,-0.52843,0.75823,-0.00017,0.00001,-0.65198,0.13980,-1.47584,0.01246
28414000000,22.67121,-6.57199,-0.52862,0.75663,-0.00024,0.00001,-0.65384,0.12951,-1.46225,0.01179
28480000000,22.67938,-6.66731,-0.52833,0.75300,-0.00033,-0.00003,-0.65802,0.10216,-1.43944,0.01192
28513000000,22.68257,-6.71460,-0.52791,0.75093,-0.00040,-0.00002,-0.66039,0.08533,-1.43020,0.01266
28579000000,22.68824,-6.80947,-0.52785,0.74657,-0.00048,0.00001,-0.66530,0.06358,-1.46646,0.01030
28678000000,22.69406,-6.95706,-0.52683,0.74083,-0.00045,-0.00002,-0.67169,0.07418,-1.51188,0.01108
28711000000,22.69725,-7.00650,-0.52712,0.73952,-0.00045,-0.00003,-0.67313,0.07178,-1.52343,0.01095
28777000000,22.70256,-7.10653,-0.52686,0.73705,-0.00051,-0.00005,-0.67584,0.06693,-1.52026,0.01090
28810000000,22.70462,-7.15644,-0.52665,0.73584,-0.00053,-0.00011,-0.67715,0.06268,-1.52019,0.01073
28843000000,22.70716,-7.20602,-0.52681,0.73468,-0.00062,-0.00008,-0.67841,0.05961,-1.51848,0.01072
28909000000,22.71114,-7.30603,-0.52602,0.73244,-0.00062,-0.00007,-0.68083,0.05248,-1.51584,0.01186
28942000000,22.71388,-7.35624,-0.52614,0.73134,-0.00070,0.00003,-0.68201,0.05171,-1.51623,0.01106
28975000000,22.71619,-7.40628,-0.52628,0.73027,-0.00072,0.00009,-0.68316,0.04910,-1.51542,0.01176
29008000000,22.71774,-7.45568,-0.52589,0.72924,-0.00077,0.00009,-0.68426,0.04616,-1.51376,0.01305
29041000000,22.71949,-7.50583,-0.52609,0.72827,-0.00075,0.00015,-0.68530,0.04489,-1.51343,0.01145
29074000000,22.72091,-7.55573,-0.52574,0.72732,-0.00072,0.00011,-0.68630,0.04305,-1.51342,0.01150
29107000000,22.72254,-7.60638,-0.52607,0.72640,-0.00075,0.00010,-0.68727,0.04161,-1.51369,0.00915
29206000000,22.72634,-7.75529,-0.52488,0.72383,-0.00075,0.00007,-0.68998,0.03275,-1.51074,0.01120
29239000000,22.72793,-7.80479,-0.52502,0.72298,-0.00079,0.00010,-0.69087,0.03204,-1.50927,0.00947
29305000000,22.73041,-7.90414,-0.52484,0.72143,-0.00076,0.00015,-0.69249,0.02885,-1.50634,0.00804
29338000000,22.73162,-7.95418,-0.52496,0.72071,-0.00073,0.00015,-0.69324,0.02816,-1.50563,0.00786
29437000000,22.73439,-8.10297,-0.52451,0.71862,-0.00077,0.00010,-0.69541,0.02298,-1.50206,0.00883
29503000000,22.73567,-8.20207,-0.52429,0.71734,-0.00081,0.00017,-0.69672,0.01855,-1.50101,0.00803
29569000000,22.73694,-8.30114,-0.52423,0.71613,-0.00080,0.00013,-0.69797,0.01653,-1.49982,0.00770
29602000000,22.73739,-8.35084,-0.52437,0.71554,-0.00074,0.00015,-0.69857,0.01470,-1.49962,0.00623
29635000000,22.73779,-8.40043,-0.52445,0.71495,-0.00071,0.00013,-0.69917,0.01502,-1.49909,0.00634
29668000000,22.73816,-8.44984,-0.52417,0.71441,-0.00073,0.00012,-0.69972,0.01288,-1.49941,0.00755
29734000000,22.73860,-8.54867,-0.52396,0.71336,-0.00080,0.00013,-0.70079,0.01081,-1.49721,0.00760
29800000000,22.73908,-8.64763,-0.52368,0.71241,-0.00079,0.00013,-0.70176,0.00902,-1.49699,0.00797
29866000000,22.73919,-8.74652,-0.52347,0.71148,-0.00069,0.00014,-0.70270,0.00642,-1.49697,0.00757
29932000000,22.73883,-8.84577,-0.52341,0.71064,-0.00068,0.00016,-0.70356,0.00283,-1.49763,0.00846
29998000000,22.73839,-8.94504,-0.52319,0.70984,-0.00065,0.00013,-0.70437,-0.00026,-1.49889,0.01032
30064000000,22.73795,-9.04423,-0.52293,0.70901,-0.00066,0.00013,-0.70520,-0.00357,-1.49887,0.01131
30097000000,22.73756,-9.09376,-0.52280,0.70865,-0.00064,0.00011,-0.70556,-0.00606,-1.49990,0.01150
30130000000,22.73709,-9.14333,-0.52265,0.70831,-0.00067,0.00010,-0.70590,-0.00744,-1.49889,0.01268
30196000000,22.73661,-9.24225,-0.52186,0.70763,-0.00063,0.00007,-0.70658,-0.00738,-1.49920,0.01376
30229000000,22.73623,-9.29163,-0.52171,0.70730,-0.00063,0.00011,-0.70691,-0.00874,-1.49804,0.01333
30262000000,22.73568,-9.34101,-0.52168,0.70699,-0.00066,0.00009,-0.70723,-0.01062,-1.49790,0.01317
30295000000,22.73530,-9.39036,-0.52128,0.70670,-0.00066,0.00009,-0.70752,-0.01277,-1.49630,0.01419
30328000000,22.73465,-9.43962,-0.52123,0.70642,-0.00067,0.00006,-0.70779,-0.01435,-1.49634,0.01264
30394000000,22.73353,-9.53834,-0.52040,0.70584,-0.00064,0.00007,-0.70837,-0.01669,-1.49454,0.01283
30460000000,22.73248,-9.63650,-0.52002,0.70528,-0.00066,0.00004,-0.70893,-0.01840,-1.49107,0.01254
30526000000,22.73135,-9.73463,-0.51976,0.70475,-0.00070,0.00009,-0.70945,-0.01766,-1.48957,0.01283
30625000000,22.72969,-9.88174,-0.51910,0.70405,-0.00066,0.00008,-0.71015,-0.01837,-1.48845,0.01164
30658000000,22.72906,-9.93077,-0.51944,0.70383,-0.00069,0.00010,-0.71037,-0.01848,-1.48696,0.01038
30691000000,22.72846,-9.97977,-0.51960,0.70367,-0.00066,0.00005,-0.71053,-0.01863,-1.48626,0.00917
30724000000,22.72779,-10.02877,-0.51932,0.70344,-0.00066,0.00003,-0.71075,-0.01901,-1.48721,0.00963
30757000000,22.72724,-10.07795,-0.51949,0.70322,-0.00064,0.00007,-0.71097,-0.01843,-1.48644,0.00902
30856000000,22.72543,-10.22512,-0.51846,0.70274,-0.00057,0.00001,-0.71144,-0.02032,-1.48665,0.01064
30922000000,22.72416,-10.32343,-0.51838,0.70237,-0.00053,0.00002,-0.71181,-0.02146,-1.48665,0.01005
30988000000,22.72273,-10.42190,-0.51827,0.70207,-0.00054,0.00001,-0.71211,-0.02178,-1.48501,0.00924
31021000000,22.72192,-10.47158,-0.51844,0.70193,-0.00052,0.00002,-0.71224,-0.02386,-1.48635,0.00886
31054000000,22.72095,-10.52081,-0.51852,0.70180,-0.00049,-0.00006,-0.71237,-0.02374,-1.48525,0.00860
31120000000,22.71920,-10.61881,-0.51798,0.70152,-0.00050,0.00002,-0.71265,-0.02684,-1.48478,0.00933
31186000000,22.71719,-10.71737,-0.51773,0.70127,-0.00047,0.00001,-0.71289,-0.02695,-1.48603,0.01060
31252000000,22.71518,-10.81612,-0.51752,0.70101,-0.00048,0.00003,-0.71315,-0.02782,-1.48706,0.00987
31285000000,22.71410,-10.86570,-0.51759,0.70088,-0.00056,0.00001,-0.71328,-0.02759,-1.48830,0.00873
31351000000,22.71210,-10.96442,-0.51759,0.70068,-0.00059,0.00005,-0.71348,-0.02974,-1.48832,0.00780
31384000000,22.71121,-11.01337,-0.51728,0.70059,-0.00061,0.00001,-0.71356,-0.02797,-1.48874,0.00887
31450000000,22.70900,-11.11191,-0.51733,0.70038,-0.00062,0.00004,-0.71377,-0.02845,-1.48911,0.00849
31549000000,22.70621,-11.25901,-0.51625,0.70015,-0.00070,0.00009,-0.71400,-0.02856,-1.48792,0.01014
31615000000,22.70412,-11.35753,-0.51632,0.69995,-0.00069,0.00004,-0.71419,-0.02719,-1.48950,0.00797
31681000000,22.70191,-11.45602,-0.51649,0.69978,-0.00069,0.00006,-0.71436,-0.02863,-1.48973,0.00617
31714000000,22.70091,-11.50573,-0.51695,0.69974,-0.00069,0.00003,-0.71440,-0.02844,-1.49038,0.00572
31780000000,22.69890,-11.60429,-0.51711,0.69963,-0.00068,0.00007,-0.71450,-0.02773,-1.49032,0.00546
31813000000,22.69783,-11.65355,-0.51691,0.69958,-0.00066,0.00008,-0.71456,-0.02877,-1.49035,0.00630
31879000000,22.69539,-11.75182,-0.51687,0.69946,-0.00060,0.00005,-0.71468,-0.03007,-1.48885,0.00790
31912000000,22.69441,-11.80084,-0.51659,0.69943,-0.00062,0.00001,-0.71471,-0.03028,-1.48816,0.00802
31978000000,22.69199,-11.89897,-0.51649,0.69932,-0.00063,0.00001,-0.71481,-0.03059,-1.48756,0.00902
32044000000,22.69008,-11.99703,-0.51596,0.69923,-0.00066,-0.00006,-0.71490,-0.03001,-1.48624,0.00870
32110000000,22.68734,-12.09522,-0.51606,0.69914,-0.00058,-0.00016,-0.71498,-0.03189,-1.48461,0.00714
32209000000,22.68365,-12.24228,-0.51583,0.69898,-0.00058,-0.00022,-0.71514,-0.03253,-1.48322,0.00766
32275000000,22.68108,-12.34042,-0.51584,0.69892,-0.00065,-0.00015,-0.71520,-0.03278,-1.48348,0.00527
32308000000,22.67985,-12.38982,-0.51616,0.69889,-0.00061,-0.00013,-0.71523,-0.03183,-1.48458,0.00320
32374000000,22.67741,-12.48847,-0.51650,0.69882,-0.00057,-0.00010,-0.71530,-0.03262,-1.48399,0.00127
32440000000,22.67543,-12.58618,-0.51638,0.69871,-0.00053,0.00000,-0.71540,-0.03195,-1.48530,0.00157
32506000000,22.67333,-12.68507,-0.51658,0.69864,-0.00043,0.00009,-0.71547,-0.03143,-1.48492,0.00230
32572000000,22.67120,-12.78401,-0.51669,0.69860,-0.00043,0.00016,-0.71552,-0.02982,-1.48849,0.00300
32638000000,22.66918,-12.88300,-0.51674,0.69851,-0.00040,0.00019,-0.71560,-0.02942,-1.48999,0.00311
32671000000,22.66818,-12.93310,-0.51673,0.69853,-0.00035,0.00019,-0.71559,-0.03081,-1.49139,0.00411
32704000000,22.66708,-12.98322,-0.51656,0.69848,-0.00034,0.00017,-0.71563,-0.03163,-1.49241,0.00464
32770000000,22.66520,-13.08144,-0.51616,0.69843,-0.00030,0.00010,-0.71568,-0.02983,-1.48948,0.00461
32803000000,22.66407,-13.13155,-0.51599,0.69846,-0.00029,0.00010,-0.71565,-0.03001,-1.49073,0.00578
32836000000,22.66299,-13.18132,-0.51569,0.69845,-0.00025,0.00013,-0.71566,-0.02972,-1.49139,0.00642
32902000000,22.66095,-13.27946,-0.51519,0.69838,-0.00018,0.00011,-0.71573,-0.03017,-1.49124,0.00783
33001000000,22.65755,-13.42766,-0.51430,0.69836,-0.00016,0.00005,-0.71574,-0.03126,-1.49329,0.00967
33067000000,22.65516,-13.52661,-0.51372,0.69829,-0.00017,-0.00002,-0.71582,-0.03218,-1.49265,0.00956
33133000000,22.65273,-13.62499,-0.51352,0.69826,-0.00010,-0.00003,-0.71585,-0.03186,-1.49394,0.00818
33166000000,22.65156,-13.67450,-0.51372,0.69824,-0.00009,-0.00004,-0.71586,-0.03176,-1.49400,0.00730
33232000000,22.64933,-13.77360,-0.51370,0.69823,-0.00005,-0.00009,-0.71587,-0.03064,-1.49541,0.00556
33298000000,22.64722,-13.87221,-0.51330,0.69826,-0.00004,-0.00009,-0.71584,-0.03057,-1.49505,0.00626
33364000000,22.64493,-13.97142,-0.51328,0.69827,-0.00000,-0.00013,-0.71583,-0.03179,-1.49754,0.00479
33463000000,22.64144,-14.11979,-0.51334,0.69825,0.00003,-0.00010,-0.71585,-0.03440,-1.48631,0.00519
33496000000,22.64003,-14.16871,-0.51340,0.69819,0.00006,-0.00007,-0.71591,-0.03732,-1.47115,0.00541
33562000000,22.63718,-14.26459,-0.51342,0.69788,0.00007,-0.00012,-0.71621,-0.04441,-1.43746,0.00593
33628000000,22.63374,-14.35849,-0.51303,0.69718,0.00002,-0.00007,-0.71690,-0.05910,-1.41316,0.00662
33694000000,22.62883,-14.45072,-0.51282,0.69592,0.00005,-0.00010,-0.71812,-0.07849,-1.38958,0.00796
33760000000,22.62284,-14.54124,-0.51226,0.69394,0.00007,-0.00011,-0.72003,-0.10315,-1.35487,0.00862
33826000000,22.61533,-14.63012,-0.51165,0.69101,0.00005,-0.00001,-0.72284,-0.13473,-1.33494,0.00814
33892000000,22.60522,-14.71719,-0.51102,0.68698,0.00009,-0.00000,-0.72668,-0.17162,-1.30282,0.00908
33958000000,22.59235,-14.80274,-0.51057,0.68182,0.00012,0.00002,-0.73152,-0.21619,-1.28723,0.00962
34024000000,22.57652,-14.88625,-0.50977,0.67536,0.00013,-0.00003,-0.73749,-0.26591,-1.25699,0.01166
34057000000,22.56717,-14.92715,-0.50954,0.67158,0.00013,-0.00004,-0.74094,-0.29472,-1.24358,0.01193
34123000000,22.54568,-15.00793,-0.50908,0.66282,0.00014,-0.00008,-0.74878,-0.35680,-1.21699,0.01086
34156000000,22.53333,-15.04815,-0.50922,0.65776,0.00019,-0.00010,-0.75323,-0.39036,-1.20592,0.00921
34222000000,22.50542,-15.12703,-0.50908,0.64621,0.00014,-0.00007,-0.76316,-0.46506,-1.18329,0.00758
34288000000,22.47252,-15.20526,-0.50904,0.63243,0.00013,-0.00003,-0.77462,-0.55091,-1.16508,0.00669
34354000000,22.43348,-15.28244,-0.50877,0.61587,0.00022,0.00006,-0.78785,-0.64877,-1.14964,0.00768
34420000000,22.38713,-15.35733,-0.50845,0.59667,0.00027,-0.00000,-0.80248,-0.75703,-1.13209,0.00637
34453000000,22.36086,-15.39477,-0.50864,0.58613,0.00026,-0.00005,-0.81021,-0.81511,-1.12564,0.00522
34519000000,22.30328,-15.46825,-0.50819,0.56310,0.00024,-0.00004,-0.82639,-0.93724,-1.11139,0.00553
34552000000,22.27118,-15.50446,-0.50806,0.55046,0.00024,-0.00008,-0.83486,-1.00278,-1.10379,0.00505
34618000000,22.20000,-15.57626,-0.50792,0.52189,0.00024,-0.00010,-0.85301,-1.15596,-1.07499,0.00302
34684000000,22.11868,-15.64442,-0.50788,-0.48760,-0.00012,0.00009,0.87307,-1.28426,-0.98232,0.00149
34717000000,22.07565,-15.67529,-0.50794,-0.46916,-0.00014,0.00010,0.88311,-1.33080,-0.91384,0.00000
34783000000,21.98490,-15.73062,-0.50799,-0.42953,-0.00016,0.00014,0.90305,-1.41493,-0.76094,-0.00172
34816000000,21.93780,-15.75387,-0.50798,-0.40862,-0.00013,0.00010,0.91270,-1.44675,-0.67868,-0.00232
34882000000,21.84049,-15.79255,-0.50828,-0.36556,-0.00018,0.00015,0.93079,-1.49817,-0.51177,-0.00322
34981000000,21.68952,-15.83040,-0.50867,-0.29916,-0.00016,0.00020,0.95420,-1.55057,-0.26215,-0.00530
35014000000,21.63799,-15.83834,-0.50898,-0.27712,-0.00017,0.00017,0.96084,-1.56484,-0.18477,-0.00558
35080000000,21.53385,-15.84604,-0.50945,-0.23369,-0.00018,0.00016,0.97231,-1.58940,-0.03633,-0.00675
35146000000,21.42829,-15.84411,-0.50994,-0.19094,-0.00023,0.00016,0.98160,-1.60869,0.10675,-0.00726
35212000000,21.32164,-15.83440,-0.51040,-0.14948,-0.00030,0.00010,0.98876,-1.59500,0.18553,-0.00723
35278000000,21.21711,-15.81792,-0.51062,-0.11110,-0.00035,0.00009,0.99381,-1.58020,0.29749,-0.00739
35311000000,21.16557,-15.80664,-0.51065,-0.09222,-0.00033,0.00009,0.99574,-1.56779,0.35376,-0.00731
35377000000,21.06331,-15.77963,-0.51109,-0.05494,-0.00029,0.00003,0.99849,-1.53619,0.45570,-0.00890
35410000000,21.01294,-15.76373,-0.51132,-0.03653,-0.00024,0.00007,0.99933,-1.51776,0.50271,-0.00801
35476000000,20.91430,-15.72740,-0.51171,-0.00042,-0.00019,0.00010,1.00000,-1.47681,0.58840,-0.00557
35509000000,20.86612,-15.70719,-0.51186,0.01711,-0.00012,0.00017,0.99985,-1.45387,0.62097,-0.00468
35575000000,20.77217,-15.66365,-0.51218,0.04999,-0.00009,0.00011,0.99875,-1.40975,0.67383,-0.00396
35641000000,20.68065,-15.61813,-0.51262,0.07931,0.00003,0.00005,0.99685,-1.36994,0.70461,-0.00558
35674000000,20.63506,-15.59527,-0.51274,0.09235,-0.00000,0.00004,0.99573,-1.35375,0.71251,-0.00541
35740000000,20.54719,-15.54782,-0.51280,0.11518,0.00005,0.00002,0.99334,-1.32367,0.71465,-0.00507
35773000000,20.50403,-15.52425,-0.51285,0.12484,0.00008,0.00006,0.99218,-1.30994,0.70855,-0.00644
35839000000,20.41879,-15.47808,-0.51323,0.14056,0.00018,0.00008,0.99007,-1.29081,0.68580,-0.00817
35905000000,20.33420,-15.43399,-0.51345,0.15121,0.00015,0.00009,0.98850,-1.28011,0.64553,-0.00874
35938000000,20.29222,-15.41293,-0.51326,0.15471,0.00018,0.00016,0.98796,-1.27680,0.62080,-0.00853
36004000000,20.20827,-15.37364,-0.51332,0.15816,0.00018,0.00017,0.98741,-1.27379,0.55887,-0.00688
36070000000,20.12407,-15.33911,-0.51405,0.15673,0.00016,0.00018,0.98764,-1.27589,0.48420,-0.00910
36103000000,20.08213,-15.32340,-0.51378,0.15428,0.00016,0.00017,0.98803,-1.27784,0.44607,-0.00801
36169000000,19.99735,-15.29730,-0.51460,0.14633,0.00016,0.00019,0.98924,-1.28434,0.35654,-0.00971
36235000000,19.91228,-15.27680,-0.51537,0.13446,0.00013,0.00019,0.99092,-1.29154,0.26461,-0.00872
36301000000,19.82631,-15.26246,-0.51553,0.11925,0.00010,0.00022,0.99286,-1.30049,0.16761,-0.00980
36367000000,19.74190,-15.25487,-0.51487,0.10160,0.00018,0.00018,0.99482,-1.30518,0.06860,-0.00788
36466000000,19.61221,-15.25571,-0.51484,0.07218,0.00019,0.00019,0.99739,-1.32437,-0.07712,-0.00815
36532000000,19.52495,-15.26439,-0.51461,0.05089,0.00024,0.00014,0.99870,-1.34135,-0.17830,-0.00730
36565000000,19.48088,-15.27108,-0.51419,0.03983,0.00024,0.00013,0.99921,-1.35189,-0.22981,-0.00445
36631000000,19.39166,-15.28939,-0.51397,0.01683,0.00027,0.00011,0.99986,-1.37740,-0.33170,-0.00505
36697000000,19.30049,-15.31453,-0.51380,-0.00754,0.00026,0.00013,0.99997,-1.40924,-0.44070,-0.00376
36763000000,19.20750,-15.34736,-0.51359,-0.03431,0.00032,0.00016,0.99941,-1.44408,-0.55922,-0.00264
36829000000,19.11184,-15.38876,-0.51359,-0.06375,0.00040,0.00012,0.99797,-1.47981,-0.69295,-0.00382
36862000000,19.06367,-15.41270,-0.51324,-0.07923,0.00039,0.00011,0.99686,-1.45470,-0.74204,-0.00343
36895000000,19.01706,-15.43806,-0.51299,-0.09442,0.00037,0.00011,0.99553,-1.41401,-0.78027,-0.00284
36928000000,18.97167,-15.46432,-0.51281,-0.10901,0.00039,0.00005,0.99404,-1.38961,-0.78589,-0.00198
37027000000,18.83640,-15.53958,-0.51288,-0.14322,0.00042,0.00004,0.98969,-1.36622,-0.72368,-0.00156
37126000000,18.70500,-15.61319,-0.51312,-0.16799,0.00045,-0.00001,0.98579,-1.30019,-0.75347,-0.00223
37192000000,18.62042,-15.66325,-0.51323,-0.18158,0.00035,0.00004,0.98338,-1.26906,-0.76034,-0.00224
37258000000,18.53840,-15.71352,-0.51326,-0.19240,0.00036,-0.00008,0.98132,-1.24658,-0.75347,-0.00200
37324000000,18.45709,-15.76294,-0.51315,-0.20014,0.00034,-0.00011,0.97977,-1.23370,-0.73637,-0.00201
37390000000,18.37663,-15.81077,-0.51305,-0.20472,0.00037,-0.00009,0.97882,-1.22685,-0.70550,-0.00020
37423000000,18.33660,-15.83381,-0.51310,-0.20575,0.00043,-0.00012,0.97860,-1.22554,-0.68494,-0.00040
37522000000,18.21486,-15.89959,-0.51321,-0.20611,0.00047,-0.00013,0.97853,-1.25166,-0.64706,-0.00096
37588000000,18.13245,-15.94107,-0.51318,-0.20422,0.00044,-0.00017,0.97892,-1.25637,-0.60563,-0.00009
37654000000,18.04814,-15.98082,-0.51456,-0.19959,0.00044,-0.00013,0.97988,-1.26463,-0.55401,-0.00196
37720000000,17.96562,-16.01435,-0.51306,-0.19310,0.00043,-0.00004,0.98118,-1.29043,-0.51164,-0.00021
37753000000,17.92269,-16.03109,-0.51311,-0.18999,0.00045,-0.00002,0.98179,-1.30863,-0.49900,-0.00020
37819000000,17.83524,-16.06357,-0.51310,-0.18423,0.00046,-0.00003,0.98288,-1.34131,-0.48126,-0.00139
37885000000,17.74579,-16.09492,-0.51320,-0.17940,0.00050,-0.00004,0.98378,-1.36707,-0.46990,0.00096
37951000000,17.65553,-16.12560,-0.51321,-0.17414,0.00046,-0.00007,0.98472,-1.36333,-0.43963,0.00147
37984000000,17.61080,-16.13985,-0.51301,-0.17083,0.00045,-0.00011,0.98530,-1.36000,-0.42027,0.00231
38050000000,17.52106,-16.16638,-0.51286,-0.16336,0.00046,-0.00014,0.98657,-1.37490,-0.38739,0.00210
38116000000,17.42906,-16.19094,-0.51261,-0.15658,0.00047,-0.00010,0.98767,-1.40845,-0.37206,0.00078
38149000000,17.38225,-16.20271,-0.51236,-0.15353,0.00051,-0.00004,0.98814,-1.42326,-0.36802,0.00192
38215000000,17.28812,-16.22885,-0.51229,-0.14994,0.00059,-0.00005,0.98870,-1.41291,-0.43738,0.00031
38281000000,17.19507,-16.25853,-0.51248,-0.14992,0.00064,-0.00002,0.98870,-1.41056,-0.44898,0.00109
38314000000,17.14868,-16.27315,-0.51241,-0.14992,0.00063,-0.00002,0.98870,-1.40921,-0.44856,0.00020
38347000000,17.10235,-16.28779,-0.51246,-0.14986,0.00065,0.00000,0.98871,-1.40882,-0.44830,-0.00122
38413000000,17.00896,-16.31770,-0.51247,-0.14989,0.00064,0.00002,0.98870,-1.40966,-0.44857,-0.00049
38479000000,16.91518,-16.34750,-0.51250,-0.14989,0.00060,0.00001,0.98870,-1.41053,-0.44998,0.00061
38512000000,16.86899,-16.36225,-0.51244,-0.14984,0.00057,0.00005,0.98871,-1.40965,-0.45006,0.00106
38578000000,16.77533,-16.39041,-0.51252,-0.14866,0.00046,0.00010,0.98889,-1.42162,-0.39933,0.00067
38611000000,16.72892,-16.40298,-0.51205,-0.14667,0.00047,0.00004,0.98919,-1.41180,-0.38423,0.00177
38644000000,16.68200,-16.41544,-0.51163,-0.14438,0.00045,0.00005,0.98952,-1.40837,-0.37352,0.00375
38710000000,16.59028,-16.43885,-0.51150,-0.13900,0.00046,0.00008,0.99029,-1.39569,-0.34474,0.00295
38743000000,16.54452,-16.44932,-0.51118,-0.13584,0.00049,0.00008,0.99073,-1.38588,-0.32473,0.00369
38809000000,16.45274,-16.46908,-0.51080,-0.12920,0.00049,0.00018,0.99162,-1.41399,-0.30388,0.00437
38875000000,16.35774,-16.48856,-0.51022,-0.12358,0.00040,0.00023,0.99234,-1.43933,-0.31223,0.00517
38941000000,16.26326,-16.51082,-0.50968,-0.12138,0.00043,0.00021,0.99261,-1.44098,-0.34510,0.00537
38974000000,16.21548,-16.52197,-0.50934,-0.12059,0.00044,0.00018,0.99270,-1.44074,-0.34197,0.00660
39007000000,16.16793,-16.53318,-0.50927,-0.11983,0.00048,0.00018,0.99279,-1.44086,-0.34126,0.00491
39040000000,16.12048,-16.54413,-0.50906,-0.11912,0.00048,0.00017,0.99288,-1.44094,-0.33901,0.00462
39073000000,16.07323,-16.55514,-0.50879,-0.11844,0.00047,0.00018,0.99296,-1.44166,-0.33698,0.00629
39172000000,15.93116,-16.58764,-0.50798,-0.11645,0.00062,0.00024,0.99320,-1.44030,-0.33538,0.00825
39238000000,15.83652,-16.60840,-0.50756,-0.11462,0.00061,0.00019,0.99341,-1.44001,-0.28874,0.00966
39304000000,15.74231,-16.62588,-0.50709,-0.11038,0.00062,0.00022,0.99389,-1.42336,-0.26121,0.00972
39337000000,15.69545,-16.63454,-0.50686,-0.10789,0.00066,0.00017,0.99416,-1.41215,-0.24816,0.00982
39403000000,15.60184,-16.64893,-0.50701,-0.10212,0.00067,0.00020,0.99477,-1.39788,-0.21556,0.01003
39469000000,15.51022,-16.66149,-0.50652,-0.09510,0.00069,0.00018,0.99547,-1.38169,-0.17839,0.01017
39535000000,15.41769,-16.67137,-0.50686,-0.08740,0.00068,0.00025,0.99617,-1.41795,-0.14962,0.00685
39601000000,15.32218,-16.68062,-0.50706,-0.08015,0.00067,0.00027,0.99678,-1.45510,-0.13068,0.00555
39700000000,15.17582,-16.69440,-0.50689,-0.07245,0.00058,0.00032,0.99737,-1.48789,-0.14355,0.00619
39733000000,15.12626,-16.69840,-0.50724,-0.07042,0.00055,0.00041,0.99752,-1.48687,-0.13813,0.00498
39799000000,15.02758,-16.70644,-0.50727,-0.06648,0.00051,0.00045,0.99779,-1.48464,-0.12828,0.00382
39832000000,14.97814,-16.71083,-0.50712,-0.06459,0.00048,0.00046,0.99791,-1.48334,-0.12444,0.00328
39898000000,14.87944,-16.71834,-0.50713,-0.06091,0.00051,0.00052,0.99814,-1.48204,-0.11691,0.00164
39931000000,14.83069,-16.72224,-0.50716,-0.05920,0.00050,0.00054,0.99825,-1.48115,-0.11326,-0.00078
39997000000,14.73197,-16.72910,-0.50718,-0.05591,0.00050,0.00058,0.99844,-1.47991,-0.10623,-0.00183
40030000000,14.68232,-16.73246,-0.50708,-0.05435,0.00045,0.00058,0.99852,-1.48090,-0.10384,-0.00173
40096000000,14.58207,-16.73880,-0.50734,-0.05138,0.00042,0.00067,0.99868,-1.48475,-0.09584,-0.00383
40162000000,14.48372,-16.74523,-0.50747,-0.04853,0.00042,0.00060,0.99882,-1.48537,-0.08980,-0.00382
40228000000,14.38280,-16.75109,-0.50762,-0.04595,0.00034,0.00067,0.99894,-1.48854,-0.08455,-0.00313
40261000000,14.33143,-16.75381,-0.50736,-0.04468,0.00028,0.00069,0.99900,-1.49096,-0.08277,-0.00265
40327000000,14.23056,-16.75924,-0.50710,-0.04229,0.00023,0.00067,0.99911,-1.49352,-0.07915,-0.00123
40360000000,14.18115,-16.76217,-0.50726,-0.04115,0.00024,0.00066,0.99915,-1.49352,-0.07812,-0.00087
40426000000,14.07855,-16.76741,-0.50707,-0.03891,0.00020,0.00064,0.99924,-1.49966,-0.07385,-0.00001
40459000000,14.03097,-16.77013,-0.50690,-0.03790,0.00019,0.00066,0.99928,-1.49576,-0.07319,0.00048
40525000000,13.92913,-16.77482,-0.50671,-0.03593,0.00014,0.00069,0.99935,-1.50030,-0.07010,0.00105
40591000000,13.83179,-16.77958,-0.50654,-0.03400,0.00014,0.00068,0.99942,-1.49812,-0.06802,0.00111
40624000000,13.78053,-16.78225,-0.50641,-0.03307,0.00006,0.00073,0.99945,-1.49967,-0.06786,0.00019
40723000000,13.63388,-16.78793,-0.50623,-0.02958,0.00009,0.00074,0.99956,-1.46142,-0.03602,-0.00177
40822000000,13.48595,-16.79200,-0.50609,-0.02590,0.00002,0.00070,0.99966,-1.50183,-0.03885,-0.00242
40855000000,13.43540,-16.79365,-0.50585,-0.02492,-0.00002,0.00063,0.99969,-1.50335,-0.03822,-0.00090
40921000000,13.33440,-16.79647,-0.50575,-0.02312,-0.00006,0.00066,0.99973,-1.50574,-0.03625,-0.00025
41020000000,13.18572,-16.80008,-0.50577,-0.02061,-0.00010,0.00066,0.99979,-1.50315,-0.03141,-0.00073
41086000000,13.08387,-16.80241,-0.50564,-0.01902,-0.00013,0.00069,0.99982,-1.50637,-0.02934,0.00011
41152000000,12.98268,-16.80485,-0.50540,-0.01756,-0.00025,0.00060,0.99985,-1.51076,-0.02678,0.00150
41218000000,12.88063,-16.80665,-0.50494,-0.01615,-0.00033,0.00054,0.99987,-1.51465,-0.02519,0.00084
41284000000,12.78078,-16.80856,-0.50463,-0.01479,-0.00042,0.00050,0.99989,-1.50221,-0.02234,-0.00040
41350000000,12.67996,-16.81012,-0.50452,-0.01289,-0.00050,0.00044,0.99992,-1.47652,-0.01399,0.00083
41416000000,12.58163,-16.81097,-0.50453,-0.01057,-0.00051,0.00045,0.99994,-1.45848,-0.00084,0.00032
41482000000,12.48538,-16.81028,-0.50431,-0.00779,-0.00056,0.00050,0.99997,-1.48312,0.01411,0.00331
41515000000,12.43696,-16.80939,-0.50418,-0.00629,-0.00058,0.00055,0.99998,-1.50307,0.02157,0.00278
41581000000,12.33628,-16.80755,-0.50406,-0.00351,-0.00064,0.00058,0.99999,-1.53365,0.02719,0.00265
41614000000,12.28810,-16.80629,-0.50371,-0.00224,-0.00060,0.00063,1.00000,-1.52943,0.03129,0.00323
41647000000,12.23609,-16.80508,-0.50367,-0.00103,-0.00069,0.00067,1.00000,-1.53312,0.03306,0.00357
41746000000,12.08679,-16.80111,-0.50300,0.00247,-0.00062,0.00071,1.00000,-1.52857,0.04113,0.00425
41779000000,12.03488,-16.79963,-0.50271,0.00355,-0.00063,0.00076,0.99999,-1.53160,0.04279,0.00476
41812000000,11.98496,-16.79778,-0.50248,0.00463,-0.00058,0.00081,0.99999,-1.53027,0.04605,0.00610
41878000000,11.88550,-16.79385,-0.50193,0.00668,-0.00052,0.00097,0.99998,-1.52789,0.05254,0.00654
41977000000,11.73617,-16.78800,-0.50134,0.00943,-0.00044,0.00095,0.99995,-1.52372,0.05988,0.00773
42043000000,11.63508,-16.78378,-0.50105,0.01112,-0.00061,0.00092,0.99994,-1.52481,0.06433,0.00808
42142000000,11.48612,-16.77655,-0.50020,0.01346,-0.00062,0.00099,0.99991,-1.52299,0.07134,0.00868
42175000000,11.43657,-16.77399,-0.50005,0.01425,-0.00067,0.00097,0.99990,-1.52250,0.07346,0.00820
42208000000,11.38795,-16.77121,-0.49991,0.01498,-0.00061,0.00096,0.99989,-1.52017,0.07537,0.00842
42274000000,11.28846,-16.76607,-0.49944,0.01633,-0.00056,0.00103,0.99987,-1.51883,0.07758,0.00885
42307000000,11.23794,-16.76433,-0.49967,0.01702,-0.00059,0.00095,0.99985,-1.51922,0.07757,0.00888
42373000000,11.13813,-16.75939,-0.49933,0.01826,-0.00060,0.00093,0.99983,-1.51958,0.08062,0.00909
42472000000,10.99105,-16.75083,-0.49831,0.01997,-0.00047,0.00105,0.99980,-1.51525,0.08456,0.01129
42538000000,10.89205,-16.74562,-0.49783,0.02104,-0.00052,0.00107,0.99978,-1.51419,0.08530,0.01176
42604000000,10.79156,-16.74044,-0.49753,0.02195,-0.00057,0.00102,0.99976,-1.51418,0.08416,0.01014
42703000000,10.64205,-16.73267,-0.49704,0.02325,-0.00049,0.00107,0.99973,-1.51283,0.08544,0.00861
42769000000,10.54583,-16.72670,-0.49691,0.02409,-0.00038,0.00108,0.99971,-1.50878,0.08713,0.00742
42802000000,10.49688,-16.72406,-0.49727,0.02445,-0.00035,0.00102,0.99970,-1.50801,0.08817,0.00660
42868000000,10.39772,-16.71819,-0.49743,0.02524,-0.00039,0.00100,0.99968,-1.50775,0.08919,0.00597
42934000000,10.29937,-16.71233,-0.49692,0.02593,-0.00038,0.00102,0.99966,-1.50459,0.08980,0.00603
42967000000,10.24899,-16.70961,-0.49734,0.02625,-0.00035,0.00101,0.99965,-1.51421,0.08947,0.00324
43033000000,10.15025,-16.70348,-0.49752,0.02686,-0.00033,0.00112,0.99964,-1.53876,0.08688,0.00283
43099000000,10.04883,-16.69816,-0.49784,0.02690,-0.00033,0.00103,0.99964,-1.53211,0.07848,0.00051
43165000000,9.95065,-16.69300,-0.49804,0.02668,-0.00024,0.00100,0.99964,-1.49376,0.07372,-0.00032
43198000000,9.90100,-16.69060,-0.49834,0.02665,-0.00029,0.00098,0.99964,-1.49385,0.07357,-0.00210
43264000000,9.80424,-16.68593,-0.49855,0.02655,-0.00024,0.00095,0.99965,-1.49193,0.07269,-0.00337
43297000000,9.75511,-16.68361,-0.49866,0.02649,-0.00022,0.00096,0.99965,-1.49325,0.07079,-0.00271
43363000000,9.65713,-16.67893,-0.49874,0.02635,-0.00014,0.00099,0.99965,-1.49413,0.06847,-0.00236
43429000000,9.55837,-16.67431,-0.49883,0.02624,-0.00014,0.00101,0.99966,-1.49509,0.06913,-0.00185
43495000000,9.45979,-16.66970,-0.49888,0.02619,-0.00014,0.00098,0.99966,-1.49616,0.06830,-0.00224
43561000000,9.36099,-16.66506,-0.49885,0.02611,-0.00016,0.00102,0.99966,-1.49527,0.06740,-0.00051
43627000000,9.26210,-16.66052,-0.49901,0.02608,-0.00017,0.00105,0.99966,-1.49563,0.06699,-0.00332
43660000000,9.21266,-16.65818,-0.49911,0.02604,-0.00020,0.00105,0.99966,-1.49559,0.06763,-0.00323
43693000000,9.16334,-16.65577,-0.49909,0.02603,-0.00022,0.00113,0.99966,-1.49523,0.06614,-0.00300
43726000000,9.11372,-16.65365,-0.49912,0.02588,-0.00024,0.00111,0.99966,-1.50906,0.06073,-0.00294
43759000000,9.06349,-16.65146,-0.49910,0.02570,-0.00022,0.00111,0.99967,-1.52239,0.05970,-0.00327
43792000000,9.01345,-16.64906,-0.49897,0.02549,-0.00019,0.00119,0.99967,-1.51758,0.05638,-0.00268
43825000000,8.96448,-16.64683,-0.49886,0.02524,-0.00020,0.00127,0.99968,-1.46446,0.04994,-0.00153
43858000000,8.91682,-16.64475,-0.49869,0.02491,-0.00022,0.00129,0.99969,-1.41609,0.04800,-0.00094
43891000000,8.87042,-16.64280,-0.49850,0.02457,-0.00024,0.00135,0.99970,-1.39932,0.04809,-0.00113
43924000000,8.82508,-16.64126,-0.49854,0.02427,-0.00027,0.00137,0.99970,-1.35485,0.04506,-0.00085
43957000000,8.78014,-16.63946,-0.49841,0.02399,-0.00038,0.00139,0.99971,-1.34315,0.04504,-0.00097
43990000000,8.73621,-16.63802,-0.49845,0.02373,-0.00040,0.00140,0.99972,-1.31416,0.04443,-0.00034
44023000000,8.69297,-16.63616,-0.49825,0.02351,-0.00042,0.00144,0.99972,-1.28140,0.04440,0.00019
44056000000,8.65144,-16.63471,-0.49827,0.02329,-0.00046,0.00147,0.99973,-1.26261,0.04376,0.00038
44089000000,8.61004,-16.63282,-0.49809,0.02305,-0.00053,0.00156,0.99973,-1.22927,0.04236,0.00031
44122000000,8.57032,-16.63140,-0.49808,0.02285,-0.00055,0.00157,0.99974,-1.19049,0.04121,0.00010
44155000000,8.53117,-16.62956,-0.49799,0.02268,-0.00054,0.00162,0.99974,-1.17619,0.04217,0.00055
44188000000,8.49261,-16.62822,-0.49799,0.02246,-0.00055,0.00167,0.99975,-1.15415,0.04128,0.00039
44221000000,8.45439,-16.62640,-0.49794,0.02231,-0.00055,0.00167,0.99975,-1.13033,0.04188,0.00184
44254000000,8.41766,-16.62510,-0.49786,0.02214,-0.00052,0.00166,0.99975,-1.10724,0.04154,0.00287
44287000000,8.38169,-16.62357,-0.49777,0.02202,-0.00046,0.00165,0.99976,-1.07400,0.03951,0.00194
44320000000,8.34681,-16.62229,-0.49774,0.02188,-0.00048,0.00167,0.99976,-1.04462,0.03897,0.00109
44353000000,8.31286,-16.62088,-0.49761,0.02176,-0.00057,0.00169,0.99976,-1.00449,0.03833,0.00126
44386000000,8.27978,-16.61964,-0.49752,0.02166,-0.00058,0.00168,0.99976,-0.98804,0.03642,0.00138
44419000000,8.24729,-16.61835,-0.49735,0.02155,-0.00063,0.00171,0.99977,-0.95646,0.03530,0.00310
44452000000,8.21604,-16.61728,-0.49725,0.02143,-0.00065,0.00169,0.99977,-0.94306,0.03410,0.00332
44485000000,8.18555,-16.61624,-0.49700,0.02133,-0.00060,0.00168,0.99977,-0.91019,0.03316,0.00524
44518000000,8.15589,-16.61508,-0.49689,0.02121,-0.00059,0.00170,0.99977,-0.89312,0.03354,0.00536
44551000000,8.12718,-16.61411,-0.49670,0.02114,-0.00054,0.00167,0.99978,-0.85746,0.03247,0.00614
44584000000,8.09938,-16.61299,-0.49659,0.02103,-0.00054,0.00170,0.99978,-0.83312,0.03285,0.00576
44617000000,8.07222,-16.61213,-0.49654,0.02095,-0.00054,0.00163,0.99978,-0.81374,0.03000,0.00562
44650000000,8.04611,-16.61120,-0.49635,0.02086,-0.00050,0.00163,0.99978,-0.77735,0.02853,0.00585
44683000000,8.02054,-16.61043,-0.49645,0.02081,-0.00049,0.00163,0.99978,-0.74687,0.02672,0.00462
44716000000,7.99614,-16.60954,-0.49636,0.02074,-0.00050,0.00158,0.99978,-0.72823,0.02633,0.00514
44749000000,7.97261,-16.60893,-0.49652,0.02069,-0.00051,0.00153,0.99978,-0.68802,0.02301,0.00531
44782000000,7.95009,-16.60804,-0.49636,0.02061,-0.00057,0.00153,0.99979,-0.66273,0.02285,0.00487
44815000000,7.92838,-16.60725,-0.49622,0.02058,-0.00060,0.00148,0.99979,-0.64509,0.02410,0.00469
44848000000,7.90718,-16.60668,-0.49640,0.02056,-0.00058,0.00152,0.99979,-0.61311,0.02224,0.00392
44881000000,7.88741,-16.60601,-0.49633,0.02058,-0.00059,0.00155,0.99979,-0.58362,0.02188,0.00314
44914000000,7.86768,-16.60520,-0.49638,0.02056,-0.00063,0.00153,0.99979,-0.57147,0.02231,0.00262
44947000000,7.84933,-16.60458,-0.49638,0.02052,-0.00055,0.00151,0.99979,-0.54547,0.02137,0.00166
44980000000,7.83154,-16.60397,-0.49640,0.02052,-0.00059,0.00155,0.99979,-0.52095,0.02006,0.00230
45013000000,7.81407,-16.60323,-0.49672,0.02048,-0.00063,0.00155,0.99979,-0.48356,0.01934,0.00218
45046000000,7.79837,-16.60263,-0.49662,0.02046,-0.00068,0.00156,0.99979,-0.46302,0.01876,0.00227
45079000000,7.78320,-16.60217,-0.49662,0.02053,-0.00070,0.00158,0.99979,-0.43600,0.01681,0.00210
45112000000,7.76813,-16.60158,-0.49702,0.02051,-0.00075,0.00159,0.99979,-0.41937,0.01705,0.00120
45145000000,7.75494,-16.60101,-0.49696,0.02049,-0.00077,0.00162,0.99979,-0.38827,0.01585,0.00196
45178000000,7.74222,-16.60057,-0.49690,0.02049,-0.00085,0.00164,0.99979,-0.36770,0.01453,0.00112
45211000000,7.73046,-16.60014,-0.49684,0.02050,-0.00087,0.00169,0.99979,-0.33996,0.01291,0.00132
45244000000,7.71857,-16.59979,-0.49720,0.02052,-0.00091,0.00163,0.99979,-0.31206,0.01231,0.00240
45277000000,7.70866,-16.59946,-0.49709,0.02050,-0.00093,0.00164,0.99979,-0.28387,0.01156,0.00307
45310000000,7.69987,-16.59911,-0.49698,0.02053,-0.00088,0.00161,0.99979,-0.25609,0.01132,0.00310
45343000000,7.69168,-16.59884,-0.49692,0.02053,-0.00084,0.00159,0.99979,-0.24791,0.01028,0.00385
45376000000,7.68427,-16.59861,-0.49684,0.02053,-0.00087,0.00157,0.99979,-0.21088,0.00815,0.00359
45409000000,7.67673,-16.59860,-0.49710,0.02059,-0.00087,0.00162,0.99979,-0.18203,0.00530,0.00353
45442000000,7.67108,-16.59844,-0.49702,0.02061,-0.00092,0.00167,0.99979,-0.15708,0.00379,0.00327
45475000000,7.66630,-16.59834,-0.49694,0.02062,-0.00096,0.00164,0.99979,-0.12601,0.00267,0.00353
45508000000,7.66217,-16.59823,-0.49693,0.02060,-0.00094,0.00169,0.99979,-0.10246,0.00115,0.00300
45541000000,7.65930,-16.59809,-0.49691,0.02060,-0.00094,0.00170,0.99979,-0.07846,0.00156,0.00164
45574000000,7.65745,-16.59800,-0.49690,0.02061,-0.00096,0.00176,0.99979,-0.05524,0.00115,0.00195
45607000000,7.65645,-16.59794,-0.49685,0.02060,-0.00099,0.00173,0.99979,-0.02008,0.00061,0.00251
45640000000,7.65612,-16.59790,-0.49678,0.02061,-0.00100,0.00174,0.99979,0.00767,0.00010,0.00259
45673000000,7.65622,-16.59788,-0.49675,0.02059,-0.00101,0.00171,0.99979,0.01435,-0.00021,0.00308
45706000000,7.65625,-16.59790,-0.49674,0.02063,-0.00102,0.00173,0.99979,0.01357,0.00058,0.00300
45739000000,7.65618,-16.59790,-0.49670,0.02061,-0.00107,0.00169,0.99979,0.01114,0.00020,0.00250
45772000000,7.65609,-16.59787,-0.49661,0.02062,-0.00111,0.00171,0.99979,0.01022,0.00076,0.00397
45805000000,7.65602,-16.59789,-0.49653,0.02064,-0.00115,0.00175,0.99978,0.00927,0.00052,0.00516
45838000000,7.65596,-16.59792,-0.49647,0.02067,-0.00117,0.00179,0.99978,0.00780,0.00021,0.00590
45871000000,7.65593,-16.59790,-0.49644,0.02065,-0.00117,0.00182,0.99978,0.00775,0.00035,0.00673
45904000000,7.65587,-16.59788,-0.49636,0.02068,-0.00125,0.00187,0.99978,0.00831,0.00204,0.00669
45937000000,7.65578,-16.59790,-0.49620,0.02068,-0.00132,0.00181,0.99978,0.00682,0.00262,0.00684
45970000000,7.65574,-16.59794,-0.49614,0.02071,-0.00129,0.00180,0.99978,0.00647,0.00207,0.00731
46003000000,7.65570,-16.59797,-0.49617,0.02071,-0.00130,0.00179,0.99978,0.00523,0.00212,0.00737
46036000000,7.65567,-16.59803,-0.49616,0.02075,-0.00130,0.00178,0.99978,0.00564,0.00301,0.00751
46069000000,7.65562,-16.59807,-0.49605,0.02075,-0.00137,0.00177,0.99978,0.00446,0.00352,0.00941
46102000000,7.65559,-16.59818,-0.49597,0.02081,-0.00136,0.00171,0.99978,0.00328,0.00424,0.00881
46135000000,7.65556,-16.59826,-0.49596,0.02080,-0.00136,0.00170,0.99978,0.00212,0.00503,0.01022
46168000000,7.65554,-16.59822,-0.49597,0.02079,-0.00135,0.00172,0.99978,0.00187,0.00525,0.00973
46201000000,7.65551,-16.59816,-0.49599,0.02077,-0.00135,0.00173,0.99978,0.00073,0.00449,0.01079
46234000000,7.65549,-16.59814,-0.49598,0.02077,-0.00135,0.00174,0.99978,0.00082,0.00388,0.01181
46267000000,7.65547,-16.59813,-0.49592,0.02077,-0.00140,0.00178,0.99978,0.00013,0.00346,0.01208
46300000000,7.65547,-16.59825,-0.49588,0.02084,-0.00137,0.00174,0.99978,-0.00036,0.00315,0.01243
46333000000,7.65548,-16.59840,-0.49588,0.02086,-0.00138,0.00169,0.99978,-0.00071,0.00345,0.01323
46366000000,7.65548,-16.59851,-0.49584,0.02090,-0.00140,0.00169,0.99978,-0.00128,0.00335,0.01345
46399000000,7.65546,-16.59848,-0.49583,0.02085,-0.00139,0.00171,0.99978,-0.00284,0.00435,0.01306
46432000000,7.65544,-16.59841,-0.49588,0.02085,-0.00137,0.00172,0.99978,-0.00470,0.00362,0.01348
46465000000,7.65542,-16.59846,-0.49590,0.02086,-0.00136,0.00168,0.99978,-0.00568,0.00186,0.01378
46498000000,7.65543,-16.59856,-0.49591,0.02089,-0.00136,0.00167,0.99978,-0.00671,0.00118,0.01307
46531000000,7.65543,-16.59867,-0.49596,0.02092,-0.00132,0.00168,0.99978,-0.00803,-0.00003,0.01324
46564000000,7.65545,-16.59874,-0.49602,0.02093,-0.00132,0.00169,0.99978,-0.00869,0.00008,0.01330
46597000000,7.65545,-16.59879,-0.49604,0.02095,-0.00132,0.00170,0.99978,-0.00948,-0.00052,0.01251
46630000000,7.65546,-16.59887,-0.49599,0.02097,-0.00135,0.00166,0.99978,-0.00968,-0.00037,0.01224
46663000000,7.65546,-16.59891,-0.49596,0.02097,-0.00133,0.00166,0.99978,-0.00964,-0.00002,0.01281
46696000000,7.65548,-16.59898,-0.49603,0.02101,-0.00130,0.00167,0.99978,-0.01057,-0.00090,0.01260
46729000000,7.65550,-16.59915,-0.49611,0.02106,-0.00130,0.00166,0.99978,-0.01110,-0.00185,0.01124
46762000000,7.65552,-16.59923,-0.49612,0.02105,-0.00129,0.00166,0.99978,-0.01214,-0.00202,0.01051
46795000000,7.65551,-16.59925,-0.49616,0.02106,-0.00128,0.00167,0.99978,-0.01309,-0.00262,0.00958
46828000000,7.65551,-16.59921,-0.49616,0.02102,-0.00130,0.00169,0.99978,-0.01284,-0.00325,0.00908
46861000000,7.65551,-16.59920,-0.49614,0.02106,-0.00131,0.00173,0.99978,-0.01364,-0.00326,0.00914
46894000000,7.65552,-16.59927,-0.49615,0.02106,-0.00130,0.00174,0.99978,-0.01348,-0.00404,0.00927
46927000000,7.65553,-16.59933,-0.49613,0.02109,-0.00133,0.00171,0.99978,-0.01488,-0.00343,0.00915
