31681000000,0.09360,0.24750,-0.15800,0.50000,0.50000,-0.50000,0.50000,0.00000,0.00000,0.00000
31714000000,0.12108,0.24891,-0.20798,0.50009,0.49965,-0.50024,0.50003,0.83266,0.04258,-1.51465
31747000000,0.17445,0.23875,-0.23038,0.49981,0.49914,-0.50049,0.50055,1.61725,-0.30774,-0.67871
31780000000,0.22054,0.22496,-0.25286,0.49974,0.49861,-0.50073,0.50092,1.39673,-0.41795,-0.68107
31912000000,0.09361,0.24750,-0.15812,0.50000,0.50000,-0.50000,0.50001,-0.96162,0.17080,0.71767
32011000000,0.09359,0.24750,-0.15799,0.50000,0.50000,-0.50000,0.50000,-0.00013,-0.00005,0.00134
32044000000,0.09359,0.24750,-0.15800,0.50001,0.50000,-0.50000,0.49999,-0.00007,0.00004,-0.00036
32077000000,0.09359,0.24750,-0.15800,0.50000,0.50000,-0.50000,0.50000,0.00000,-0.00006,0.00003
32143000000,0.09359,0.24750,-0.15800,0.50000,0.50000,-0.49999,0.50001,-0.00003,-0.00002,-0.00002
32176000000,0.09355,0.24747,-0.15791,0.49999,0.50001,-0.50000,0.50000,-0.00107,-0.00089,0.00287
32308000000,0.09357,0.24750,-0.15798,-0.49999,-0.50000,0.50000,-0.50000,0.00014,0.00021,-0.00057
32341000000,0.09436,0.24670,-0.14922,0.50001,0.50003,-0.50000,0.49996,0.02399,-0.02414,0.26566
32440000000,0.09436,0.24670,-0.14917,0.49994,0.50004,-0.50001,0.50001,-0.00008,0.00003,0.00044
32506000000,0.09435,0.24671,-0.14917,0.49994,0.50004,-0.50001,0.50001,-0.00002,0.00005,0.00002
32539000000,0.09436,0.24671,-0.14917,0.49994,0.50004,-0.50001,0.50001,0.00002,0.00001,-0.00001
32605000000,0.09435,0.24671,-0.14919,0.49994,0.50004,-0.50001,0.50001,-0.00007,0.00001,-0.00022
32671000000,0.09344,0.24768,-0.15654,0.50001,0.50000,-0.50001,0.49998,-0.01382,0.01483,-0.11147
32704000000,0.09344,0.24769,-0.15654,0.50001,0.50000,-0.50001,0.49999,-0.00003,0.00002,0.00004
32836000000,0.09346,0.24768,-0.15655,0.50002,0.49999,-0.50001,0.49998,0.00015,-0.00007,-0.00006
32902000000,0.09345,0.24768,-0.15654,0.50001,0.50000,-0.50001,0.49998,-0.00017,0.00011,0.00016
33001000000,0.09348,0.24760,-0.15930,0.50003,0.49998,-0.50000,0.49998,0.00033,-0.00086,-0.02791
33067000000,0.09348,0.24760,-0.15928,0.50003,0.49999,-0.50000,0.49999,0.00007,-0.00001,0.00027
33100000000,0.09348,0.24759,-0.15930,0.50004,0.49998,-0.50000,0.49998,-0.00020,-0.00012,-0.00051
33133000000,0.09347,0.24760,-0.15929,0.50002,0.50000,-0.49999,0.49999,-0.00025,0.00009,0.00034
33232000000,0.09348,0.24760,-0.15930,0.50003,0.49998,-0.50000,0.49998,0.00010,0.00002,-0.00010
33331000000,0.09428,0.24896,-0.16572,0.49997,0.49999,-0.50000,0.50004,0.00814,0.01372,-0.06482
33397000000,0.09238,0.25012,-0.17046,0.49999,0.49998,-0.50001,0.50002,-0.02880,0.01760,-0.07189
33463000000,0.09372,0.24942,-0.16731,0.49998,0.49998,-0.50001,0.50003,0.02022,-0.01054,0.04776
33595000000,0.09412,0.24924,-0.16638,0.49997,0.49998,-0.50001,0.50003,0.00303,-0.00138,0.00699
33628000000,0.09202,0.25038,-0.17252,0.50029,0.49989,-0.50003,0.49979,-0.06351,0.03440,-0.18577
33760000000,0.08885,0.25214,-0.17931,0.50000,0.50000,-0.49996,0.50004,-0.02406,0.01334,-0.05151
33826000000,0.09330,0.24972,-0.16875,0.49999,0.49998,-0.50000,0.50002,0.06752,-0.03663,0.16011
33892000000,0.09331,0.24972,-0.16874,0.49999,0.49998,-0.50000,0.50002,0.00004,-0.00003,0.00011
33958000000,0.09239,0.24689,-0.17669,0.50030,0.49981,-0.50006,0.49982,-0.01393,-0.04284,-0.12040
34057000000,0.08997,0.24740,-0.16455,0.50039,0.49988,-0.50001,0.49973,-0.02436,0.00519,0.12259
34090000000,0.09376,0.24596,-0.15666,0.50037,0.49992,-0.49999,0.49972,0.11458,-0.04383,0.23919
34255000000,0.09268,0.24758,-0.16110,0.50033,0.49994,-0.49999,0.49975,-0.00652,0.00984,-0.02691
34354000000,0.09319,0.24706,-0.15604,0.49998,0.50003,-0.49993,0.50006,0.00516,-0.00530,0.05109
34420000000,0.09319,0.24706,-0.15604,0.49998,0.50003,-0.49993,0.50006,0.00001,0.00000,0.00006
34486000000,0.09319,0.24705,-0.15604,0.49998,0.50003,-0.49993,0.50006,-0.00001,-0.00002,-0.00001
34651000000,0.09303,0.24679,-0.15450,0.49994,0.50006,-0.49997,0.50003,-0.00100,-0.00159,0.00933
34717000000,0.09647,-0.14949,-0.24464,0.70557,-0.00380,0.00093,0.70863,0.05213,-6.00434,-1.36575
34816000000,0.09749,-0.13521,-0.24092,0.70551,-0.00371,0.00100,0.70869,0.01035,0.14434,0.03751
34915000000,0.32230,-0.14970,-0.24173,0.70331,-0.00371,0.00076,0.71087,2.27082,-0.14643,-0.00819
35047000000,0.32456,-0.10428,-0.24085,0.70342,-0.00395,0.00077,0.71076,0.01714,0.34409,0.00672
35146000000,0.31999,-0.06421,-0.24106,0.70354,-0.00407,0.00072,0.71064,-0.04622,0.40477,-0.00218
35212000000,0.31641,-0.03401,-0.24165,0.70363,-0.00399,0.00078,0.71056,-0.05420,0.45752,-0.00891
35311000000,0.31715,0.01455,-0.24171,0.70356,-0.00381,0.00087,0.71062,0.00749,0.49057,-0.00061
35377000000,0.31629,0.05379,-0.24160,0.70361,-0.00393,0.00081,0.71057,-0.01301,0.59442,0.00171
35410000000,0.31619,0.07319,-0.24210,0.70364,-0.00396,0.00079,0.71054,-0.00331,0.58788,-0.01518
35509000000,0.31626,0.14013,-0.24251,0.70358,-0.00403,0.00070,0.71061,0.00072,0.67621,-0.00413
35575000000,0.31798,0.18849,-0.24149,0.70347,-0.00399,0.00084,0.71071,0.02611,0.73277,0.01552
35641000000,0.31758,0.25670,-0.24335,0.70360,-0.00397,0.00068,0.71058,-0.00614,1.03346,-0.02819
35707000000,0.31796,0.31290,-0.24348,0.70355,-0.00391,0.00067,0.71064,0.00589,0.85151,-0.00202
35773000000,0.31926,0.37056,-0.24387,0.70358,-0.00402,0.00068,0.71061,0.01960,0.87363,-0.00600
35872000000,0.26250,0.53670,-0.25143,0.70370,-0.00361,0.00068,0.71049,-0.57332,1.67815,-0.07631
35971000000,0.23547,0.66486,-0.25647,0.70417,-0.00342,0.00069,0.71002,-0.27299,1.29455,-0.05094
36103000000,0.19055,0.90075,-0.26137,0.70456,-0.00307,0.00048,0.70964,-0.34031,1.78705,-0.03710
36202000000,0.16724,1.06484,-0.26816,0.70474,-0.00265,0.00050,0.70946,-0.23542,1.65746,-0.06862
36235000000,0.25944,1.63027,-0.27341,0.70377,-0.00256,0.00005,0.71042,2.79383,17.13421,-0.15911
36301000000,0.23907,1.82153,-0.27814,0.70394,-0.00217,0.00014,0.71025,-0.30872,2.89797,-0.07168
36367000000,0.21818,2.01617,-0.28299,0.70432,-0.00204,-0.00002,0.70988,-0.31645,2.94899,-0.07341
36499000000,0.24336,2.67938,-0.29588,0.70482,-0.00260,-0.00100,0.70938,0.19075,5.02435,-0.09763
36598000000,0.23204,3.03845,-0.30157,0.70484,-0.00231,-0.00126,0.70937,-0.11433,3.62692,-0.05754
36664000000,0.22094,3.27912,-0.30381,0.70542,-0.00171,-0.00120,0.70879,-0.16824,3.64654,-0.03394
36697000000,0.27112,3.48867,-0.29915,0.70470,-0.00318,-0.00111,0.70949,1.52080,6.35011,0.14135
36796000000,0.26909,3.87852,-0.30686,0.70463,-0.00322,-0.00172,0.70956,-0.02055,3.93788,-0.07788
36862000000,0.26715,4.13652,-0.31295,0.70457,-0.00320,-0.00223,0.70963,-0.02933,3.90900,-0.09237
36961000000,0.30540,4.55493,-0.30232,0.70376,-0.00308,-0.00135,0.71043,0.38635,4.22636,0.10741
37027000000,0.30616,4.81610,-0.30493,0.70366,-0.00330,-0.00147,0.71053,0.01146,3.95719,-0.03959
37126000000,0.30617,5.20483,-0.30758,0.70328,-0.00314,-0.00154,0.71090,0.00007,3.92653,-0.02671
37192000000,0.29332,5.42154,-0.55312,0.70350,-0.01937,0.01586,0.71026,-0.19456,3.28355,-3.72026
37225000000,0.29492,5.55270,-0.56060,0.70351,-0.01954,0.01549,0.71025,0.04848,3.97447,-0.22669
37390000000,0.30780,6.21074,-0.59564,0.70369,-0.01944,0.01523,0.71008,0.07802,3.98812,-0.21238
37489000000,0.31854,6.60707,-0.61828,0.70326,-0.01969,0.01440,0.71051,0.10851,4.00331,-0.22867
37555000000,0.31899,6.87243,-0.63124,0.70323,-0.01970,0.01431,0.71055,0.00678,4.02071,-0.19647
37588000000,0.31904,7.02379,-0.90864,0.70257,-0.01361,0.01206,0.71138,0.00169,4.58647,-8.40590
37720000000,0.32789,7.56621,-0.93123,0.70230,-0.01379,0.01145,0.71166,0.06700,4.10928,-0.17111
37786000000,0.33216,7.83748,-0.94341,0.70221,-0.01380,0.01124,0.71174,0.06471,4.11007,-0.18465
37885000000,0.15695,7.87462,-0.94219,0.70292,-0.01307,0.01373,0.71102,-1.76975,0.37521,0.01232
37951000000,0.14189,8.12829,-0.95203,0.70319,-0.01290,0.01373,0.71075,-0.22829,3.84344,-0.14899
38083000000,0.11813,8.63150,-0.97267,0.70319,-0.01277,0.01354,0.71076,-0.17996,3.81220,-0.15639
38149000000,0.13720,8.78305,-0.96720,0.70280,-0.01292,0.01449,0.71112,0.28901,2.29627,0.08292
38248000000,0.11341,9.15682,-0.98217,0.70279,-0.01270,0.01455,0.71114,-0.24032,3.77538,-0.15127
38314000000,0.09421,9.40254,-0.99282,0.70286,-0.01268,0.01467,0.71107,-0.29088,3.72307,-0.16134
38413000000,-0.07924,9.49202,-1.01220,0.70418,-0.01255,0.01510,0.70975,-1.75208,0.90388,-0.19574
38512000000,-0.12001,9.83702,-1.02967,0.70423,-0.01248,0.01507,0.70970,-0.41182,3.48479,-0.17649
38611000000,-0.16256,10.17999,-1.04709,0.70450,-0.01228,0.01520,0.70944,-0.42979,3.46433,-0.17596
38677000000,-0.13778,10.48604,-1.05250,0.70430,-0.01265,0.01494,0.70963,0.37543,4.63724,-0.08189
38776000000,-0.17668,10.84009,-1.06916,0.70430,-0.01246,0.01504,0.70963,-0.39289,3.57618,-0.16836
38842000000,-0.20188,11.07437,-1.07989,0.70454,-0.01240,0.01507,0.70940,-0.38186,3.54969,-0.16244
38974000000,-0.26006,11.54056,-1.10453,0.70483,-0.01223,0.01522,0.70911,-0.44073,3.53179,-0.18673
39073000000,-0.17632,11.97226,-1.10917,0.70482,-0.01247,0.01457,0.70913,0.84583,4.36056,-0.04678
39139000000,-0.27698,12.03827,-1.12379,0.70498,-0.01193,0.01533,0.70896,-1.52509,1.00025,-0.22156
39304000000,-0.35097,12.56026,-1.15333,0.70546,-0.01205,0.01521,0.70848,-0.44842,3.16357,-0.17905
39403000000,-0.26691,12.53450,-1.14136,0.70517,-0.01290,0.01539,0.70875,0.84902,-0.26027,0.12093
39469000000,-0.36074,12.65150,-1.13913,0.70519,-0.01257,0.01567,0.70873,-1.42166,1.77274,0.03377
39535000000,-0.39310,12.83838,-1.14487,0.70547,-0.01292,0.01565,0.70845,-0.49033,2.83160,-0.08689
39601000000,-0.15571,13.17442,-1.13242,0.70463,-0.01307,0.01554,0.70929,3.59695,5.09154,0.18857
39733000000,-0.16889,13.58650,-1.15049,0.70470,-0.01331,0.01525,0.70922,-0.09989,3.12177,-0.13692
39799000000,-0.17549,13.79512,-1.16039,0.70479,-0.01316,0.01543,0.70913,-0.09997,3.16098,-0.14988
39997000000,-0.12093,14.61879,-1.18566,0.70437,-0.01316,0.01548,0.70955,0.27557,4.15992,-0.12764
40030000000,-0.13132,14.72470,-1.19010,0.70435,-0.01301,0.01559,0.70956,-0.31500,3.20961,-0.13474
40162000000,-0.17094,15.11556,-1.19879,0.70430,-0.01287,0.01574,0.70961,-0.30014,2.96104,-0.06578
40492000000,-0.08591,16.47946,-1.27165,0.70429,-0.01303,0.01503,0.70963,0.25765,4.13301,-0.22078
40558000000,-0.09415,16.61624,-1.27111,0.70425,-0.01312,0.01523,0.70967,-0.12475,2.07251,0.00815
40657000000,-0.11276,16.82687,-1.27080,0.70404,-0.01316,0.01557,0.70986,-0.18803,2.12752,0.00315
40756000000,-0.21848,17.39807,-1.36797,0.70501,-0.01262,0.01448,0.70894,-1.06787,5.76969,-0.98154
40822000000,-0.22967,17.63569,-1.37931,0.70517,-0.01244,0.01457,0.70878,-0.16955,3.60038,-0.17185
40921000000,-0.24595,17.99514,-1.39622,0.70522,-0.01236,0.01456,0.70873,-0.16445,3.63082,-0.17081
41020000000,-0.19503,18.04497,-1.30835,0.70473,-0.01288,0.01488,0.70920,0.51434,0.50329,0.88761
41152000000,-0.22201,18.50751,-1.32331,0.70487,-0.01281,0.01502,0.70906,-0.20439,3.50407,-0.11337
41251000000,-0.24953,18.84398,-1.33600,0.70514,-0.01295,0.01500,0.70880,-0.27793,3.39874,-0.12812
41350000000,-0.19745,18.73174,-1.34443,0.70490,-0.01294,0.01473,0.70904,0.52607,-1.13375,-0.08524
41416000000,-0.22176,18.94165,-1.35019,0.70513,-0.01301,0.01466,0.70881,-0.36842,3.18053,-0.08723
41482000000,-0.24533,19.15495,-1.35537,0.70526,-0.01300,0.01473,0.70868,-0.35705,3.23171,-0.07838
41581000000,-0.15037,19.03260,-1.33667,0.70475,-0.01366,0.01480,0.70917,0.95913,-1.23581,0.18880
41713000000,-0.15944,19.47379,-1.35091,0.70487,-0.01372,0.01478,0.70905,-0.06868,3.34234,-0.10788
41812000000,-0.16633,19.79944,-1.36411,0.70491,-0.01372,0.01477,0.70901,-0.06962,3.28937,-0.13331
41845000000,0.02537,20.09910,-1.37466,0.70331,-0.01386,0.01503,0.71059,5.80912,9.08077,-0.31955
41977000000,-0.02602,20.51564,-1.39051,0.70373,-0.01380,0.01500,0.71018,-0.38933,3.15561,-0.12010
42010000000,-0.03344,20.62300,-1.39422,0.70388,-0.01396,0.01503,0.71003,-0.22473,3.25336,-0.11254
42076000000,-0.04451,20.84215,-1.40204,0.70379,-0.01395,0.01502,0.71011,-0.16771,3.32043,-0.11846
42109000000,-0.04860,20.95093,-1.40642,0.70373,-0.01394,0.01494,0.71018,-0.12400,3.29619,-0.13273
42208000000,-0.02125,20.70491,-1.37739,0.70366,-0.01379,0.01518,0.71024,0.27628,-2.48504,0.29326
42340000000,0.26544,21.03973,-1.36969,0.70241,-0.01457,0.01511,0.71147,2.17186,2.53654,0.05831
42439000000,0.43322,21.35127,-1.36124,0.70138,-0.01523,0.01479,0.71247,1.69479,3.14684,0.08539
42505000000,0.51117,21.56042,-1.36087,0.70076,-0.01498,0.01492,0.71308,1.18106,3.16894,0.00554
42538000000,0.11100,21.63622,-1.36820,0.70275,-0.01390,0.01543,0.71114,-12.12641,2.29697,-0.22216
42703000000,0.26876,22.26107,-1.36075,0.70233,-0.01380,0.01550,0.71155,0.95610,3.78695,0.04519
42835000000,0.35598,22.75305,-1.35262,0.70158,-0.01387,0.01588,0.71228,0.66076,3.72712,0.06156
42967000000,0.43979,23.24037,-1.35288,0.70104,-0.01396,0.01561,0.71281,0.63496,3.69186,-0.00195
43033000000,0.19813,23.65548,-1.42790,0.70255,-0.01447,0.01502,0.71133,-3.66161,6.28945,-1.13668
43198000000,0.23649,24.23472,-1.43753,0.70224,-0.01435,0.01523,0.71163,0.23252,3.51060,-0.05833
43297000000,0.25293,24.57842,-1.44673,0.70247,-0.01424,0.01502,0.71141,0.16606,3.47170,-0.09296
43396000000,0.26673,24.91954,-1.45622,0.70244,-0.01445,0.01502,0.71144,0.13941,3.44563,-0.09585
43495000000,0.08496,25.16208,-1.44251,0.70308,-0.01485,0.01505,0.71079,-1.83613,2.44986,0.13844
43627000000,-0.02434,25.49330,-1.43447,0.70393,-0.01558,0.01491,0.70994,-0.82801,2.50926,0.06095
43759000000,-0.06187,25.72794,-1.44087,0.70386,-0.01568,0.01535,0.71000,-0.28433,1.77761,-0.04853
43891000000,0.08046,26.49607,-1.49181,0.70312,-0.01515,0.01474,0.71076,1.07827,5.81915,-0.38589
43990000000,0.02219,26.72243,-1.49803,0.70331,-0.01527,0.01488,0.71057,-0.58857,2.28651,-0.06285
44023000000,0.04401,26.72834,-1.49617,0.70341,-0.01537,0.01498,0.71046,0.66107,0.17883,0.05653
44188000000,-0.06480,27.15336,-1.52109,0.70388,-0.01512,0.01523,0.71000,-0.65942,2.57589,-0.15107
44320000000,0.23258,27.55965,-1.60524,0.70205,-0.01453,0.01449,0.71183,2.25286,3.07800,-0.63748
44386000000,0.24312,27.79662,-1.61924,0.70191,-0.01442,0.01435,0.71197,0.15969,3.59038,-0.21214
44518000000,0.14469,28.13566,-1.62657,0.70256,-0.01484,0.01433,0.71132,-0.74566,2.56849,-0.05549
44617000000,0.14278,28.23876,-1.62175,0.70290,-0.01523,0.01437,0.71098,-0.01929,1.04139,0.04865
44716000000,0.18347,28.33536,-1.62006,0.70271,-0.01586,0.01409,0.71116,0.41100,0.97577,0.01710
44848000000,0.20752,29.28166,-1.76464,0.70282,-0.01428,0.01347,0.71110,0.18222,7.16891,-1.09530
44947000000,0.14671,29.51585,-1.77378,0.70289,-0.01448,0.01326,0.71103,-0.61432,2.36556,-0.09237
45079000000,0.16132,29.94674,-1.83236,0.70278,-0.01370,0.01350,0.71114,0.11075,3.26437,-0.44378
45145000000,-0.16795,30.43176,-1.88469,0.70610,-0.01418,0.01236,0.70786,-4.98904,7.34870,-0.79291
45178000000,-0.24778,30.47755,-1.89242,0.70615,-0.01373,0.01260,0.70782,-2.41906,1.38757,-0.23405
45376000000,-0.31023,31.16127,-1.94007,0.70676,-0.01384,0.01245,0.70721,-0.31539,3.45317,-0.24065
45475000000,-0.02829,31.52032,-1.86645,0.70502,-0.01425,0.01295,0.70893,2.84787,3.62672,0.74358
45508000000,-0.11063,31.57055,-1.86976,0.70507,-0.01407,0.01336,0.70887,-2.49525,1.52212,-0.10032
45640000000,-0.12922,32.04097,-1.89434,0.70528,-0.01409,0.01330,0.70867,-0.14082,3.56377,-0.18620
45706000000,-0.11947,32.10076,-1.85744,0.70488,-0.01365,0.01349,0.70906,0.14775,0.90593,0.55902
45739000000,-0.12600,32.21503,-1.86410,0.70495,-0.01384,0.01349,0.70899,-0.19809,3.46282,-0.20164
45871000000,-0.11619,32.71008,-1.88984,0.70517,-0.01400,0.01338,0.70878,0.07433,3.75034,-0.19503
45970000000,-0.35552,32.78898,-1.91446,0.70626,-0.01332,0.01390,0.70769,-2.41748,0.79704,-0.24863
46069000000,-0.41479,33.10905,-1.92414,0.70659,-0.01308,0.01398,0.70737,-0.59869,3.23305,-0.09783
46168000000,-0.51996,33.42283,-1.95269,0.70700,-0.01313,0.01392,0.70695,-1.06234,3.16947,-0.28831
46201000000,-0.61444,33.42411,-1.95362,0.70748,-0.01337,0.01407,0.70647,-2.86288,0.03872,-0.02841
46366000000,-0.63030,34.03146,-1.99131,0.70806,-0.01275,0.01414,0.70590,-0.09611,3.68093,-0.22843
46498000000,-0.64188,34.52004,-2.02155,0.70815,-0.01280,0.01399,0.70580,-0.08772,3.70133,-0.22907
46663000000,-0.64371,35.15898,-2.04731,0.70813,-0.01229,0.01441,0.70583,-0.01111,3.87238,-0.15610
46729000000,-0.65382,35.27742,-2.05109,0.70808,-0.01249,0.01434,0.70588,-0.15321,1.79458,-0.05735
46927000000,-0.64712,35.96454,-2.09033,0.70806,-0.01242,0.01413,0.70590,0.03384,3.47030,-0.19817
47026000000,-0.58844,36.31903,-2.05637,0.70808,-0.01139,0.01487,0.70589,0.59271,3.58073,0.34302
47158000000,-0.57686,36.82627,-2.08550,0.70844,-0.01138,0.01496,0.70552,0.08776,3.84270,-0.22067
47323000000,-0.55287,37.46663,-2.11945,0.70863,-0.01152,0.01473,0.70534,0.14539,3.88096,-0.20578
47389000000,-0.02387,37.17328,-2.19669,0.70384,-0.01129,0.01406,0.71013,8.01515,-4.44470,-1.17033
47488000000,-0.08509,37.47307,-2.21107,0.70429,-0.01159,0.01402,0.70968,-0.61844,3.02821,-0.14521
47620000000,-0.08180,37.93404,-2.23661,0.70435,-0.01171,0.01396,0.70962,0.02499,3.49218,-0.19351
47653000000,0.19636,37.67812,-2.16364,0.70160,-0.01305,0.01411,0.71232,8.42890,-7.75516,2.21140
47851000000,0.26547,38.37742,-2.19634,0.70155,-0.01334,0.01386,0.71236,0.34904,3.53183,-0.16516
47983000000,0.31408,38.84605,-2.21691,0.70140,-0.01320,0.01396,0.71251,0.36824,3.55024,-0.15584
48082000000,-0.30373,39.10415,-2.18551,0.70601,-0.01339,0.01418,0.70793,-6.24042,2.60706,0.31720
48115000000,-0.92605,39.11775,3.13729,0.66741,-0.19897,-0.27003,0.66487,-18.85820,0.41210,161.29694
48247000000,-0.94215,39.57291,3.18777,0.66760,-0.19891,-0.26999,0.66472,-0.12202,3.44820,0.38242
48379000000,-0.95418,40.02790,3.24648,0.66768,-0.19854,-0.26981,0.66482,-0.09109,3.44690,0.44475
48511000000,-0.96968,40.47513,3.29913,0.66785,-0.19862,-0.26978,0.66464,-0.11742,3.38806,0.39886
48643000000,-0.87544,40.63696,3.36970,0.66619,-0.19962,-0.26970,0.66604,0.71394,1.22602,0.53465
48775000000,-0.85903,41.00432,3.42840,0.66594,-0.20006,-0.26956,0.66621,0.12429,2.78302,0.44471
48841000000,-0.86790,41.12572,3.43797,0.66571,-0.20033,-0.26944,0.66641,-0.13443,1.83944,0.14496
48907000000,-0.87682,41.25776,3.44634,0.66557,-0.20022,-0.26925,0.66666,-0.13512,2.00058,0.12679
49039000000,-0.88473,41.62593,3.49339,0.66539,-0.20009,-0.26911,0.66694,-0.05992,2.78915,0.35648
49138000000,-0.89080,41.90198,3.52769,0.66532,-0.20042,-0.26919,0.66687,-0.06135,2.78835,0.34647
49270000000,-0.89919,42.27272,3.57452,0.66525,-0.20061,-0.26898,0.66697,-0.06356,2.80863,0.35471
49369000000,-0.88959,42.56730,3.60918,0.66516,-0.20099,-0.26903,0.66692,0.09697,2.97554,0.35014
49468000000,-0.89285,42.85170,3.64520,0.66475,-0.20097,-0.26895,0.66737,-0.03290,2.87281,0.36387
49699000000,-0.53703,43.87244,3.87430,0.66368,-0.23195,-0.28261,0.65257,1.54036,4.41876,0.99177
49765000000,-0.56457,44.01789,3.86398,0.66400,-0.23176,-0.28262,0.65232,-0.41732,2.20380,-0.15637
49864000000,-0.60105,44.26542,3.87360,0.66411,-0.23202,-0.28255,0.65215,-0.36845,2.50032,0.09718
49963000000,0.03713,44.58467,4.27805,0.65750,-0.23220,-0.28190,0.65902,6.44623,3.22477,4.08528
50095000000,0.03363,44.91403,4.30098,0.65755,-0.23243,-0.28220,0.65876,-0.02646,2.49516,0.17372
50194000000,0.02592,45.15260,4.31987,0.65776,-0.23210,-0.28211,0.65871,-0.07796,2.40977,0.19083
50326000000,-0.71937,45.53753,3.79155,0.66599,-0.22935,-0.28395,0.65056,-5.64610,2.91616,-4.00239
50425000000,-0.75504,45.70642,3.76805,0.66643,-0.22888,-0.28392,0.65028,-0.36029,1.70594,-0.23739
50590000000,-0.79145,46.01188,3.76483,0.66697,-0.22877,-0.28407,0.64971,-0.22070,1.85126,-0.01950
50722000000,-0.85144,46.19585,3.69634,0.66782,-0.22830,-0.28479,0.64869,-0.45448,1.39375,-0.51889
50821000000,-0.87279,46.34583,3.69738,0.66829,-0.22803,-0.28479,0.64829,-0.21565,1.51494,0.01048
50920000000,-0.88482,46.49409,3.70199,0.66865,-0.22793,-0.28499,0.64788,-0.12149,1.49760,0.04657
51085000000,-0.90744,46.72319,3.70708,0.66938,-0.22738,-0.28516,0.64724,-0.13710,1.38843,0.03087
51184000000,-0.92470,46.65699,3.62974,0.66948,-0.22675,-0.28561,0.64715,-0.17428,-0.66865,-0.78129
51250000000,-0.93801,46.72038,3.62960,0.66982,-0.22659,-0.28572,0.64681,-0.20179,0.96049,-0.00199
51481000000,-0.97570,46.92799,3.61304,0.67094,-0.22642,-0.28630,0.64545,-0.16316,0.89875,-0.07170
51580000000,-1.04579,46.82346,3.38875,0.67168,-0.22480,-0.28766,0.64464,-0.70798,-1.05594,-2.26551
51679000000,-1.05425,46.88532,3.38791,0.67208,-0.22460,-0.28781,0.64423,-0.08544,0.62488,-0.00856
51844000000,-1.08217,46.97289,3.37352,0.67271,-0.22420,-0.28798,0.64364,-0.16921,0.53073,-0.08718
52009000000,-1.13965,46.89253,3.26255,0.67331,-0.22348,-0.28862,0.64297,-0.34837,-0.48701,-0.67258
52108000000,-1.14083,46.93230,3.26258,0.67357,-0.22362,-0.28882,0.64256,-0.01185,0.40170,0.00036
52207000000,-1.14374,46.96791,3.26128,0.67381,-0.22351,-0.28891,0.64231,-0.02937,0.35974,-0.01310
52306000000,-1.17868,46.92078,3.22181,0.67409,-0.22325,-0.28903,0.64204,-0.35297,-0.47607,-0.39868
52372000000,-1.17982,46.94181,3.21973,0.67424,-0.22323,-0.28916,0.64184,-0.01730,0.31859,-0.03152
52438000000,-1.17894,46.96258,3.21660,0.67436,-0.22311,-0.28922,0.64172,0.01333,0.31465,-0.04742
52570000000,-1.23772,46.87425,3.10382,0.67462,-0.22194,-0.28968,0.64165,-0.44527,-0.66916,-0.85445
52636000000,-1.23956,46.88428,3.09743,0.67468,-0.22197,-0.28983,0.64151,-0.02790,0.15201,-0.09681
52867000000,-1.24568,46.91277,3.07530,0.67455,-0.22152,-0.29032,0.64158,-0.02650,0.12331,-0.09580
52966000000,-1.22792,46.57193,3.02046,0.67350,-0.22219,-0.28960,0.64278,0.17944,-3.44282,-0.55390
53065000000,-1.21920,46.55509,3.01755,0.67337,-0.22220,-0.28959,0.64291,0.08805,-0.17004,-0.02937
53098000000,-1.22090,46.54979,3.02065,0.67334,-0.22226,-0.28958,0.64293,-0.05142,-0.16080,0.09371
53131000000,-1.20632,46.43998,3.06685,0.67282,-0.22320,-0.28902,0.64340,0.44169,-3.32746,1.40010
53230000000,-1.20867,46.42386,3.06597,0.67275,-0.22322,-0.28888,0.64352,-0.02375,-0.16280,-0.00886
53362000000,-1.21170,46.40087,3.06674,0.67278,-0.22352,-0.28884,0.64341,-0.02293,-0.17420,0.00583
53494000000,-1.20531,46.30732,3.10180,0.67241,-0.22440,-0.28828,0.64374,0.04842,-0.70867,0.26559
53593000000,-1.20628,46.29166,3.09881,0.67238,-0.22462,-0.28833,0.64367,-0.00982,-0.15825,-0.03026
53692000000,-1.20667,46.27633,3.09635,0.67231,-0.22467,-0.28822,0.64377,-0.00393,-0.15486,-0.02482
53857000000,-1.13173,46.22133,3.12267,0.67145,-0.22495,-0.28843,0.64448,0.45416,-0.33331,0.15953
54022000000,-1.11602,46.18497,3.13289,0.67137,-0.22519,-0.28825,0.64456,0.09522,-0.22033,0.06193
54055000000,-1.16510,46.24875,3.15754,0.67243,-0.22526,-0.28777,0.64365,-1.48729,1.93255,0.74690
54220000000,-1.15020,46.22247,3.16631,0.67239,-0.22548,-0.28770,0.64365,0.09033,-0.15925,0.05316
54253000000,-1.14713,46.21929,3.16867,0.67243,-0.22544,-0.28782,0.64357,0.09293,-0.09641,0.07145
54418000000,-1.17715,46.25251,3.21910,0.67247,-0.22569,-0.28731,0.64366,-0.18194,0.20132,0.30568
54550000000,-1.17108,46.26741,3.23359,0.67269,-0.22586,-0.28695,0.64354,0.04595,0.11288,0.10978
54616000000,-1.16827,46.27560,3.24095,0.67263,-0.22600,-0.28698,0.64353,0.04260,0.12404,0.11143
54814000000,-1.18669,46.31866,3.28913,0.67121,-0.22666,-0.28623,0.64512,-0.09300,0.21750,0.24334
54913000000,-1.18208,46.35303,3.30360,0.67087,-0.22725,-0.28635,0.64521,0.04650,0.34714,0.14616
55012000000,-1.17801,46.39378,3.31830,0.67075,-0.22741,-0.28612,0.64538,0.04110,0.41168,0.14852
55144000000,-1.23283,46.53643,3.28324,0.67175,-0.22614,-0.28568,0.64498,-0.41529,1.08069,-0.26561
55243000000,-1.22192,46.59642,3.30607,0.67111,-0.22644,-0.28526,0.64573,0.11022,0.60596,0.23055
55375000000,-1.27100,46.79812,3.35340,0.67162,-0.22726,-0.28490,0.64507,-0.37179,1.52799,0.35860
55507000000,-1.27491,46.91409,3.38202,0.67137,-0.22723,-0.28423,0.64563,-0.02968,0.87859,0.21685
55672000000,-1.27696,47.07727,3.42081,0.67102,-0.22782,-0.28377,0.64600,-0.01238,0.98893,0.23507
55804000000,-1.19342,47.26872,3.47437,0.66957,-0.22844,-0.28375,0.64728,0.63287,1.45042,0.40577
55936000000,-1.18887,47.43190,3.51416,0.66891,-0.22960,-0.28356,0.64764,0.03446,1.23622,0.30144
56035000000,-1.18503,47.56776,3.54623,0.66812,-0.23026,-0.28323,0.64837,0.03881,1.37229,0.32392
56167000000,-1.14757,48.08816,3.71744,0.66869,-0.23064,-0.28288,0.64779,0.28373,3.94243,1.29703
56299000000,-1.14653,48.30223,3.75566,0.66862,-0.23112,-0.28240,0.64791,0.00794,1.62177,0.28955
56464000000,-1.13320,48.58110,3.81147,0.66783,-0.23216,-0.28184,0.64859,0.08075,1.69007,0.33821
56563000000,-1.18376,49.19109,3.90473,0.66842,-0.23324,-0.28189,0.64758,-0.51071,6.16155,0.94209
56662000000,-1.18442,49.37554,3.92496,0.66830,-0.23355,-0.28161,0.64771,-0.00659,1.86315,0.20436
56761000000,-1.18534,49.57183,3.93692,0.66791,-0.23376,-0.28189,0.64791,-0.00938,1.98276,0.12074
56860000000,-1.18930,49.76153,3.96094,0.66772,-0.23425,-0.28178,0.64797,-0.03995,1.91613,0.24268
56926000000,-1.03400,49.85150,4.08586,0.66583,-0.23431,-0.28102,0.65023,2.35293,1.36318,1.89271
57091000000,-1.03503,50.17269,4.12865,0.66551,-0.23492,-0.28087,0.65040,-0.00619,1.94661,0.25934
57157000000,-1.03348,50.30564,4.14551,0.66535,-0.23506,-0.28065,0.65060,0.02348,2.01439,0.25543
57355000000,-0.89291,50.86972,4.36041,0.66249,-0.23725,-0.27940,0.65327,0.70993,2.84889,1.08537
57487000000,-0.89457,51.13949,4.39300,0.66239,-0.23775,-0.27896,0.65338,-0.01256,2.04370,0.24683
57619000000,-0.86817,51.45567,4.44400,0.66208,-0.23780,-0.27894,0.65368,0.20001,2.39531,0.38639
57652000000,-0.75919,52.02079,4.61479,0.66074,-0.23743,-0.27847,0.65537,3.30223,17.12487,5.17558
57850000000,-0.74181,52.51199,4.69694,0.66004,-0.23746,-0.27760,0.65643,0.08781,2.48079,0.41487
58048000000,-0.71766,53.00805,4.78489,0.65952,-0.23770,-0.27684,0.65719,0.12198,2.50535,0.44418
58180000000,-0.70646,53.33576,4.84686,0.65905,-0.23801,-0.27626,0.65779,0.08485,2.48267,0.46950
58246000000,-0.63084,53.89529,5.10330,0.65746,-0.24114,-0.27478,0.65885,1.14572,8.47782,3.88547
58411000000,-0.61689,54.35709,5.17790,0.65710,-0.24172,-0.27421,0.65924,0.08455,2.79879,0.45213
58510000000,-0.60852,54.63691,5.22513,0.65667,-0.24207,-0.27376,0.65972,0.08451,2.82642,0.47703
58675000000,-0.59030,55.30898,5.41900,0.65650,-0.24373,-0.27248,0.65981,0.11041,4.07313,1.17502
58741000000,-0.58849,55.51202,5.44749,0.65649,-0.24408,-0.27251,0.65969,0.02744,3.07638,0.43164
58906000000,-0.59134,56.02813,5.51889,0.65641,-0.24501,-0.27190,0.65968,-0.01725,3.12798,0.43274
59038000000,-0.61937,56.53966,5.53255,0.65713,-0.24392,-0.27208,0.65928,-0.21234,3.87518,0.10347
59071000000,-0.62189,56.64445,5.54380,0.65727,-0.24422,-0.27205,0.65905,-0.07641,3.17556,0.34068
59236000000,-0.63387,57.16429,5.60520,0.65738,-0.24483,-0.27159,0.65890,-0.07261,3.15052,0.37216
59368000000,-0.64539,57.50689,5.64193,0.65724,-0.24502,-0.27103,0.65920,-0.08725,2.59544,0.27825
59467000000,-0.68708,58.02111,5.59690,0.65899,-0.24301,-0.27207,0.65776,-0.42118,5.19415,-0.45486
59599000000,-0.70358,58.44459,5.63697,0.65941,-0.24315,-0.27185,0.65738,-0.12494,3.20822,0.30355
59764000000,-0.72322,58.98148,5.68772,0.65976,-0.24338,-0.27142,0.65713,-0.11906,3.25387,0.30762
59863000000,-0.73776,59.30302,5.72458,0.66002,-0.24355,-0.27111,0.65693,-0.14688,3.24793,0.37227
59962000000,-0.80050,59.70074,5.69352,0.66142,-0.24276,-0.27145,0.65567,-0.63373,4.01730,-0.31374
60094000000,-0.82984,60.10086,5.71866,0.66198,-0.24286,-0.27111,0.65521,-0.22228,3.03127,0.19043
60193000000,-0.84052,60.42373,5.75114,0.66241,-0.24322,-0.27097,0.65470,-0.10790,3.26130,0.32814
60358000000,-0.88405,60.99994,5.62394,0.66364,-0.24032,-0.27313,0.65363,-0.26378,3.49216,-0.77092
60457000000,-0.90038,61.32122,5.64207,0.66432,-0.24036,-0.27316,0.65291,-0.16497,3.24523,0.18315
60523000000,-0.91047,61.53853,5.65578,0.66468,-0.24033,-0.27312,0.65257,-0.15294,3.29266,0.20765
60721000000,-0.94223,62.14986,5.61754,0.66543,-0.23906,-0.27383,0.65197,-0.16037,3.08752,-0.19309
60820000000,-0.95153,62.45938,5.64117,0.66585,-0.23835,-0.27360,0.65190,-0.09393,3.12647,0.23863
60985000000,-0.96874,62.94902,5.66402,0.66632,-0.23836,-0.27377,0.65134,-0.10431,2.96751,0.13850
61051000000,-0.90390,63.17266,5.50792,0.66587,-0.23494,-0.27754,0.65146,0.98235,3.38855,-2.36518
61183000000,-0.90932,63.57501,5.53709,0.66843,-0.23344,-0.27846,0.64897,-0.04105,3.04809,0.22097
61216000000,-0.89433,63.64236,5.55788,0.66915,-0.23329,-0.27879,0.64814,0.45422,2.04075,0.63012
61447000000,-0.87141,64.29886,5.63892,0.68276,-0.22682,-0.28335,0.63411,0.09924,2.84200,0.35081
61546000000,-0.95365,64.67064,5.53676,0.69530,-0.22014,-0.28854,0.62036,-0.83071,3.75536,-1.03187
61645000000,-0.93329,64.94063,5.57916,0.70799,-0.21400,-0.29291,0.60593,0.20561,2.72716,0.42822
61777000000,-0.88603,65.23763,5.67611,0.72819,-0.20400,-0.29927,0.58186,0.35806,2.24998,0.73450
61876000000,-0.84121,65.47491,5.75429,0.74469,-0.19551,-0.30437,0.56086,0.45270,2.39686,0.78965
62008000000,-0.76757,65.77432,5.86679,0.76622,-0.18352,-0.31076,0.53166,0.55788,2.26824,0.85227
62140000000,-0.69281,66.08753,5.89710,0.78657,-0.17106,-0.31923,0.50015,0.56634,2.37280,0.22962
62239000000,-0.63539,66.20806,5.96744,0.79882,-0.16347,-0.32313,0.48036,0.58003,1.21747,0.71051
62371000000,-0.55597,66.36290,6.05934,0.81058,-0.15559,-0.32674,0.46044,0.60166,1.17302,0.69619
62503000000,-0.09632,66.35458,6.34674,0.81287,-0.15122,-0.33044,0.45518,3.48218,-0.06300,2.17727
62602000000,-0.03010,66.41369,6.42000,0.81825,-0.14822,-0.33178,0.44544,0.66895,0.59702,0.74009
62734000000,0.06253,66.52815,6.52148,0.82453,-0.14428,-0.33351,0.43372,0.70171,0.86715,0.76878
62866000000,0.29297,66.50265,6.83017,0.83085,-0.14411,-0.33396,0.42117,1.74578,-0.19322,2.33854
62965000000,0.36342,66.44450,6.89756,0.83462,-0.14192,-0.33510,0.41349,0.71161,-0.58731,0.68066
63097000000,0.46016,66.31107,6.97239,0.84260,-0.13687,-0.33733,0.39685,0.73288,-1.01089,0.56693
63196000000,0.52632,66.16190,7.02386,0.85032,-0.13071,-0.33957,0.38022,0.66824,-1.50677,0.51992
63295000000,0.63944,66.16568,7.30325,0.86050,-0.12476,-0.34107,0.35728,1.14271,0.03822,2.82213
63427000000,0.72314,65.85263,7.36874,0.87237,-0.11401,-0.34431,0.32776,0.63406,-2.37159,0.49610
63493000000,0.75534,65.66142,7.39064,0.87685,-0.10953,-0.34527,0.31611,0.48787,-2.89720,0.33181
63658000000,0.86046,65.00795,7.44874,0.88331,-0.10188,-0.34901,0.29593,0.63709,-3.96040,0.35214
63757000000,0.88967,64.59896,7.45444,0.88680,-0.09921,-0.34949,0.28565,0.29507,-4.13120,0.05758
63823000000,0.89772,64.29533,7.45127,0.88905,-0.09647,-0.34969,0.27927,0.12203,-4.60041,-0.04811
63955000000,0.83924,63.52360,7.31806,0.89189,-0.09179,-0.35262,0.26790,-0.44304,-5.84646,-1.00917
64087000000,0.80764,62.75275,7.25052,0.89613,-0.08768,-0.35291,0.25439,-0.23939,-5.83975,-0.51162
64186000000,0.76423,62.10528,7.18095,0.89983,-0.08223,-0.35461,0.24040,-0.43850,-6.54016,-0.70271
64648000000,0.68167,59.29477,7.02215,0.91599,-0.05777,-0.36304,0.16072,-0.17871,-6.08334,-0.34374
65209000000,-0.72787,53.01831,5.66321,0.92351,-0.04378,-0.36734,0.10133,-2.51255,-11.18800,-2.42234
65506000000,-2.31174,48.50787,3.81087,0.92980,-0.02260,-0.36183,0.06351,-5.33286,-15.18667,-6.23683
65770000000,-3.55984,44.33748,2.52478,0.93122,-0.01520,-0.36168,0.04231,-4.72766,-15.79691,-4.87156
65803000000,-3.61190,43.38056,2.18220,0.93165,-0.01146,-0.36061,0.04321,-1.57767,-28.99759,-10.38118
65968000000,-4.53188,40.46854,1.21689,0.93213,-0.00779,-0.36055,0.03277,-5.57561,-17.64864,-5.85037
66133000000,-5.46074,37.20567,0.22625,0.93263,-0.00283,-0.36002,0.02422,-5.62948,-19.77497,-6.00391
66265000000,-6.35329,34.58258,-0.70070,0.93292,-0.00046,-0.35965,0.01752,-6.76174,-19.87189,-7.02236
66298000000,-6.53993,34.10461,-0.80195,0.93225,0.00061,-0.36140,0.01739,-5.65565,-14.48371,-3.06791
66397000000,-7.27026,32.04186,-1.54999,0.93229,0.00143,-0.36144,0.01381,-7.37712,-20.83588,-7.55603
66496000000,-8.04089,29.91277,-2.33613,0.93224,0.00289,-0.36168,0.01003,-7.78415,-21.50603,-7.94075
66562000000,-8.55306,28.39167,-2.98491,0.93249,0.00469,-0.36110,0.00701,-7.76012,-23.04696,-9.82998
66727000000,-9.97175,24.61628,-4.43480,0.93260,0.00654,-0.36086,0.00173,-8.59812,-22.88111,-8.78724
66826000000,-11.01122,22.54737,-5.60306,0.93265,0.01036,-0.36062,-0.00312,-10.49968,-20.89807,-11.80060
66925000000,-11.96387,20.12952,-6.57531,0.93263,0.01240,-0.36056,-0.00713,-9.62269,-24.42277,-9.82067
67024000000,-13.13410,17.61853,-7.82242,0.93251,0.01275,-0.36073,-0.01157,-11.82051,-25.36352,-12.59708
67123000000,-14.17499,15.06735,-8.88204,0.93242,0.01332,-0.36089,-0.01340,-10.51409,-25.76949,-10.70321
67222000000,-14.74612,12.93702,-9.90612,0.93266,0.01684,-0.36017,-0.01193,-5.76901,-21.51854,-10.34432
67321000000,-15.85233,10.26364,-11.04970,0.93293,0.01589,-0.35959,-0.00959,-11.17382,-27.00381,-11.55124
67420000000,-16.98800,7.87735,-11.95712,0.93216,0.01197,-0.36180,-0.00649,-11.47136,-24.10396,-9.16589
67519000000,-18.19212,5.08961,-13.17863,0.93230,0.01156,-0.36147,-0.00397,-12.16285,-28.15892,-12.33851
67750000000,-19.19634,-2.82524,-14.22265,0.93207,0.00405,-0.36182,0.01771,-4.34729,-34.26343,-4.51956
67981000000,-22.66725,-8.75551,-16.43901,0.93158,-0.00172,-0.36315,0.01665,-15.02559,-25.67216,-9.59465
68047000000,-23.58877,-10.83769,-17.32931,0.93159,-0.00178,-0.36308,0.01756,-13.96240,-31.54820,-13.48929
68179000000,-24.70591,-15.35723,-19.74309,0.93228,0.00339,-0.36108,0.02144,-8.46314,-34.23898,-18.28624
68311000000,-26.62418,-19.75505,-21.67281,0.93261,0.00370,-0.36020,0.02186,-14.53235,-33.31679,-14.61909
68344000000,-25.92425,-20.24250,-21.37100,0.93250,0.00425,-0.36025,0.02552,21.21001,-14.77120,9.14574
68476000000,-27.87081,-24.76766,-23.35350,0.93246,0.00397,-0.36027,0.02667,-14.74667,-34.28151,-15.01895
68542000000,-28.09012,-26.47348,-23.54723,0.93233,0.00215,-0.36065,0.02624,-3.32292,-25.84579,-2.93529
68608000000,-29.09071,-28.79480,-24.56191,0.93227,0.00178,-0.36079,0.02665,-15.16047,-35.17151,-15.37384
68641000000,-29.15659,-29.85882,-24.97051,0.93197,0.00077,-0.36158,0.02639,-1.99624,-32.24292,-12.38199
68740000000,-30.68818,-33.41241,-26.53199,0.93185,0.00119,-0.36191,0.02600,-15.47062,-35.89484,-15.77248
68806000000,-31.21272,-35.70497,-26.53316,0.93157,-0.00113,-0.36265,0.02550,-7.94755,-34.73577,-0.01769
68905000000,-32.80143,-39.35995,-28.11991,0.93176,-0.00032,-0.36233,0.02344,-16.04758,-36.91899,-16.02778
69070000000,-35.76635,-45.75933,-30.51744,0.93206,0.00451,-0.36170,0.02025,-17.96923,-38.78416,-14.53053
69169000000,-37.45614,-49.60175,-32.19087,0.93204,0.00540,-0.36187,0.01779,-17.06861,-38.81223,-16.90333
69400000000,-40.94245,-58.91422,-35.66991,0.93214,0.00969,-0.36163,0.01550,-15.09223,-40.31374,-15.06077
70885000000,-69.37772,-131.78781,-62.67440,0.93324,0.01825,-0.35863,0.01042,-19.14833,-49.07313,-18.18484
71083000000,-74.17482,-142.24147,-66.92279,0.93057,0.01179,-0.36571,0.01270,-24.22780,-52.79626,-21.45654
71182000000,-76.58705,-147.56682,-69.27789,0.93058,0.01200,-0.36568,0.01213,-24.36597,-53.79139,-23.78884
71281000000,-79.23629,-153.02373,-71.83543,0.93093,0.01343,-0.36484,0.00871,-26.75998,-55.12030,-25.83382
71380000000,-81.73853,-158.48549,-74.27920,0.93105,0.01357,-0.36454,0.00808,-25.27518,-55.16931,-24.68448
71446000000,-83.81942,-162.00804,-76.06223,0.93128,0.01186,-0.36406,0.00615,-31.52859,-53.37201,-27.01557
71578000000,-87.27524,-169.44321,-79.42208,0.93152,0.01208,-0.36344,0.00570,-26.18044,-56.32701,-25.45345
71644000000,-89.09697,-173.21767,-81.34806,0.93101,0.01198,-0.36474,0.00672,-27.60199,-57.18879,-29.18151
74383000000,-179.91328,-363.86728,-175.76445,0.67674,0.28376,-0.21938,-0.64295,-33.15674,-69.60555,-34.47112
74449000000,-183.14868,-368.84970,-178.53613,0.66701,0.28734,-0.21500,-0.65292,-49.02117,-75.49124,-41.99519
74647000000,-192.13489,-384.12747,-187.71632,0.65292,0.29247,-0.20800,-0.66701,-45.38488,-77.16046,-46.36460
74680000000,-193.74046,-386.66614,-189.22821,0.65341,0.29232,-0.20782,-0.66664,-48.65380,-76.92927,-45.81475
74812000000,-199.96863,-396.87518,-195.56166,0.66033,0.29047,-0.21012,-0.65988,-47.18307,-77.34126,-47.98069
74878000000,-203.13922,-402.02417,-198.76193,0.66604,0.28858,-0.21132,-0.65456,-48.03929,-78.01495,-48.48896
74977000000,-207.97417,-409.69342,-203.66023,0.67513,0.28597,-0.21541,-0.64500,-48.83784,-77.46718,-49.47778
75142000000,-216.20422,-422.54196,-212.03607,0.68445,0.28319,-0.21785,-0.63551,-49.87913,-77.86994,-50.76266
75307000000,-224.61569,-435.36200,-220.67780,0.68595,0.28315,-0.21758,-0.63400,-50.97860,-77.69720,-52.37408
75406000000,-229.86072,-443.09473,-225.95912,0.68566,0.28342,-0.21667,-0.63450,-52.98006,-78.10835,-53.34673
75505000000,-234.85033,-450.97842,-231.14575,0.68475,0.28336,-0.21447,-0.63626,-50.40009,-79.63331,-52.39021
75604000000,-240.27689,-458.75290,-236.59583,0.68248,0.28432,-0.21335,-0.63864,-54.81373,-78.53005,-55.05125
75670000000,-243.49892,-464.06863,-240.22398,0.68192,0.28379,-0.21094,-0.64028,-48.81865,-80.54144,-54.97210
75769000000,-249.06458,-471.87988,-245.80971,0.68248,0.28379,-0.21131,-0.63955,-56.21877,-78.90150,-56.42146
75934000000,-258.17291,-485.03931,-255.35799,0.68381,0.28357,-0.20985,-0.63871,-55.20204,-79.75408,-57.86835
76066000000,-265.93118,-495.52631,-263.13095,0.68483,0.28393,-0.21016,-0.63736,-58.77478,-79.44697,-58.88609
76198000000,-273.80344,-506.16824,-270.90427,0.68534,0.28410,-0.21007,-0.63676,-59.63828,-80.62074,-58.88875
76297000000,-279.85486,-514.08307,-276.94467,0.68635,0.28433,-0.20984,-0.63565,-61.12548,-79.94773,-61.01419
76363000000,-283.73279,-519.50653,-280.88623,0.68699,0.28427,-0.21032,-0.63482,-58.75651,-82.17367,-59.72059
76528000000,-294.11691,-532.77045,-291.23392,0.68828,0.28452,-0.21061,-0.63322,-62.93409,-80.38737,-62.71325
76627000000,-300.39996,-540.79211,-297.55075,0.68922,0.28413,-0.21037,-0.63244,-63.46516,-81.02695,-63.80640
76726000000,-306.84595,-548.79663,-303.96005,0.68974,0.28439,-0.21090,-0.63159,-65.11095,-80.85371,-64.74043
76858000000,-315.39615,-559.65070,-312.66580,0.69108,0.28453,-0.21045,-0.63021,-64.77425,-82.22777,-65.95265
76990000000,-324.29208,-570.39795,-321.50183,0.69173,0.28361,-0.20958,-0.63019,-67.39345,-81.41859,-66.93961
77122000000,-333.38977,-581.27795,-330.39816,0.69275,0.28340,-0.20998,-0.62904,-68.92187,-82.42428,-67.39645
77254000000,-342.62006,-592.10229,-339.53625,0.69362,0.28282,-0.20881,-0.62873,-69.92641,-82.00258,-69.22797
77320000000,-347.22958,-597.67822,-344.02777,0.69434,0.28291,-0.20936,-0.62771,-69.84132,-84.48376,-68.05328
77518000000,-361.50476,-614.02313,-358.12695,0.69603,0.28232,-0.20847,-0.62640,-72.09686,-82.55005,-71.20799
77650000000,-370.37009,-625.51215,-368.64438,0.69564,0.28248,-0.20910,-0.62655,-67.16156,-87.03798,-79.67747
77782000000,-380.27829,-636.47583,-378.42850,0.69514,0.28279,-0.20818,-0.62728,-75.06215,-83.05821,-74.12211
77914000000,-388.87173,-647.77753,-387.60931,0.69519,0.28261,-0.20789,-0.62739,-65.10185,-85.61891,-69.55164
77947000000,-391.40945,-650.53522,-390.11404,0.69512,0.28257,-0.20810,-0.62742,-76.90060,-83.56638,-75.90092
78145000000,-405.89539,-667.44263,-404.77029,0.69490,0.28297,-0.20884,-0.62724,-73.16127,-85.39096,-74.02146
78277000000,-416.38260,-678.55573,-415.10788,0.69523,0.28304,-0.20900,-0.62679,-79.44859,-84.19014,-78.31504
78442000000,-428.99399,-692.58173,-427.69489,0.69531,0.28278,-0.20858,-0.62695,-76.43266,-85.00607,-76.28488
78574000000,-439.84192,-703.77710,-438.36877,0.69599,0.28239,-0.20792,-0.62660,-82.18130,-84.81344,-80.86280
78673000000,-448.08673,-712.19788,-446.47470,0.69690,0.28162,-0.20820,-0.62583,-83.28093,-85.05835,-81.87804
78805000000,-457.75787,-723.47327,-456.71539,0.69567,0.28259,-0.20649,-0.62733,-73.26624,-85.41962,-77.58100
78937000000,-469.03366,-734.76898,-467.79276,0.69562,0.28256,-0.20670,-0.62733,-85.42263,-85.57360,-83.91941
79069000000,-480.47525,-746.10181,-479.02200,0.69631,0.28221,-0.20645,-0.62681,-86.67871,-85.85474,-85.07006
79234000000,-494.76981,-760.21252,-493.36081,0.69629,0.28183,-0.20658,-0.62696,-86.63367,-85.51950,-86.90186
79366000000,-506.57327,-771.62219,-504.93631,0.69676,0.28130,-0.20626,-0.62677,-89.42020,-86.43688,-87.69318
79498000000,-518.54297,-783.06891,-516.66443,0.69716,0.28106,-0.20653,-0.62635,-90.67952,-86.71754,-88.84939
79630000000,-530.25342,-794.42438,-528.81927,0.69792,0.28003,-0.20601,-0.62614,-88.71552,-86.02628,-92.08217
79729000000,-539.45001,-803.05737,-537.83594,0.69866,0.27978,-0.20542,-0.62562,-92.89489,-87.20197,-91.07740
79927000000,-558.12219,-820.38605,-556.12592,0.70030,0.27936,-0.20644,-0.62363,-94.30394,-87.51855,-92.37363
80059000000,-570.62738,-831.54901,-568.60748,0.69835,0.28034,-0.20563,-0.62564,-94.73627,-84.56791,-94.55733
80158000000,-580.22253,-840.25818,-577.99518,0.69961,0.27964,-0.20573,-0.62451,-96.92075,-87.97139,-94.82520
80290000000,-593.16174,-851.90381,-590.64532,0.70090,0.27938,-0.20613,-0.62306,-98.02431,-88.22447,-95.83444
80488000000,-612.80927,-869.10675,-609.95465,0.69868,0.28066,-0.20412,-0.62563,-99.22991,-86.88354,-97.52185
80554000000,-619.46381,-874.96545,-616.44965,0.69940,0.27983,-0.20371,-0.62533,-100.82638,-88.76823,-98.40902
80653000000,-629.52271,-883.77075,-626.26343,0.70004,0.27949,-0.20422,-0.62460,-101.60504,-88.94241,-99.12911
80884000000,-653.03601,-904.21643,-649.70447,0.70017,0.27910,-0.20302,-0.62501,-101.78920,-88.50943,-101.47636
80983000000,-663.39606,-913.08813,-659.80597,0.70155,0.27827,-0.20196,-0.62418,-104.64693,-89.61317,-102.03537
81148000000,-680.86926,-927.92279,-676.83002,0.70201,0.27833,-0.20086,-0.62400,-105.89821,-89.90700,-103.17604
81247000000,-691.16180,-936.82886,-687.14575,0.70199,0.27766,-0.20122,-0.62419,-103.96507,-89.96027,-104.19934
81313000000,-698.27954,-942.79388,-694.07556,0.70308,0.27692,-0.20020,-0.62363,-107.84450,-90.37920,-104.99712
81511000000,-719.87994,-960.74689,-715.08923,0.70484,0.27594,-0.20007,-0.62212,-109.09294,-90.67173,-106.12965
81577000000,-726.91876,-966.86340,-722.11627,0.70377,0.27745,-0.19879,-0.62307,-106.64877,-92.67448,-106.47028
81742000000,-745.29529,-981.92310,-739.97638,0.70608,0.27672,-0.19799,-0.62103,-111.37288,-91.27086,-108.24307
81808000000,-752.71814,-987.96417,-747.18622,0.70683,0.27642,-0.19908,-0.61997,-112.46745,-91.53146,-109.23998
81907000000,-763.78668,-997.35211,-757.79437,0.70515,0.27614,-0.19820,-0.62228,-111.80346,-94.82767,-107.15308
82006000000,-775.08789,-1006.46313,-768.75513,0.70595,0.27616,-0.19689,-0.62177,-114.15363,-92.03053,-110.71469
82204000000,-797.96667,-1024.75269,-790.92731,0.70716,0.27602,-0.19657,-0.62057,-115.54942,-92.37147,-111.98071
82336000000,-813.57709,-1037.18164,-805.42023,0.70437,0.27479,-0.19693,-0.62416,-118.26070,-94.15875,-109.79485
82435000000,-825.28296,-1046.39368,-816.72845,0.70519,0.27384,-0.19669,-0.62372,-118.24113,-93.05087,-114.22452
82600000000,-845.41107,-1061.62268,-835.30615,0.70597,0.27425,-0.19451,-0.62334,-121.98856,-92.29699,-112.59210
82699000000,-857.37335,-1070.89233,-846.82288,0.70650,0.27366,-0.19418,-0.62311,-120.83112,-93.63287,-116.33054
82831000000,-873.46704,-1083.28723,-862.30731,0.70686,0.27263,-0.19301,-0.62352,-121.92189,-93.90074,-117.30634
82930000000,-885.77905,-1092.67322,-873.56030,0.70748,0.27193,-0.19218,-0.62337,-124.36375,-94.80795,-113.66657
83029000000,-898.05280,-1102.02026,-885.33838,0.70842,0.27172,-0.19210,-0.62242,-123.97720,-94.41460,-118.97047
83095000000,-906.28662,-1108.26416,-893.23560,0.70875,0.27122,-0.19163,-0.62240,-124.75494,-94.60449,-119.65480
83227000000,-903.11224,-1153.29480,-899.34045,0.70488,0.27019,-0.19188,-0.62715,24.04831,-341.14120,-46.24893
83392000000,-923.22076,-1170.40259,-918.99750,0.70592,0.26989,-0.19178,-0.62614,-121.86982,-103.68356,-119.13359
83491000000,-936.16528,-1179.42224,-931.53473,0.70567,0.27027,-0.19031,-0.62671,-130.75272,-91.10761,-126.63870
83590000000,-948.46710,-1189.70337,-943.53827,0.70666,0.27008,-0.18945,-0.62594,-124.26080,-103.84978,-121.24788
83788000000,-973.65887,-1210.11316,-967.90515,0.70653,0.26970,-0.18832,-0.62659,-127.23118,-103.07975,-123.06506
83887000000,-986.24634,-1220.45642,-980.15570,0.70662,0.27019,-0.18709,-0.62664,-127.14610,-104.47739,-123.74292
84019000000,-1003.58557,-1233.97241,-996.58099,0.70689,0.26874,-0.18682,-0.62704,-131.35783,-102.39388,-124.43404
84118000000,-1016.39954,-1244.35962,-1009.01752,0.70673,0.26868,-0.18723,-0.62713,-129.43399,-104.92128,-125.62145
84217000000,-1029.30640,-1254.76953,-1021.53528,0.70660,0.26846,-0.18729,-0.62735,-130.37233,-105.15063,-126.44203
89728000000,0.09360,0.24750,-0.15800,0.50000,0.50000,-0.50000,0.50000,186.79005,227.72946,185.33429
89794000000,0.08535,0.23772,-0.08644,0.52144,0.52093,-0.47773,0.47802,-0.12502,-0.14815,1.08428
89893000000,0.19682,0.22442,0.04352,0.54774,0.54731,-0.44721,0.44770,1.12598,-0.13432,1.31274
90223000000,0.09360,0.24750,-0.15800,0.50000,0.50000,-0.50000,0.50000,-0.31279,0.06993,-0.61068
90355000000,-0.15600,0.26980,0.37560,0.52025,0.52200,-0.47837,0.47752,-1.89090,0.16891,4.04245
90421000000,-0.26450,0.32670,0.63531,0.52798,0.53239,-0.46906,0.46667,-1.64396,0.86219,3.93490
90553000000,-0.32301,0.31493,1.11739,0.54036,0.54607,-0.45363,0.45171,-0.44322,-0.08916,3.65213
90619000000,-0.43029,0.30619,1.40322,0.54637,0.55247,-0.44582,0.44441,-1.62548,-0.13250,4.33074
90718000000,-0.53542,0.32929,1.86252,0.55193,0.55945,-0.43853,0.43599,-1.06192,0.23335,4.63938
90817000000,-0.55567,0.35241,2.33779,0.55442,0.56061,-0.43745,0.43242,-0.20461,0.23360,4.80073
90850000000,-0.46267,0.33241,2.19176,0.55486,0.55871,-0.43819,0.43354,2.81837,-0.60624,-4.42522
91048000000,-0.10878,0.35174,1.67035,0.54549,0.54400,-0.45445,0.44719,1.78733,0.09765,-2.63338
91147000000,-0.54384,0.09688,2.71065,0.53523,0.53675,-0.46153,0.46089,-4.39457,-2.57436,10.50815
91213000000,-0.49345,0.26817,3.11756,0.52374,0.52709,-0.47416,0.47228,0.76351,2.59524,6.16528
91708000000,0.09360,0.24750,-0.15800,0.50000,0.50000,-0.50000,0.50000,1.18595,-0.04175,-6.61730
91807000000,0.07582,0.24261,-0.01266,0.49154,0.49145,-0.50828,0.50845,-0.17963,-0.04940,1.46809
91939000000,0.03580,0.25200,0.17028,0.48163,0.48166,-0.51765,0.51776,-0.30319,0.07117,1.38587
92071000000,0.00294,0.25179,0.35159,0.47270,0.47261,-0.52588,0.52597,-0.24891,-0.00162,1.37360
92170000000,-0.03674,0.24166,0.50422,0.46682,0.46658,-0.53109,0.53135,-0.40083,-0.10231,1.54167
92302000000,-0.02176,0.25033,0.66658,-0.45911,-0.45855,0.53809,-0.53796,0.11352,0.06565,1.23004
92401000000,-0.10164,0.21693,0.83002,0.45498,0.45378,-0.54143,0.54215,-0.80686,-0.33732,1.65089
92533000000,-0.30390,0.24816,0.92088,0.45069,0.45051,-0.54479,0.54509,-1.53234,0.23654,0.68835
92632000000,-0.37141,0.27258,1.04480,-0.44692,-0.44720,0.54797,-0.54773,-0.68188,0.24672,1.25167
92764000000,-0.35201,0.30014,1.35974,-0.44062,-0.44175,0.55303,-0.55215,0.14698,0.20877,2.38593
92896000000,-0.40517,0.27146,1.63290,-0.43672,-0.43665,0.55651,-0.55579,-0.40275,-0.21724,2.06941
93028000000,-0.57946,0.28622,1.76562,-0.43406,-0.43440,0.55832,-0.55783,-1.32035,0.11178,1.00543
93127000000,-0.86855,0.25473,1.81735,0.43402,0.43355,-0.55803,0.55880,-2.92014,-0.31806,0.52255
93160000000,-0.96805,0.24704,1.84001,0.43403,0.43342,-0.55801,0.55892,-3.01514,-0.23304,0.68643
93358000000,-1.19970,0.26551,2.16201,0.43035,0.43048,-0.56024,0.56180,-1.16997,0.09327,1.62628
93523000000,-1.48693,0.25828,2.35285,0.42898,0.42949,-0.56031,0.56353,-1.74075,-0.04378,1.15663
93556000000,-1.69797,0.27755,2.55217,0.42873,0.42987,-0.56099,0.56276,-6.39510,0.58390,6.04003
93787000000,-2.29209,0.36932,2.90558,0.42893,0.43104,-0.56083,0.56186,-2.57195,0.39725,1.52992
93886000000,-2.60386,0.37127,2.93762,0.42968,0.43225,-0.55943,0.56176,-3.14927,0.01971,0.32363
94018000000,-2.68837,0.29095,3.20752,0.42892,0.42985,-0.56085,0.56276,-0.64019,-0.60845,2.04464
94150000000,-3.02979,0.27694,3.20102,0.43197,0.43056,-0.56029,0.56045,-2.58649,-0.10620,-0.04922
94315000000,-3.48703,0.28699,3.21910,-0.43484,-0.43310,0.55848,-0.55807,-2.77119,0.06096,0.10959
94414000000,-3.70259,0.22663,3.27983,0.43521,0.43274,-0.55748,0.55905,-2.17738,-0.60975,0.61337
94546000000,-4.09738,0.22009,3.31525,0.43921,0.43500,-0.55520,0.55644,-2.99081,-0.04955,0.26837
94612000000,-4.45956,0.20826,3.34975,0.44025,0.43668,-0.55346,0.55604,-5.48758,-0.17929,0.52268
94777000000,-4.90173,0.20933,3.38947,0.44476,0.43821,-0.55156,0.55312,-2.67981,0.00653,0.24072
94843000000,-5.10160,0.21128,3.42509,0.44631,0.43973,-0.55032,0.55190,-3.02831,0.02943,0.53982
95008000000,-5.90215,4.03026,-0.38226,0.62958,-0.01739,-0.04042,0.77569,-4.85181,23.14538,-23.07488
95140000000,-6.24311,4.18566,-0.40419,0.63230,-0.01764,-0.04075,0.77345,-2.58304,1.17722,-0.16612
95239000000,-6.57701,4.23174,-0.26867,0.63449,-0.01438,-0.03475,0.77201,-3.37272,0.46545,1.36891
95371000000,-6.98265,4.25938,-0.28873,0.63789,-0.01403,-0.03461,0.76922,-3.07307,0.20939,-0.15197
95437000000,-7.18989,4.27371,-0.29834,0.63930,-0.01391,-0.03448,0.76806,-3.13992,0.21723,-0.14569
95569000000,-6.98050,3.76365,-0.23230,0.63982,-0.01377,-0.03225,0.76772,1.58627,-3.86411,0.50029
95701000000,-7.37351,3.75394,-0.24329,0.64326,-0.01379,-0.03232,0.76485,-2.97732,-0.07360,-0.08322
95767000000,-7.56982,3.74669,-0.25254,0.64425,-0.01414,-0.03189,0.76402,-2.97442,-0.10977,-0.14016
95932000000,-8.03295,3.68286,-0.24762,0.64822,-0.01318,-0.03016,0.76074,-2.80685,-0.38685,0.02983
96097000000,-8.55361,3.63952,-0.25614,0.65539,-0.01334,-0.03035,0.75456,-3.15552,-0.26269,-0.05163
96229000000,-8.97998,3.60270,-0.26389,0.65915,-0.01328,-0.03010,0.75129,-3.23008,-0.27895,-0.05870
96328000000,-9.07440,4.08204,-0.33154,0.65888,-0.01327,-0.03135,0.75147,-0.95376,4.84184,-0.68339
96427000000,-9.38458,4.10894,-0.34511,0.66330,-0.01323,-0.03167,0.74757,-3.13309,0.27174,-0.13708
96526000000,-9.73517,4.09145,-0.36245,0.66706,-0.01373,-0.03260,0.74417,-3.54138,-0.17665,-0.17515
96658000000,-10.02414,4.79199,-0.38557,0.66853,-0.01173,-0.03100,0.74294,-2.18917,5.30711,-0.17514
96757000000,-10.32455,4.86573,-0.39363,0.67202,-0.01136,-0.03099,0.73980,-3.03443,0.74488,-0.08142
96856000000,-10.63858,4.92715,-0.41078,0.67462,-0.01102,-0.03118,0.73742,-3.17196,0.62035,-0.17319
96988000000,-11.36208,5.14626,-0.47076,0.68159,-0.01158,-0.03175,0.73095,-5.48106,1.65990,-0.45441
97219000000,-12.17360,5.28957,-0.54354,0.68792,-0.01106,-0.03213,0.72499,-3.51311,0.62040,-0.31509
97351000000,-12.62509,5.80396,-0.29983,0.68954,-0.01217,-0.02981,0.72353,-3.42034,3.89694,1.84632
97450000000,-12.98216,5.92026,-0.35366,0.69270,-0.01505,-0.02229,0.72072,-3.60681,1.17470,-0.54375
97549000000,-13.34159,6.02221,-0.36368,0.69597,-0.01495,-0.02188,0.71758,-3.63062,1.02986,-0.10122
97780000000,-14.20023,6.25978,-0.38627,0.70197,-0.01496,-0.02147,0.71173,-3.71705,1.02844,-0.09779
97978000000,-14.85548,6.49562,-0.10108,0.70483,-0.01240,-0.01148,0.70918,-3.30932,1.19110,1.44037
98077000000,-15.23292,6.60583,-0.10702,0.70768,-0.01272,-0.01163,0.70633,-3.81254,1.11316,-0.06002
98176000000,-14.08940,7.28157,0.15603,0.70386,-0.01426,-0.00806,0.71015,11.55068,6.82568,2.65707
98374000000,-14.68835,7.60211,0.13375,0.70944,-0.01385,-0.00759,0.70459,-3.02498,1.61891,-0.11253
98506000000,-15.09615,7.82456,0.11733,0.71291,-0.01385,-0.00777,0.70107,-3.08943,1.68520,-0.12436
98572000000,-13.89871,7.87134,0.15183,0.70619,-0.01510,-0.00789,0.70782,18.14308,0.70885,0.52269
98836000000,-14.68030,8.26428,0.13623,0.71568,-0.01488,-0.00786,0.69822,-2.96058,1.48839,-0.05910
98935000000,-13.89063,7.81651,0.16395,0.72355,-0.01517,-0.00691,0.69007,7.97645,-4.52294,0.27997
99166000000,-13.88487,8.48480,0.15698,0.73764,-0.01547,-0.00690,0.67498,0.02494,2.89303,-0.03016
99199000000,-13.86905,8.60148,0.15204,0.74045,-0.01517,-0.00709,0.67190,0.47955,3.53568,-0.14974
99364000000,-14.04325,8.76521,0.14579,0.76596,-0.01523,-0.00835,0.64265,-1.05576,0.99233,-0.03788
99529000000,-13.99826,9.40339,0.14227,0.79267,-0.01424,-0.00833,0.60942,0.27267,3.86773,-0.02131
99628000000,-13.92384,9.79473,0.13125,0.80510,-0.01453,-0.00967,0.59289,0.75174,3.95297,-0.11129
99793000000,-13.19311,9.99161,0.07962,0.82009,-0.01437,-0.00995,0.57197,4.42866,1.19319,-0.31293
99826000000,-13.18539,10.11990,0.07929,0.82554,-0.01398,-0.00981,0.56408,0.23388,3.88758,-0.01000
100024000000,-13.02512,10.78565,0.07413,0.85022,-0.01255,-0.01067,0.52616,0.80946,3.36239,-0.02608
100123000000,-12.28525,11.23581,0.08467,0.85873,-0.01291,-0.01361,0.51208,7.47337,4.54706,0.10656
100387000000,-12.29641,11.98906,0.04855,0.90056,-0.01092,-0.01456,0.43434,-0.04227,2.85323,-0.13682
100486000000,-12.30107,12.25082,0.03650,0.91676,-0.01021,-0.01492,0.39903,-0.04708,2.64407,-0.12171
100618000000,-11.48547,12.50609,0.05059,0.93334,-0.00848,-0.01557,0.35855,6.17881,1.93387,0.10670
101245000000,0.09360,0.24750,-0.15800,0.50000,0.50000,-0.50000,0.50000,18.46742,-19.55119,-0.33267
101344000000,0.12458,0.24816,-0.08273,0.51281,0.51268,-0.48694,0.48690,0.31297,0.00663,0.76033
101443000000,0.15793,0.24987,-0.00699,0.52397,0.52456,-0.47438,0.47461,0.33679,0.01727,0.76506
101509000000,0.18329,0.24834,0.04324,0.53044,0.53059,-0.46739,0.46760,0.38432,-0.02309,0.76101
101641000000,0.22444,0.24944,0.14282,0.54091,0.54149,-0.45504,0.45513,0.31175,0.00832,0.75437
101773000000,0.26177,0.24858,0.22342,0.54862,0.54890,-0.44580,0.44608,0.28279,-0.00654,0.61062
101806000000,0.26900,0.24440,0.25090,0.55080,0.54978,-0.44412,0.44398,0.21901,-0.12659,0.83286
102037000000,0.27237,0.28199,0.24827,0.55743,0.55743,-0.43521,0.43490,0.01459,0.16272,-0.01141
102169000000,0.38544,0.22581,0.32427,0.56144,0.56077,-0.42996,0.43064,0.85659,-0.42557,0.57579
102202000000,0.40073,0.22783,0.31737,0.56231,0.56161,-0.42885,0.42952,0.46338,0.06093,-0.20919
102367000000,0.42598,0.13503,0.40851,0.56818,0.56624,-0.42056,0.42387,0.15306,-0.56241,0.55237
102499000000,1.09837,0.23578,-0.15247,0.56630,0.55974,-0.42847,0.42710,5.09383,0.76326,-4.24982
102631000000,0.56262,0.22085,0.30494,0.57558,0.57251,-0.41268,0.41309,-4.05872,-0.11309,3.46517
102730000000,0.60293,0.24419,0.38620,0.57849,0.57554,-0.40900,0.40845,0.40720,0.23579,0.82086
102829000000,0.63348,0.27473,0.39569,0.58067,0.57820,-0.40597,0.40459,0.30855,0.30850,0.09589
102961000000,0.78457,0.21676,0.37938,0.58362,0.57925,-0.40242,0.40239,1.14464,-0.43922,-0.12357
103027000000,1.05634,0.23886,0.45462,0.58384,0.57970,-0.40236,0.40148,4.11778,0.33492,1.13994
103192000000,1.11011,0.23508,0.58394,0.58721,0.58270,-0.39772,0.39681,0.32583,-0.02294,0.78379
103258000000,1.13546,0.23975,0.62741,0.58823,0.58386,-0.39611,0.39522,0.38422,0.07078,0.65855
103423000000,0.78287,0.29312,0.86089,0.59200,0.59104,-0.38796,0.38690,-2.13695,0.32347,1.41502
103555000000,0.47214,0.29567,1.04433,0.59606,0.59535,-0.38123,0.38070,-2.35400,0.01931,1.38970
103720000000,0.04981,0.31349,1.36544,0.60096,0.60144,-0.37283,0.37164,-2.55961,0.10801,1.94613
103819000000,-0.25201,0.22699,2.13958,0.60572,0.60767,-0.36218,0.36423,-3.04867,-0.87381,7.81957
103984000000,-1.07056,2.76232,-0.57734,0.86640,-0.05795,-0.03241,0.49492,-4.96088,15.36569,-16.46613
104083000000,-1.28964,3.01395,-0.60811,0.86944,-0.05759,-0.03235,0.48961,-2.21300,2.54170,-0.31085
104215000000,-1.59089,3.34044,-0.64908,0.87154,-0.05828,-0.03208,0.48580,-2.28217,2.47336,-0.31041
104809000000,0.09360,0.24750,-0.15800,0.50000,0.50000,-0.50000,0.50000,2.83584,-5.20697,0.82674
104908000000,-0.21452,0.24405,0.00443,0.50023,0.50094,-0.49908,0.49975,-3.11230,-0.03483,1.64066
104974000000,-0.43222,0.24066,0.09982,0.50124,0.50207,-0.49785,0.49884,-3.29854,-0.05143,1.44531
105007000000,-0.53175,0.23913,0.15386,0.50165,0.50227,-0.49750,0.49858,-3.01611,-0.04629,1.63770
105139000000,-0.93957,0.24885,0.34900,0.50312,0.50423,-0.49626,0.49633,-3.08955,0.07365,1.47833
105337000000,-1.55624,0.23785,0.68556,0.50583,0.50669,-0.49310,0.49421,-3.11451,-0.05559,1.69980
105469000000,0.09360,0.24750,-0.15800,0.50000,0.50000,-0.50000,0.50000,12.49883,0.07314,-6.39061
105535000000,-0.07978,0.24625,-0.08319,0.49934,0.49930,-0.50056,0.50081,-2.62691,-0.01893,1.13346
105568000000,-0.16157,0.25010,-0.04382,0.49883,0.49891,-0.50111,0.50115,-2.47867,0.11673,1.19306
105733000000,-0.50822,0.23079,0.03002,0.49726,0.49675,-0.50220,0.50376,-2.10091,-0.11703,0.44752
105832000000,-0.76758,0.22980,0.15482,0.49635,0.49573,-0.50301,0.50485,-2.61975,-0.01003,1.26056
105964000000,-1.10919,0.23173,0.34024,0.49478,0.49462,-0.50431,0.50618,-2.58794,0.01462,1.40470
106096000000,-1.41346,0.23607,0.57872,0.49307,0.49242,-0.50674,0.50756,-2.30509,0.03285,1.80673
106162000000,-1.62992,0.20152,0.68805,0.49682,0.49749,-0.49888,0.50674,-3.27973,-0.52339,1.65649
106591000000,0.09360,0.24750,-0.15800,0.50000,0.50000,-0.50000,0.50000,4.01753,0.10717,-1.97215
106723000000,-0.39550,0.23854,0.09168,0.50493,0.50583,-0.49384,0.49528,-3.70532,-0.06791,1.89151
106855000000,-0.73685,0.27679,0.35586,0.50848,0.51108,-0.48961,0.49045,-2.58593,0.28980,2.00137
106987000000,-1.18032,0.27615,0.72467,0.51378,0.51704,-0.48364,0.48455,-3.35969,-0.00484,2.79404
107020000000,-0.13153,0.21528,0.30819,0.50273,0.50248,-0.49619,0.49857,31.78152,-1.84440,-12.62073
107152000000,-0.07658,0.22320,0.44784,0.50206,0.50203,-0.49662,0.49926,0.41634,0.05996,1.05793
107218000000,-0.41653,0.26932,0.56340,0.50499,0.50735,-0.49270,0.49480,-5.15078,0.69878,1.75100
107449000000,-0.16885,0.19489,0.73579,0.50385,0.50304,-0.49467,0.49838,1.07220,-0.32220,0.74629
107482000000,-0.50190,0.22816,0.88025,0.50687,0.50749,-0.49124,0.49419,-10.09239,1.00814,4.37735
107581000000,-0.91097,0.22040,1.00739,0.51173,0.51263,-0.48567,0.48936,-4.13202,-0.07833,1.28424
107647000000,-1.15727,0.21787,1.12833,0.51453,0.51594,-0.48228,0.48628,-3.73185,-0.03842,1.83243
107713000000,-1.31161,0.23189,1.30852,0.51703,0.51808,-0.48063,0.48299,-2.33838,0.21250,2.73013
107779000000,-1.26099,0.24050,1.21209,0.51558,0.51732,-0.48131,0.48466,0.76684,0.13038,-1.46096
107812000000,-1.39189,0.23632,1.24879,0.51700,0.51886,-0.47958,0.48321,-3.96643,-0.12661,1.11191
107977000000,-1.87953,0.22028,1.47293,0.52283,0.52479,-0.47279,0.47718,-2.95542,-0.09718,1.35848
108109000000,-1.63113,0.21777,1.42328,0.51967,0.52062,-0.47704,0.48097,1.88184,-0.01902,-0.37614
108208000000,-1.59961,0.21687,1.45810,0.51936,0.52024,-0.47734,0.48141,0.31840,-0.00909,0.35166
108307000000,-1.60341,0.21804,1.48594,0.51943,0.52035,-0.47727,0.48129,-0.03840,0.01177,0.28121
108439000000,-1.59739,0.21866,1.52077,0.51948,0.52027,-0.47733,0.48126,0.04560,0.00468,0.26389
108538000000,-1.61632,0.20311,1.49778,0.52031,0.52063,-0.47642,0.48088,-0.19119,-0.15701,-0.23218
108670000000,-1.58709,0.20450,1.54285,0.52038,0.52066,-0.47649,0.48070,0.22143,0.01049,0.34141
108736000000,-1.58580,0.20301,1.53861,0.52024,0.52053,-0.47661,0.48088,0.01952,-0.02252,-0.06421
108802000000,-1.53582,0.19189,1.47734,0.52008,0.52031,-0.47667,0.48123,0.75727,-0.16849,-0.92837
108868000000,-1.53690,0.19150,1.47629,0.52008,0.52032,-0.47664,0.48124,-0.01644,-0.00587,-0.01585
108901000000,-1.53716,0.19149,1.47585,0.52007,0.52033,-0.47664,0.48125,-0.00766,-0.00043,-0.01349
108967000000,-1.53740,0.19154,1.47558,0.52007,0.52033,-0.47664,0.48124,-0.00365,0.00078,-0.00399
109000000000,-1.53736,0.19158,1.47553,0.52012,0.52028,-0.47667,0.48123,0.00118,0.00111,-0.00179
