232000000,0.09360,0.24750,-0.15800,0.50000,0.50000,-0.50000,0.50000,0.00000,0.00000,0.00000
265000000,0.09350,0.24745,-0.15839,0.50000,0.50005,-0.50002,0.49993,-0.00295,-0.00142,-0.01184
298000000,0.09354,0.24754,-0.15830,0.49994,0.50004,-0.50002,0.50000,0.00122,0.00267,0.00271
331000000,0.09360,0.24742,-0.15841,-0.49996,-0.50000,0.50004,-0.50000,0.00169,-0.00361,-0.00328
364000000,0.09344,0.24733,-0.15827,0.49998,0.50003,-0.50000,0.49999,-0.00472,-0.00274,0.00432
397000000,0.09342,0.24745,-0.15823,0.50000,0.50004,-0.50000,0.49996,-0.00071,0.00347,0.00120
430000000,0.09350,0.24734,-0.15825,0.50002,0.50002,-0.49999,0.49997,0.00257,-0.00325,-0.00076
463000000,0.09359,0.24723,-0.15843,0.49999,0.50003,-0.49998,0.50001,0.00263,-0.00340,-0.00552
496000000,0.09345,0.24694,-0.15855,0.50008,0.49997,-0.49996,0.49999,-0.00433,-0.00866,-0.00354
529000000,0.09319,0.24702,-0.15841,0.50013,0.49998,-0.49995,0.49994,-0.00784,0.00249,0.00432
562000000,0.09309,0.24683,-0.15865,0.50019,0.49996,-0.49995,0.49990,-0.00308,-0.00572,-0.00734
595000000,0.09320,0.24671,-0.15867,0.50018,0.49993,-0.49998,0.49992,0.00345,-0.00380,-0.00058
628000000,0.09320,0.24674,-0.15879,0.50012,0.49997,-0.49998,0.49993,-0.00008,0.00106,-0.00362
661000000,0.09330,0.24694,-0.15841,0.50011,0.49997,-0.50000,0.49993,0.00306,0.00592,0.01165
694000000,0.09335,0.24679,-0.15861,0.50017,0.49994,-0.50000,0.49990,0.00140,-0.00440,-0.00617
727000000,0.09349,0.24696,-0.15850,0.50007,0.49998,-0.50000,0.49995,0.00432,0.00487,0.00345
760000000,0.09307,0.24680,-0.15738,0.50020,0.49991,-0.50004,0.49986,-0.01281,-0.00463,0.03371
793000000,0.09256,0.24665,-0.15573,0.50034,0.49991,-0.50012,0.49963,-0.01544,-0.00476,0.05016
826000000,0.09259,0.24679,-0.15187,0.50032,0.50003,-0.50004,0.49960,0.00112,0.00432,0.11697
925000000,0.09343,0.24664,-0.13377,0.50030,0.50011,-0.49996,0.49963,0.00841,-0.00154,0.18278
958000000,0.09348,0.24644,-0.12472,0.50039,0.50006,-0.49989,0.49967,0.00174,-0.00578,0.27418
991000000,0.09332,0.24639,-0.11558,0.50049,0.50018,-0.49981,0.49952,-0.00493,-0.00163,0.27724
1024000000,0.09301,0.24634,-0.10337,0.50057,0.50016,-0.49977,0.49950,-0.00942,-0.00160,0.36983
1057000000,0.09362,0.24489,-0.12417,0.50035,0.49998,-0.49975,0.49992,0.01852,-0.04382,-0.63011
1090000000,0.09507,0.24423,-0.14444,0.50053,0.49964,-0.49980,0.50002,0.04401,-0.02015,-0.61429
1123000000,0.09541,0.24439,-0.16311,0.50054,0.49967,-0.49977,0.50002,0.01008,0.00480,-0.56581
1156000000,0.09475,0.24400,-0.18030,0.50060,0.49975,-0.49956,0.50009,-0.01981,-0.01160,-0.52105
1189000000,0.09574,0.24417,-0.19578,0.50043,0.49965,-0.49973,0.50019,0.02983,0.00510,-0.46890
1222000000,0.09607,0.24348,-0.21076,0.50061,0.49939,-0.49970,0.50030,0.01002,-0.02108,-0.45417
1255000000,0.09540,0.24374,-0.22446,0.50057,0.49964,-0.49966,0.50013,-0.02015,0.00804,-0.41493
1288000000,0.09678,0.24291,-0.23914,0.50063,0.49925,-0.49970,0.50043,0.04170,-0.02515,-0.44485
1321000000,0.10412,0.24189,-0.25298,0.49987,0.49834,-0.50013,0.50166,0.22256,-0.03084,-0.41933
1354000000,0.10332,0.24212,-0.26679,0.49995,0.49850,-0.50002,0.50152,-0.02427,0.00676,-0.41867
1387000000,0.10488,0.24140,-0.28090,0.49981,0.49824,-0.50000,0.50195,0.04731,-0.02183,-0.42747
1420000000,0.10485,0.24196,-0.29504,0.49976,0.49838,-0.50013,0.50171,-0.00089,0.01717,-0.42854
1453000000,0.10577,0.24249,-0.30893,0.49964,0.49831,-0.50036,0.50169,0.02767,0.01585,-0.42091
1486000000,0.10440,0.24368,-0.32179,0.49964,0.49869,-0.50038,0.50128,-0.04156,0.03614,-0.38979
1519000000,0.10558,0.24368,-0.33681,0.49953,0.49858,-0.50050,0.50139,0.03601,0.00020,-0.45491
1552000000,0.10593,0.24370,-0.35093,0.49948,0.49860,-0.50059,0.50133,0.01034,0.00060,-0.42794
1585000000,0.10565,0.24063,-0.37089,0.50008,0.49785,-0.50032,0.50173,-0.00833,-0.09315,-0.60487
1618000000,0.10639,0.24050,-0.38534,0.50002,0.49784,-0.50024,0.50189,0.02239,-0.00404,-0.43798
1651000000,0.10740,0.24014,-0.39968,0.49997,0.49770,-0.50029,0.50203,0.03068,-0.01075,-0.43449
1684000000,0.10702,0.23995,-0.41471,0.50004,0.49776,-0.50028,0.50191,-0.01170,-0.00572,-0.45532
1717000000,0.10742,0.24019,-0.42841,0.49992,0.49781,-0.50033,0.50193,0.01225,0.00712,-0.41518
1750000000,0.10743,0.23988,-0.44331,0.50000,0.49774,-0.50037,0.50188,0.00030,-0.00947,-0.45174
1816000000,0.10868,0.23976,-0.47242,0.50005,0.49759,-0.50042,0.50193,0.01890,-0.00175,-0.44094
1849000000,0.10781,0.23608,-0.47959,0.50037,0.49763,-0.50013,0.50187,-0.02620,-0.11158,-0.21749
1882000000,0.10719,0.23583,-0.49405,0.50042,0.49770,-0.49998,0.50189,-0.01880,-0.00759,-0.43809
1915000000,0.10733,0.23520,-0.50867,0.50049,0.49771,-0.49987,0.50192,0.00414,-0.01902,-0.44314
1948000000,0.10728,0.23538,-0.52273,0.50032,0.49775,-0.49992,0.50199,-0.00164,0.00553,-0.42609
1981000000,0.10957,0.23514,-0.53711,0.50040,0.49727,-0.50021,0.50210,0.06944,-0.00728,-0.43567
2047000000,0.10716,0.23494,-0.56558,0.50057,0.49770,-0.49986,0.50186,-0.03652,-0.00308,-0.43130
2080000000,0.10771,0.23586,-0.58017,0.50044,0.49775,-0.50010,0.50171,0.01672,0.02789,-0.44228
2113000000,0.11103,0.23479,-0.59707,0.50008,0.49726,-0.50046,0.50219,0.10058,-0.03239,-0.51194
2146000000,0.11120,0.23460,-0.61181,0.50009,0.49718,-0.50045,0.50227,0.00524,-0.00568,-0.44684
2179000000,0.11165,0.23389,-0.62651,0.50019,0.49701,-0.50041,0.50238,0.01363,-0.02175,-0.44539
2212000000,0.11202,0.23402,-0.64085,0.50021,0.49695,-0.50046,0.50237,0.01133,0.00399,-0.43457
2245000000,0.11082,0.23438,-0.65568,0.50024,0.49724,-0.50032,0.50218,-0.03654,0.01100,-0.44947
2278000000,0.11200,0.23477,-0.67033,0.50017,0.49713,-0.50052,0.50217,0.03577,0.01184,-0.44398
2311000000,0.11246,0.23518,-0.68459,0.49999,0.49724,-0.50066,0.50210,0.01407,0.01246,-0.43212
2344000000,0.11238,0.23529,-0.69917,0.50006,0.49728,-0.50059,0.50206,-0.00260,0.00336,-0.44179
2377000000,0.11689,0.23450,-0.71356,0.50007,0.49686,-0.50060,0.50245,0.13679,-0.02406,-0.43581
2410000000,0.11906,0.23437,-0.72812,0.49987,0.49659,-0.50078,0.50275,0.06566,-0.00402,-0.44146
2443000000,0.11792,0.23438,-0.74260,0.49987,0.49684,-0.50067,0.50260,-0.03465,0.00041,-0.43863
2476000000,0.11775,0.23537,-0.75707,0.49981,0.49700,-0.50080,0.50237,-0.00497,0.02995,-0.43844
2509000000,0.11815,0.23541,-0.77213,0.49980,0.49698,-0.50068,0.50253,0.01210,0.00124,-0.45638
2542000000,0.11856,0.23528,-0.78635,0.49971,0.49702,-0.50065,0.50261,0.01238,-0.00390,-0.43106
2575000000,0.11792,0.23522,-0.80124,0.49982,0.49707,-0.50070,0.50240,-0.01951,-0.00188,-0.45116
2608000000,0.11924,0.23542,-0.81552,0.49958,0.49696,-0.50087,0.50258,0.04002,0.00613,-0.43261
2641000000,0.11665,-0.81896,-0.27667,0.70448,0.01598,-0.01628,0.70935,-0.07830,-31.95082,16.32871
2674000000,0.11889,-0.78028,0.03612,0.70731,0.00034,-0.00179,0.70690,0.06772,1.17207,9.47855
2707000000,0.11888,-0.79514,0.03607,0.70729,0.00031,-0.00175,0.70692,-0.00024,-0.45043,-0.00158
2740000000,0.11877,-0.81007,0.03646,0.70733,0.00016,-0.00180,0.70689,-0.00329,-0.45222,0.01165
2773000000,0.11879,-0.82468,0.03672,0.70731,0.00014,-0.00170,0.70690,0.00063,-0.44284,0.00817
2806000000,0.11897,-0.83925,0.03691,0.70733,-0.00002,-0.00169,0.70688,0.00528,-0.44158,0.00559
2839000000,0.11931,-0.85368,0.03657,0.70729,0.00012,-0.00174,0.70693,0.01049,-0.43726,-0.01024
2872000000,0.11926,-0.86862,0.03636,0.70724,0.00025,-0.00188,0.70697,-0.00160,-0.45261,-0.00629
2905000000,0.11926,-0.88319,0.03579,0.70728,0.00030,-0.00192,0.70693,-0.00006,-0.44153,-0.01733
2938000000,0.11953,-0.89797,0.03602,0.70722,0.00033,-0.00189,0.70699,0.00822,-0.44792,0.00699
2971000000,0.11971,-0.91287,0.03585,0.70716,0.00037,-0.00176,0.70706,0.00543,-0.45142,-0.00510
3004000000,0.12552,-0.92759,0.04040,0.70611,-0.00019,-0.00079,0.70810,0.17627,-0.44600,0.13768
3037000000,0.12582,-0.94202,0.04037,0.70609,-0.00027,-0.00083,0.70812,0.00909,-0.43729,-0.00097
3070000000,0.12557,-0.95644,0.03991,0.70611,-0.00029,-0.00097,0.70810,-0.00784,-0.43720,-0.01382
3103000000,0.12493,-0.97096,0.03925,0.70622,-0.00014,-0.00108,0.70799,-0.01936,-0.43978,-0.01995
3136000000,0.12420,-0.98570,0.03869,0.70639,-0.00008,-0.00127,0.70782,-0.02192,-0.44690,-0.01706
3169000000,0.12370,-1.00044,0.03835,0.70645,-0.00006,-0.00123,0.70777,-0.01523,-0.44647,-0.01020
3202000000,0.12358,-1.01501,0.03824,0.70648,0.00004,-0.00135,0.70773,-0.00358,-0.44166,-0.00336
3235000000,0.12284,-1.02965,0.03774,0.70656,0.00015,-0.00145,0.70765,-0.02243,-0.44365,-0.01530
3268000000,0.12275,-1.04462,0.03759,0.70656,0.00019,-0.00150,0.70765,-0.00284,-0.45348,-0.00427
3301000000,0.12269,-1.05920,0.03765,0.70655,0.00019,-0.00134,0.70766,-0.00176,-0.44179,0.00179
3334000000,0.12295,-1.07394,0.03782,0.70653,0.00018,-0.00125,0.70768,0.00799,-0.44683,0.00503
3367000000,0.13183,-1.09045,0.03573,0.70549,0.00067,-0.00134,0.70871,0.26902,-0.50023,-0.06332
3400000000,0.13209,-1.10486,0.03564,0.70550,0.00067,-0.00139,0.70871,0.00782,-0.43672,-0.00261
3433000000,0.13186,-1.11900,0.03550,0.70555,0.00075,-0.00150,0.70866,-0.00691,-0.42848,-0.00444
3466000000,0.13136,-1.13341,0.03536,0.70566,0.00067,-0.00156,0.70855,-0.01510,-0.43674,-0.00403
3499000000,0.13104,-1.14803,0.03526,0.70578,0.00060,-0.00167,0.70843,-0.00986,-0.44303,-0.00323
3532000000,0.13112,-1.16257,0.03488,0.70576,0.00072,-0.00170,0.70845,0.00246,-0.44054,-0.01153
3565000000,0.13068,-1.17761,0.03448,0.70580,0.00070,-0.00192,0.70841,-0.01331,-0.45586,-0.01195
3598000000,0.13040,-1.19234,0.03461,0.70582,0.00069,-0.00177,0.70839,-0.00842,-0.44624,0.00374
3631000000,0.13036,-1.20702,0.03450,0.70582,0.00071,-0.00173,0.70839,-0.00127,-0.44495,-0.00333
3664000000,0.13036,-1.22186,0.03395,0.70582,0.00087,-0.00169,0.70838,-0.00002,-0.44970,-0.01658
3697000000,0.13046,-1.23680,0.03395,0.70586,0.00084,-0.00179,0.70835,0.00298,-0.45249,0.00007
3763000000,0.13533,-1.26135,0.03442,0.70493,0.00094,-0.00160,0.70928,0.07381,-0.37198,0.00714
3796000000,0.13538,-1.27599,0.03411,0.70499,0.00102,-0.00173,0.70922,0.00149,-0.44382,-0.00957
3829000000,0.13495,-1.29098,0.03400,0.70503,0.00109,-0.00167,0.70917,-0.01288,-0.45422,-0.00331
3895000000,0.13401,-1.32086,0.03429,0.70523,0.00094,-0.00175,0.70897,-0.01433,-0.45263,0.00447
3928000000,0.13320,-1.33560,0.03433,0.70535,0.00084,-0.00171,0.70885,-0.02456,-0.44688,0.00122
3961000000,0.13317,-1.35060,0.03411,0.70536,0.00079,-0.00185,0.70884,-0.00089,-0.45448,-0.00666
3994000000,0.13289,-1.36551,0.03408,0.70542,0.00099,-0.00164,0.70879,-0.00839,-0.45186,-0.00088
4027000000,0.13291,-1.38027,0.03412,0.70541,0.00098,-0.00173,0.70880,0.00055,-0.44726,0.00109
4060000000,0.13354,-1.39479,0.03386,0.70529,0.00099,-0.00171,0.70891,0.01901,-0.43994,-0.00776
4093000000,0.13375,-1.40932,0.03380,0.70529,0.00096,-0.00166,0.70892,0.00637,-0.44035,-0.00195
4159000000,0.13779,-1.44081,0.03176,0.70452,0.00171,-0.00133,0.70968,0.06131,-0.47714,-0.03089
4192000000,0.13796,-1.45505,0.03174,0.70448,0.00176,-0.00129,0.70972,0.00509,-0.43151,-0.00054
4225000000,0.13766,-1.46950,0.03146,0.70458,0.00177,-0.00135,0.70962,-0.00910,-0.43771,-0.00865
4258000000,0.13721,-1.48378,0.03121,0.70469,0.00177,-0.00149,0.70951,-0.01378,-0.43279,-0.00760
4291000000,0.13711,-1.49911,0.03119,0.70468,0.00180,-0.00146,0.70952,-0.00286,-0.46449,-0.00041
4324000000,0.13678,-1.51415,0.03048,0.70467,0.00194,-0.00157,0.70954,-0.00999,-0.45595,-0.02169
4357000000,0.13693,-1.52899,0.03075,0.70471,0.00180,-0.00156,0.70950,0.00451,-0.44964,0.00812
4390000000,0.13701,-1.54343,0.03023,0.70467,0.00203,-0.00156,0.70953,0.00231,-0.43742,-0.01574
4456000000,0.13671,-1.57263,0.03041,0.70481,0.00192,-0.00159,0.70940,-0.00458,-0.44247,0.00275
4489000000,0.14179,-1.58671,0.03047,0.70403,0.00167,-0.00153,0.71016,0.15400,-0.42669,0.00175
4522000000,0.14207,-1.60114,0.03026,0.70398,0.00162,-0.00166,0.71022,0.00847,-0.43731,-0.00617
4555000000,0.14227,-1.61552,0.02988,0.70399,0.00161,-0.00174,0.71021,0.00626,-0.43574,-0.01170
4588000000,0.14202,-1.62998,0.02972,0.70405,0.00164,-0.00176,0.71014,-0.00767,-0.43809,-0.00472
4621000000,0.14224,-1.64475,0.02951,0.70402,0.00168,-0.00179,0.71018,0.00665,-0.44763,-0.00648
4654000000,0.14215,-1.65954,0.02979,0.70401,0.00171,-0.00167,0.71018,-0.00281,-0.44806,0.00859
4687000000,0.14226,-1.67433,0.02946,0.70404,0.00163,-0.00178,0.71016,0.00332,-0.44819,-0.01012
4720000000,0.14214,-1.68942,0.02934,0.70407,0.00153,-0.00181,0.71013,-0.00360,-0.45734,-0.00351
4753000000,0.14234,-1.70466,0.02930,0.70403,0.00153,-0.00176,0.71017,0.00609,-0.46174,-0.00120
4786000000,0.14248,-1.71918,0.02915,0.70394,0.00171,-0.00177,0.71025,0.00439,-0.44005,-0.00443
4819000000,0.14253,-1.73382,0.02920,0.70396,0.00170,-0.00178,0.71023,0.00151,-0.44364,0.00137
4852000000,0.14277,-1.74844,0.02908,0.70400,0.00165,-0.00171,0.71020,0.00703,-0.44327,-0.00356
4885000000,0.14327,-1.76269,0.02886,0.70396,0.00168,-0.00183,0.71024,0.01528,-0.43153,-0.00674
4918000000,0.14200,-1.77552,0.03024,0.70413,0.00147,-0.00144,0.71007,-0.03850,-0.38897,0.04185
4951000000,0.14231,-1.79006,0.03019,0.70414,0.00142,-0.00146,0.71006,0.00956,-0.44069,-0.00153
4984000000,0.14228,-1.80445,0.02998,0.70414,0.00137,-0.00153,0.71006,-0.00106,-0.43600,-0.00630
5017000000,0.14234,-1.81922,0.02962,0.70416,0.00133,-0.00167,0.71004,0.00195,-0.44759,-0.01096
5050000000,0.14232,-1.83396,0.02927,0.70419,0.00157,-0.00162,0.71001,-0.00084,-0.44663,-0.01071
5083000000,0.14195,-1.84859,0.02891,0.70418,0.00157,-0.00170,0.71001,-0.01122,-0.44324,-0.01078
5116000000,0.14167,-1.86340,0.02844,0.70424,0.00166,-0.00177,0.70995,-0.00834,-0.44891,-0.01425
5149000000,0.14137,-1.87817,0.02837,0.70428,0.00175,-0.00171,0.70991,-0.00923,-0.44739,-0.00222
5182000000,0.14722,-1.89715,0.02829,0.70400,0.00173,-0.00164,0.71019,0.17727,-0.57521,-0.00240
5215000000,0.16301,-1.92071,0.02858,0.70288,0.00139,-0.00166,0.71131,0.47852,-0.71400,0.00890
5248000000,0.15902,-1.94052,0.02763,0.70347,0.00233,-0.00134,0.71072,-0.12070,-0.60041,-0.02896
5281000000,0.16183,-1.95763,0.02727,0.70332,0.00212,-0.00144,0.71086,0.08513,-0.51837,-0.01084
5314000000,0.17635,-1.97914,-0.01499,0.70211,0.01148,-0.00770,0.71193,0.43985,-0.65172,-1.28056
5347000000,0.18370,-1.99806,-0.01431,0.70173,0.01104,-0.00759,0.71231,0.22273,-0.57345,0.02066
5380000000,0.18149,-2.01558,0.09740,0.70311,0.00422,-0.00400,0.71105,-0.06680,-0.53102,3.38506
5413000000,0.19628,-2.03811,0.09901,0.70184,0.00408,-0.00376,0.71232,0.44797,-0.68264,0.04889
5446000000,0.20362,-2.05911,0.09823,0.70154,0.00398,-0.00360,0.71261,0.22253,-0.63638,-0.02377
5479000000,0.20755,-2.07570,0.09964,0.70143,0.00340,-0.00386,0.71272,0.11895,-0.50267,0.04276
5512000000,0.21547,-2.09566,0.09932,0.70108,0.00342,-0.00375,0.71307,0.24026,-0.60481,-0.00986
5578000000,0.23116,-2.13691,0.09996,0.70039,0.00362,-0.00269,0.71374,0.23760,-0.62505,0.00982
5611000000,0.23332,-2.15294,0.09784,0.70040,0.00423,-0.00283,0.71373,0.06552,-0.48570,-0.06435
5644000000,0.24170,-2.17238,0.09770,0.69991,0.00392,-0.00275,0.71421,0.25389,-0.58920,-0.00426
5677000000,0.24229,-2.19335,0.09657,0.69998,0.00408,-0.00207,0.71415,0.01809,-0.63532,-0.03407
5710000000,0.25066,-2.21314,0.09614,0.69956,0.00417,-0.00178,0.71456,0.25344,-0.59967,-0.01324
5743000000,0.25866,-2.23330,0.09551,0.69908,0.00422,-0.00150,0.71503,0.24246,-0.61112,-0.01903
5809000000,0.26566,-2.26907,0.08990,0.69843,0.00536,-0.00105,0.71566,0.10603,-0.54197,-0.08502
5842000000,0.26803,-2.27806,0.09414,0.69821,0.00562,-0.00084,0.71587,0.07180,-0.27240,0.12838
5875000000,0.27719,-2.29478,0.09484,0.69765,0.00563,-0.00027,0.71642,0.27769,-0.50652,0.02136
5908000000,0.27466,-2.31141,0.09131,0.69754,0.00568,-0.00180,0.71652,-0.07659,-0.50405,-0.10691
5941000000,0.28398,-2.32822,0.09068,0.69697,0.00546,-0.00159,0.71708,0.28223,-0.50928,-0.01915
5974000000,0.28998,-2.34466,0.09539,0.69687,0.00501,-0.00159,0.71718,0.18182,-0.49813,0.14266
6007000000,0.29921,-2.36110,0.09560,0.69622,0.00500,-0.00110,0.71781,0.27970,-0.49814,0.00647
6040000000,0.27801,-2.36608,0.09017,0.69709,0.00553,-0.00229,0.71696,-0.64237,-0.15087,-0.16470
6073000000,0.28655,-2.38237,0.08965,0.69662,0.00547,-0.00198,0.71741,0.25871,-0.49378,-0.01551
6106000000,0.25141,-2.38566,0.08956,0.69880,0.00566,-0.00242,0.71529,-1.06471,-0.09963,-0.00293
6139000000,0.25867,-2.40266,0.08890,0.69837,0.00568,-0.00217,0.71571,0.21994,-0.51532,-0.02005
6172000000,0.22953,-2.39706,0.08622,0.69974,0.00637,-0.00166,0.71437,-0.88304,0.16983,-0.08117
6238000000,0.24358,-2.43120,0.08468,0.69890,0.00656,-0.00136,0.71518,0.21286,-0.51725,-0.02324
6370000000,0.24384,-2.46782,0.08775,0.69801,0.00666,-0.00096,0.71606,0.00203,-0.27748,0.02325
6403000000,0.22561,-2.46871,0.08979,0.69935,0.00558,-0.00296,0.71475,-0.55243,-0.02693,0.06158
6436000000,0.23274,-2.48390,0.08938,0.69881,0.00550,-0.00299,0.71528,0.21612,-0.46008,-0.01233
6469000000,0.23934,-2.49894,0.08910,0.69836,0.00550,-0.00289,0.71572,0.19980,-0.45597,-0.00847
6502000000,0.21838,-2.50926,0.10261,0.70025,0.00344,-0.00328,0.71388,-0.63500,-0.31270,0.40931
6535000000,0.22369,-2.52435,0.10308,0.69990,0.00350,-0.00285,0.71423,0.16066,-0.45727,0.01442
6568000000,0.22877,-2.53926,0.10348,0.69944,0.00346,-0.00263,0.71468,0.15405,-0.45167,0.01191
6601000000,0.23343,-2.55400,0.10369,0.69897,0.00374,-0.00226,0.71514,0.14134,-0.44684,0.00665
6634000000,0.23695,-2.56840,0.10410,0.69872,0.00375,-0.00188,0.71539,0.10643,-0.43639,0.01217
6667000000,0.23968,-2.58280,0.10378,0.69843,0.00372,-0.00178,0.71567,0.08274,-0.43621,-0.00965
6700000000,0.20531,-2.60534,0.09833,0.70150,0.00460,-0.00122,0.71266,-1.04139,-0.68304,-0.16515
6733000000,0.20801,-2.62060,0.09820,0.70129,0.00457,-0.00097,0.71286,0.08181,-0.46250,-0.00375
6766000000,0.21037,-2.63534,0.09807,0.70114,0.00471,-0.00073,0.71301,0.07153,-0.44654,-0.00392
6799000000,0.21199,-2.64884,0.09811,0.70101,0.00467,-0.00059,0.71313,0.04897,-0.40928,0.00100
6832000000,0.18049,-2.66458,0.08788,0.70351,0.00539,-0.00231,0.71066,-0.95446,-0.47689,-0.30995
6865000000,0.18064,-2.67955,0.08765,0.70344,0.00531,-0.00223,0.71073,0.00448,-0.45353,-0.00682
6898000000,0.17580,-2.68869,0.09791,0.70441,0.00473,-0.00085,0.70978,-0.14651,-0.27719,0.31069
6931000000,0.17706,-2.70153,0.09947,0.70411,0.00445,-0.00035,0.71007,0.03811,-0.38906,0.04739
6964000000,0.17848,-2.71576,0.10046,0.70385,0.00445,-0.00013,0.71034,0.04303,-0.43100,0.02990
6997000000,0.15456,-2.72750,0.09158,0.70534,0.00541,-0.00114,0.70884,-0.72495,-0.35584,-0.26892
7030000000,0.15499,-2.74115,0.09229,0.70526,0.00529,-0.00073,0.70892,0.01308,-0.41371,0.02142
7063000000,0.15509,-2.75453,0.09259,0.70518,0.00532,-0.00056,0.70900,0.00314,-0.40539,0.00906
7162000000,0.14609,-2.78896,0.09036,0.70574,0.00569,0.00021,0.70845,-0.09095,-0.34777,-0.02256
7195000000,0.12123,-2.80118,0.09235,0.70770,0.00557,-0.00066,0.70649,-0.75334,-0.37025,0.06035
7228000000,0.11839,-2.81346,0.09310,0.70784,0.00537,-0.00047,0.70636,-0.08603,-0.37227,0.02275
7261000000,0.11220,-2.82337,0.10096,0.70869,0.00437,-0.00009,0.70551,-0.18766,-0.30036,0.23810
7294000000,0.10813,-2.83157,0.10395,0.70965,0.00408,0.00076,0.70454,-0.12332,-0.24838,0.09062
7327000000,0.10896,-2.82074,0.10042,0.71041,0.00444,-0.00044,0.70378,0.02541,0.32810,-0.10672
7360000000,0.10543,-2.82397,0.10398,0.71093,0.00486,0.00066,0.70325,-0.10716,-0.09788,0.10763
7393000000,0.11113,-2.79305,0.09934,0.71176,0.00472,-0.00173,0.70240,0.17279,0.93706,-0.14060
7426000000,0.10904,-2.78766,0.10201,0.71296,0.00412,-0.00207,0.70119,-0.06332,0.16346,0.08109
7459000000,0.11419,-2.76776,0.10318,0.71331,0.00320,-0.00288,0.70084,0.15596,0.60285,0.03547
7492000000,0.11158,-2.75606,0.10540,0.71430,0.00290,-0.00278,0.69983,-0.07909,0.35459,0.06721
7558000000,0.12208,-2.72551,0.10897,0.71496,0.00266,-0.00213,0.69916,0.15919,0.46284,0.05414
7591000000,0.14201,-2.69884,0.10606,0.71354,0.00257,-0.00298,0.70060,0.60391,0.80815,-0.08840
7624000000,0.13922,-2.68007,0.10712,0.71433,0.00225,-0.00291,0.69980,-0.08478,0.56889,0.03222
7657000000,0.13645,-2.66127,0.10787,0.71499,0.00193,-0.00292,0.69913,-0.08389,0.56963,0.02283
7690000000,0.14561,-2.62678,0.09687,0.71404,0.00344,-0.00588,0.70007,0.27755,1.04518,-0.33333
7723000000,0.14378,-2.60865,0.09720,0.71444,0.00337,-0.00591,0.69967,-0.05525,0.54958,0.01002
7756000000,0.14260,-2.59012,0.09779,0.71488,0.00316,-0.00581,0.69922,-0.03596,0.56128,0.01788
7789000000,0.15667,-2.57115,0.09373,0.71374,0.00468,-0.00355,0.70039,0.42656,0.57507,-0.12311
7822000000,0.15585,-2.55365,0.09377,0.71403,0.00461,-0.00360,0.70009,-0.02479,0.53003,0.00126
7855000000,0.15540,-2.53471,0.09386,0.71405,0.00457,-0.00381,0.70007,-0.01386,0.57395,0.00259
7888000000,0.15590,-2.51587,0.09393,0.71389,0.00456,-0.00382,0.70023,0.01510,0.57109,0.00229
7921000000,0.16837,-2.49170,0.09332,0.71244,0.00546,-0.00106,0.70171,0.37801,0.73239,-0.01861
7987000000,0.16937,-2.45571,0.09343,0.71225,0.00531,-0.00127,0.70191,0.01521,0.54528,0.00164
8020000000,0.17073,-2.43683,0.09330,0.71200,0.00544,-0.00129,0.70215,0.04111,0.57220,-0.00385
8086000000,0.17228,-2.39977,0.09285,0.71195,0.00563,-0.00139,0.70221,0.02340,0.56150,-0.00684
8185000000,0.18253,-2.35791,0.08952,0.71089,0.00635,-0.00107,0.70327,0.10362,0.42282,-0.03363
8218000000,0.18294,-2.34013,0.08965,0.71080,0.00640,-0.00113,0.70336,0.01218,0.53874,0.00380
8251000000,0.18617,-2.34175,0.09647,0.71058,0.00498,-0.00194,0.70360,0.09811,-0.04896,0.20691
8284000000,0.18657,-2.32441,0.09646,0.71064,0.00522,-0.00201,0.70354,0.01209,0.52529,-0.00029
8317000000,0.18702,-2.30569,0.09665,0.71041,0.00506,-0.00189,0.70376,0.01372,0.56747,0.00574
8350000000,0.19445,-2.30410,0.10239,0.71054,0.00492,0.00003,0.70364,0.22505,0.04810,0.17392
8383000000,0.19452,-2.28609,0.10245,0.71053,0.00497,-0.00012,0.70364,0.00202,0.54577,0.00169
8416000000,0.19448,-2.26765,0.10271,0.71044,0.00483,-0.00013,0.70374,-0.00113,0.55874,0.00803
8482000000,0.19774,-2.26287,0.10088,0.71044,0.00545,-0.00098,0.70373,0.04942,0.07238,-0.02770
8548000000,0.20311,-2.23470,0.09589,0.70928,0.00615,-0.00043,0.70490,0.08136,0.42680,-0.07563
8581000000,0.20000,-2.21376,0.10405,0.70930,0.00483,-0.00063,0.70489,-0.09427,0.63482,0.24716
8680000000,0.19989,-2.15853,0.10554,0.70926,0.00436,-0.00061,0.70493,-0.00109,0.55784,0.01505
8746000000,0.18933,-2.09352,0.10073,0.70909,0.00526,-0.00124,0.70509,-0.16000,0.98497,-0.07286
8779000000,0.18988,-2.07529,0.10116,0.70891,0.00523,-0.00135,0.70528,0.01646,0.55244,0.01293
8878000000,0.19179,-2.01954,0.10139,0.70854,0.00527,-0.00158,0.70565,0.01930,0.56316,0.00241
8944000000,0.19559,-1.96873,0.09136,0.70759,0.00801,0.00014,0.70658,0.05760,0.76976,-0.15206
8977000000,0.19575,-1.95077,0.09187,0.70770,0.00825,0.00068,0.70647,0.00480,0.54431,0.01535
9010000000,0.19498,-1.93161,0.09224,0.70772,0.00823,0.00051,0.70645,-0.02323,0.58052,0.01120
9043000000,0.19551,-1.90623,0.09381,0.70830,0.00735,-0.00015,0.70587,0.01613,0.76923,0.04786
9076000000,0.19622,-1.88824,0.09410,0.70825,0.00754,0.00012,0.70593,0.02140,0.54521,0.00858
9109000000,0.19646,-1.86932,0.09435,0.70824,0.00760,0.00045,0.70593,0.00738,0.57313,0.00753
9208000000,0.19614,-1.81385,0.09471,0.70823,0.00736,-0.00033,0.70594,-0.00330,0.56035,0.00366
9307000000,0.20363,-1.75409,0.09600,0.70728,0.00757,-0.00039,0.70689,0.07566,0.60363,0.01304
9406000000,0.20386,-1.69959,0.09620,0.70746,0.00768,-0.00060,0.70671,0.00239,0.55047,0.00206
9439000000,0.20674,-1.66121,0.10238,0.70698,0.00548,-0.00414,0.70720,0.08711,1.16311,0.18713
9472000000,0.20685,-1.64278,0.10262,0.70699,0.00556,-0.00418,0.70719,0.00330,0.55865,0.00721
9505000000,0.20638,-1.62449,0.10293,0.70711,0.00559,-0.00415,0.70707,-0.01405,0.55412,0.00936
9538000000,0.20605,-1.60633,0.10341,0.70711,0.00543,-0.00422,0.70707,-0.01018,0.55016,0.01467
9571000000,0.20598,-1.58816,0.10381,0.70709,0.00541,-0.00422,0.70709,-0.00201,0.55070,0.01200
9604000000,0.20576,-1.56987,0.10410,0.70717,0.00535,-0.00429,0.70701,-0.00684,0.55432,0.00882
9637000000,0.20538,-1.55212,0.10435,0.70727,0.00535,-0.00436,0.70691,-0.01140,0.53787,0.00768
9670000000,0.19822,-1.52294,0.10083,0.70777,0.00547,-0.00312,0.70641,-0.21702,0.88436,-0.10668
9769000000,0.19878,-1.46785,0.10153,0.70780,0.00551,-0.00318,0.70638,0.00563,0.55645,0.00702
9802000000,0.19836,-1.44948,0.10207,0.70790,0.00542,-0.00319,0.70629,-0.01254,0.55655,0.01640
9835000000,0.19323,-1.42218,0.10245,0.70837,0.00544,-0.00278,0.70582,-0.15557,0.82725,0.01163
9868000000,0.19354,-1.40350,0.10265,0.70835,0.00527,-0.00298,0.70583,0.00947,0.56624,0.00607
9901000000,0.19404,-1.38592,0.10280,0.70824,0.00539,-0.00309,0.70594,0.01521,0.53260,0.00452
9934000000,0.19397,-1.36795,0.10290,0.70825,0.00552,-0.00302,0.70594,-0.00219,0.54458,0.00299
9967000000,0.19436,-1.35028,0.10322,0.70821,0.00555,-0.00303,0.70597,0.01173,0.53550,0.00961
10000000000,0.19473,-1.33261,0.10383,0.70816,0.00560,-0.00301,0.70602,0.01117,0.53528,0.01858
10033000000,0.19393,-1.34278,0.09927,0.70797,0.00643,-0.00238,0.70621,-0.02426,-0.30819,-0.13804
10066000000,0.19428,-1.32500,0.09957,0.70793,0.00643,-0.00228,0.70625,0.01069,0.53900,0.00888
10099000000,0.19439,-1.30652,0.09989,0.70788,0.00646,-0.00227,0.70629,0.00340,0.55999,0.00989
10132000000,0.19432,-1.28804,0.09999,0.70788,0.00643,-0.00233,0.70630,-0.00215,0.56001,0.00301
10165000000,0.19371,-1.27003,0.10024,0.70801,0.00639,-0.00240,0.70617,-0.01854,0.54563,0.00760
10198000000,0.19400,-1.25127,0.10032,0.70798,0.00640,-0.00250,0.70620,0.00887,0.56857,0.00216
10231000000,0.19816,-1.21511,0.11062,0.70844,0.00447,-0.00396,0.70575,0.12620,1.09567,0.31212
10264000000,0.19813,-1.19643,0.11073,0.70847,0.00462,-0.00385,0.70572,-0.00112,0.56618,0.00357
10297000000,0.19785,-1.17783,0.11084,0.70864,0.00471,-0.00387,0.70555,-0.00856,0.56356,0.00324
10330000000,0.19765,-1.15882,0.11121,0.70872,0.00460,-0.00391,0.70547,-0.00602,0.57603,0.01111
10363000000,0.19773,-1.13974,0.11138,0.70879,0.00458,-0.00405,0.70539,0.00248,0.57813,0.00512
10429000000,0.19794,-1.09266,0.10443,0.70864,0.00671,-0.00378,0.70553,0.00313,0.71333,-0.10525
10462000000,0.19799,-1.07330,0.10485,0.70859,0.00668,-0.00387,0.70558,0.00171,0.58686,0.01275
10495000000,0.19804,-1.05454,0.10561,0.70862,0.00652,-0.00379,0.70555,0.00138,0.56837,0.02299
10528000000,0.20431,-1.01818,0.10536,0.70801,0.00656,-0.00319,0.70617,0.19018,1.10190,-0.00760
10561000000,0.20455,-0.99978,0.10546,0.70794,0.00666,-0.00323,0.70623,0.00714,0.55736,0.00318
10594000000,0.20468,-0.98173,0.10599,0.70793,0.00665,-0.00319,0.70624,0.00398,0.54720,0.01591
10627000000,0.20485,-0.96312,0.10656,0.70792,0.00655,-0.00322,0.70625,0.00502,0.56398,0.01734
10660000000,0.20843,-0.96473,0.11373,0.70794,0.00527,-0.00436,0.70624,0.10858,-0.04904,0.21725
10693000000,0.20869,-0.94598,0.11399,0.70797,0.00524,-0.00444,0.70621,0.00778,0.56815,0.00788
10726000000,0.20916,-0.92701,0.11471,0.70788,0.00513,-0.00423,0.70630,0.01437,0.57510,0.02180
10759000000,0.20955,-0.90811,0.11521,0.70779,0.00517,-0.00421,0.70639,0.01192,0.57255,0.01513
10792000000,0.21685,-0.88619,0.11341,0.70742,0.00660,-0.00404,0.70675,0.22101,0.66426,-0.05438
10825000000,0.21676,-0.86754,0.11357,0.70748,0.00656,-0.00410,0.70669,-0.00274,0.56533,0.00467
10858000000,0.21647,-0.84824,0.11428,0.70755,0.00641,-0.00420,0.70662,-0.00864,0.58477,0.02151
10891000000,0.21657,-0.82866,0.11509,0.70760,0.00632,-0.00402,0.70657,0.00295,0.59327,0.02459
10924000000,0.21437,-0.80808,0.11557,0.70746,0.00579,-0.00432,0.70671,-0.06656,0.62379,0.01450
10957000000,0.21447,-0.78902,0.11559,0.70752,0.00589,-0.00424,0.70666,0.00305,0.57746,0.00081
10990000000,0.21477,-0.76995,0.11597,0.70742,0.00586,-0.00423,0.70675,0.00887,0.57789,0.01145
11023000000,0.21481,-0.74885,0.11809,0.70758,0.00631,-0.00284,0.70660,0.00144,0.63938,0.06412
11056000000,0.21500,-0.72964,0.11833,0.70751,0.00614,-0.00306,0.70667,0.00565,0.58210,0.00730
11122000000,0.21489,-0.69070,0.11928,0.70767,0.00585,-0.00315,0.70651,-0.00165,0.59006,0.01444
11155000000,0.21586,-0.67134,0.11991,0.70778,0.00590,-0.00405,0.70639,0.02945,0.58659,0.01919
11188000000,0.21591,-0.65212,0.11993,0.70779,0.00595,-0.00419,0.70639,0.00149,0.58224,0.00035
11221000000,0.21632,-0.63285,0.12049,0.70772,0.00575,-0.00426,0.70645,0.01229,0.58421,0.01719
11254000000,0.21180,-0.60260,0.12063,0.70752,0.00551,-0.00377,0.70666,-0.13689,0.91662,0.00429
11287000000,0.21191,-0.58336,0.12066,0.70753,0.00549,-0.00393,0.70665,0.00333,0.58284,0.00081
11320000000,0.21221,-0.56374,0.12083,0.70745,0.00547,-0.00398,0.70673,0.00914,0.59480,0.00514
11353000000,0.21682,-0.54117,0.12234,0.70708,0.00583,-0.00231,0.70710,0.13974,0.68390,0.04581
11386000000,0.21704,-0.52194,0.12249,0.70702,0.00582,-0.00264,0.70716,0.00643,0.58262,0.00455
11419000000,0.21501,-0.50348,0.12364,0.70714,0.00532,-0.00267,0.70705,-0.06148,0.55945,0.03467
11452000000,0.21502,-0.48423,0.12367,0.70702,0.00516,-0.00304,0.70716,0.00053,0.58323,0.00111
11485000000,0.21504,-0.46455,0.12402,0.70701,0.00514,-0.00307,0.70718,0.00062,0.59636,0.01044
11518000000,0.21547,-0.44313,0.12077,0.70672,0.00621,-0.00281,0.70746,0.01295,0.64921,-0.09856
11551000000,0.21539,-0.42374,0.12076,0.70674,0.00607,-0.00304,0.70744,-0.00256,0.58743,-0.00002
11584000000,0.21535,-0.40417,0.12130,0.70684,0.00592,-0.00310,0.70734,-0.00118,0.59305,0.01628
11617000000,0.21544,-0.38460,0.12217,0.70683,0.00598,-0.00299,0.70735,0.00278,0.59304,0.02631
11650000000,0.21540,-0.36465,0.12289,0.70690,0.00572,-0.00298,0.70729,-0.00131,0.60452,0.02169
11716000000,0.21570,-0.32565,0.12352,0.70685,0.00577,-0.00300,0.70733,0.00461,0.59089,0.00964
11782000000,0.21114,-0.27866,0.12137,0.70684,0.00563,-0.00394,0.70734,-0.06903,0.71210,-0.03266
11848000000,0.21103,-0.24016,0.12226,0.70690,0.00549,-0.00388,0.70728,-0.00179,0.58331,0.01356
11881000000,0.21095,-0.22043,0.12302,0.70690,0.00538,-0.00389,0.70728,-0.00235,0.59789,0.02285
11914000000,0.21478,-0.20038,0.12583,0.70693,0.00532,-0.00368,0.70725,0.11623,0.60743,0.08520
11947000000,0.21477,-0.18090,0.12594,0.70695,0.00529,-0.00375,0.70723,-0.00030,0.59042,0.00342
12013000000,0.21458,-0.14128,0.12636,0.70683,0.00516,-0.00391,0.70736,-0.00296,0.60020,0.00642
12046000000,0.21441,-0.12140,0.12669,0.70685,0.00504,-0.00392,0.70734,-0.00506,0.60264,0.00985
12079000000,0.21408,-0.10093,0.12700,0.70688,0.00502,-0.00403,0.70730,-0.00998,0.62027,0.00933
12145000000,0.21470,-0.06195,0.12777,0.70732,0.00509,-0.00396,0.70687,0.00930,0.59053,0.01176
12178000000,0.21593,-0.04225,0.12805,0.70779,0.00492,-0.00404,0.70639,0.03742,0.59713,0.00830
12244000000,0.22025,-0.01187,0.12346,0.70873,0.00596,-0.00405,0.70544,0.06550,0.46025,-0.06949
12277000000,0.22131,0.00784,0.12405,0.70926,0.00578,-0.00404,0.70491,0.03213,0.59743,0.01790
12343000000,0.22360,0.04683,0.12514,0.71027,0.00558,-0.00404,0.70390,0.03467,0.59074,0.01655
12376000000,0.22426,0.06644,0.12578,0.71067,0.00537,-0.00401,0.70349,0.02002,0.59432,0.01918
12409000000,0.22313,0.09002,0.12789,0.71107,0.00439,-0.00430,0.70309,-0.03443,0.71441,0.06413
12475000000,0.22443,0.12768,0.12812,0.71157,0.00451,-0.00437,0.70259,0.01973,0.57062,0.00351
12607000000,0.22556,0.20405,0.12929,0.71211,0.00437,-0.00445,0.70204,0.00860,0.57857,0.00880
12640000000,0.22441,0.21906,0.12393,0.71257,0.00614,-0.00300,0.70156,-0.03507,0.45467,-0.16236
12772000000,0.22567,0.29602,0.12588,0.71235,0.00585,-0.00304,0.70179,0.00958,0.58304,0.01478
12838000000,0.22603,0.33508,0.12759,0.71213,0.00557,-0.00281,0.70202,0.00545,0.59182,0.02589
12871000000,0.22590,0.35465,0.12803,0.71200,0.00556,-0.00282,0.70215,-0.00385,0.59322,0.01350
12937000000,0.22714,0.39579,0.12529,0.71152,0.00610,-0.00294,0.70263,0.01872,0.62333,-0.04154
12970000000,0.22684,0.41446,0.12588,0.71120,0.00611,-0.00292,0.70296,-0.00909,0.56558,0.01782
13003000000,0.22656,0.43349,0.12679,0.71097,0.00593,-0.00281,0.70319,-0.00844,0.57688,0.02750
13201000000,0.22493,0.54836,0.13008,0.70902,0.00555,-0.00266,0.70517,-0.00826,0.58014,0.01663
13267000000,0.22903,0.57586,0.12811,0.70852,0.00579,-0.00286,0.70566,0.06214,0.41669,-0.02993
13300000000,0.22832,0.59572,0.12869,0.70782,0.00568,-0.00278,0.70636,-0.02143,0.60167,0.01766
13333000000,0.22724,0.61609,0.12929,0.70740,0.00542,-0.00280,0.70679,-0.03286,0.61742,0.01821
13366000000,0.22607,0.63647,0.12972,0.70673,0.00533,-0.00273,0.70746,-0.03543,0.61738,0.01294
13399000000,0.22506,0.65693,0.13004,0.70601,0.00522,-0.00289,0.70818,-0.03063,0.62002,0.00980
13432000000,0.22385,0.67665,0.13040,0.70540,0.00514,-0.00289,0.70878,-0.03654,0.59764,0.01076
13465000000,0.22255,0.69681,0.13047,0.70472,0.00511,-0.00295,0.70946,-0.03928,0.61092,0.00230
13498000000,0.22098,0.71631,0.13094,0.70410,0.00513,-0.00301,0.71008,-0.04756,0.59103,0.01421
13531000000,0.21976,0.73550,0.13129,0.70337,0.00510,-0.00298,0.71080,-0.03700,0.58136,0.01047
13564000000,0.21468,0.75730,0.13724,0.70317,0.00400,-0.00385,0.71100,-0.15388,0.66055,0.18057
13597000000,0.21348,0.77679,0.13726,0.70242,0.00415,-0.00385,0.71174,-0.03661,0.59064,0.00049
13630000000,0.21215,0.79697,0.13742,0.70150,0.00406,-0.00389,0.71264,-0.04013,0.61156,0.00477
13663000000,0.21116,0.81705,0.13767,0.70062,0.00400,-0.00378,0.71351,-0.02999,0.60838,0.00760
13696000000,0.21003,0.83736,0.13778,0.69976,0.00401,-0.00388,0.71436,-0.03434,0.61563,0.00348
13729000000,0.20815,0.85722,0.13825,0.69892,0.00390,-0.00385,0.71518,-0.05695,0.60188,0.01416
13762000000,0.20631,0.87744,0.13865,0.69809,0.00385,-0.00376,0.71599,-0.05573,0.61254,0.01215
13795000000,0.20424,0.89770,0.13879,0.69730,0.00380,-0.00385,0.71675,-0.06284,0.61405,0.00422
13828000000,0.20228,0.91718,0.13926,0.69653,0.00378,-0.00378,0.71750,-0.05929,0.59032,0.01407
13861000000,0.20039,0.93686,0.13961,0.69570,0.00374,-0.00374,0.71831,-0.05739,0.59624,0.01089
13894000000,0.19836,0.95647,0.14003,0.69485,0.00390,-0.00366,0.71914,-0.06140,0.59417,0.01267
13927000000,0.19831,0.97948,0.13799,0.69349,0.00446,-0.00364,0.72045,-0.00143,0.69734,-0.06184
13960000000,0.19631,0.99918,0.13807,0.69251,0.00450,-0.00361,0.72138,-0.06064,0.59692,0.00244
13993000000,0.19416,1.01926,0.13836,0.69162,0.00451,-0.00369,0.72223,-0.06532,0.60865,0.00864
14026000000,0.19191,1.03944,0.13898,0.69069,0.00439,-0.00365,0.72313,-0.06803,0.61140,0.01883
14059000000,0.18962,1.05908,0.13946,0.68982,0.00430,-0.00366,0.72395,-0.06932,0.59538,0.01473
14092000000,0.18703,1.07826,0.13972,0.68896,0.00431,-0.00382,0.72477,-0.07874,0.58099,0.00770
14125000000,0.18459,1.09727,0.14002,0.68806,0.00426,-0.00378,0.72563,-0.07375,0.57617,0.00909
14191000000,0.17943,1.13581,0.14080,0.68636,0.00434,-0.00364,0.72724,-0.07813,0.58389,0.01178
14224000000,0.17710,1.15540,0.14130,0.68551,0.00423,-0.00367,0.72804,-0.07074,0.59367,0.01538
14257000000,0.17375,1.17053,0.14216,0.68476,0.00375,-0.00390,0.72875,-0.10145,0.45837,0.02602
14356000000,0.16601,1.22969,0.14270,0.68211,0.00390,-0.00380,0.73123,-0.07825,0.59759,0.00547
14389000000,0.16358,1.24957,0.14313,0.68114,0.00375,-0.00384,0.73213,-0.07346,0.60256,0.01276
14422000000,0.16104,1.26922,0.14319,0.68021,0.00379,-0.00392,0.73300,-0.07697,0.59532,0.00190
14455000000,0.15801,1.28888,0.14326,0.67931,0.00380,-0.00391,0.73383,-0.09181,0.59581,0.00210
14488000000,0.15542,1.30866,0.14371,0.67838,0.00376,-0.00388,0.73469,-0.07859,0.59957,0.01367
14521000000,0.15217,1.32844,0.14410,0.67752,0.00373,-0.00384,0.73548,-0.09841,0.59917,0.01194
14554000000,0.14878,1.34808,0.14430,0.67667,0.00373,-0.00400,0.73627,-0.10271,0.59533,0.00591
14587000000,0.14565,1.36701,0.14448,0.67594,0.00369,-0.00399,0.73694,-0.09481,0.57365,0.00564
14620000000,0.14139,1.38694,0.14389,0.67515,0.00378,-0.00362,0.73766,-0.12916,0.60391,-0.01805
14653000000,0.13860,1.40625,0.14392,0.67439,0.00385,-0.00365,0.73836,-0.08454,0.58515,0.00085
14686000000,0.13584,1.42573,0.14416,0.67358,0.00376,-0.00369,0.73910,-0.08357,0.59009,0.00739
14719000000,0.13302,1.44529,0.14438,0.67287,0.00380,-0.00362,0.73975,-0.08554,0.59279,0.00683
14752000000,0.12995,1.46469,0.14460,0.67216,0.00384,-0.00366,0.74039,-0.09316,0.58804,0.00644
14785000000,0.12700,1.48426,0.14478,0.67142,0.00385,-0.00357,0.74106,-0.08917,0.59299,0.00558
14818000000,0.12360,1.50373,0.14513,0.67083,0.00383,-0.00362,0.74159,-0.10324,0.58984,0.01069
14851000000,0.12119,1.52314,0.14550,0.67009,0.00383,-0.00357,0.74226,-0.07278,0.58834,0.01103
14884000000,0.11822,1.54167,0.14597,0.66967,0.00376,-0.00360,0.74264,-0.09026,0.56144,0.01436
14917000000,0.11530,1.56044,0.14625,0.66911,0.00378,-0.00363,0.74315,-0.08822,0.56895,0.00838
14950000000,0.11225,1.57928,0.14664,0.66871,0.00364,-0.00359,0.74351,-0.09267,0.57063,0.01191
14983000000,0.10946,1.59745,0.14665,0.66819,0.00359,-0.00391,0.74397,-0.08443,0.55073,0.00015
15016000000,0.10645,1.61613,0.14718,0.66779,0.00352,-0.00389,0.74434,-0.09130,0.56615,0.01621
15049000000,0.10336,1.63456,0.14756,0.66748,0.00354,-0.00386,0.74461,-0.09364,0.55851,0.01136
15082000000,0.10018,1.65384,0.14760,0.66717,0.00357,-0.00387,0.74489,-0.09615,0.58403,0.00144
15115000000,0.09692,1.67295,0.14821,0.66687,0.00348,-0.00382,0.74516,-0.09894,0.57918,0.01831
15148000000,0.09528,1.69787,0.14803,0.66610,0.00365,-0.00436,0.74584,-0.04974,0.75507,-0.00553
15181000000,0.09230,1.71731,0.14805,0.66575,0.00367,-0.00444,0.74615,-0.09023,0.58932,0.00061
15214000000,0.08955,1.73652,0.14832,0.66545,0.00363,-0.00441,0.74642,-0.08342,0.58209,0.00818
15247000000,0.08665,1.75597,0.14862,0.66509,0.00365,-0.00434,0.74674,-0.08788,0.58936,0.00913
15280000000,0.08389,1.77523,0.14896,0.66479,0.00364,-0.00432,0.74701,-0.08361,0.58355,0.01048
15313000000,0.08095,1.79512,0.14923,0.66449,0.00370,-0.00433,0.74727,-0.08902,0.60269,0.00797
15346000000,0.07813,1.81432,0.14968,0.66425,0.00352,-0.00432,0.74749,-0.08547,0.58190,0.01375
15379000000,0.07518,1.83371,0.14984,0.66409,0.00361,-0.00436,0.74763,-0.08929,0.58746,0.00478
15412000000,0.07216,1.85289,0.14999,0.66390,0.00362,-0.00444,0.74780,-0.09152,0.58141,0.00456
15445000000,0.07006,1.87127,0.15042,0.66377,0.00373,-0.00422,0.74791,-0.06385,0.55697,0.01294
15478000000,0.06792,1.89021,0.15070,0.66368,0.00366,-0.00421,0.74800,-0.06480,0.57397,0.00863
15511000000,0.06536,1.90968,0.15086,0.66362,0.00368,-0.00410,0.74805,-0.07750,0.58990,0.00495
15544000000,0.06283,1.92854,0.15108,0.66357,0.00375,-0.00421,0.74809,-0.07658,0.57153,0.00666
15577000000,0.06103,1.94751,0.15125,0.66353,0.00376,-0.00417,0.74813,-0.05459,0.57484,0.00509
15643000000,0.05574,1.98678,0.15167,0.66370,0.00382,-0.00420,0.74798,-0.08024,0.59494,0.00631
15676000000,0.00996,2.01107,0.18593,0.65837,-0.08272,-0.09125,0.74255,-1.38703,0.73628,1.03828
15775000000,0.00387,2.06841,0.18566,0.65871,-0.08255,-0.09134,0.74226,-0.06154,0.57918,-0.00274
15808000000,-0.03786,2.09266,0.20557,0.65608,-0.04525,-0.07159,0.74993,-1.26468,0.73478,0.60329
15841000000,-0.03999,2.11104,0.20654,0.65615,-0.04530,-0.07164,0.74985,-0.06431,0.55682,0.02950
15874000000,-0.04234,2.13015,0.20702,0.65652,-0.04519,-0.07155,0.74954,-0.07145,0.57921,0.01453
15907000000,-0.04445,2.14869,0.20774,0.65684,-0.04517,-0.07161,0.74926,-0.06377,0.56195,0.02184
15940000000,-0.04631,2.16768,0.20870,0.65727,-0.04518,-0.07159,0.74889,-0.05637,0.57522,0.02910
15973000000,-0.04837,2.18683,0.20924,0.65777,-0.04510,-0.07165,0.74845,-0.06257,0.58056,0.01630
16006000000,-0.05023,2.20545,0.20997,0.65820,-0.04503,-0.07163,0.74808,-0.05614,0.56411,0.02217
16039000000,-0.05196,2.22467,0.21043,0.65880,-0.04488,-0.07163,0.74756,-0.05252,0.58230,0.01397
16072000000,-0.05362,2.24383,0.21113,0.65938,-0.04487,-0.07156,0.74705,-0.05041,0.58074,0.02110
16105000000,-0.05531,2.26265,0.21203,0.66011,-0.04494,-0.07163,0.74639,-0.05107,0.57040,0.02736
16138000000,-0.05696,2.28225,0.21253,0.66085,-0.04482,-0.07178,0.74573,-0.05021,0.59395,0.01502
16171000000,-0.05827,2.30085,0.21277,0.66163,-0.04476,-0.07197,0.74503,-0.03969,0.56346,0.00741
16204000000,-0.05954,2.32015,0.21375,0.66245,-0.04484,-0.07201,0.74429,-0.03834,0.58483,0.02979
16237000000,-0.05855,2.34045,0.21241,0.66272,-0.04452,-0.07229,0.74404,0.02990,0.61511,-0.04075
16270000000,-0.05973,2.35961,0.21333,0.66380,-0.04422,-0.07218,0.74311,-0.03583,0.58069,0.02779
16303000000,-0.06094,2.37877,0.21453,0.66455,-0.04453,-0.07231,0.74241,-0.03661,0.58072,0.03661
16336000000,-0.06097,2.39128,0.21561,0.66467,-0.04484,-0.07225,0.74228,-0.00094,0.37897,0.03267
16369000000,-0.06225,2.41120,0.21620,0.66558,-0.04475,-0.07229,0.74146,-0.03881,0.60352,0.01785
16402000000,-0.06400,2.43096,0.21821,0.66661,-0.04514,-0.07248,0.74050,-0.05299,0.59897,0.06097
16435000000,-0.06526,2.45043,0.21924,0.66760,-0.04513,-0.07242,0.73961,-0.03798,0.58997,0.03110
16468000000,-0.06771,2.47151,0.22065,0.66911,-0.04506,-0.07244,0.73826,-0.07445,0.63885,0.04283
16501000000,-0.06847,2.49119,0.22157,0.67019,-0.04488,-0.07243,0.73728,-0.02287,0.59643,0.02787
16534000000,-0.06910,2.51085,0.22252,0.67118,-0.04487,-0.07249,0.73638,-0.01905,0.59565,0.02857
16567000000,-0.06940,2.53050,0.22346,0.67218,-0.04480,-0.07247,0.73547,-0.00920,0.59530,0.02853
16600000000,-0.06980,2.54958,0.22412,0.67328,-0.04466,-0.07276,0.73444,-0.01198,0.57830,0.01995
16633000000,-0.06985,2.57121,0.22559,0.67431,-0.04433,-0.07252,0.73354,-0.00153,0.65542,0.04457
16666000000,-0.07025,2.59040,0.22622,0.67551,-0.04413,-0.07265,0.73244,-0.01218,0.58139,0.01913
16699000000,-0.07036,2.61014,0.22686,0.67667,-0.04396,-0.07277,0.73136,-0.00349,0.59828,0.01957
16732000000,-0.06999,2.62964,0.22738,0.67788,-0.04369,-0.07297,0.73024,0.01127,0.59087,0.01550
16765000000,-0.06965,2.64886,0.22833,0.67911,-0.04363,-0.07298,0.72909,0.01040,0.58241,0.02892
16798000000,-0.06885,2.66774,0.22901,0.68029,-0.04333,-0.07324,0.72799,0.02432,0.57231,0.02050
16831000000,-0.06760,2.68823,0.23022,0.68160,-0.04303,-0.07320,0.72679,0.03779,0.62080,0.03670
16864000000,-0.06709,2.70765,0.23124,0.68295,-0.04292,-0.07324,0.72551,0.01533,0.58843,0.03104
16930000000,-0.06526,2.74714,0.23333,0.68551,-0.04258,-0.07346,0.72309,0.02776,0.59843,0.03159
16963000000,-0.06451,2.76688,0.23407,0.68690,-0.04235,-0.07363,0.72177,0.02272,0.59821,0.02251
16996000000,-0.06333,2.78586,0.23512,0.68828,-0.04223,-0.07387,0.72044,0.03570,0.57513,0.03173
17029000000,-0.06331,2.80687,0.23635,0.68983,-0.04230,-0.07373,0.71896,0.00067,0.63653,0.03746
17062000000,-0.06223,2.82635,0.23761,0.69136,-0.04208,-0.07379,0.71750,0.03267,0.59042,0.03821
17095000000,-0.06076,2.84655,0.23904,0.69284,-0.04191,-0.07387,0.71607,0.04453,0.61213,0.04327
17128000000,-0.05916,2.86599,0.24040,0.69413,-0.04180,-0.07397,0.71482,0.04870,0.58896,0.04130
17161000000,-0.05768,2.88599,0.24162,0.69567,-0.04166,-0.07412,0.71331,0.04473,0.60594,0.03694
17194000000,-0.05606,2.90566,0.24285,0.69722,-0.04143,-0.07418,0.71180,0.04899,0.59621,0.03717
17227000000,-0.05424,2.92565,0.24449,0.69859,-0.04161,-0.07432,0.71043,0.05518,0.60577,0.04969
17260000000,-0.05059,2.94494,0.24617,0.70007,-0.04134,-0.07445,0.70898,0.11074,0.58457,0.05092
17293000000,-0.04880,2.96499,0.24748,0.70167,-0.04123,-0.07446,0.70740,0.05402,0.60768,0.03956
17326000000,-0.04681,2.98491,0.24881,0.70321,-0.04115,-0.07456,0.70587,0.06046,0.60338,0.04047
17359000000,-0.04428,3.00501,0.25009,0.70471,-0.04086,-0.07458,0.70438,0.07675,0.60916,0.03875
17392000000,-0.04225,3.02483,0.25148,0.70628,-0.04074,-0.07469,0.70280,0.06127,0.60062,0.04208
17425000000,-0.04031,3.04451,0.25280,0.70793,-0.04059,-0.07480,0.70113,0.05885,0.59639,0.03997
17458000000,-0.03737,3.06405,0.25424,0.70926,-0.04053,-0.07505,0.69977,0.08903,0.59217,0.04368
17491000000,-0.03460,3.08497,0.25417,0.71079,-0.03897,-0.07475,0.69834,0.08403,0.63394,-0.00203
17524000000,-0.03183,3.10483,0.25562,0.71235,-0.03883,-0.07490,0.69674,0.08406,0.60191,0.04384
17557000000,-0.02877,3.12485,0.25726,0.71397,-0.03861,-0.07492,0.69509,0.09262,0.60644,0.04978
17590000000,-0.02593,3.14476,0.25879,0.71553,-0.03850,-0.07501,0.69348,0.08618,0.60328,0.04631
17623000000,-0.02321,3.16440,0.26035,0.71731,-0.03832,-0.07507,0.69164,0.08233,0.59530,0.04713
17656000000,-0.01986,3.18373,0.26171,0.71881,-0.03815,-0.07530,0.69006,0.10149,0.58571,0.04119
17689000000,-0.01663,3.20389,0.26298,0.72072,-0.03797,-0.07525,0.68809,0.09787,0.61086,0.03859
17722000000,-0.01337,3.22321,0.26460,0.72238,-0.03785,-0.07541,0.68633,0.09893,0.58558,0.04911
17755000000,-0.01019,3.24287,0.26618,0.72398,-0.03765,-0.07551,0.68464,0.09616,0.59556,0.04793
17788000000,-0.00658,3.26257,0.26771,0.72556,-0.03753,-0.07571,0.68295,0.10955,0.59700,0.04630
17821000000,-0.00260,3.28201,0.26959,0.72717,-0.03738,-0.07565,0.68126,0.12059,0.58926,0.05707
17854000000,0.00115,3.30198,0.27191,0.72841,-0.03764,-0.07582,0.67989,0.11356,0.60498,0.07021
17887000000,0.00531,3.32087,0.27365,0.73007,-0.03739,-0.07587,0.67811,0.12596,0.57254,0.05274
17920000000,0.00922,3.34004,0.27530,0.73163,-0.03725,-0.07593,0.67643,0.11868,0.58098,0.04991
17953000000,0.01357,3.35950,0.27696,0.73320,-0.03708,-0.07605,0.67473,0.13163,0.58974,0.05042
17986000000,0.01766,3.37919,0.27871,0.73486,-0.03685,-0.07608,0.67293,0.12416,0.59670,0.05290
18019000000,0.02174,3.39870,0.28014,0.73644,-0.03662,-0.07625,0.67120,0.12359,0.59116,0.04350
18052000000,0.02607,3.41814,0.28165,0.73809,-0.03640,-0.07632,0.66938,0.13117,0.58893,0.04566
18085000000,0.03027,3.43736,0.28293,0.73961,-0.03626,-0.07652,0.66769,0.12718,0.58259,0.03882
18118000000,0.03392,3.45547,0.28561,0.74137,-0.03656,-0.07659,0.66571,0.11057,0.54858,0.08115
18151000000,0.03841,3.47418,0.28756,0.74292,-0.03641,-0.07657,0.66399,0.13612,0.56723,0.05913
18184000000,0.04313,3.49402,0.28932,0.74456,-0.03619,-0.07673,0.66214,0.14323,0.60094,0.05343
18217000000,0.04798,3.51338,0.29103,0.74607,-0.03611,-0.07687,0.66043,0.14687,0.58672,0.05173
18250000000,0.05316,3.53328,0.29233,0.74763,-0.03589,-0.07703,0.65865,0.15696,0.60300,0.03931
18283000000,0.05771,3.55247,0.29395,0.74917,-0.03571,-0.07712,0.65691,0.13774,0.58176,0.04916
18349000000,0.06799,3.59000,0.29769,0.75228,-0.03539,-0.07724,0.65334,0.15584,0.56856,0.05663
18382000000,0.07336,3.60866,0.29978,0.75376,-0.03541,-0.07741,0.65162,0.16267,0.56551,0.06351
18415000000,0.07887,3.62440,0.30256,0.75500,-0.03530,-0.07722,0.65020,0.16701,0.47701,0.08407
18448000000,0.08419,3.64373,0.30469,0.75655,-0.03515,-0.07730,0.64839,0.16111,0.58566,0.06455
18481000000,0.08919,3.66350,0.30660,0.75804,-0.03508,-0.07731,0.64665,0.15155,0.59899,0.05790
18514000000,0.09444,3.68305,0.30830,0.75955,-0.03490,-0.07741,0.64488,0.15922,0.59270,0.05174
18547000000,0.10002,3.70152,0.30986,0.76074,-0.03476,-0.07756,0.64347,0.16888,0.55967,0.04716
18580000000,0.10507,3.71987,0.31149,0.76203,-0.03453,-0.07766,0.64194,0.15329,0.55582,0.04939
18613000000,0.11029,3.73819,0.31317,0.76318,-0.03437,-0.07767,0.64058,0.15793,0.55518,0.05084
18646000000,0.11570,3.75643,0.31525,0.76427,-0.03424,-0.07772,0.63928,0.16406,0.55270,0.06294
18679000000,0.12099,3.77457,0.31666,0.76527,-0.03406,-0.07788,0.63807,0.16022,0.54996,0.04277
18712000000,0.12655,3.79212,0.31855,0.76622,-0.03391,-0.07790,0.63693,0.16844,0.53170,0.05722
18745000000,0.13176,3.81041,0.32038,0.76714,-0.03381,-0.07794,0.63583,0.15791,0.55419,0.05556
18778000000,0.13620,3.82801,0.32323,0.76794,-0.03450,-0.07802,0.63481,0.13464,0.53331,0.08629
18811000000,0.14152,3.84703,0.32544,0.76883,-0.03436,-0.07798,0.63375,0.16119,0.57653,0.06704
18877000000,0.15205,3.88467,0.32898,0.77048,-0.03425,-0.07813,0.63173,0.15951,0.57023,0.05361
18910000000,0.15728,3.90344,0.33052,0.77120,-0.03412,-0.07809,0.63087,0.15850,0.56880,0.04685
18943000000,0.16247,3.92216,0.33215,0.77182,-0.03396,-0.07828,0.63009,0.15727,0.56727,0.04943
18976000000,0.16776,3.94099,0.33352,0.77249,-0.03378,-0.07832,0.62927,0.16051,0.57079,0.04143
19009000000,0.17275,3.95969,0.33510,0.77305,-0.03364,-0.07836,0.62858,0.15113,0.56668,0.04779
19042000000,0.17793,3.97841,0.33676,0.77362,-0.03364,-0.07849,0.62787,0.15684,0.56712,0.05031
19075000000,0.18249,3.99688,0.33826,0.77410,-0.03358,-0.07849,0.62728,0.13827,0.55983,0.04552
19108000000,0.18705,4.01445,0.33985,0.77449,-0.03355,-0.07868,0.62678,0.13818,0.53235,0.04823
19141000000,0.19149,4.03149,0.34222,0.77510,-0.03396,-0.07853,0.62602,0.13451,0.51624,0.07185
19174000000,0.19600,4.05099,0.34443,0.77561,-0.03394,-0.07846,0.62539,0.13661,0.59106,0.06682
19207000000,0.20096,4.07012,0.34638,0.77600,-0.03399,-0.07845,0.62491,0.15042,0.57965,0.05900
19240000000,0.20580,4.08890,0.34805,0.77636,-0.03394,-0.07843,0.62447,0.14674,0.56917,0.05061
19273000000,0.21064,4.10768,0.34943,0.77662,-0.03389,-0.07861,0.62413,0.14661,0.56908,0.04187
19306000000,0.21568,4.12656,0.35110,0.77692,-0.03394,-0.07859,0.62375,0.15283,0.57215,0.05067
19339000000,0.22031,4.14506,0.35268,0.77721,-0.03384,-0.07866,0.62339,0.14007,0.56057,0.04792
19372000000,0.22493,4.16350,0.35413,0.77751,-0.03370,-0.07865,0.62303,0.14003,0.55878,0.04381
19405000000,0.22964,4.18189,0.35592,0.77777,-0.03359,-0.07866,0.62270,0.14275,0.55725,0.05434
19438000000,0.23435,4.20080,0.35752,0.77791,-0.03359,-0.07875,0.62251,0.14272,0.57301,0.04845
19471000000,0.23920,4.21935,0.35935,0.77809,-0.03357,-0.07873,0.62229,0.14690,0.56200,0.05558
19504000000,0.24426,4.23816,0.36127,0.77816,-0.03358,-0.07874,0.62220,0.15360,0.57014,0.05793
19537000000,0.24965,4.25573,0.36452,0.77811,-0.03486,-0.07861,0.62221,0.16306,0.53241,0.09876
19570000000,0.25435,4.27315,0.36655,0.77820,-0.03484,-0.07844,0.62213,0.14255,0.52792,0.06152
19603000000,0.25836,4.29289,0.36870,0.77833,-0.03486,-0.07833,0.62197,0.12150,0.59804,0.06508
19636000000,0.26252,4.31245,0.37035,0.77841,-0.03490,-0.07828,0.62187,0.12615,0.59268,0.04979
19669000000,0.26709,4.33218,0.37183,0.77867,-0.03486,-0.07846,0.62153,0.13847,0.59788,0.04500
19702000000,0.27188,4.35153,0.37301,0.77892,-0.03476,-0.07855,0.62121,0.14519,0.58638,0.03577
19768000000,0.28152,4.39017,0.37625,0.77948,-0.03471,-0.07871,0.62050,0.14607,0.58547,0.04915
19801000000,0.28622,4.40928,0.37801,0.77971,-0.03463,-0.07860,0.62022,0.14218,0.57923,0.05311
19834000000,0.29123,4.42844,0.37953,0.78003,-0.03467,-0.07860,0.61981,0.15190,0.58041,0.04608
19900000000,0.30078,4.46641,0.38327,0.78046,-0.03464,-0.07850,0.61929,0.14470,0.57532,0.05667
19933000000,0.30551,4.48536,0.38458,0.78057,-0.03469,-0.07885,0.61911,0.14346,0.57433,0.03974
19966000000,0.30895,4.49911,0.38868,0.78093,-0.03489,-0.07832,0.61870,0.10411,0.41664,0.12423
20032000000,0.31618,4.53684,0.39717,0.78153,-0.03546,-0.07800,0.61796,0.10963,0.57171,0.12862
20065000000,0.32252,4.55858,0.39538,0.78171,-0.03522,-0.07843,0.61769,0.19191,0.65887,-0.05412
20098000000,0.32726,4.57797,0.39694,0.78185,-0.03509,-0.07848,0.61751,0.14371,0.58739,0.04707
20131000000,0.33204,4.59723,0.39823,0.78207,-0.03510,-0.07852,0.61723,0.14479,0.58378,0.03908
20164000000,0.33723,4.61666,0.39922,0.78209,-0.03503,-0.07870,0.61719,0.15720,0.58868,0.03003
20197000000,0.33960,4.63451,0.40531,0.78254,-0.03517,-0.07732,0.61678,0.07207,0.54079,0.18467
20230000000,0.34569,4.65634,0.40462,0.78265,-0.03493,-0.07769,0.61661,0.18439,0.66172,-0.02086
20362000000,0.36614,4.73569,0.40886,0.78279,-0.03453,-0.07814,0.61639,0.15496,0.60110,0.03213
20395000000,0.37112,4.75587,0.40935,0.78285,-0.03430,-0.07823,0.61632,0.15068,0.61152,0.01472
20428000000,0.37555,4.77569,0.41060,0.78279,-0.03425,-0.07824,0.61640,0.13435,0.60054,0.03801
20461000000,0.37983,4.79534,0.41192,0.78274,-0.03416,-0.07822,0.61647,0.12960,0.59564,0.03987
20494000000,0.38423,4.81466,0.41326,0.78258,-0.03410,-0.07838,0.61665,0.13353,0.58544,0.04065
20527000000,0.38864,4.83433,0.41461,0.78235,-0.03410,-0.07842,0.61694,0.13364,0.59609,0.04102
20560000000,0.39290,4.85389,0.41600,0.78189,-0.03422,-0.07862,0.61749,0.12897,0.59278,0.04192
20593000000,0.39709,4.87051,0.41874,0.78121,-0.03434,-0.07791,0.61843,0.12691,0.50338,0.08317
20626000000,0.40113,4.89104,0.42031,0.78095,-0.03442,-0.07786,0.61876,0.12244,0.62214,0.04748
20692000000,0.40874,4.93200,0.42353,0.78036,-0.03453,-0.07782,0.61951,0.11535,0.62061,0.04876
20725000000,0.41243,4.95231,0.42531,0.77996,-0.03469,-0.07769,0.62002,0.11185,0.61551,0.05399
20758000000,0.41624,4.97233,0.42694,0.77960,-0.03478,-0.07771,0.62046,0.11534,0.60662,0.04941
20791000000,0.41934,4.99174,0.42854,0.77914,-0.03483,-0.07769,0.62104,0.09403,0.58827,0.04849
20857000000,0.42629,5.03214,0.43192,0.77805,-0.03499,-0.07753,0.62241,0.10529,0.61211,0.05123
20890000000,0.43024,5.05245,0.43333,0.77748,-0.03497,-0.07749,0.62314,0.11986,0.61537,0.04273
20923000000,0.43333,5.07249,0.43462,0.77682,-0.03499,-0.07736,0.62398,0.09342,0.60748,0.03908
20956000000,0.43650,5.09160,0.43627,0.77607,-0.03517,-0.07735,0.62489,0.09608,0.57897,0.04987
20989000000,0.43946,5.11052,0.43795,0.77524,-0.03538,-0.07722,0.62593,0.08965,0.57343,0.05104
21022000000,0.44231,5.12980,0.43935,0.77440,-0.03545,-0.07724,0.62696,0.08642,0.58410,0.04248
21055000000,0.44499,5.14897,0.44058,0.77362,-0.03545,-0.07717,0.62793,0.08141,0.58102,0.03721
21088000000,0.45081,5.16763,0.43935,0.77210,-0.03555,-0.07744,0.62976,0.17636,0.56547,-0.03740
21154000000,0.45538,5.20578,0.44261,0.77046,-0.03596,-0.07724,0.63177,0.06917,0.57795,0.04943
21187000000,0.45738,5.22648,0.44403,0.76961,-0.03604,-0.07710,0.63282,0.06058,0.62749,0.04299
21220000000,0.45952,5.24722,0.44499,0.76875,-0.03618,-0.07711,0.63386,0.06501,0.62847,0.02933
21286000000,0.46378,5.28725,0.44678,0.76701,-0.03627,-0.07709,0.63595,0.06444,0.60646,0.02700
21319000000,0.46584,5.30704,0.44753,0.76608,-0.03629,-0.07713,0.63706,0.06253,0.59976,0.02276
21352000000,0.46802,5.32733,0.44826,0.76510,-0.03641,-0.07721,0.63823,0.06606,0.61466,0.02204
21418000000,0.47205,5.36666,0.45064,0.76331,-0.03652,-0.07700,0.64038,0.06110,0.59595,0.03621
21451000000,0.47370,5.38622,0.45164,0.76243,-0.03653,-0.07696,0.64144,0.04973,0.59264,0.03023
21484000000,0.47468,5.40099,0.45208,0.76148,-0.03686,-0.07712,0.64253,0.02996,0.44774,0.01328
21550000000,0.47764,5.44236,0.45443,0.75963,-0.03723,-0.07717,0.64469,0.04475,0.62680,0.03555
21583000000,0.47952,5.46274,0.45553,0.75855,-0.03728,-0.07699,0.64598,0.05707,0.61750,0.03327
21616000000,0.48092,5.48259,0.45638,0.75759,-0.03745,-0.07706,0.64708,0.04235,0.60170,0.02591
21649000000,0.48262,5.50231,0.45747,0.75659,-0.03754,-0.07697,0.64826,0.05148,0.59753,0.03302
21682000000,0.48373,5.52191,0.45857,0.75565,-0.03753,-0.07682,0.64937,0.03366,0.59398,0.03320
21748000000,0.48619,5.56200,0.46104,0.75364,-0.03789,-0.07667,0.65170,0.03727,0.60733,0.03742
21781000000,0.48759,5.58198,0.46212,0.75263,-0.03794,-0.07657,0.65287,0.04259,0.60560,0.03298
21847000000,0.49015,5.62141,0.46408,0.75062,-0.03807,-0.07639,0.65520,0.03879,0.59740,0.02960
21880000000,0.49080,5.64117,0.46465,0.74969,-0.03806,-0.07646,0.65625,0.01949,0.59872,0.01740
21913000000,0.49306,5.65988,0.46685,0.74823,-0.03843,-0.07626,0.65792,0.06861,0.56702,0.06658
21946000000,0.49400,5.67987,0.46821,0.74726,-0.03859,-0.07610,0.65904,0.02848,0.60568,0.04141
21979000000,0.49443,5.70020,0.46953,0.74630,-0.03889,-0.07593,0.66012,0.01303,0.61626,0.03972
22012000000,0.49464,5.72028,0.47052,0.74537,-0.03900,-0.07584,0.66118,0.00642,0.60834,0.03015
22045000000,0.49497,5.74067,0.47126,0.74443,-0.03913,-0.07590,0.66222,0.00983,0.61789,0.02245
22078000000,0.49600,5.76057,0.47197,0.74336,-0.03922,-0.07590,0.66341,0.03146,0.60298,0.02149
22111000000,0.49660,5.78053,0.47243,0.74245,-0.03918,-0.07587,0.66444,0.01810,0.60490,0.01401
22144000000,0.49730,5.80054,0.47332,0.74149,-0.03926,-0.07579,0.66551,0.02123,0.60626,0.02681
22177000000,0.49781,5.81985,0.47467,0.74053,-0.03948,-0.07576,0.66657,0.01530,0.58528,0.04088
22210000000,0.49823,5.83937,0.47535,0.73954,-0.03952,-0.07572,0.66767,0.01294,0.59149,0.02063
22243000000,0.49841,5.85914,0.47622,0.73862,-0.03958,-0.07561,0.66870,0.00542,0.59921,0.02656
22276000000,0.49860,5.87891,0.47697,0.73771,-0.03969,-0.07564,0.66969,0.00551,0.59895,0.02275
22309000000,0.49910,5.89840,0.47816,0.73681,-0.03980,-0.07559,0.67069,0.01534,0.59070,0.03599
22342000000,0.49972,5.91827,0.47899,0.73578,-0.03988,-0.07556,0.67180,0.01875,0.60209,0.02500
22375000000,0.49997,5.93823,0.47964,0.73480,-0.03994,-0.07547,0.67288,0.00758,0.60490,0.01967
22408000000,0.50007,5.95736,0.47965,0.73403,-0.03971,-0.07557,0.67373,0.00301,0.57965,0.00037
22441000000,0.50127,5.97700,0.48335,0.73321,-0.04040,-0.07508,0.67463,0.03635,0.59509,0.11213
22507000000,0.50107,6.01663,0.48493,0.73142,-0.04082,-0.07507,0.67656,-0.00294,0.60053,0.02401
22540000000,0.50095,6.03675,0.48549,0.73057,-0.04092,-0.07511,0.67746,-0.00389,0.60961,0.01682
22573000000,0.50086,6.05676,0.48603,0.72973,-0.04092,-0.07516,0.67836,-0.00263,0.60625,0.01633
22606000000,0.50074,6.07633,0.48707,0.72892,-0.04112,-0.07500,0.67924,-0.00376,0.59297,0.03167
22639000000,0.50107,6.09655,0.48770,0.72801,-0.04124,-0.07510,0.68019,0.01022,0.61291,0.01893
22672000000,0.50148,6.11613,0.48856,0.72716,-0.04129,-0.07500,0.68110,0.01222,0.59326,0.02621
22705000000,0.50170,6.13591,0.48953,0.72632,-0.04149,-0.07496,0.68200,0.00672,0.59953,0.02924
22738000000,0.50101,6.15494,0.49057,0.72559,-0.04151,-0.07498,0.68277,-0.02090,0.57654,0.03146
22771000000,0.50058,6.17436,0.49165,0.72482,-0.04163,-0.07482,0.68360,-0.01304,0.58859,0.03295
22804000000,0.50047,6.19328,0.49193,0.72411,-0.04144,-0.07481,0.68437,-0.00316,0.57320,0.00844
22837000000,0.49906,6.21047,0.49395,0.72371,-0.04138,-0.07443,0.68483,-0.04298,0.52091,0.06111
22903000000,0.49870,6.24964,0.49511,0.72219,-0.04147,-0.07438,0.68643,-0.00542,0.59357,0.01761
22936000000,0.49888,6.26999,0.49562,0.72142,-0.04148,-0.07441,0.68724,0.00562,0.61654,0.01529
22969000000,0.49904,6.28968,0.49647,0.72068,-0.04161,-0.07432,0.68801,0.00466,0.59660,0.02598
23035000000,0.49795,6.32906,0.49752,0.71939,-0.04165,-0.07431,0.68936,-0.01651,0.59670,0.01586
23068000000,0.49755,6.34839,0.49941,0.71880,-0.04208,-0.07408,0.68998,-0.01215,0.58579,0.05734
23101000000,0.49755,6.36829,0.50003,0.71811,-0.04197,-0.07409,0.69070,0.00011,0.60304,0.01875
23134000000,0.49689,6.38781,0.50061,0.71753,-0.04201,-0.07423,0.69129,-0.01997,0.59138,0.01750
23200000000,0.49614,6.42717,0.50214,0.71641,-0.04203,-0.07402,0.69246,-0.01136,0.59639,0.02316
23233000000,0.49531,6.44501,0.50284,0.71605,-0.04188,-0.07401,0.69285,-0.02512,0.54079,0.02115
23266000000,0.49607,6.46443,0.50382,0.71533,-0.04210,-0.07398,0.69358,0.02292,0.58830,0.02990
23299000000,0.49540,6.48327,0.50439,0.71489,-0.04211,-0.07400,0.69404,-0.02042,0.57098,0.01712
23332000000,0.49499,6.50266,0.50532,0.71423,-0.04237,-0.07403,0.69469,-0.01220,0.58764,0.02831
23365000000,0.49504,6.52210,0.50627,0.71375,-0.04247,-0.07398,0.69519,0.00132,0.58904,0.02870
23398000000,0.49448,6.54200,0.50704,0.71322,-0.04241,-0.07378,0.69576,-0.01671,0.60297,0.02334
23431000000,0.49471,6.56199,0.50796,0.71269,-0.04249,-0.07376,0.69629,0.00669,0.60579,0.02804
23464000000,0.49416,6.58164,0.50885,0.71225,-0.04253,-0.07375,0.69675,-0.01656,0.59556,0.02693
23497000000,0.49405,6.60119,0.50968,0.71182,-0.04249,-0.07371,0.69719,-0.00336,0.59222,0.02496
23530000000,0.49388,6.62109,0.51048,0.71129,-0.04260,-0.07346,0.69775,-0.00496,0.60323,0.02433
23563000000,0.49314,6.63935,0.51102,0.71114,-0.04236,-0.07348,0.69792,-0.02255,0.55332,0.01649
23596000000,0.49285,6.65942,0.51150,0.71067,-0.04226,-0.07371,0.69838,-0.00867,0.60820,0.01438
23629000000,0.49208,6.67817,0.51204,0.71020,-0.04237,-0.07374,0.69884,-0.02354,0.56826,0.01632
23662000000,0.49188,6.69807,0.51292,0.70977,-0.04258,-0.07369,0.69928,-0.00611,0.60292,0.02686
23695000000,0.49194,6.71811,0.51397,0.70940,-0.04266,-0.07351,0.69967,0.00207,0.60729,0.03176
23728000000,0.49202,6.73814,0.51508,0.70897,-0.04281,-0.07347,0.70010,0.00230,0.60677,0.03348
23761000000,0.49190,6.75749,0.51572,0.70864,-0.04277,-0.07350,0.70043,-0.00369,0.58642,0.01945
23794000000,0.49175,6.77690,0.51659,0.70842,-0.04279,-0.07345,0.70066,-0.00464,0.58830,0.02630
23827000000,0.49181,6.79651,0.51746,0.70807,-0.04290,-0.07350,0.70099,0.00202,0.59410,0.02644
23860000000,0.49137,6.81400,0.51781,0.70809,-0.04253,-0.07358,0.70099,-0.01343,0.53023,0.01076
23893000000,0.49153,6.83517,0.51748,0.70788,-0.04233,-0.07372,0.70120,0.00485,0.64133,-0.01021
23926000000,0.49091,6.85441,0.51798,0.70757,-0.04243,-0.07391,0.70148,-0.01860,0.58323,0.01537
23959000000,0.49071,6.87438,0.51882,0.70742,-0.04259,-0.07382,0.70164,-0.00611,0.60495,0.02544
23992000000,0.49117,6.89408,0.51997,0.70713,-0.04276,-0.07373,0.70193,0.01379,0.59710,0.03483
24025000000,0.49138,6.91374,0.52056,0.70698,-0.04279,-0.07381,0.70207,0.00642,0.59558,0.01790
24058000000,0.49141,6.93295,0.52119,0.70697,-0.04254,-0.07375,0.70210,0.00077,0.58236,0.01907
24091000000,0.49159,6.95232,0.52228,0.70683,-0.04250,-0.07367,0.70225,0.00549,0.58681,0.03310
24124000000,0.49123,6.96960,0.52324,0.70700,-0.04233,-0.07372,0.70208,-0.01071,0.52355,0.02896
24157000000,0.49093,6.99108,0.52300,0.70767,-0.04195,-0.07396,0.70140,-0.00915,0.65114,-0.00741
24190000000,0.49053,7.00898,0.52341,0.70780,-0.04181,-0.07417,0.70127,-0.01232,0.54242,0.01246
24223000000,0.49074,7.02855,0.52446,0.70761,-0.04207,-0.07423,0.70144,0.00642,0.59304,0.03195
24256000000,0.49111,7.04794,0.52565,0.70760,-0.04214,-0.07409,0.70145,0.01143,0.58733,0.03591
24289000000,0.49181,7.06767,0.52705,0.70760,-0.04228,-0.07393,0.70147,0.02117,0.59785,0.04255
24322000000,0.49218,7.08760,0.52831,0.70767,-0.04230,-0.07381,0.70140,0.01124,0.60407,0.03807
24355000000,0.49230,7.10563,0.52828,0.70808,-0.04181,-0.07405,0.70099,0.00366,0.54641,-0.00077
24388000000,0.49305,7.12308,0.52999,0.70844,-0.04167,-0.07374,0.70067,0.02244,0.52887,0.05171
24421000000,0.49303,7.14074,0.53049,0.70866,-0.04171,-0.07391,0.70042,-0.00042,0.53500,0.01521
24454000000,0.49278,7.15769,0.53074,0.70904,-0.04166,-0.07411,0.70002,-0.00763,0.51374,0.00758
24487000000,0.49253,7.17458,0.53131,0.70928,-0.04163,-0.07411,0.69978,-0.00757,0.51170,0.01742
24520000000,0.49292,7.18961,0.53184,0.70980,-0.04137,-0.07419,0.69926,0.01187,0.45554,0.01589
24553000000,0.49297,7.20448,0.53278,0.70998,-0.04150,-0.07420,0.69907,0.00149,0.45044,0.02847
24586000000,0.49342,7.21888,0.53408,0.71033,-0.04147,-0.07405,0.69873,0.01355,0.43651,0.03950
24619000000,0.49518,7.23144,0.53538,0.71063,-0.04141,-0.07404,0.69844,0.05345,0.38046,0.03945
24652000000,0.49886,7.24132,0.53880,0.71094,-0.04161,-0.07353,0.69816,0.11157,0.29955,0.10353
24685000000,0.50198,7.25201,0.54147,0.71095,-0.04188,-0.07318,0.69817,0.09457,0.32387,0.08095
24718000000,0.50500,7.26269,0.54355,0.71090,-0.04209,-0.07304,0.69823,0.09142,0.32374,0.06307
24751000000,0.50674,7.27430,0.54474,0.71109,-0.04215,-0.07299,0.69803,0.05273,0.35189,0.03600
24784000000,0.50129,7.28904,0.54133,0.71174,-0.04163,-0.07346,0.69735,-0.16508,0.44638,-0.10334
24817000000,0.50212,7.30050,0.54242,0.71213,-0.04173,-0.07343,0.69695,0.02516,0.34747,0.03303
24850000000,0.50285,7.31223,0.54318,0.71255,-0.04163,-0.07346,0.69653,0.02189,0.35545,0.02288
24883000000,0.50377,7.32339,0.54377,0.71292,-0.04167,-0.07354,0.69614,0.02802,0.33816,0.01802
24916000000,0.50455,7.33422,0.54423,0.71333,-0.04153,-0.07348,0.69573,0.02347,0.32827,0.01393
24949000000,0.50565,7.34554,0.54488,0.71375,-0.04149,-0.07354,0.69529,0.03357,0.34296,0.01975
24982000000,0.50655,7.35703,0.54558,0.71432,-0.04134,-0.07350,0.69472,0.02717,0.34818,0.02111
25015000000,0.50751,7.36859,0.54616,0.71502,-0.04132,-0.07353,0.69400,0.02894,0.35020,0.01764
25048000000,0.50836,7.37960,0.54635,0.71592,-0.04126,-0.07370,0.69306,0.02582,0.33368,0.00582
25081000000,0.50932,7.38681,0.54661,0.71659,-0.04122,-0.07382,0.69235,0.02908,0.21859,0.00767
25114000000,0.50997,7.39077,0.54692,0.71701,-0.04112,-0.07388,0.69191,0.01969,0.11992,0.00944
25147000000,0.51000,7.39093,0.54688,0.71704,-0.04119,-0.07385,0.69188,0.00091,0.00471,-0.00111
25180000000,0.51004,7.39072,0.54691,0.71703,-0.04118,-0.07382,0.69189,0.00121,-0.00616,0.00091
25213000000,0.51007,7.39062,0.54695,0.71700,-0.04120,-0.07383,0.69192,0.00115,-0.00321,0.00116
25246000000,0.51027,7.39056,0.54709,0.71698,-0.04120,-0.07379,0.69195,0.00604,-0.00160,0.00436
25279000000,0.51035,7.39048,0.54721,0.71698,-0.04121,-0.07376,0.69196,0.00243,-0.00266,0.00352
25312000000,0.51026,7.38956,0.54751,0.71700,-0.04136,-0.07324,0.69198,-0.00290,-0.02786,0.00925
25345000000,0.51021,7.38950,0.54745,0.71701,-0.04135,-0.07323,0.69197,-0.00152,-0.00173,-0.00190
25378000000,0.51012,7.38948,0.54734,0.71702,-0.04135,-0.07327,0.69196,-0.00271,-0.00069,-0.00329
25411000000,0.51006,7.38945,0.54729,0.71703,-0.04135,-0.07328,0.69195,-0.00181,-0.00077,-0.00154
25444000000,0.51004,7.38947,0.54722,0.71703,-0.04133,-0.07328,0.69195,-0.00054,0.00065,-0.00212
25477000000,0.51004,7.38948,0.54723,0.71703,-0.04133,-0.07328,0.69195,0.00005,0.00017,0.00030
25510000000,0.51005,7.38947,0.54725,0.71703,-0.04134,-0.07329,0.69195,0.00035,-0.00012,0.00048
25543000000,0.51005,7.38947,0.54723,0.71703,-0.04133,-0.07328,0.69195,-0.00005,-0.00001,-0.00052
25576000000,0.51003,7.38949,0.54721,0.71704,-0.04132,-0.07327,0.69194,-0.00059,0.00036,-0.00068
25609000000,0.51007,7.38946,0.54723,0.71703,-0.04132,-0.07327,0.69195,0.00118,-0.00090,0.00064
25642000000,0.51009,7.38946,0.54724,0.71702,-0.04132,-0.07327,0.69195,0.00057,0.00019,0.00035
25708000000,0.51014,7.38948,0.54723,0.71702,-0.04131,-0.07326,0.69196,0.00072,0.00027,-0.00020
25741000000,0.51016,7.38948,0.54728,0.71701,-0.04131,-0.07325,0.69197,0.00066,0.00012,0.00169
25807000000,0.51015,7.38947,0.54729,0.71702,-0.04131,-0.07325,0.69197,-0.00011,-0.00019,0.00016
25840000000,0.51021,7.38948,0.54729,0.71701,-0.04129,-0.07323,0.69198,0.00172,0.00033,-0.00005
25873000000,0.51060,7.38853,0.54724,0.71700,-0.04143,-0.07361,0.69193,0.01170,-0.02877,-0.00153
25906000000,0.51044,7.38868,0.54720,0.71704,-0.04142,-0.07362,0.69190,-0.00471,0.00448,-0.00139
25939000000,0.51040,7.38867,0.54722,0.71705,-0.04142,-0.07360,0.69189,-0.00108,-0.00020,0.00078
25972000000,0.51035,7.38868,0.54717,0.71706,-0.04140,-0.07362,0.69188,-0.00153,0.00014,-0.00151
26005000000,0.51033,7.38870,0.54717,0.71705,-0.04142,-0.07362,0.69188,-0.00077,0.00051,-0.00012
26038000000,0.51030,7.38867,0.54713,0.71706,-0.04140,-0.07362,0.69188,-0.00089,-0.00066,-0.00105
26071000000,0.51032,7.38870,0.54714,0.71705,-0.04140,-0.07361,0.69188,0.00078,0.00090,0.00019
26104000000,0.51035,7.38871,0.54720,0.71705,-0.04141,-0.07359,0.69189,0.00063,0.00017,0.00176
26137000000,0.51039,7.38874,0.54722,0.71704,-0.04141,-0.07357,0.69190,0.00140,0.00100,0.00071
26170000000,0.51037,7.38872,0.54724,0.71705,-0.04142,-0.07357,0.69189,-0.00070,-0.00053,0.00061
26203000000,0.51040,7.38870,0.54723,0.71704,-0.04140,-0.07356,0.69190,0.00104,-0.00065,-0.00020
