49534000000,0.00045,0.00020,-0.00027,0.99999,0.00510,-0.00185,-0.00003,-0.00858,-0.00447,0.00353
49567000000,0.00047,0.00024,-0.00027,0.99999,0.00481,-0.00129,-0.00003,-0.00693,-0.00331,0.00262
49600000000,0.00048,0.00025,-0.00026,0.99999,0.00468,-0.00103,-0.00003,-0.00644,-0.00420,0.00264
49633000000,0.00059,0.00034,-0.00037,0.99999,0.00422,-0.00058,-0.00008,-0.00335,-0.00143,0.00115
49666000000,0.00068,0.00042,-0.00043,0.99999,0.00408,-0.00039,-0.00003,-0.00296,-0.00182,-0.00107
49699000000,0.00061,0.00033,-0.00041,0.99999,0.00421,-0.00041,-0.00002,-0.00459,-0.00268,-0.00115
49732000000,0.00060,0.00032,-0.00040,0.99999,0.00418,-0.00039,-0.00004,-0.00468,-0.00248,-0.00095
49765000000,0.00063,0.00034,-0.00044,0.99999,0.00412,-0.00028,-0.00004,-0.00430,-0.00257,-0.00040
49798000000,0.00066,0.00037,-0.00046,0.99999,0.00404,-0.00017,-0.00005,-0.00380,-0.00230,-0.00103
49831000000,0.00068,0.00039,-0.00050,0.99999,0.00396,-0.00011,-0.00004,-0.00392,-0.00189,-0.00224
49864000000,0.00068,0.00038,-0.00052,0.99999,0.00391,-0.00005,-0.00004,-0.00385,-0.00255,-0.00117
49897000000,0.00069,0.00039,-0.00049,0.99999,0.00386,0.00000,-0.00005,-0.00359,-0.00270,0.00096
49930000000,0.00072,0.00041,-0.00048,0.99999,0.00377,0.00008,-0.00007,-0.00338,-0.00245,0.00145
49963000000,0.00075,0.00044,-0.00048,0.99999,0.00369,0.00014,-0.00006,-0.00244,-0.00235,0.00101
49996000000,0.00101,0.00039,-0.00046,0.99999,0.00366,0.00016,-0.00004,0.02149,-0.00140,0.00185
50029000000,0.00213,0.00040,-0.00041,0.99999,0.00363,0.00023,-0.00005,0.04982,-0.00073,0.00290
50062000000,0.00360,0.00021,-0.00023,0.99999,0.00356,0.00032,0.00000,0.06207,0.00028,0.00274
50095000000,0.00617,0.00011,-0.00023,0.99999,0.00361,0.00038,-0.00002,0.09177,-0.00076,0.00301
50128000000,0.01007,-0.00001,-0.00027,0.99999,0.00358,0.00047,-0.00007,0.10853,0.00011,0.00343
50161000000,0.01435,-0.00005,-0.00019,0.99999,0.00363,0.00052,-0.00000,0.13906,0.00004,0.00400
50194000000,0.01961,-0.00004,-0.00008,0.99999,0.00362,0.00057,-0.00004,0.16842,0.00064,0.00408
50227000000,0.02551,-0.00016,-0.00011,0.99999,0.00366,0.00061,-0.00004,0.18389,0.00063,0.00366
50260000000,0.03197,-0.00028,-0.00007,0.99999,0.00371,0.00060,-0.00003,0.21417,0.00134,0.00481
50293000000,0.03982,-0.00036,-0.00005,0.99999,0.00371,0.00063,-0.00006,0.24264,0.00025,0.00374
50326000000,0.04847,-0.00029,-0.00014,0.99999,0.00369,0.00065,-0.00005,0.25852,-0.00087,0.00322
50359000000,0.05774,-0.00031,-0.00010,0.99999,0.00372,0.00067,-0.00006,0.28719,-0.00090,0.00333
50392000000,0.06756,-0.00060,0.00002,0.99999,0.00378,0.00066,-0.00002,0.31681,-0.00221,0.00371
50425000000,0.07812,-0.00086,0.00013,0.99999,0.00381,0.00063,-0.00002,0.33141,-0.00366,0.00485
50458000000,0.08964,-0.00100,0.00032,0.99999,0.00382,0.00065,-0.00002,0.35879,-0.00313,0.00415
50491000000,0.10206,-0.00104,0.00021,0.99999,0.00382,0.00071,-0.00005,0.38235,-0.00438,0.00422
50524000000,0.11546,-0.00106,0.00017,0.99999,0.00378,0.00076,-0.00003,0.39677,-0.00406,0.00505
50557000000,0.13009,-0.00100,0.00021,0.99999,0.00375,0.00080,-0.00003,0.41646,-0.00365,0.00512
50590000000,0.14547,-0.00093,0.00029,0.99999,0.00379,0.00083,-0.00001,0.44867,-0.00393,0.00555
50623000000,0.16154,-0.00076,0.00040,0.99999,0.00379,0.00087,-0.00002,0.48390,-0.00288,0.00735
50656000000,0.17813,-0.00098,0.00047,0.99999,0.00379,0.00087,0.00001,0.49816,-0.00261,0.00810
50689000000,0.19554,-0.00084,0.00063,0.99999,0.00378,0.00088,-0.00004,0.53333,-0.00149,0.00797
50722000000,0.21413,-0.00066,0.00063,0.99999,0.00378,0.00093,-0.00006,0.56303,-0.00129,0.00912
50755000000,0.23357,-0.00056,0.00092,0.99999,0.00373,0.00100,-0.00009,0.57976,-0.00166,0.00841
50788000000,0.25367,-0.00045,0.00097,0.99999,0.00367,0.00101,-0.00012,0.61154,-0.00192,0.00801
50821000000,0.27478,-0.00033,0.00111,0.99999,0.00361,0.00105,-0.00016,0.64217,-0.00180,0.00891
50854000000,0.29674,-0.00015,0.00131,0.99999,0.00359,0.00105,-0.00019,0.67320,-0.00153,0.00957
50887000000,0.31958,-0.00009,0.00144,0.99999,0.00356,0.00108,-0.00018,0.69027,-0.00165,0.00965
50920000000,0.34285,0.00008,0.00148,0.99999,0.00354,0.00104,-0.00019,0.70616,-0.00082,0.00963
50953000000,0.36823,0.00068,0.00102,0.99999,0.00359,0.00097,-0.00024,0.73945,0.00036,0.00756
51250000000,0.62438,-0.00007,0.00418,0.99999,0.00369,0.00070,-0.00032,0.99892,-0.00260,0.00939
51283000000,0.65830,0.00017,0.00383,0.99999,0.00387,0.00047,-0.00035,1.02681,-0.00251,0.00724
51316000000,0.69281,-0.00014,0.00460,0.99999,0.00403,0.00032,-0.00035,1.05232,-0.00287,0.00838
51349000000,0.72776,-0.00030,0.00501,0.99999,0.00409,0.00016,-0.00034,1.07264,-0.00304,0.00764
51382000000,0.76353,-0.00046,0.00543,0.99999,0.00421,0.00003,-0.00036,1.09505,-0.00270,0.00844
51415000000,0.80046,-0.00021,0.00506,0.99999,0.00434,-0.00017,-0.00041,1.12564,-0.00176,0.00722
51448000000,0.83815,-0.00012,0.00572,0.99999,0.00444,-0.00045,-0.00040,1.14052,-0.00094,0.00810
51481000000,0.87631,-0.00021,0.00633,0.99999,0.00466,-0.00077,-0.00041,1.17080,0.00005,0.00791
51514000000,0.91501,0.00085,0.00570,0.99999,0.00482,-0.00114,-0.00045,1.20041,0.00329,0.00671
51547000000,0.95345,0.00055,0.00624,0.99999,0.00494,-0.00131,-0.00041,1.21342,0.00233,0.00806
51580000000,0.99227,0.00043,0.00646,0.99999,0.00510,-0.00156,-0.00042,1.23431,0.00251,0.00679
51613000000,1.03274,-0.00012,0.00696,0.99999,0.00519,-0.00155,-0.00043,1.26867,0.00121,0.00802
51646000000,1.07362,-0.00032,0.00714,0.99999,0.00522,-0.00160,-0.00040,1.28238,0.00147,0.00754
51679000000,1.11629,-0.00049,0.00751,0.99998,0.00524,-0.00157,-0.00035,1.30396,0.00118,0.00906
51712000000,1.15928,-0.00079,0.00721,0.99998,0.00526,-0.00160,-0.00039,1.34037,0.00136,0.00838
51745000000,1.20412,-0.00074,0.00734,0.99998,0.00528,-0.00156,-0.00035,1.35642,0.00219,0.00863
51778000000,1.24986,-0.00085,0.00757,0.99998,0.00536,-0.00162,-0.00039,1.38469,0.00226,0.00899
51811000000,1.29580,-0.00087,0.00730,0.99998,0.00541,-0.00150,-0.00040,1.40127,0.00291,0.00914
51844000000,1.34258,-0.00065,0.00796,0.99998,0.00542,-0.00150,-0.00042,1.43196,0.00383,0.00881
51877000000,1.39017,-0.00045,0.00821,0.99998,0.00545,-0.00147,-0.00044,1.44990,0.00541,0.00826
51910000000,1.43882,-0.00017,0.00843,0.99998,0.00541,-0.00147,-0.00045,1.48197,0.00609,0.00807
51943000000,1.48761,-0.00016,0.00825,0.99998,0.00545,-0.00139,-0.00045,1.51696,0.00581,0.00689
51976000000,1.53794,-0.00033,0.00854,0.99998,0.00550,-0.00140,-0.00038,1.52976,0.00613,0.00774
52009000000,1.58843,-0.00047,0.00872,0.99998,0.00547,-0.00150,-0.00040,1.53056,0.00648,0.00808
52042000000,1.63769,-0.00070,0.00873,0.99998,0.00548,-0.00165,-0.00039,1.52838,0.00600,0.00851
52075000000,1.68839,-0.00025,0.00947,0.99998,0.00547,-0.00172,-0.00040,1.52935,0.00593,0.01002
52108000000,1.73912,0.00020,0.00984,0.99998,0.00540,-0.00169,-0.00047,1.53025,0.00726,0.01135
52141000000,1.78844,0.00018,0.01026,0.99998,0.00542,-0.00178,-0.00045,1.52949,0.00729,0.01180
52174000000,1.83843,0.00028,0.01084,0.99998,0.00535,-0.00181,-0.00043,1.53121,0.00808,0.01301
52207000000,1.88911,0.00061,0.01125,0.99998,0.00532,-0.00176,-0.00042,1.53257,0.00911,0.01298
52240000000,1.93982,0.00097,0.01161,0.99998,0.00530,-0.00173,-0.00047,1.53329,0.00850,0.01202
52273000000,1.98710,0.00098,0.01154,0.99998,0.00531,-0.00172,-0.00052,1.52910,0.00901,0.01022
52306000000,2.03824,0.00145,0.01195,0.99998,0.00530,-0.00163,-0.00051,1.53076,0.01031,0.01106
52339000000,2.08879,0.00193,0.01237,0.99998,0.00528,-0.00161,-0.00055,1.53155,0.01004,0.01299
52372000000,2.13941,0.00238,0.01276,0.99998,0.00526,-0.00155,-0.00053,1.53195,0.00989,0.01260
52405000000,2.18750,0.00230,0.01290,0.99998,0.00525,-0.00155,-0.00053,1.52820,0.01088,0.01197
52438000000,2.23777,0.00262,0.01353,0.99998,0.00528,-0.00158,-0.00052,1.52808,0.01147,0.01150
52471000000,2.28817,0.00277,0.01414,0.99998,0.00527,-0.00165,-0.00056,1.52931,0.01272,0.01344
52504000000,2.33857,0.00304,0.01476,0.99998,0.00522,-0.00165,-0.00060,1.52938,0.01313,0.01341
52603000000,2.48874,0.00339,0.01597,0.99998,0.00524,-0.00174,-0.00057,1.52724,0.01411,0.01322
52636000000,2.53963,0.00394,0.01653,0.99998,0.00526,-0.00174,-0.00051,1.52813,0.01495,0.01355
52669000000,2.58929,0.00261,0.01742,0.99999,0.00507,-0.00195,-0.00051,1.52792,0.01345,0.01425
52702000000,2.63911,0.00298,0.01814,0.99999,0.00501,-0.00196,-0.00052,1.52817,0.01386,0.01335
52735000000,2.68967,0.00337,0.01871,0.99999,0.00498,-0.00194,-0.00055,1.52826,0.01341,0.01368
52768000000,2.73874,0.00223,0.01950,0.99999,0.00491,-0.00208,-0.00057,1.52745,0.01132,0.01449
52801000000,2.78982,0.00226,0.02027,0.99999,0.00488,-0.00216,-0.00054,1.52876,0.01170,0.01524
52834000000,2.84049,0.00248,0.02058,0.99999,0.00488,-0.00210,-0.00054,1.52864,0.01236,0.01414
52867000000,2.88776,0.00132,0.01975,0.99999,0.00496,-0.00191,-0.00056,1.52541,0.00998,0.01289
52900000000,2.93875,0.00176,0.01988,0.99999,0.00502,-0.00190,-0.00062,1.52705,0.01046,0.01160
52933000000,2.98968,0.00200,0.02056,0.99999,0.00504,-0.00196,-0.00059,1.52855,0.01044,0.01183
52966000000,3.04031,0.00104,0.02035,0.99999,0.00503,-0.00202,-0.00060,1.52901,0.00897,0.01107
52999000000,3.09075,0.00141,0.02052,0.99998,0.00508,-0.00202,-0.00062,1.53060,0.00983,0.01041
53032000000,3.14144,0.00180,0.02060,0.99998,0.00517,-0.00200,-0.00061,1.53175,0.00965,0.00953
53065000000,3.19084,0.00074,0.02046,0.99998,0.00518,-0.00205,-0.00062,1.52953,0.00708,0.00948
53098000000,3.23947,-0.00006,0.02143,0.99998,0.00515,-0.00214,-0.00059,1.52792,0.00651,0.01024
53131000000,3.28931,-0.00070,0.02192,0.99998,0.00516,-0.00225,-0.00059,1.52786,0.00499,0.01039
53164000000,3.33926,-0.00069,0.02215,0.99998,0.00512,-0.00228,-0.00057,1.52647,0.00397,0.00927
53230000000,3.43780,-0.00120,0.02256,0.99998,0.00502,-0.00234,-0.00061,1.52410,0.00217,0.00831
53263000000,3.48842,-0.00116,0.02282,0.99998,0.00498,-0.00229,-0.00060,1.52511,0.00167,0.00731
53296000000,3.53586,-0.00195,0.02262,0.99998,0.00503,-0.00227,-0.00059,1.52123,-0.00039,0.00631
53329000000,3.58602,-0.00180,0.02291,0.99998,0.00497,-0.00225,-0.00057,1.52110,-0.00031,0.00655
53362000000,3.63446,-0.00224,0.02276,0.99999,0.00494,-0.00213,-0.00054,1.51918,0.00111,0.00614
53395000000,3.68475,-0.00233,0.02303,0.99999,0.00493,-0.00208,-0.00057,1.51995,-0.00007,0.00722
53428000000,3.73352,-0.00285,0.02329,0.99999,0.00489,-0.00212,-0.00057,1.51851,-0.00092,0.00859
53461000000,3.78436,-0.00297,0.02367,0.99999,0.00486,-0.00211,-0.00062,1.52056,-0.00288,0.00917
53494000000,3.83394,-0.00357,0.02393,0.99999,0.00482,-0.00214,-0.00064,1.52097,-0.00421,0.00986
53527000000,3.88443,-0.00343,0.02455,0.99999,0.00474,-0.00219,-0.00064,1.52151,-0.00412,0.01044
53560000000,3.93439,-0.00364,0.02505,0.99999,0.00466,-0.00227,-0.00062,1.52169,-0.00471,0.00991
53626000000,4.03333,-0.00423,0.02647,0.99999,0.00444,-0.00260,-0.00063,1.52043,-0.00726,0.01098
53659000000,4.08354,-0.00464,0.02703,0.99999,0.00448,-0.00273,-0.00062,1.51993,-0.00788,0.01104
53791000000,4.28255,-0.00602,0.02897,0.99999,0.00454,-0.00298,-0.00052,1.51810,-0.01250,0.01143
53890000000,4.43351,-0.00734,0.03106,0.99999,0.00435,-0.00322,-0.00070,1.51997,-0.01574,0.01412
53989000000,4.58230,-0.00933,0.03589,0.99998,0.00321,-0.00440,-0.00073,1.51789,-0.01839,0.01793
54055000000,4.67922,-0.00999,0.04198,0.99998,0.00172,-0.00584,-0.00075,1.51396,-0.01971,0.02493
54121000000,4.77510,-0.01112,0.05444,0.99996,-0.00181,-0.00919,-0.00082,1.51040,-0.02083,0.03871
54220000000,4.92371,-0.01147,0.08245,0.99981,-0.01196,-0.01541,-0.00096,1.51228,-0.01931,0.06536
54286000000,5.02211,-0.01023,0.06790,0.99987,-0.01262,-0.00989,-0.00094,1.51120,-0.01769,0.04796
54352000000,5.11850,-0.01177,0.06149,0.99972,-0.02292,-0.00574,-0.00092,1.50294,-0.02158,0.04540
54451000000,5.25049,-0.00782,0.02551,0.99962,-0.02696,0.00552,-0.00071,1.46926,-0.01423,0.01551
54484000000,5.30140,-0.00640,0.02552,0.99971,-0.02359,0.00489,-0.00075,1.47316,-0.01053,0.01221
54550000000,5.39949,-0.00754,0.02822,0.99974,-0.02249,0.00415,-0.00078,1.47430,-0.01256,0.01310
54616000000,5.50189,-0.00677,0.03161,0.99982,-0.01864,0.00278,-0.00087,1.47924,-0.01268,0.01400
54649000000,5.55480,-0.00785,0.03246,0.99985,-0.01712,0.00260,-0.00090,1.48533,-0.01560,0.01379
54715000000,5.65460,-0.00887,0.03487,0.99987,-0.01585,0.00197,-0.00091,1.48703,-0.01699,0.01501
54748000000,5.70654,-0.00731,0.03671,0.99991,-0.01350,0.00120,-0.00096,1.49076,-0.01414,0.01558
54880000000,5.90743,-0.01092,0.04175,0.99992,-0.01287,0.00064,-0.00094,1.49610,-0.01849,0.01859
54979000000,6.05790,-0.01371,0.04591,0.99993,-0.01211,0.00015,-0.00096,1.49869,-0.01917,0.02470
55111000000,6.25759,-0.01573,0.05150,0.99993,-0.01175,-0.00022,-0.00085,1.50105,-0.02247,0.02860
55210000000,6.41117,-0.01685,0.05779,0.99994,-0.01067,-0.00105,-0.00091,1.50624,-0.02455,0.03046
55309000000,6.56336,-0.01954,0.06196,0.99995,-0.00984,-0.00147,-0.00096,1.50776,-0.02712,0.03385
55375000000,6.66839,-0.01884,0.06728,0.99996,-0.00799,-0.00254,-0.00098,1.51576,-0.02502,0.03566
55441000000,6.76914,-0.02061,0.06982,0.99997,-0.00785,-0.00259,-0.00094,1.51696,-0.02731,0.03650
55540000000,6.91879,-0.02379,0.07300,0.99997,-0.00779,-0.00242,-0.00099,1.52026,-0.02944,0.03620
55606000000,7.02292,-0.02271,0.07574,0.99998,-0.00610,-0.00304,-0.00105,1.52497,-0.02858,0.03655
55672000000,7.12425,-0.02465,0.07778,0.99998,-0.00580,-0.00306,-0.00114,1.52595,-0.03050,0.03730
55738000000,7.22613,-0.02399,0.07841,0.99998,-0.00456,-0.00320,-0.00119,1.52717,-0.02857,0.03694
55804000000,7.32534,-0.02754,0.08014,0.99998,-0.00472,-0.00297,-0.00121,1.52609,-0.03325,0.03781
55870000000,7.42268,-0.02796,0.07783,0.99999,-0.00361,-0.00271,-0.00121,1.52584,-0.03203,0.03401
55903000000,7.47414,-0.02771,0.08050,0.99999,-0.00363,-0.00301,-0.00127,1.52789,-0.03233,0.03650
55936000000,7.52285,-0.02595,0.07998,0.99999,-0.00301,-0.00305,-0.00128,1.52681,-0.02969,0.03559
56035000000,7.67325,-0.02994,0.08345,0.99999,-0.00306,-0.00308,-0.00125,1.52768,-0.03338,0.03884
56101000000,7.77457,-0.03246,0.08522,0.99999,-0.00296,-0.00294,-0.00125,1.52874,-0.03514,0.03866
56167000000,7.87343,-0.03170,0.08525,0.99999,-0.00226,-0.00307,-0.00130,1.52668,-0.03421,0.03722
56233000000,7.97434,-0.03411,0.08704,0.99999,-0.00218,-0.00305,-0.00127,1.52890,-0.03821,0.03768
56299000000,8.07531,-0.03649,0.08927,0.99999,-0.00198,-0.00317,-0.00127,1.52985,-0.03847,0.03958
56365000000,8.17251,-0.03468,0.08561,0.99999,-0.00133,-0.00263,-0.00133,1.52709,-0.03465,0.03526
56431000000,8.27305,-0.03887,0.09030,0.99999,-0.00140,-0.00294,-0.00131,1.52937,-0.03818,0.03658
56497000000,8.36767,-0.03990,0.08857,1.00000,-0.00106,-0.00255,-0.00132,1.52813,-0.03789,0.03295
56596000000,8.52057,-0.04285,0.09236,0.99999,-0.00112,-0.00262,-0.00144,1.53406,-0.03780,0.03161
56662000000,8.61892,-0.04212,0.08936,1.00000,-0.00090,-0.00194,-0.00134,1.53225,-0.03563,0.02809
56761000000,8.77226,-0.04447,0.09452,1.00000,-0.00084,-0.00244,-0.00143,1.53563,-0.03759,0.03073
56827000000,8.87043,-0.04187,0.09359,1.00000,-0.00063,-0.00238,-0.00139,1.53450,-0.03184,0.02739
56893000000,8.97346,-0.04400,0.09662,1.00000,-0.00074,-0.00245,-0.00141,1.53940,-0.03369,0.02863
56959000000,9.07135,-0.04135,0.09630,1.00000,-0.00062,-0.00217,-0.00146,1.53878,-0.02975,0.02614
57058000000,9.22399,-0.04479,0.09866,1.00000,-0.00059,-0.00212,-0.00157,1.54340,-0.03108,0.02639
57124000000,9.31925,-0.04174,0.09837,1.00000,-0.00061,-0.00192,-0.00157,1.54104,-0.02710,0.02425
57190000000,9.42227,-0.04220,0.09898,1.00000,-0.00054,-0.00204,-0.00167,1.50769,-0.02522,0.02235
57256000000,9.51605,-0.03947,0.09782,1.00000,-0.00051,-0.00169,-0.00170,1.46525,-0.02030,0.01971
57355000000,9.65595,-0.04178,0.09996,1.00000,-0.00048,-0.00163,-0.00183,1.38607,-0.02768,0.02096
57421000000,9.74231,-0.03947,0.09940,1.00000,-0.00043,-0.00154,-0.00232,1.34281,-0.03060,0.01775
57487000000,9.82918,-0.04175,0.10060,0.99999,-0.00041,-0.00162,-0.00337,1.30275,-0.04270,0.01736
57553000000,9.90657,-0.04182,0.10049,0.99999,-0.00052,-0.00146,-0.00517,1.25758,-0.05689,0.01577
57652000000,10.02975,-0.05010,0.10219,0.99995,-0.00040,-0.00162,-0.01001,1.20229,-0.09541,0.01516
57751000000,10.13639,-0.06147,0.10321,0.99984,-0.00046,-0.00148,-0.01767,1.14183,-0.14587,0.01352
57850000000,10.24706,-0.07738,0.10335,0.99959,-0.00034,-0.00138,-0.02860,1.09478,-0.19638,0.01090
57949000000,10.34681,-0.09677,0.10316,0.99917,-0.00030,-0.00138,-0.04067,1.09401,-0.23495,0.01164
58015000000,10.41533,-0.11081,0.10250,0.99882,-0.00035,-0.00115,-0.04863,1.14173,-0.24520,0.01243
58081000000,10.48356,-0.12500,0.10069,0.99845,-0.00079,-0.00044,-0.05569,1.17062,-0.25970,0.01144
58147000000,10.55721,-0.14089,0.10016,0.99806,-0.00110,-0.00033,-0.06226,1.23015,-0.28161,0.01223
58246000000,10.67549,-0.16946,0.10112,0.99732,-0.00170,-0.00043,-0.07319,1.22424,-0.31834,0.01252
58345000000,10.79262,-0.20082,0.09925,0.99635,-0.00215,0.00080,-0.08538,1.14264,-0.32676,0.01114
58444000000,10.89853,-0.23194,0.09918,0.99542,-0.00320,0.00112,-0.09552,1.10758,-0.31501,0.01217
58510000000,10.96726,-0.25304,0.10158,0.99485,-0.00434,0.00018,-0.10125,1.10662,-0.32107,0.01281
58642000000,11.11074,-0.29896,0.10205,0.99382,-0.00561,0.00078,-0.11082,1.15195,-0.38316,0.01139
58708000000,11.18393,-0.32283,0.09885,0.99330,-0.00658,0.00267,-0.11530,1.19203,-0.39853,0.00537
58807000000,11.30012,-0.36078,0.09618,0.99253,-0.00800,0.00442,-0.12169,1.25181,-0.42159,0.00147
58906000000,11.42928,-0.40290,0.09379,0.99165,-0.00784,0.00538,-0.12860,1.34962,-0.46493,-0.01087
58972000000,11.51639,-0.43099,0.08769,0.99082,-0.00818,0.00765,-0.13469,1.34763,-0.49170,-0.01714
59038000000,11.60267,-0.46170,0.08404,0.98979,-0.00807,0.00872,-0.14203,1.31337,-0.50182,-0.01929
59104000000,11.68450,-0.49641,0.08619,0.98856,-0.00903,0.00759,-0.15037,1.25339,-0.52097,-0.01455
59203000000,11.81372,-0.55330,0.08536,0.98642,-0.00790,0.00678,-0.16392,1.29309,-0.60181,-0.01102
59302000000,11.93611,-0.61324,0.08313,0.98285,-0.00971,0.00771,-0.18398,1.30375,-0.70355,-0.01001
59368000000,12.02171,-0.66245,0.08297,0.97959,-0.00989,0.00730,-0.20062,1.30671,-0.79318,-0.00729
59467000000,12.14312,-0.74801,0.08531,0.97254,-0.01170,0.00623,-0.23236,1.28048,-0.96520,0.00096
59566000000,12.25751,-0.84529,0.08718,0.96312,-0.01292,0.00547,-0.26870,1.09091,-1.00738,0.00594
59632000000,12.32065,-0.91025,0.08927,0.95654,-0.01405,0.00493,-0.29122,0.96355,-1.00033,0.00997
59731000000,12.40769,-1.01244,0.09239,0.94661,-0.01505,0.00395,-0.32201,0.90436,-1.08520,0.01612
59797000000,12.46470,-1.08581,0.09557,0.94031,-0.01561,0.00320,-0.33995,0.90804,-1.12116,0.02011
59863000000,12.52442,-1.16311,0.09735,0.93459,-0.01495,0.00257,-0.35540,0.87487,-1.13588,0.02010
59929000000,12.57835,-1.23838,0.10013,0.92948,-0.01509,0.00195,-0.36856,0.81450,-1.11415,0.02300
59995000000,12.63364,-1.31551,0.10188,0.92415,-0.01427,0.00134,-0.38177,0.75911,-1.10341,0.02302
60061000000,12.68454,-1.39139,0.10369,0.91830,-0.01358,0.00074,-0.39566,0.67950,-1.07960,0.02303
60160000000,12.75089,-1.50371,0.10633,0.90808,-0.01253,-0.00022,-0.41861,0.56484,-1.05742,0.02501
60259000000,12.80669,-1.61404,0.10882,0.89668,-0.01160,-0.00090,-0.44252,0.49790,-1.09796,0.02522
60325000000,12.84591,-1.69587,0.11008,0.88953,-0.01033,-0.00145,-0.45675,0.50942,-1.15814,0.02342
60391000000,12.88692,-1.78281,0.11060,0.88315,-0.00892,-0.00168,-0.46900,0.52244,-1.23165,0.02361
60490000000,12.94402,-1.91505,0.11223,0.87500,-0.00808,-0.00188,-0.48405,0.53404,-1.32163,0.02274
60589000000,12.99884,-2.05075,0.11376,0.86627,-0.00726,-0.00204,-0.49952,0.46692,-1.28103,0.01985
60655000000,13.03128,-2.13785,0.11410,0.85992,-0.00659,-0.00208,-0.51039,0.40294,-1.22171,0.01776
60754000000,13.07168,-2.26459,0.11488,0.84909,-0.00587,-0.00211,-0.52820,0.34192,-1.26220,0.01632
60886000000,13.12256,-2.44401,0.11575,0.83627,-0.00518,-0.00211,-0.54829,0.34972,-1.39504,0.01347
60952000000,13.14868,-2.54062,0.11594,0.83074,-0.00481,-0.00195,-0.55663,0.34163,-1.43433,0.01131
61084000000,13.19464,-2.72800,0.11572,0.81874,-0.00413,-0.00170,-0.57414,0.25447,-1.31849,0.00516
61216000000,13.22787,-2.90495,0.11478,0.80436,-0.00359,-0.00135,-0.59413,0.15852,-1.31410,0.00317
61348000000,13.24835,-3.08575,0.11388,0.78595,-0.00313,-0.00114,-0.61828,0.05247,-1.34212,0.00143
61414000000,13.25709,-3.18073,0.11265,0.77542,-0.00261,-0.00093,-0.63143,-0.00624,-1.29676,0.00092
61513000000,13.25136,-3.30181,0.11315,0.75878,-0.00277,-0.00085,-0.65134,-0.10742,-1.20041,0.00091
61645000000,13.23212,-3.45450,0.11262,0.73475,-0.00266,-0.00084,-0.67833,-0.23078,-1.09780,0.00033
61711000000,13.21883,-3.52975,0.11183,0.72197,-0.00237,-0.00081,-0.69192,-0.28813,-1.06037,-0.00143
61810000000,13.18991,-3.63772,0.11096,0.70142,-0.00217,-0.00071,-0.71274,-0.38254,-1.01135,-0.00224
61876000000,13.16773,-3.71534,0.11041,0.68624,-0.00177,-0.00062,-0.72737,-0.45941,-1.03208,-0.00211
61975000000,13.11635,-3.82484,0.11014,0.65869,-0.00160,-0.00058,-0.75241,-0.61135,-1.08160,-0.00107
62041000000,13.07548,-3.90392,0.10924,0.63792,-0.00121,-0.00059,-0.77010,-0.69820,-1.07620,-0.00214
62140000000,12.99849,-4.00660,0.10866,0.60137,-0.00128,-0.00053,-0.79897,-0.84534,-1.01798,-0.00282
62272000000,12.87723,-4.13295,0.10797,0.54483,-0.00114,-0.00048,-0.83855,-1.00630,-0.86728,-0.00282
62404000000,12.73594,-4.24230,0.10735,-0.48334,0.00100,0.00039,0.87543,-1.09537,-0.68165,-0.00434
62437000000,12.69867,-4.25910,0.10677,-0.46861,0.00105,0.00039,0.88340,-1.09139,-0.61821,-0.00573
62503000000,12.62760,-4.30479,0.10686,-0.44064,0.00085,0.00035,0.89768,-1.08417,-0.54926,-0.00617
62602000000,12.51803,-4.36367,0.10618,-0.40256,0.00076,0.00028,0.91539,-1.16141,-0.53226,-0.00667
62734000000,12.35807,-4.43138,0.10549,-0.35775,0.00071,0.00017,0.93382,-1.20601,-0.47747,-0.00702
62833000000,12.24125,-4.47696,0.10510,-0.33223,0.00076,0.00019,0.94320,-1.14044,-0.43226,-0.00854
62932000000,12.13129,-4.51776,0.10485,-0.31149,0.00076,0.00013,0.95025,-1.06439,-0.38670,-0.00824
62998000000,12.06235,-4.54297,0.10522,-0.29942,0.00067,0.00006,0.95412,-1.01384,-0.35787,-0.00879
63097000000,11.96580,-4.57570,0.10592,-0.28354,0.00071,-0.00004,0.95896,-0.98337,-0.33346,-0.00769
63163000000,11.89443,-4.59487,0.10308,-0.27351,0.00071,0.00011,0.96187,-1.03263,-0.33354,-0.01001
63229000000,11.82972,-4.62211,0.10720,-0.26356,0.00059,-0.00021,0.96464,-1.07178,-0.35136,-0.00134
63295000000,11.75869,-4.64629,0.10816,-0.25376,0.00062,-0.00025,0.96727,-1.12704,-0.36132,-0.00044
63361000000,11.68480,-4.67075,0.10913,-0.24411,0.00057,-0.00037,0.96975,-1.16813,-0.36695,0.00073
63460000000,11.56691,-4.70759,0.10984,-0.22990,0.00066,-0.00051,0.97321,-1.24588,-0.37516,0.00256
63526000000,11.48231,-4.73378,0.11049,-0.22067,0.00061,-0.00052,0.97535,-1.29750,-0.38374,0.00400
63592000000,11.39635,-4.76037,0.11171,-0.21164,0.00065,-0.00062,0.97735,-1.34395,-0.38618,0.00402
63691000000,11.26710,-4.79728,0.11246,-0.19895,0.00065,-0.00063,0.98001,-1.28454,-0.35354,0.00357
63757000000,11.18378,-4.82149,0.11246,-0.19155,0.00062,-0.00064,0.98148,-1.25575,-0.33982,0.00118
63856000000,11.05642,-4.85625,0.11234,-0.18102,0.00051,-0.00075,0.98348,-1.33469,-0.34598,-0.00138
63922000000,10.96723,-4.87891,0.11233,-0.17414,0.00054,-0.00075,0.98472,-1.37748,-0.34613,-0.00113
64021000000,10.82869,-4.91375,0.11194,-0.16420,0.00058,-0.00077,0.98643,-1.44533,-0.34793,-0.00172
64120000000,10.68141,-4.94866,0.11156,-0.15465,0.00064,-0.00071,0.98797,-1.49386,-0.34562,-0.00204
64153000000,10.63319,-4.96054,0.11122,-0.15158,0.00063,-0.00073,0.98844,-1.45605,-0.33287,-0.00311
64252000000,10.49298,-4.99255,0.11076,-0.14332,0.00066,-0.00078,0.98968,-1.37393,-0.30284,-0.00367
64318000000,10.40242,-5.01219,0.10962,-0.13839,0.00071,-0.00075,0.99038,-1.41043,-0.30385,-0.00586
64351000000,10.35546,-5.02354,0.11009,-0.13597,0.00067,-0.00083,0.99071,-1.43817,-0.30754,-0.00589
64450000000,10.21106,-5.05439,0.10955,-0.12885,0.00072,-0.00087,0.99166,-1.48985,-0.30818,-0.00454
64516000000,10.11210,-5.07443,0.10941,-0.12443,0.00074,-0.00091,0.99223,-1.48983,-0.30029,-0.00524
64615000000,9.96427,-5.10404,0.10920,-0.11827,0.00072,-0.00096,0.99298,-1.48928,-0.28959,-0.00657
64714000000,9.81511,-5.13229,0.10926,-0.11263,0.00068,-0.00092,0.99364,-1.49186,-0.27961,-0.00654
64846000000,9.61719,-5.16864,0.10891,-0.10584,0.00064,-0.00092,0.99438,-1.49499,-0.26748,-0.00748
64912000000,9.51688,-5.18639,0.10919,-0.10271,0.00061,-0.00094,0.99471,-1.49446,-0.26329,-0.00684
65044000000,9.31873,-5.22074,0.10873,-0.09705,0.00056,-0.00101,0.99528,-1.49581,-0.25380,-0.00796
65143000000,9.16858,-5.24611,0.10810,-0.09332,0.00065,-0.00104,0.99564,-1.49648,-0.24695,-0.01034
65242000000,9.01959,-5.27046,0.10747,-0.08985,0.00071,-0.00111,0.99595,-1.49317,-0.24181,-0.01228
65275000000,8.96978,-5.27810,0.10774,-0.08878,0.00069,-0.00110,0.99605,-1.49350,-0.24006,-0.01119
65407000000,8.77302,-5.30939,0.10640,-0.08469,0.00067,-0.00113,0.99641,-1.49075,-0.23290,-0.00896
65440000000,8.71964,-5.31641,0.10679,-0.08388,0.00070,-0.00112,0.99647,-1.49492,-0.23065,-0.00758
65539000000,8.57170,-5.34043,0.10673,-0.08126,0.00077,-0.00118,0.99669,-1.49401,-0.22839,-0.00756
65638000000,8.41812,-5.36636,0.10666,-0.07890,0.00070,-0.00124,0.99688,-1.49812,-0.22775,-0.00490
65704000000,8.32359,-5.37694,0.10683,-0.07751,0.00074,-0.00121,0.99699,-1.49211,-0.21772,-0.00499
65836000000,8.12477,-5.40436,0.10733,-0.07490,0.00074,-0.00128,0.99719,-1.49365,-0.20851,-0.00335
65968000000,7.92550,-5.43077,0.10835,-0.07262,0.00069,-0.00130,0.99736,-1.48020,-0.20255,-0.00103
66067000000,7.78128,-5.44788,0.10944,-0.06985,0.00069,-0.00124,0.99756,-1.39565,-0.16900,-0.00005
66133000000,7.69094,-5.45611,0.11041,-0.06722,0.00072,-0.00123,0.99774,-1.33146,-0.14170,0.00022
66265000000,7.52096,-5.46973,0.11115,-0.05985,0.00072,-0.00109,0.99821,-1.26568,-0.09567,0.00084
66331000000,7.43537,-5.47433,0.11192,-0.05650,0.00066,-0.00099,0.99840,-1.32908,-0.09784,0.00359
66397000000,7.34479,-5.47968,0.11269,-0.05366,0.00063,-0.00098,0.99856,-1.38610,-0.09568,0.00275
66496000000,7.20386,-5.48987,0.11280,-0.04958,0.00066,-0.00100,0.99877,-1.45425,-0.09260,0.00269
66595000000,7.05522,-5.49767,0.11368,-0.04557,0.00070,-0.00094,0.99896,-1.51186,-0.08739,0.00690
66661000000,6.95269,-5.50318,0.11440,-0.04310,0.00067,-0.00091,0.99907,-1.51369,-0.08146,0.00661
66760000000,6.80204,-5.51101,0.11534,-0.03970,0.00063,-0.00089,0.99921,-1.51184,-0.07435,0.00820
66826000000,6.70199,-5.51599,0.11570,-0.03767,0.00060,-0.00088,0.99929,-1.51015,-0.06947,0.00718
66925000000,6.55237,-5.52275,0.11632,-0.03476,0.00064,-0.00082,0.99940,-1.50694,-0.06086,0.00927
66958000000,6.50252,-5.52533,0.11633,-0.03386,0.00064,-0.00086,0.99943,-1.50649,-0.05855,0.00951
67024000000,6.40305,-5.52892,0.11704,-0.03221,0.00062,-0.00085,0.99948,-1.50327,-0.05488,0.00956
67123000000,6.25247,-5.53586,0.11737,-0.02982,0.00047,-0.00095,0.99955,-1.50285,-0.05102,0.00806
67255000000,6.05405,-5.54290,0.11801,-0.02703,0.00054,-0.00088,0.99963,-1.49868,-0.04555,0.00779
67321000000,5.95325,-5.54755,0.11812,-0.02566,0.00042,-0.00093,0.99967,-1.49841,-0.04434,0.00950
67387000000,5.85400,-5.55069,0.11870,-0.02452,0.00041,-0.00095,0.99970,-1.49600,-0.04135,0.01034
67486000000,5.70437,-5.55591,0.11887,-0.02289,0.00038,-0.00100,0.99974,-1.49190,-0.03695,0.00888
67552000000,5.60819,-5.55889,0.11927,-0.02186,0.00036,-0.00103,0.99976,-1.42074,-0.03277,0.00918
67618000000,5.51313,-5.56357,0.11869,-0.02093,0.00032,-0.00111,0.99978,-1.36916,-0.03554,0.00838
67684000000,5.42207,-5.56588,0.11941,-0.01979,0.00025,-0.00117,0.99980,-1.32313,-0.02963,0.00968
67783000000,5.29256,-5.56913,0.11965,-0.01745,0.00021,-0.00119,0.99985,-1.24794,-0.01166,0.00862
67882000000,5.16896,-5.57061,0.11985,-0.01340,0.00023,-0.00124,0.99991,-1.22284,0.01880,0.01002
67981000000,5.04296,-5.56753,0.11998,-0.00698,0.00015,-0.00122,0.99997,-1.25987,0.06138,0.00881
68080000000,4.91631,-5.55995,0.12017,0.00195,0.00012,-0.00119,1.00000,-1.22359,0.11568,0.00957
68179000000,4.79608,-5.54559,0.12038,0.01376,0.00010,-0.00117,0.99990,-1.16781,0.17754,0.00987
68245000000,4.71810,-5.53262,0.11999,0.02370,0.00011,-0.00114,0.99972,-1.13468,0.22544,0.00823
68311000000,4.64348,-5.51547,0.11961,0.03557,0.00018,-0.00106,0.99937,-1.10448,0.28199,0.00845
68410000000,4.53474,-5.48261,0.11985,0.05780,0.00025,-0.00105,0.99833,-1.06405,0.38107,0.00860
68476000000,4.46522,-5.45516,0.11959,0.07607,0.00021,-0.00099,0.99710,-1.03879,0.45775,0.00862
68575000000,4.36286,-5.40482,0.11977,0.10789,0.00019,-0.00099,0.99416,-0.99427,0.56115,0.00826
68641000000,4.29851,-5.36561,0.11984,0.12990,0.00013,-0.00099,0.99153,-0.98144,0.62511,0.00821
68740000000,4.19915,-5.29975,0.12039,0.16182,0.00011,-0.00107,0.98682,-0.99116,0.67613,0.00774
68872000000,4.07076,-5.20592,0.12090,0.19600,0.00025,-0.00107,0.98060,-0.99399,0.73865,0.00813
68971000000,3.96773,-5.12968,0.12099,0.21626,0.00031,-0.00119,0.97633,-1.04086,0.79301,0.00807
69070000000,3.86080,-5.04973,0.12075,0.23420,0.00014,-0.00121,0.97219,-0.99648,0.78436,0.00908
69136000000,3.79728,-4.99916,0.11952,0.24490,0.00015,-0.00125,0.96955,-0.95651,0.75435,0.00633
69202000000,3.73339,-4.95006,0.11976,0.25433,0.00005,-0.00124,0.96712,-0.92182,0.73152,0.00607
69301000000,3.64747,-4.87805,0.12098,0.26708,0.00002,-0.00115,0.96367,-0.81995,0.68463,0.00756
69433000000,3.54108,-4.79355,0.12125,0.27590,0.00004,-0.00122,0.96119,-0.77264,0.59000,0.00609
69499000000,3.48892,-4.75392,0.12111,0.27767,0.00002,-0.00127,0.96068,-0.81930,0.61816,0.00788
69598000000,3.40446,-4.68963,0.12115,0.28559,0.00009,-0.00127,0.95835,-0.84408,0.63218,0.00895
69697000000,3.32105,-4.62725,0.12154,0.29106,0.00013,-0.00123,0.95671,-0.84538,0.62948,0.00656
69862000000,3.17529,-4.51740,0.12186,0.29828,0.00002,-0.00115,0.95448,-0.84509,0.65002,0.00809
69928000000,3.12287,-4.47455,0.12239,0.30323,-0.00000,-0.00116,0.95292,-0.76807,0.63811,0.00741
69994000000,3.07290,-4.43109,0.12191,0.30930,0.00003,-0.00108,0.95096,-0.73283,0.63427,0.00684
70060000000,3.02794,-4.38992,0.12257,0.31602,0.00006,-0.00114,0.94875,-0.69227,0.63165,0.00683
70126000000,2.98101,-4.34505,0.12216,0.32296,0.00017,-0.00110,0.94641,-0.71088,0.67026,0.00726
70225000000,2.91276,-4.27602,0.12266,0.33367,0.00026,-0.00103,0.94269,-0.71799,0.72772,0.00804
70291000000,2.86682,-4.22690,0.12265,0.34232,0.00029,-0.00102,0.93958,-0.65257,0.70521,0.00809
70390000000,2.80686,-4.15758,0.12281,0.35678,0.00032,-0.00104,0.93419,-0.57325,0.69009,0.00748
70456000000,2.76959,-4.11149,0.12248,0.36705,0.00032,-0.00086,0.93020,-0.50376,0.65240,0.00494
70555000000,2.72062,-4.04609,0.12258,0.38015,0.00032,-0.00084,0.92493,-0.51204,0.69468,0.00639
70654000000,2.66864,-3.97624,0.12307,0.38916,0.00034,-0.00080,0.92117,-0.55773,0.74309,0.00783
70720000000,2.63065,-3.92563,0.12300,0.39375,0.00034,-0.00074,0.91922,-0.57856,0.77747,0.00874
70786000000,2.59246,-3.87463,0.12310,0.39875,0.00037,-0.00068,0.91706,-0.53388,0.73676,0.00719
70852000000,2.55891,-3.82759,0.12349,0.40433,0.00029,-0.00075,0.91461,-0.47625,0.69492,0.00821
70918000000,2.52670,-3.78105,0.12349,0.41088,0.00017,-0.00078,0.91169,-0.43692,0.68159,0.00626
71017000000,2.48771,-3.71742,0.12392,0.42140,0.00024,-0.00076,0.90687,-0.34949,0.60656,0.00551
71083000000,2.46321,-3.67709,0.12384,0.42892,0.00011,-0.00085,0.90334,-0.30919,0.57633,0.00571
71182000000,2.42892,-3.61354,0.12364,0.44198,0.00009,-0.00083,0.89702,-0.31278,0.66074,0.00356
71347000000,2.37303,-3.49051,0.12371,0.46648,0.00005,-0.00096,0.88453,-0.35105,0.80358,0.00588
71413000000,2.34491,-3.43275,0.12326,0.47408,-0.00008,-0.00096,0.88048,-0.37372,0.84636,0.00573
71479000000,2.31724,-3.37343,0.12289,0.48053,-0.00015,-0.00091,0.87698,-0.40439,0.90958,0.00539
71545000000,2.28649,-3.30877,0.12249,0.48635,-0.00026,-0.00096,0.87376,-0.42393,0.95605,0.00444
71677000000,2.22529,-3.17254,0.12246,0.49756,-0.00040,-0.00096,0.86743,-0.46033,1.05994,0.00239
71776000000,2.17676,-3.06152,0.12246,0.50622,-0.00053,-0.00089,0.86240,-0.45713,1.09399,0.00220
71908000000,2.12130,-2.92226,0.12284,0.52005,-0.00066,-0.00082,0.85414,-0.35870,0.99380,0.00481
71974000000,2.09799,-2.85696,0.12319,0.52785,-0.00071,-0.00077,0.84934,-0.31771,0.94808,0.00551
72040000000,2.07764,-2.79291,0.12355,0.53649,-0.00073,-0.00078,0.84391,-0.29689,0.98400,0.00456
72139000000,2.04969,-2.69108,0.12408,0.55179,-0.00084,-0.00081,0.83398,-0.25697,1.05137,0.00423
72172000000,2.04121,-2.65464,0.12426,0.55767,-0.00090,-0.00083,0.83006,-0.23762,1.07603,0.00353
72271000000,2.02060,-2.54443,0.12457,0.57778,-0.00096,-0.00087,0.81619,-0.16206,1.12644,0.00523
72403000000,2.00886,-2.39784,0.12497,0.60848,-0.00084,-0.00086,0.79357,-0.02446,1.06078,0.00732
72535000000,2.01470,-2.26588,0.12547,0.63958,-0.00060,-0.00084,0.76872,0.10108,0.93694,0.00846
72601000000,2.02327,-2.20371,0.12534,0.65528,-0.00058,-0.00083,0.75539,0.16549,0.93166,0.00766
72733000000,2.05526,-2.07630,0.12558,0.68840,-0.00051,-0.00073,0.72533,0.31817,0.98445,0.00630
72865000000,2.10834,-1.94096,0.12588,0.72371,-0.00052,-0.00075,0.69010,0.49818,1.03493,0.00663
72964000000,2.16415,-1.83752,0.12636,0.75271,-0.00051,-0.00070,0.65835,0.63754,1.01593,0.00743
73030000000,2.20897,-1.76978,0.12675,0.77287,-0.00052,-0.00070,0.63457,0.73571,0.99738,0.00760
73129000000,2.29032,-1.66827,0.12721,0.80382,-0.00053,-0.00079,0.59487,0.93772,1.02489,0.00819
73261000000,2.42157,-1.53196,0.12797,0.84162,-0.00052,-0.00076,0.54007,1.06763,0.98929,0.00820
73360000000,2.52739,-1.43834,0.12847,0.86435,-0.00045,-0.00067,0.50289,1.06822,0.86094,0.00798
73492000000,2.67353,-1.33016,0.12917,0.89028,-0.00053,-0.00066,0.45541,1.16101,0.77874,0.01004
73591000000,2.79321,-1.25258,0.13009,0.90592,-0.00065,-0.00067,0.42344,1.22456,0.75612,0.01256
73690000000,2.91126,-1.17994,0.13087,0.91730,-0.00068,-0.00071,0.39819,1.15497,0.68395,0.01308
73855000000,3.09681,-1.07174,0.13324,0.93097,-0.00067,-0.00080,0.36509,1.07963,0.59561,0.01953
73921000000,3.17076,-1.02911,0.13326,0.93539,-0.00073,-0.00085,0.35361,1.11322,0.60221,0.01776
74020000000,3.28662,-0.96639,0.13391,0.94152,-0.00081,-0.00091,0.33696,1.18605,0.61991,0.01784
74119000000,3.40926,-0.90232,0.13305,0.94713,-0.00082,-0.00097,0.32084,1.26404,0.63932,0.01453
74251000000,3.57721,-0.81845,0.13336,0.95360,-0.00089,-0.00098,0.30107,1.20836,0.57868,0.01445
74350000000,3.69504,-0.76134,0.13311,0.95745,-0.00094,-0.00099,0.28860,1.13591,0.52784,0.01517
74482000000,3.84471,-0.69078,0.13286,0.96160,-0.00103,-0.00099,0.27447,1.15904,0.52595,0.01202
74581000000,3.96478,-0.63492,0.13243,0.96459,-0.00113,-0.00093,0.26376,1.22753,0.53942,0.00951
74647000000,4.04877,-0.59664,0.13215,0.96645,-0.00121,-0.00094,0.25685,1.29238,0.56013,0.00666
74746000000,4.17357,-0.54306,0.13143,0.96947,-0.00132,-0.00095,0.24520,1.23385,0.50122,0.00507
74845000000,4.29333,-0.49793,0.13122,0.97312,-0.00133,-0.00085,0.23028,1.17578,0.39851,0.00486
74944000000,4.40724,-0.45809,0.13110,0.97625,-0.00128,-0.00076,0.21666,1.10336,0.38050,0.00423
75043000000,4.52107,-0.41736,0.13127,0.97816,-0.00133,-0.00073,0.20785,1.15589,0.39309,0.00183
75109000000,4.60076,-0.38955,0.13145,0.97930,-0.00131,-0.00066,0.20239,1.19796,0.40066,0.00316
75175000000,4.68132,-0.36312,0.13121,0.98051,-0.00131,-0.00067,0.19648,1.19452,0.38393,0.00404
75274000000,4.79587,-0.32854,0.13123,0.98258,-0.00128,-0.00066,0.18584,1.11192,0.30284,0.00312
75373000000,4.90333,-0.30100,0.13151,0.98495,-0.00123,-0.00061,0.17281,1.02098,0.23877,0.00250
75439000000,4.97220,-0.28554,0.13158,0.98636,-0.00121,-0.00052,0.16461,1.05223,0.24208,0.00129
75472000000,5.00973,-0.27661,0.13143,0.98690,-0.00116,-0.00056,0.16132,1.08830,0.25223,0.00182
75604000000,5.16228,-0.24214,0.13163,0.98865,-0.00117,-0.00053,0.15021,1.19388,0.26436,0.00005
75670000000,5.23856,-0.22591,0.13175,0.98952,-0.00118,-0.00057,0.14436,1.11397,0.23100,0.00065
75769000000,5.34744,-0.20543,0.13185,0.99092,-0.00119,-0.00057,0.13448,1.04306,0.18181,-0.00229
75835000000,5.41702,-0.19346,0.13188,0.99177,-0.00121,-0.00053,0.12805,1.04868,0.18486,-0.00244
75901000000,5.49005,-0.18081,0.13198,0.99242,-0.00118,-0.00050,0.12292,1.10904,0.19218,-0.00351
75967000000,5.56674,-0.16788,0.13206,0.99300,-0.00113,-0.00044,0.11810,1.15563,0.19419,-0.00260
76000000000,5.60545,-0.16145,0.13212,0.99328,-0.00112,-0.00039,0.11573,1.18193,0.19579,-0.00237
76099000000,5.72819,-0.14182,0.13210,0.99407,-0.00114,-0.00044,0.10872,1.26846,0.19832,-0.00092
76165000000,5.81326,-0.12894,0.13216,0.99455,-0.00120,-0.00048,0.10429,1.32015,0.19946,-0.00164
76264000000,5.94987,-0.10904,0.13199,0.99521,-0.00128,-0.00037,0.09770,1.39084,0.19931,-0.00194
76330000000,6.04341,-0.09570,0.13197,0.99562,-0.00128,-0.00030,0.09351,1.43864,0.19993,-0.00291
76429000000,6.18946,-0.07646,0.13164,0.99617,-0.00130,-0.00023,0.08744,1.47197,0.19266,-0.00376
76561000000,6.38125,-0.05151,0.13057,0.99677,-0.00133,-0.00008,0.08027,1.37644,0.16883,-0.00462
76627000000,6.47209,-0.04079,0.13038,0.99706,-0.00128,-0.00001,0.07662,1.30144,0.13706,-0.00354
76726000000,6.59876,-0.02869,0.13036,0.99755,-0.00121,-0.00003,0.06999,1.21698,0.10345,-0.00174
76792000000,6.68081,-0.02231,0.13100,0.99784,-0.00121,0.00000,0.06573,1.29001,0.11641,-0.00145
76858000000,6.76957,-0.01503,0.13191,0.99807,-0.00124,0.00002,0.06216,1.34625,0.11662,-0.00165
76924000000,6.86020,-0.00714,0.13149,0.99827,-0.00128,0.00002,0.05872,1.39815,0.11561,-0.00142
77056000000,7.05307,0.00752,0.13244,0.99864,-0.00131,-0.00003,0.05217,1.44949,0.10973,0.00004
77122000000,7.15029,0.01405,0.13318,0.99879,-0.00122,-0.00011,0.04925,1.41139,0.10078,0.00114
77221000000,7.28842,0.02275,0.13319,0.99897,-0.00119,-0.00024,0.04530,1.33614,0.08885,-0.00085
77353000000,7.46547,0.03361,0.13338,0.99917,-0.00115,-0.00026,0.04062,1.38712,0.08528,-0.00335
77419000000,7.56212,0.03842,0.13358,0.99926,-0.00106,-0.00027,0.03842,1.44461,0.08498,-0.00328
77485000000,7.66202,0.04407,0.13357,0.99935,-0.00103,-0.00028,0.03616,1.49339,0.08185,-0.00188
77551000000,7.76095,0.04940,0.13391,0.99941,-0.00095,-0.00027,0.03422,1.49230,0.07877,0.00011
77617000000,7.86192,0.05466,0.13402,0.99948,-0.00091,-0.00032,0.03224,1.49259,0.07566,0.00013
77716000000,8.00919,0.06203,0.13377,0.99956,-0.00091,-0.00027,0.02953,1.48836,0.07177,-0.00184
77815000000,8.15540,0.06777,0.13439,0.99963,-0.00095,-0.00025,0.02716,1.48365,0.06727,-0.00096
77881000000,8.25562,0.07224,0.13472,0.99967,-0.00083,-0.00019,0.02564,1.48517,0.06427,0.00076
77947000000,8.35189,0.07616,0.13483,0.99970,-0.00089,-0.00019,0.02435,1.43164,0.06073,0.00089
78079000000,8.53444,0.08257,0.13558,0.99976,-0.00078,-0.00021,0.02174,1.30037,0.04268,0.00039
78178000000,8.66268,0.08544,0.13637,0.99980,-0.00070,-0.00019,0.01983,1.23087,0.03483,0.00176
78277000000,8.78622,0.08837,0.13716,0.99983,-0.00071,-0.00018,0.01822,1.22707,0.03221,0.00109
78376000000,8.91505,0.09202,0.13781,0.99986,-0.00066,-0.00012,0.01670,1.31084,0.03286,0.00018
78442000000,9.00222,0.09426,0.13779,0.99988,-0.00066,-0.00007,0.01566,1.35851,0.03391,-0.00051
78574000000,9.19059,0.09882,0.13895,0.99991,-0.00059,0.00004,0.01371,1.46303,0.03260,0.00210
78706000000,9.38423,0.10201,0.14052,0.99993,-0.00062,0.00009,0.01164,1.41967,0.02060,0.00164
78739000000,9.43429,0.10319,0.14166,0.99994,-0.00064,0.00017,0.01092,1.39956,0.01473,0.00293
78838000000,9.57193,0.10313,0.14301,0.99997,-0.00067,0.00025,0.00795,1.33195,-0.01168,0.00384
78937000000,9.70118,0.10009,0.14331,1.00000,-0.00067,0.00024,0.00304,1.31786,-0.04552,0.00673
79036000000,9.84160,0.09401,0.14494,0.99999,-0.00068,0.00022,-0.00388,1.41514,-0.07890,0.00649
79135000000,9.98313,0.08586,0.14671,0.99994,-0.00074,0.00031,-0.01082,1.37882,-0.08172,0.00829
79201000000,10.07233,0.08009,0.14807,0.99989,-0.00072,0.00040,-0.01487,1.31188,-0.08268,0.00844
79267000000,10.15456,0.07324,0.14930,0.99982,-0.00069,0.00043,-0.01899,1.25780,-0.08681,0.00981
79333000000,10.23855,0.06786,0.14936,0.99973,-0.00067,0.00046,-0.02336,1.22334,-0.10001,0.01080
79399000000,10.31922,0.05981,0.15058,0.99960,-0.00062,0.00049,-0.02826,1.18922,-0.11917,0.01341
79498000000,10.43640,0.04540,0.15204,0.99932,-0.00053,0.00052,-0.03699,1.13870,-0.15708,0.01189
79597000000,10.54606,0.02886,0.15286,0.99885,-0.00054,0.00050,-0.04799,1.07486,-0.19596,0.01083
79663000000,10.61474,0.01290,0.15314,0.99841,-0.00037,0.00055,-0.05645,1.04730,-0.23213,0.01177
79795000000,10.75077,-0.02393,0.15381,0.99704,-0.00026,0.00057,-0.07693,1.00559,-0.31932,0.00797
79861000000,10.81399,-0.04881,0.15360,0.99593,-0.00013,0.00049,-0.09012,0.98454,-0.37410,0.00535
79960000000,10.90797,-0.09122,0.15357,0.99360,-0.00003,0.00054,-0.11297,0.93779,-0.43929,0.00426
80026000000,10.96678,-0.12200,0.15341,0.99172,0.00010,0.00052,-0.12843,0.85969,-0.45264,0.00477
80125000000,11.04758,-0.16985,0.15374,0.98830,0.00022,0.00060,-0.15253,0.76535,-0.47556,0.00417
80224000000,11.11566,-0.21760,0.15379,0.98480,0.00019,0.00055,-0.17367,0.68244,-0.47309,0.00155
80290000000,11.16192,-0.24975,0.15346,0.98272,0.00024,0.00056,-0.18512,0.71979,-0.48378,-0.00103
80422000000,11.25793,-0.31564,0.15312,0.97897,0.00023,0.00054,-0.20401,0.69688,-0.48019,-0.00355
80554000000,11.35138,-0.38219,0.15272,0.97484,0.00019,0.00056,-0.22291,0.65388,-0.47043,-0.00394
80653000000,11.40918,-0.42577,0.15200,0.97233,0.00021,0.00050,-0.23360,0.54412,-0.39646,-0.00552
80719000000,11.44650,-0.45317,0.15176,0.97090,0.00033,0.00055,-0.23950,0.51145,-0.37999,-0.00696
80818000000,11.49701,-0.49131,0.15154,0.96889,0.00030,0.00055,-0.24748,0.52149,-0.39450,-0.00726
80884000000,11.53073,-0.51733,0.15104,0.96769,0.00020,0.00053,-0.25215,0.55055,-0.41376,-0.00836
80983000000,11.58640,-0.55974,0.15098,0.96595,0.00018,0.00055,-0.25873,0.47163,-0.42868,-0.00767
81049000000,11.61591,-0.58559,0.15021,0.96477,0.00006,0.00055,-0.26309,0.45740,-0.39442,-0.00885
81115000000,11.65348,-0.61460,0.14901,0.96382,-0.00002,0.00065,-0.26657,0.42971,-0.37365,-0.01088
81148000000,11.66031,-0.62174,0.14999,0.96333,-0.00015,0.00055,-0.26830,0.40388,-0.35818,-0.00932
81247000000,11.69585,-0.65279,0.14963,0.96178,-0.00027,0.00071,-0.27381,0.32755,-0.31585,-0.00738
81346000000,11.72639,-0.68159,0.14917,0.96019,-0.00029,0.00072,-0.27935,0.29076,-0.29572,-0.00746
81379000000,11.73604,-0.69008,0.14902,0.95964,-0.00031,0.00076,-0.28122,0.30604,-0.30767,-0.00768
81478000000,11.77184,-0.71940,0.14956,0.95814,-0.00055,0.00086,-0.28631,0.36235,-0.33302,-0.00890
81544000000,11.79688,-0.74210,0.14908,0.95736,-0.00062,0.00087,-0.28889,0.40610,-0.36352,-0.01005
81610000000,11.82522,-0.76696,0.14841,0.95657,-0.00071,0.00080,-0.29150,0.44602,-0.39487,-0.01024
81709000000,11.87333,-0.80418,0.14879,0.95534,-0.00084,0.00088,-0.29549,0.51346,-0.44192,-0.01129
81775000000,11.90605,-0.83222,0.14750,0.95440,-0.00088,0.00084,-0.29853,0.48431,-0.42198,-0.01390
81874000000,11.95081,-0.87075,0.14703,0.95276,-0.00090,0.00095,-0.30371,0.41256,-0.37481,-0.01623
81940000000,11.97617,-0.89147,0.14781,0.95154,-0.00094,0.00096,-0.30753,0.43640,-0.39300,-0.01397
82039000000,12.02225,-0.93273,0.14668,0.95023,-0.00092,0.00094,-0.31155,0.49496,-0.43349,-0.01731
82138000000,12.07494,-0.97568,0.14803,0.94904,-0.00101,0.00110,-0.31516,0.54666,-0.47180,-0.01581
82270000000,12.14415,-1.03716,0.14560,0.94689,-0.00105,0.00096,-0.32157,0.49225,-0.45176,-0.02010
82336000000,12.17536,-1.06448,0.14686,0.94552,-0.00109,0.00100,-0.32557,0.45092,-0.42032,-0.01855
82402000000,12.20317,-1.09093,0.14553,0.94400,-0.00109,0.00095,-0.32994,0.40772,-0.39149,-0.01859
82501000000,12.24628,-1.13134,0.14632,0.94172,-0.00099,0.00104,-0.33639,0.43188,-0.42380,-0.01826
82567000000,12.27565,-1.16024,0.14517,0.94059,-0.00103,0.00105,-0.33955,0.47502,-0.45388,-0.01978
82666000000,12.32800,-1.20904,0.14650,0.93927,-0.00093,0.00114,-0.34318,0.52350,-0.49660,-0.01753
82765000000,12.38115,-1.26088,0.14504,0.93788,-0.00087,0.00115,-0.34695,0.57944,-0.55396,-0.02012
82831000000,12.41959,-1.29910,0.14484,0.93682,-0.00088,0.00118,-0.34980,0.61007,-0.58452,-0.02014
82930000000,12.47847,-1.35933,0.14677,0.93497,-0.00078,0.00115,-0.35473,0.64800,-0.65171,-0.01927
83029000000,12.54338,-1.42834,0.14518,0.93201,-0.00075,0.00108,-0.36242,0.69174,-0.74357,-0.01854
83128000000,12.60748,-1.50430,0.14664,0.92778,-0.00073,0.00118,-0.37312,0.70336,-0.81751,-0.01641
83227000000,12.67718,-1.59046,0.14725,0.92317,-0.00068,0.00112,-0.38439,0.72949,-0.87552,-0.01458
83293000000,12.72335,-1.64865,0.14856,0.92096,-0.00061,0.00109,-0.38967,0.69012,-0.83824,-0.01317
83392000000,12.78820,-1.73062,0.14879,0.91761,-0.00053,0.00111,-0.39749,0.61909,-0.79712,-0.01334
83458000000,12.82666,-1.78144,0.14822,0.91491,-0.00047,0.00105,-0.40365,0.56804,-0.76033,-0.01233
83524000000,12.86240,-1.83200,0.14888,0.91191,-0.00036,0.00103,-0.41039,0.52579,-0.74356,-0.01292
83623000000,12.91483,-1.91085,0.14940,0.90634,-0.00033,0.00109,-0.42255,0.53387,-0.82321,-0.01115
83788000000,12.99196,-2.04179,0.14894,0.89581,-0.00042,0.00101,-0.44444,0.42212,-0.74792,-0.01311
83854000000,13.01994,-2.09266,0.14951,0.89200,-0.00035,0.00101,-0.45204,0.37769,-0.70945,-0.01146
84019000000,13.08467,-2.22583,0.14901,0.87962,-0.00031,0.00102,-0.47567,0.36382,-0.86434,-0.00816
84085000000,13.10588,-2.28223,0.14981,0.87290,-0.00022,0.00094,-0.48791,0.32809,-0.87793,-0.00686
84184000000,13.13423,-2.36710,0.14976,0.86143,-0.00023,0.00095,-0.50787,0.23675,-0.81008,-0.00688
84250000000,13.14869,-2.42033,0.14992,0.85338,-0.00029,0.00094,-0.52129,0.19276,-0.78310,-0.00724
84316000000,13.15939,-2.47042,0.14990,0.84592,-0.00021,0.00097,-0.53331,0.15625,-0.74790,-0.00743
84481000000,13.18079,-2.60299,0.14915,0.82639,-0.00012,0.00110,-0.56310,0.10728,-0.86825,-0.00804
84547000000,13.18640,-2.65892,0.14897,0.81770,-0.00008,0.00109,-0.57565,0.07034,-0.80919,-0.00887
84646000000,13.18946,-2.73401,0.14855,0.80457,-0.00012,0.00111,-0.59385,0.01996,-0.72918,-0.00849
84745000000,13.18784,-2.80095,0.14808,0.79148,-0.00018,0.00104,-0.61120,-0.02230,-0.64276,-0.00976
84811000000,13.18509,-2.84342,0.14799,0.78329,-0.00013,0.00102,-0.62165,-0.04371,-0.66113,-0.00948
84910000000,13.17857,-2.91245,0.14760,0.77084,-0.00015,0.00092,-0.63703,-0.06391,-0.71587,-0.01029
85009000000,13.16997,-2.98600,0.14701,0.75806,-0.00006,0.00080,-0.65218,-0.08648,-0.75679,-0.01262
85141000000,13.15585,-3.08915,0.14525,0.74109,-0.00001,0.00074,-0.67140,-0.10637,-0.81717,-0.01541
85207000000,13.14678,-3.14482,0.14437,0.73269,0.00002,0.00068,-0.68056,-0.12352,-0.87335,-0.01653
85306000000,13.13165,-3.23547,0.14295,0.71997,0.00013,0.00058,-0.69400,-0.14716,-0.94833,-0.01909
85339000000,13.12581,-3.26981,0.14302,0.71572,0.00020,0.00051,-0.69838,-0.15946,-0.98663,-0.01821
85504000000,13.09500,-3.43764,0.14036,0.69530,0.00024,0.00053,-0.71872,-0.19836,-1.02451,-0.02020
85603000000,13.07467,-3.53377,0.13895,0.68421,0.00033,0.00058,-0.72928,-0.19564,-0.93237,-0.02074
85669000000,13.05957,-3.59596,0.13804,0.67721,0.00032,0.00051,-0.73579,-0.21648,-0.95432,-0.02067
85900000000,13.00294,-3.83030,0.13288,0.65501,0.00028,0.00043,-0.75562,-0.26960,-1.04851,-0.02774
85966000000,12.98181,-3.89783,0.13270,0.64862,0.00030,0.00028,-0.76112,-0.27365,-1.01389,-0.02505
86065000000,12.95242,-3.99974,0.13222,0.64011,0.00031,0.00023,-0.76829,-0.28664,-1.02146,-0.02423
86197000000,12.91065,-4.13934,0.13076,0.63062,0.00037,0.00021,-0.77609,-0.32053,-1.10010,-0.02385
86263000000,12.88659,-4.21534,0.13120,0.62609,0.00037,0.00009,-0.77975,-0.34943,-1.16395,-0.02179
86362000000,12.84944,-4.33042,0.13096,0.61861,0.00044,0.00002,-0.78570,-0.37102,-1.11743,-0.02039
86494000000,12.79630,-4.47183,0.13000,0.60657,0.00045,-0.00013,-0.79503,-0.40261,-1.02785,-0.02101
86593000000,12.75446,-4.57070,0.12977,0.59623,0.00043,-0.00024,-0.80281,-0.41534,-0.94264,-0.02015
86791000000,12.66182,-4.75133,0.12794,0.57014,0.00054,-0.00022,-0.82155,-0.53578,-0.91599,-0.01832
86923000000,12.58854,-4.86279,0.12769,0.54544,0.00056,-0.00020,-0.83815,-0.56836,-0.78421,-0.01796
87022000000,12.53086,-4.93396,0.12745,0.52444,0.00056,-0.00022,-0.85145,-0.56974,-0.66051,-0.01780
87121000000,12.47287,-4.98946,0.12808,0.50268,0.00049,-0.00029,-0.86447,-0.57073,-0.55393,-0.01779
87220000000,12.41621,-5.03501,0.12894,-0.48034,-0.00051,0.00040,0.87708,-0.54790,-0.44740,-0.01758
87253000000,12.39760,-5.04427,0.13047,-0.47302,-0.00040,0.00051,0.88105,-0.54612,-0.41547,-0.01533
87418000000,12.30070,-5.10932,0.12983,-0.43570,-0.00047,0.00047,0.90009,-0.62836,-0.37503,-0.01479
87517000000,12.23632,-5.14192,0.13006,-0.41442,-0.00034,0.00057,0.91008,-0.69383,-0.38166,-0.01579
87550000000,12.21453,-5.15039,0.13149,-0.40747,-0.00026,0.00056,0.91322,-0.70478,-0.39707,-0.01244
87649000000,12.14594,-5.18288,0.13167,-0.38581,-0.00021,0.00048,0.92258,-0.68194,-0.31302,-0.01167
87715000000,12.10516,-5.19648,0.13101,-0.37133,-0.00007,0.00047,0.92850,-0.64210,-0.26606,-0.01238
87781000000,12.06629,-5.20856,0.13058,-0.35739,-0.00007,0.00052,0.93396,-0.59300,-0.21767,-0.01314
87880000000,12.00752,-5.22643,0.12982,-0.33640,-0.00009,0.00053,0.94172,-0.65445,-0.19962,-0.01366
87979000000,11.94033,-5.24450,0.12955,-0.31513,-0.00013,0.00047,0.94905,-0.72582,-0.19664,-0.01509
88045000000,11.89247,-5.25659,0.12955,-0.30170,-0.00013,0.00044,0.95340,-0.77050,-0.19726,-0.01506
88078000000,11.86716,-5.26291,0.13010,-0.29526,-0.00013,0.00043,0.95542,-0.79847,-0.20246,-0.01372
88144000000,11.81313,-5.27680,0.13004,-0.28324,-0.00011,0.00036,0.95905,-0.81916,-0.20645,-0.01406
88177000000,11.78608,-5.28363,0.12976,-0.27752,-0.00010,0.00038,0.96072,-0.79437,-0.19216,-0.01449
88243000000,11.73614,-5.29605,0.13006,-0.26639,-0.00012,0.00026,0.96387,-0.73206,-0.16558,-0.01401
88375000000,11.63835,-5.31596,0.12800,-0.24583,0.00009,0.00037,0.96931,-0.81406,-0.17584,-0.01638
88573000000,11.47139,-5.35176,0.12640,-0.21885,0.00009,0.00046,0.97576,-0.84303,-0.17574,-0.01862
88639000000,11.41982,-5.36294,0.12677,-0.21121,0.00007,0.00035,0.97744,-0.77306,-0.15878,-0.01949
88705000000,11.37196,-5.37381,0.12709,-0.20453,0.00009,0.00032,0.97886,-0.75102,-0.15372,-0.01948
88804000000,11.29592,-5.39170,0.12726,-0.19482,-0.00001,0.00019,0.98084,-0.81623,-0.17098,-0.01846
88870000000,11.23993,-5.40312,0.12644,-0.18837,0.00007,0.00012,0.98210,-0.87968,-0.18229,-0.01886
88969000000,11.15083,-5.42390,0.12719,-0.17903,0.00006,0.00005,0.98384,-0.88195,-0.18278,-0.01761
89068000000,11.06904,-5.44074,0.12599,-0.17089,0.00001,-0.00002,0.98529,-0.77740,-0.15962,-0.01788
89167000000,10.99579,-5.45917,0.12685,-0.16421,-0.00003,-0.00011,0.98643,-0.69996,-0.15080,-0.01778
89233000000,10.94989,-5.47240,0.12865,-0.16029,-0.00010,-0.00029,0.98707,-0.72849,-0.16155,-0.01601
89299000000,10.90039,-5.48416,0.12782,-0.15644,-0.00004,-0.00025,0.98769,-0.77478,-0.17225,-0.01641
89365000000,10.84724,-5.49709,0.12906,-0.15259,-0.00003,-0.00025,0.98829,-0.82166,-0.18200,-0.01290
89431000000,10.79242,-5.50922,0.12875,-0.14848,-0.00000,-0.00023,0.98892,-0.82417,-0.17625,-0.01120
89530000000,10.71582,-5.52489,0.12950,-0.14151,0.00001,-0.00025,0.98994,-0.75763,-0.14220,-0.01188
89596000000,10.66814,-5.53333,0.12890,-0.13675,0.00008,-0.00015,0.99061,-0.70941,-0.14490,-0.01205
89662000000,10.61941,-5.54293,0.12987,-0.13313,0.00012,-0.00012,0.99110,-0.77015,-0.15379,-0.01124
89761000000,10.53979,-5.55919,0.12897,-0.12801,0.00015,-0.00020,0.99177,-0.83644,-0.16211,-0.01256
89827000000,10.48307,-5.56864,0.13020,-0.12473,0.00014,-0.00018,0.99219,-0.88857,-0.16752,-0.01022
89893000000,10.42236,-5.57994,0.12963,-0.12137,0.00007,-0.00015,0.99261,-0.94261,-0.17321,-0.01120
89959000000,10.35976,-5.59033,0.13083,-0.11802,0.00007,-0.00010,0.99301,-0.97617,-0.17475,-0.00995
90025000000,10.29358,-5.60222,0.13006,-0.11479,0.00004,-0.00017,0.99339,-1.02596,-0.17926,-0.01152
90124000000,10.18934,-5.61900,0.13022,-0.10996,0.00003,-0.00004,0.99394,-1.10376,-0.18519,-0.00916
90223000000,10.07772,-5.63726,0.12934,-0.10481,-0.00001,-0.00008,0.99449,-1.10332,-0.16156,-0.00737
90322000000,9.97250,-5.65003,0.13040,-0.09774,-0.00006,-0.00008,0.99521,-1.01781,-0.11359,-0.00503
90421000000,9.87400,-5.66150,0.12966,-0.09194,-0.00018,-0.00013,0.99576,-0.98492,-0.10648,-0.00554
90520000000,9.77318,-5.67272,0.13062,-0.08751,-0.00023,-0.00018,0.99616,-1.05077,-0.10835,-0.00662
90586000000,9.70131,-5.68187,0.13136,-0.08456,-0.00023,-0.00024,0.99642,-1.10413,-0.11405,-0.00558
90652000000,9.62701,-5.68985,0.13078,-0.08172,-0.00023,-0.00028,0.99666,-1.14779,-0.11684,-0.00675
90751000000,9.50854,-5.70330,0.13124,-0.07726,-0.00026,-0.00040,0.99701,-1.20063,-0.10581,-0.00450
90817000000,9.42989,-5.71070,0.13185,-0.07341,-0.00030,-0.00046,0.99730,-1.15146,-0.08697,-0.00436
90883000000,9.35562,-5.71552,0.13126,-0.06906,-0.00030,-0.00053,0.99761,-1.09161,-0.06405,-0.00425
90949000000,9.28302,-5.72140,0.13155,-0.06432,-0.00035,-0.00064,0.99793,-1.05973,-0.04474,-0.00291
91048000000,9.17181,-5.72654,0.13126,-0.05786,-0.00038,-0.00066,0.99832,-1.16891,-0.05063,-0.00412
91114000000,9.08530,-5.73492,0.13383,-0.05417,-0.00049,-0.00079,0.99853,-1.22960,-0.05490,0.00037
91180000000,9.00653,-5.73533,0.13224,-0.05059,-0.00039,-0.00067,0.99872,-1.27835,-0.04994,-0.00369
91279000000,8.87885,-5.74313,0.13297,-0.04491,-0.00041,-0.00068,0.99899,-1.21092,-0.02970,-0.00285
91378000000,8.76269,-5.74486,0.13278,-0.03828,-0.00046,-0.00067,0.99927,-1.12944,-0.00440,-0.00311
91444000000,8.68276,-5.74816,0.13330,-0.03353,-0.00045,-0.00083,0.99944,-1.18081,0.01126,-0.00392
91510000000,8.60285,-5.74696,0.13241,-0.02918,-0.00036,-0.00090,0.99957,-1.23900,0.01805,-0.00767
91609000000,8.47552,-5.74751,0.13225,-0.02297,-0.00038,-0.00097,0.99974,-1.31012,0.02348,-0.00896
91708000000,8.34190,-5.74468,0.13142,-0.01707,-0.00047,-0.00098,0.99985,-1.38014,0.03580,-0.00966
91774000000,8.24852,-5.74559,0.13108,-0.01335,-0.00052,-0.00110,0.99991,-1.42643,0.03897,-0.00895
91906000000,8.05386,-5.73952,0.12958,-0.00618,-0.00055,-0.00103,0.99998,-1.51220,0.05499,-0.01211
92005000000,7.90166,-5.73644,0.12943,-0.00127,-0.00058,-0.00115,1.00000,-1.51295,0.06192,-0.01292
92104000000,7.74896,-5.73063,0.12991,0.00316,-0.00059,-0.00118,0.99999,-1.51399,0.07281,-0.01159
92170000000,7.64494,-5.72661,0.13019,0.00594,-0.00065,-0.00128,0.99998,-1.52405,0.07644,-0.01292
92269000000,7.49158,-5.71919,0.12981,0.00954,-0.00068,-0.00132,0.99995,-1.56867,0.07597,-0.01264
92335000000,7.38511,-5.71502,0.13078,0.01106,-0.00079,-0.00126,0.99994,-1.59774,0.06869,-0.00872
92434000000,7.22437,-5.71022,0.13168,0.01180,-0.00079,-0.00124,0.99993,-1.50522,0.05299,-0.00596
92500000000,7.12511,-5.70763,0.13224,0.01158,-0.00084,-0.00128,0.99993,-1.43453,0.05353,-0.00503
92533000000,7.07523,-5.70742,0.13255,0.01166,-0.00094,-0.00132,0.99993,-1.40480,0.05443,-0.00318
92665000000,6.88552,-5.70054,0.13282,0.01163,-0.00107,-0.00135,0.99993,-1.48287,0.05954,-0.00123
92764000000,6.73518,-5.69539,0.13311,0.01165,-0.00108,-0.00144,0.99993,-1.51540,0.05958,-0.00314
92830000000,6.63468,-5.69268,0.13333,0.01178,-0.00108,-0.00149,0.99993,-1.48808,0.05645,-0.00241
92896000000,6.53737,-5.68874,0.13314,0.01215,-0.00109,-0.00154,0.99992,-1.44765,0.06357,-0.00335
92962000000,6.44299,-5.68565,0.13358,0.01313,-0.00119,-0.00153,0.99991,-1.40531,0.07526,-0.00395
93094000000,6.26241,-5.67313,0.13297,0.01781,-0.00117,-0.00153,0.99984,-1.32338,0.11780,-0.00548
93193000000,6.13518,-5.66094,0.13328,0.02466,-0.00108,-0.00158,0.99969,-1.26637,0.16182,-0.00339
93292000000,6.01117,-5.64358,0.13336,0.03504,-0.00102,-0.00172,0.99938,-1.21448,0.21926,-0.00378
93358000000,5.93121,-5.62923,0.13320,0.04442,-0.00099,-0.00176,0.99901,-1.18157,0.26608,-0.00345
93457000000,5.82088,-5.60154,0.13310,0.06060,-0.00103,-0.00171,0.99816,-1.03618,0.29771,-0.00321
93556000000,5.72356,-5.57156,0.13304,0.07603,-0.00102,-0.00175,0.99710,-0.95931,0.31790,-0.00310
93655000000,5.62517,-5.53983,0.13275,0.08911,-0.00096,-0.00177,0.99602,-1.01416,0.33026,-0.00391
93721000000,5.55716,-5.51777,0.13239,0.09646,-0.00096,-0.00175,0.99533,-1.03884,0.34274,-0.00368
93787000000,5.48602,-5.49457,0.13226,0.10347,-0.00100,-0.00180,0.99463,-1.08110,0.36341,-0.00489
93853000000,5.41233,-5.47017,0.13205,0.11031,-0.00107,-0.00178,0.99389,-1.13663,0.38796,-0.00457
93952000000,5.29864,-5.43056,0.13191,0.12003,-0.00111,-0.00173,0.99277,-1.18965,0.41900,-0.00304
94084000000,5.13852,-5.37256,0.13175,0.13264,-0.00101,-0.00174,0.99116,-1.22275,0.45217,-0.00248
94150000000,5.05744,-5.34269,0.13210,0.13906,-0.00101,-0.00178,0.99028,-1.20325,0.45332,-0.00231
94216000000,4.97724,-5.31282,0.13235,0.14434,-0.00095,-0.00185,0.98953,-1.20103,0.45506,-0.00246
94315000000,4.85608,-5.26572,0.13196,0.15119,-0.00096,-0.00185,0.98850,-1.27557,0.49449,-0.00362
94414000000,4.72603,-5.21474,0.13196,0.15765,-0.00103,-0.00194,0.98749,-1.34943,0.53475,-0.00371
94480000000,4.63608,-5.17871,0.13207,0.16178,-0.00099,-0.00195,0.98682,-1.37808,0.55383,-0.00475
94546000000,4.54523,-5.14180,0.13172,0.16567,-0.00096,-0.00198,0.98618,-1.37663,0.56203,-0.00700
94645000000,4.40789,-5.08536,0.13190,0.17097,-0.00106,-0.00193,0.98527,-1.37653,0.57221,-0.00379
94777000000,4.22807,-5.00933,0.13170,0.17728,-0.00108,-0.00194,0.98416,-1.37333,0.58098,-0.00195
94843000000,4.13704,-4.97054,0.13239,0.18012,-0.00109,-0.00197,0.98364,-1.37274,0.58530,-0.00226
94975000000,3.95349,-4.88970,0.13263,0.18834,-0.00113,-0.00190,0.98210,-1.33293,0.62395,-0.00243
95074000000,3.82419,-4.82739,0.13282,0.19781,-0.00120,-0.00194,0.98024,-1.26399,0.63224,-0.00163
95140000000,3.74419,-4.78689,0.13250,0.20354,-0.00116,-0.00198,0.97906,-1.17990,0.60562,-0.00149
95206000000,3.66608,-4.74753,0.13237,0.20755,-0.00112,-0.00201,0.97822,-1.16112,0.59509,-0.00225
95305000000,3.55206,-4.68912,0.13199,0.21319,-0.00109,-0.00201,0.97701,-1.16035,0.60226,-0.00240
95371000000,3.47118,-4.64804,0.13215,0.21677,-0.00119,-0.00203,0.97622,-1.20169,0.62745,-0.00250
95470000000,3.35048,-4.58523,0.13243,0.22089,-0.00124,-0.00205,0.97529,-1.23626,0.64650,-0.00196
95536000000,3.26690,-4.54132,0.13225,0.22317,-0.00121,-0.00209,0.97478,-1.28197,0.67455,-0.00328
95602000000,3.17980,-4.49566,0.13223,0.22662,-0.00120,-0.00211,0.97398,-1.30223,0.69306,-0.00468
95701000000,3.05308,-4.42797,0.13168,0.23043,-0.00125,-0.00218,0.97309,-1.25359,0.67658,-0.00378
95800000000,2.92876,-4.36122,0.13174,0.23411,-0.00112,-0.00214,0.97221,-1.19569,0.65026,-0.00528
95899000000,2.81320,-4.29775,0.13152,0.23847,-0.00115,-0.00212,0.97115,-1.10369,0.62953,-0.00543
96031000000,2.67280,-4.21502,0.13085,0.24817,-0.00118,-0.00227,0.96871,-1.00477,0.62233,-0.00457
96130000000,2.57605,-4.15308,0.13078,0.25897,-0.00116,-0.00225,0.96588,-0.89781,0.61266,-0.00308
96229000000,2.48930,-4.09128,0.13018,0.27263,-0.00115,-0.00223,0.96212,-0.81314,0.62403,-0.00484
96295000000,2.43805,-4.04974,0.12990,0.28337,-0.00119,-0.00216,0.95901,-0.74708,0.62627,-0.00428
96328000000,2.41410,-4.02903,0.12956,0.28921,-0.00119,-0.00221,0.95726,-0.70540,0.62010,-0.00406
96427000000,2.34850,-3.96712,0.12960,0.30830,-0.00109,-0.00212,0.95129,-0.59908,0.61101,-0.00251
96493000000,2.31298,-3.92720,0.12937,0.32229,-0.00096,-0.00211,0.94664,-0.52170,0.59796,-0.00416
96592000000,2.26447,-3.86666,0.12852,0.34492,-0.00091,-0.00203,0.93863,-0.45288,0.62693,-0.00574
96658000000,2.23466,-3.82150,0.12793,0.36218,-0.00089,-0.00198,0.93210,-0.44226,0.70111,-0.00698
96724000000,2.20568,-3.77255,0.12764,0.37927,-0.00088,-0.00201,0.92528,-0.42647,0.75219,-0.00636
96823000000,2.16362,-3.69209,0.12740,0.40377,-0.00085,-0.00202,0.91486,-0.41157,0.84220,-0.00580
96922000000,2.12020,-3.60449,0.12726,0.42453,-0.00087,-0.00198,0.90541,-0.44035,0.90037,-0.00534
97021000000,2.07345,-3.50900,0.12757,0.44117,-0.00089,-0.00195,0.89742,-0.47429,0.98299,-0.00492
97087000000,2.03942,-3.44013,0.12818,0.45039,-0.00102,-0.00192,0.89283,-0.49099,1.02463,-0.00282
97186000000,1.99122,-3.33682,0.12864,0.46509,-0.00103,-0.00185,0.88526,-0.44088,0.98994,0.00077
97285000000,1.94992,-3.24036,0.12906,0.48038,-0.00105,-0.00182,0.87706,-0.37436,0.92301,0.00307
97384000000,1.91683,-3.14979,0.12955,0.49667,-0.00110,-0.00185,0.86794,-0.28790,0.86931,0.00176
97516000000,1.88329,-3.03897,0.13028,0.51958,-0.00117,-0.00179,0.85442,-0.19379,0.75826,0.00111
97615000000,1.86499,-2.96015,0.13052,0.53647,-0.00113,-0.00168,0.84392,-0.16881,0.81732,0.00247
97747000000,1.84119,-2.84318,0.13067,0.55539,-0.00120,-0.00163,0.83159,-0.18317,0.92494,0.00046
97813000000,1.82757,-2.77626,0.13094,0.56327,-0.00128,-0.00162,0.82627,-0.18802,0.95550,0.00007
97945000000,1.80579,-2.65737,0.13078,0.57793,-0.00127,-0.00160,0.81609,-0.13796,0.82518,-0.00233
98044000000,1.79282,-2.57425,0.13058,0.58901,-0.00121,-0.00148,0.80812,-0.11986,0.83352,-0.00187
98110000000,1.78511,-2.51546,0.13040,0.59625,-0.00113,-0.00142,0.80280,-0.12065,0.89380,-0.00179
98209000000,1.77270,-2.41974,0.13037,0.60577,-0.00112,-0.00133,0.79564,-0.12981,0.98730,-0.00262
98308000000,1.76110,-2.31785,0.12997,0.61523,-0.00104,-0.00127,0.78835,-0.12472,1.05413,-0.00348
98407000000,1.75058,-2.21617,0.12972,0.62485,-0.00096,-0.00123,0.78074,-0.09044,0.94811,-0.00294
98539000000,1.74449,-2.09573,0.12950,0.63829,-0.00093,-0.00115,0.76980,-0.02256,0.85465,-0.00296
98605000000,1.74402,-2.03665,0.12967,0.64566,-0.00098,-0.00108,0.76362,0.00129,0.88655,-0.00306
98704000000,1.74638,-1.94295,0.12985,0.65790,-0.00091,-0.00099,0.75310,0.04524,0.96177,-0.00398
98803000000,1.75330,-1.84662,0.13006,0.67118,-0.00087,-0.00098,0.74129,0.09348,0.92544,-0.00086
98902000000,1.76477,-1.75756,0.13038,0.68432,-0.00086,-0.00106,0.72918,0.13692,0.86097,-0.00112
98968000000,1.77509,-1.70114,0.13057,0.69320,-0.00085,-0.00096,0.72075,0.16763,0.82353,-0.00224
99067000000,1.79441,-1.62117,0.13071,0.70686,-0.00084,-0.00082,0.70735,0.21595,0.77428,-0.00295
99166000000,1.81931,-1.53936,0.13077,0.72179,-0.00083,-0.00073,0.69211,0.29405,0.86548,-0.00483
99265000000,1.85218,-1.44878,0.13093,0.73814,-0.00081,-0.00075,0.67465,0.35450,0.94441,-0.00463
99364000000,1.88981,-1.35613,0.13109,0.75412,-0.00080,-0.00061,0.65674,0.39956,0.88151,-0.00422
99463000000,1.93020,-1.27245,0.13141,0.76970,-0.00089,-0.00066,0.63840,0.41611,0.80023,-0.00091
99529000000,1.95805,-1.22236,0.13182,0.77975,-0.00075,-0.00074,0.62609,0.42933,0.74510,0.00147
99628000000,2.00097,-1.15372,0.13228,0.79451,-0.00075,-0.00072,0.60725,0.44266,0.66057,0.00141
99694000000,2.03120,-1.11131,0.13267,0.80416,-0.00075,-0.00077,0.59441,0.48266,0.66124,0.00224
99826000000,2.09849,-1.02279,0.13328,0.82260,-0.00075,-0.00085,0.56862,0.53648,0.67237,0.00161
99892000000,2.13376,-0.98072,0.13345,0.83148,-0.00072,-0.00093,0.55555,0.54539,0.61068,0.00075
99991000000,2.18607,-0.92505,0.13348,0.84424,-0.00070,-0.00093,0.53597,0.52871,0.52510,0.00033
100123000000,2.25526,-0.85938,0.13341,0.86054,-0.00082,-0.00095,0.50938,0.56217,0.48436,-0.00090
100255000000,2.33381,-0.79211,0.13312,0.87536,-0.00086,-0.00094,0.48347,0.63225,0.51229,-0.00150
100354000000,2.39851,-0.73779,0.13284,0.88447,-0.00091,-0.00088,0.46659,0.67702,0.54422,-0.00295
100453000000,2.46809,-0.68004,0.13299,0.89191,-0.00107,-0.00084,0.45221,0.72805,0.58277,-0.00391
100519000000,2.51547,-0.64101,0.13319,0.89670,-0.00119,-0.00079,0.44263,0.70735,0.55651,-0.00526
100585000000,2.56096,-0.60522,0.13317,0.90142,-0.00118,-0.00083,0.43295,0.67474,0.50816,-0.00560
100651000000,2.60684,-0.56954,0.13317,0.90571,-0.00122,-0.00089,0.42390,0.71568,0.54151,-0.00396
100783000000,2.70579,-0.49407,0.13322,0.91298,-0.00127,-0.00090,0.40799,0.77447,0.57239,-0.00259
100882000000,2.77951,-0.44014,0.13356,0.91868,-0.00139,-0.00092,0.39500,0.71544,0.49513,-0.00232
101080000000,2.91277,-0.35451,0.13417,0.93045,-0.00152,-0.00084,0.36641,0.63699,0.35972,0.00099
101179000000,2.97316,-0.32065,0.13459,0.93624,-0.00160,-0.00077,0.35137,0.58031,0.29427,-0.00045
101245000000,3.01186,-0.29977,0.13487,0.94000,-0.00162,-0.00073,0.34117,0.57110,0.26870,0.00013
101410000000,3.11735,-0.25407,0.13527,0.94984,-0.00157,-0.00082,0.31272,0.72397,0.27397,0.00129
101476000000,3.16619,-0.23609,0.13546,0.95425,-0.00154,-0.00088,0.29901,0.77279,0.26277,0.00278
101542000000,3.21897,-0.21803,0.13560,0.95829,-0.00158,-0.00090,0.28579,0.82258,0.28116,0.00310
101641000000,3.30282,-0.19058,0.13599,0.96339,-0.00169,-0.00098,0.26808,0.85194,0.27115,0.00543
101773000000,3.40822,-0.16023,0.13664,0.96933,-0.00152,-0.00122,0.24574,0.76422,0.21386,0.00754
101839000000,3.46040,-0.14635,0.13685,0.97156,-0.00145,-0.00129,0.23677,0.82715,0.22968,0.00827
101905000000,3.51611,-0.13150,0.13694,0.97349,-0.00143,-0.00135,0.22870,0.87403,0.23960,0.00774
102004000000,3.60452,-0.10854,0.13741,0.97625,-0.00138,-0.00132,0.21663,0.93919,0.24772,0.00896
102070000000,3.66830,-0.09218,0.13774,0.97798,-0.00137,-0.00132,0.20870,0.96740,0.24774,0.00911
102136000000,3.73084,-0.07643,0.13808,0.97954,-0.00135,-0.00127,0.20125,0.92768,0.23452,0.00922
102202000000,3.79038,-0.06196,0.13837,0.98093,-0.00134,-0.00128,0.19435,0.85862,0.20561,0.00699
102301000000,3.87183,-0.04346,0.13889,0.98292,-0.00140,-0.00127,0.18403,0.77258,0.16601,0.00804
102400000000,3.94638,-0.02764,0.13941,0.98437,-0.00140,-0.00126,0.17609,0.70529,0.14931,0.00847
102499000000,4.01970,-0.01135,0.13993,0.98555,-0.00150,-0.00127,0.16936,0.75474,0.16102,0.01000
102598000000,4.09926,0.00636,0.14052,0.98670,-0.00163,-0.00117,0.16256,0.83836,0.17575,0.01120
102697000000,4.18688,0.02587,0.14100,0.98779,-0.00163,-0.00118,0.15579,0.90381,0.18589,0.01352
102796000000,4.27977,0.04585,0.14187,0.98883,-0.00159,-0.00124,0.14905,0.92571,0.18549,0.01490
102895000000,4.36691,0.06357,0.14264,0.98988,-0.00168,-0.00125,0.14187,0.82483,0.14376,0.01465
102994000000,4.44636,0.07797,0.14337,0.99105,-0.00172,-0.00127,0.13349,0.74230,0.10974,0.01512
103093000000,4.51732,0.08870,0.14430,0.99216,-0.00164,-0.00119,0.12500,0.66800,0.08827,0.01584
103192000000,4.58211,0.09925,0.14457,0.99283,-0.00163,-0.00114,0.11954,0.63120,0.09722,0.01362
103258000000,4.62851,0.10742,0.14429,0.99320,-0.00158,-0.00098,0.11637,0.68214,0.10533,0.01212
103423000000,4.75315,0.12711,0.14549,0.99413,-0.00158,-0.00097,0.10817,0.80820,0.12034,0.01396
103654000000,4.96246,0.15764,0.14809,0.99528,-0.00173,-0.00101,0.09700,0.97126,0.13226,0.01392
103720000000,5.02965,0.16735,0.14812,0.99563,-0.00170,-0.00087,0.09334,0.93842,0.10952,0.01325
103786000000,5.09198,0.17469,0.14817,0.99601,-0.00168,-0.00078,0.08926,0.86485,0.08492,0.01207
103852000000,5.14684,0.17988,0.14939,0.99640,-0.00171,-0.00075,0.08472,0.79951,0.06631,0.01386
103918000000,5.20042,0.18464,0.14983,0.99681,-0.00171,-0.00065,0.07984,0.73930,0.04564,0.01491
103984000000,5.24756,0.18728,0.15062,0.99722,-0.00177,-0.00068,0.07455,0.67953,0.02322,0.01446
104083000000,5.31827,0.18973,0.15095,0.99780,-0.00179,-0.00055,0.06628,0.73404,0.00706,0.01294
104149000000,5.37236,0.19164,0.15106,0.99814,-0.00191,-0.00048,0.06100,0.80923,0.01153,0.01250
104215000000,5.42928,0.19305,0.15114,0.99842,-0.00195,-0.00040,0.05613,0.86088,0.00951,0.01160
104314000000,5.51870,0.19384,0.15176,0.99880,-0.00196,-0.00046,0.04889,0.93746,0.00526,0.01183
104413000000,5.61860,0.19542,0.15250,0.99912,-0.00198,-0.00021,0.04193,1.01607,-0.00137,0.01347
104512000000,5.72699,0.19659,0.15320,0.99939,-0.00203,-0.00017,0.03497,1.09164,-0.00644,0.01374
104578000000,5.80527,0.19759,0.15365,0.99953,-0.00208,-0.00010,0.03047,1.14436,-0.01240,0.01482
104644000000,5.88752,0.19811,0.15442,0.99966,-0.00206,0.00002,0.02609,1.19590,-0.01691,0.01367
104710000000,5.96664,0.19622,0.15556,0.99976,-0.00203,0.00004,0.02178,1.24135,-0.02472,0.01557
104842000000,6.13846,0.19256,0.15704,0.99991,-0.00208,0.00012,0.01342,1.33281,-0.03941,0.01482
104941000000,6.27596,0.18908,0.15744,0.99997,-0.00213,0.00031,0.00746,1.40004,-0.04990,0.01447
105007000000,6.37308,0.18690,0.15731,0.99999,-0.00212,0.00037,0.00375,1.44650,-0.05568,0.01280
105139000000,6.56061,0.17813,0.15902,0.99999,-0.00209,0.00039,-0.00349,1.37116,-0.07353,0.01381
105205000000,6.65328,0.17428,0.15914,0.99997,-0.00213,0.00046,-0.00747,1.33203,-0.08575,0.01384
105304000000,6.78533,0.16485,0.16037,0.99990,-0.00215,0.00049,-0.01395,1.27892,-0.11018,0.01416
105337000000,6.82746,0.16055,0.16067,0.99987,-0.00215,0.00048,-0.01627,1.32887,-0.12062,0.01428
105370000000,6.87430,0.15729,0.16027,0.99983,-0.00221,0.00048,-0.01842,1.34913,-0.12577,0.01344
105403000000,6.91897,0.15318,0.16063,0.99979,-0.00220,0.00048,-0.02058,1.36662,-0.13033,0.01336
105436000000,6.96428,0.14884,0.16097,0.99974,-0.00214,0.00046,-0.02264,1.38253,-0.13579,0.01301
105469000000,7.01311,0.14527,0.16041,0.99969,-0.00220,0.00052,-0.02469,1.40223,-0.13946,0.01176
105502000000,7.05965,0.14046,0.16091,0.99964,-0.00219,0.00054,-0.02671,1.42907,-0.14614,0.01187
105535000000,7.10720,0.13548,0.16128,0.99959,-0.00215,0.00056,-0.02865,1.44424,-0.15274,0.01216
105568000000,7.15786,0.13096,0.16093,0.99953,-0.00218,0.00055,-0.03053,1.46317,-0.15756,0.01112
105601000000,7.20583,0.12572,0.16139,0.99947,-0.00218,0.00057,-0.03240,1.47370,-0.16229,0.01186
105634000000,7.25473,0.12064,0.16204,0.99941,-0.00217,0.00057,-0.03423,1.47273,-0.16458,0.01268
105667000000,7.30584,0.11563,0.16157,0.99935,-0.00221,0.00052,-0.03602,1.45141,-0.16213,0.01239
105700000000,7.35331,0.11037,0.16218,0.99928,-0.00225,0.00057,-0.03774,1.43340,-0.16457,0.01267
105733000000,7.40071,0.10525,0.16248,0.99922,-0.00228,0.00060,-0.03937,1.40975,-0.16425,0.01227
105766000000,7.44896,0.09973,0.16256,0.99916,-0.00231,0.00063,-0.04082,1.40110,-0.16449,0.01160
105799000000,7.49471,0.09472,0.16264,0.99911,-0.00231,0.00062,-0.04217,1.37601,-0.16014,0.01145
105832000000,7.53995,0.08960,0.16297,0.99906,-0.00227,0.00061,-0.04337,1.35574,-0.15509,0.01229
105865000000,7.58725,0.08548,0.16289,0.99901,-0.00229,0.00066,-0.04435,1.34855,-0.14818,0.01199
105898000000,7.63176,0.08072,0.16337,0.99898,-0.00232,0.00071,-0.04504,1.33051,-0.14013,0.01170
105931000000,7.67569,0.07633,0.16376,0.99896,-0.00227,0.00076,-0.04546,1.32021,-0.13086,0.01119
105964000000,7.72235,0.07369,0.16343,0.99896,-0.00227,0.00077,-0.04556,1.29667,-0.11582,0.01018
105997000000,7.76400,0.06970,0.16384,0.99897,-0.00227,0.00075,-0.04530,1.27717,-0.10319,0.00948
106030000000,7.80587,0.06653,0.16404,0.99900,-0.00223,0.00077,-0.04473,1.26515,-0.08966,0.01086
106063000000,7.84985,0.06464,0.16421,0.99904,-0.00225,0.00086,-0.04381,1.23167,-0.07286,0.01173
106096000000,7.89001,0.06251,0.16446,0.99909,-0.00225,0.00084,-0.04260,1.19311,-0.05526,0.01111
106129000000,7.93022,0.06104,0.16475,0.99915,-0.00227,0.00087,-0.04110,1.20558,-0.04413,0.01098
106162000000,7.97231,0.06072,0.16439,0.99922,-0.00238,0.00094,-0.03943,1.21735,-0.03353,0.01011
106195000000,8.01210,0.05951,0.16454,0.99929,-0.00241,0.00092,-0.03757,1.21437,-0.02569,0.01076
106228000000,8.05248,0.05856,0.16490,0.99936,-0.00242,0.00092,-0.03575,1.22219,-0.02331,0.00930
106261000000,8.09730,0.05835,0.16464,0.99941,-0.00244,0.00097,-0.03430,1.22538,-0.02707,0.00842
106294000000,8.13768,0.05696,0.16521,0.99946,-0.00243,0.00099,-0.03290,1.27406,-0.02842,0.00936
106327000000,8.18002,0.05639,0.16538,0.99950,-0.00249,0.00103,-0.03151,1.28963,-0.02612,0.00973
106360000000,8.22520,0.05588,0.16514,0.99954,-0.00255,0.00109,-0.03016,1.30266,-0.02405,0.00847
106393000000,8.26713,0.05501,0.16545,0.99958,-0.00255,0.00109,-0.02889,1.27980,-0.02101,0.00802
106426000000,8.30842,0.05429,0.16570,0.99961,-0.00251,0.00111,-0.02766,1.25733,-0.01932,0.00807
106459000000,8.35293,0.05410,0.16516,0.99965,-0.00251,0.00116,-0.02648,1.23942,-0.01699,0.00628
106492000000,8.39273,0.05361,0.16544,0.99967,-0.00254,0.00116,-0.02536,1.22536,-0.01429,0.00630
106525000000,8.43368,0.05300,0.16564,0.99970,-0.00261,0.00119,-0.02423,1.25481,-0.01351,0.00547
106558000000,8.47724,0.05205,0.16530,0.99973,-0.00255,0.00127,-0.02313,1.28835,-0.01358,0.00480
106591000000,8.52044,0.05185,0.16550,0.99975,-0.00257,0.00132,-0.02203,1.30394,-0.01230,0.00530
106624000000,8.56392,0.05142,0.16564,0.99977,-0.00254,0.00133,-0.02102,1.31242,-0.01088,0.00532
106657000000,8.60779,0.05031,0.16541,0.99980,-0.00246,0.00141,-0.02000,1.29049,-0.01131,0.00446
106690000000,8.64973,0.05018,0.16537,0.99981,-0.00249,0.00140,-0.01911,1.26611,-0.00884,0.00461
106723000000,8.69106,0.04986,0.16546,0.99983,-0.00250,0.00139,-0.01826,1.24331,-0.00743,0.00474
106756000000,8.73252,0.04892,0.16515,0.99984,-0.00248,0.00141,-0.01740,1.21841,-0.00677,0.00487
106789000000,8.77265,0.04893,0.16522,0.99986,-0.00244,0.00148,-0.01664,1.19613,-0.00590,0.00542
106822000000,8.81169,0.04861,0.16539,0.99987,-0.00238,0.00148,-0.01581,1.17196,-0.00470,0.00589
106855000000,8.85116,0.04791,0.16534,0.99988,-0.00234,0.00148,-0.01508,1.14993,-0.00462,0.00530
106888000000,8.88830,0.04772,0.16540,0.99989,-0.00233,0.00149,-0.01437,1.11555,-0.00393,0.00476
106921000000,8.92464,0.04743,0.16551,0.99990,-0.00232,0.00148,-0.01368,1.09074,-0.00380,0.00520
106954000000,8.96021,0.04655,0.16558,0.99991,-0.00225,0.00148,-0.01309,1.05708,-0.00467,0.00465
106987000000,8.99451,0.04644,0.16563,0.99992,-0.00221,0.00154,-0.01251,1.02356,-0.00383,0.00559
107020000000,9.02785,0.04624,0.16586,0.99992,-0.00222,0.00151,-0.01196,1.00015,-0.00401,0.00546
107053000000,9.06187,0.04583,0.16589,0.99993,-0.00218,0.00152,-0.01141,0.96738,-0.00247,0.00558
107086000000,9.09385,0.04596,0.16620,0.99994,-0.00216,0.00155,-0.01097,0.94420,-0.00208,0.00674
107119000000,9.12511,0.04615,0.16647,0.99994,-0.00218,0.00161,-0.01047,0.92337,-0.00101,0.00675
107152000000,9.15561,0.04627,0.16679,0.99995,-0.00217,0.00160,-0.01002,0.88938,-0.00163,0.00852
107185000000,9.18594,0.04553,0.16697,0.99995,-0.00210,0.00160,-0.00967,0.86789,-0.00302,0.00701
107218000000,9.21522,0.04606,0.16680,0.99995,-0.00212,0.00169,-0.00929,0.85099,-0.00205,0.00649
107251000000,9.24257,0.04597,0.16696,0.99996,-0.00211,0.00167,-0.00897,0.81913,-0.00220,0.00609
107284000000,9.26944,0.04590,0.16706,0.99996,-0.00212,0.00167,-0.00864,0.79215,-0.00339,0.00556
107317000000,9.29532,0.04577,0.16716,0.99996,-0.00210,0.00164,-0.00831,0.77037,-0.00434,0.00450
107350000000,9.32155,0.04558,0.16700,0.99996,-0.00211,0.00160,-0.00799,0.75432,-0.00467,0.00346
107383000000,9.34665,0.04566,0.16708,0.99997,-0.00214,0.00162,-0.00769,0.73544,-0.00376,0.00419
107416000000,9.37071,0.04556,0.16723,0.99997,-0.00215,0.00166,-0.00744,0.71702,-0.00360,0.00466
107449000000,9.39284,0.04534,0.16745,0.99997,-0.00211,0.00164,-0.00722,0.67790,-0.00434,0.00557
107482000000,9.41491,0.04527,0.16760,0.99997,-0.00210,0.00162,-0.00702,0.66204,-0.00402,0.00490
107515000000,9.43767,0.04577,0.16753,0.99997,-0.00213,0.00165,-0.00682,0.63975,-0.00392,0.00431
107548000000,9.45741,0.04569,0.16768,0.99997,-0.00207,0.00170,-0.00666,0.60658,-0.00456,0.00333
107581000000,9.47665,0.04568,0.16764,0.99998,-0.00211,0.00168,-0.00649,0.57995,-0.00550,0.00347
107614000000,9.49487,0.04549,0.16777,0.99998,-0.00211,0.00168,-0.00633,0.54636,-0.00579,0.00491
107647000000,9.51210,0.04532,0.16784,0.99998,-0.00211,0.00163,-0.00623,0.53322,-0.00634,0.00486
107713000000,9.54513,0.04531,0.16789,0.99998,-0.00212,0.00162,-0.00603,0.48046,-0.00627,0.00360
107746000000,9.56028,0.04608,0.16754,0.99998,-0.00214,0.00161,-0.00586,0.44401,-0.00443,0.00203
107779000000,9.57514,0.04573,0.16750,0.99998,-0.00210,0.00165,-0.00576,0.42675,-0.00578,0.00327
107812000000,9.58818,0.04539,0.16766,0.99998,-0.00216,0.00161,-0.00566,0.40696,-0.00657,0.00350
107845000000,9.60073,0.04520,0.16758,0.99998,-0.00216,0.00157,-0.00561,0.39322,-0.00763,0.00473
107878000000,9.61217,0.04508,0.16763,0.99998,-0.00218,0.00159,-0.00552,0.36792,-0.00830,0.00567
107911000000,9.62282,0.04506,0.16768,0.99998,-0.00217,0.00157,-0.00550,0.35619,-0.00799,0.00693
107944000000,9.63226,0.04504,0.16780,0.99998,-0.00219,0.00158,-0.00547,0.32450,-0.00683,0.00558
107977000000,9.63820,0.04532,0.16765,0.99998,-0.00219,0.00150,-0.00542,0.29048,-0.00610,0.00541
108010000000,9.64673,0.04507,0.16759,0.99998,-0.00217,0.00151,-0.00538,0.27015,-0.00621,0.00484
108043000000,9.65381,0.04524,0.16770,0.99998,-0.00214,0.00148,-0.00539,0.24060,-0.00628,0.00395
108076000000,9.66002,0.04550,0.16777,0.99998,-0.00214,0.00146,-0.00538,0.22243,-0.00655,0.00286
108109000000,9.66449,0.04534,0.16783,0.99998,-0.00217,0.00148,-0.00531,0.18360,-0.00589,0.00186
108142000000,9.66793,0.04506,0.16788,0.99998,-0.00219,0.00143,-0.00530,0.14804,-0.00629,0.00358
108175000000,9.67071,0.04475,0.16810,0.99998,-0.00216,0.00143,-0.00528,0.13033,-0.00657,0.00453
108208000000,9.67263,0.04472,0.16818,0.99998,-0.00217,0.00139,-0.00529,0.10097,-0.00545,0.00475
108241000000,9.67349,0.04478,0.16820,0.99998,-0.00220,0.00137,-0.00532,0.08217,-0.00655,0.00508
108274000000,9.67321,0.04483,0.16827,0.99998,-0.00219,0.00133,-0.00530,0.03929,-0.00574,0.00573
108307000000,9.67220,0.04487,0.16824,0.99998,-0.00219,0.00129,-0.00533,0.02599,-0.00533,0.00585
108340000000,9.67093,0.04506,0.16832,0.99998,-0.00220,0.00134,-0.00537,0.02365,-0.00542,0.00498
108373000000,9.66951,0.04519,0.16851,0.99998,-0.00216,0.00134,-0.00536,0.02258,-0.00406,0.00414
108406000000,9.66810,0.04523,0.16857,0.99998,-0.00218,0.00131,-0.00535,0.01997,-0.00324,0.00450
108439000000,9.66684,0.04533,0.16847,0.99998,-0.00220,0.00125,-0.00537,0.01825,-0.00328,0.00390
108472000000,9.66564,0.04547,0.16841,0.99998,-0.00217,0.00125,-0.00537,0.01727,-0.00268,0.00337
108505000000,9.66439,0.04564,0.16855,0.99998,-0.00218,0.00128,-0.00539,0.01650,-0.00181,0.00355
108538000000,9.66313,0.04568,0.16871,0.99998,-0.00220,0.00129,-0.00536,0.01516,-0.00101,0.00450
108571000000,9.66203,0.04577,0.16879,0.99998,-0.00224,0.00128,-0.00539,0.01397,-0.00098,0.00438
108604000000,9.66113,0.04606,0.16872,0.99998,-0.00220,0.00122,-0.00543,0.01139,-0.00012,0.00400
