dataset,name,n,secs,anchored_rms,anchored_max,anchored_final,yaw_rms_deg,yaw_final_deg,aligned_rot_rms,aligned_ate_rms,aligned_ate_max,anees,anees_pos,nees_samples,verdict,cov1,cov2,cov3,sx_final,sy_final,syaw_final_deg
simulation/dataset_allsensor_000,Wheel odometry,87061,87.06,4.73207,8.56351,4.76749,11.0671,13.7586,7.49161,2.80146,5.97464,569.378,286.683,87,overconfident,0.309323,0.390209,0.408265,0.245917,0.186054,1.11374
simulation/dataset_allsensor_000,IMU dead reckoning,17413,87.06,39.3532,71.7458,47.5966,1.00036,2.19269,142.635,21.6973,47.1746,311.017,264.331,87,overconfident,0.00493884,0.0222822,0.0426693,2.0906,2.22395,0.164833
simulation/dataset_allsensor_000,EKF wheel+IMU,17413,87.06,0.280596,0.449437,0.122212,0.353084,0.19366,0.660625,0.189584,0.475988,64.7398,19.5641,87,overconfident,0.425831,0.766783,0.879171,0.0669138,0.211404,1.77077
simulation/dataset_allsensor_000,EKF @ VSLAM noise,17413,87.06,1.98008,5.14968,1.44239,8.5854,11.2729,6.06211,1.31269,3.40371,12.5863,5.61185,87,overconfident,0.401482,0.46092,0.87785,0.401887,0.587121,5.07925
simulation/dataset_allsensor_000,VINS-Fusion,2628,86.691,,,,,,3.66422,0.61574,1.16525,,,,,,,,,,
simulation/dataset_allsensor_000,ORB-SLAM3,2380,86.988,,,,,,14.1727,0.578968,1.24398,,,,,,,,,,
simulation/dataset_allsensor_000,ORB-SLAM3 (no LC),2485,86.988,,,,,,15.0632,0.285222,1.73931,,,,,,,,,,
simulation/dataset_allsensor_001,Wheel odometry,81801,81.8,1.82583,3.11551,2.42639,6.89643,12.9465,4.60261,0.978853,1.46487,263.896,117.627,81,overconfident,0.0152199,0.131306,0.187357,0.207275,0.203743,1.31736
simulation/dataset_allsensor_001,IMU dead reckoning,16361,81.8,14.7279,28.5965,23.741,0.586896,1.33231,179.987,12.6167,27.471,339.922,317.262,81,overconfident,0.00103906,0.00861806,0.0205978,0.82545,0.739824,0.155368
simulation/dataset_allsensor_001,EKF wheel+IMU,16361,81.8,0.351124,0.620708,0.302974,0.417343,0.10859,0.433704,0.308135,0.607717,123.159,32.61,81,overconfident,0.194181,0.439154,0.536764,0.168111,0.201943,1.78144
simulation/dataset_allsensor_001,EKF @ VSLAM noise,16361,81.8,0.939062,4.18368,1.0267,4.248,9.48564,3.10718,0.681051,3.11256,18.469,6.26391,81,overconfident,0.427663,0.820854,0.977752,0.437291,0.623621,5.67853
simulation/dataset_allsensor_001,VINS-Fusion,2467,81.411,,,,,,0.514469,0.382601,0.522891,,,,,,,,,,
simulation/dataset_allsensor_001,ORB-SLAM3,2239,81.708,,,,,,15.8103,0.371873,1.97538,,,,,,,,,,
simulation/dataset_allsensor_001,ORB-SLAM3 (no LC),2355,81.708,,,,,,15.6002,0.516248,2.48187,,,,,,,,,,
simulation/dataset_allsensor_002,Wheel odometry,86741,86.74,2.88789,4.97818,4.3322,15.1819,30.1094,9.21426,1.48455,3.17443,729.425,413.408,85,overconfident,0.139865,0.142643,0.145456,0.180312,0.129556,1.18886
simulation/dataset_allsensor_002,IMU dead reckoning,17348,86.735,16.3588,31.9601,17.7275,0.614229,1.36085,180,13.2374,27.8055,244.748,227.822,86,overconfident,0.0173507,0.0451349,0.146933,0.642253,1.32039,0.181636
simulation/dataset_allsensor_002,EKF wheel+IMU,17349,86.74,0.345274,0.598384,0.346065,0.295037,0.683897,0.344494,0.256092,0.463558,114.489,28.245,86,overconfident,0.193498,0.349588,0.500605,0.0606635,0.114268,1.35548
simulation/dataset_allsensor_002,EKF @ VSLAM noise,17349,86.74,1.31978,3.01607,1.80226,9.04883,20.7106,6.27575,0.867636,1.9213,35.6649,13.0151,86,overconfident,0.208485,0.36809,0.681077,0.196081,0.288644,4.84694
simulation/dataset_allsensor_002,VINS-Fusion,2617,86.328,,,,,,1.51054,0.557711,1.20475,,,,,,,,,,
simulation/dataset_allsensor_002,ORB-SLAM3,2220,86.592,,,,,,16.518,0.602066,1.13623,,,,,,,,,,
simulation/dataset_allsensor_002,ORB-SLAM3 (no LC),2354,86.592,,,,,,15.6026,1.79625,3.74133,,,,,,,,,,
simulation/dataset_allsensor_003,Wheel odometry,102361,102.36,3.97948,9.24938,9.23105,15.6311,37.1737,14.3284,3.1917,6.89281,406.675,212.412,101,overconfident,0.260382,0.342806,0.458739,0.418387,0.253664,2.18437
simulation/dataset_allsensor_003,IMU dead reckoning,20473,102.36,62.9031,136.568,74.7452,3.19912,5.84461,171.454,45.5623,88.1466,1504.29,1147.83,102,overconfident,0.00986665,0.0181703,0.0353148,1.33139,1.77125,0.206302
simulation/dataset_allsensor_003,EKF wheel+IMU,20473,102.36,0.668204,1.2568,1.24049,3.54179,7.19679,2.17441,0.422598,0.808863,79.1188,35.048,102,overconfident,0.0339471,0.291213,0.476188,0.0687643,0.217437,2.03973
simulation/dataset_allsensor_003,EKF @ VSLAM noise,20473,102.36,1.57415,4.63318,3.03642,9.87227,24.7587,8.34822,1.23003,3.46828,25.3857,9.4536,102,overconfident,0.444976,0.76999,0.887364,0.36743,0.521487,7.77805
simulation/dataset_allsensor_003,VINS-Fusion,3091,101.97,,,,,,3.93444,0.783716,1.52804,,,,,,,,,,
simulation/dataset_allsensor_003,ORB-SLAM3,2971,102.267,,,,,,14.8335,6.4813,27.0172,,,,,,,,,,
simulation/dataset_allsensor_003,ORB-SLAM3 (no LC),2949,102.168,,,,,,13.5987,0.514813,1.64935,,,,,,,,,,
simulation/dataset_allsensor_004,Wheel odometry,100501,100.5,5.12409,9.20491,5.79134,14.999,17.6845,8.46394,3.2412,7.44624,784.959,537.572,100,overconfident,0.153561,0.157312,0.162287,0.220125,0.226775,1.11428
simulation/dataset_allsensor_004,IMU dead reckoning,20101,100.5,41.4763,84.8964,48.0992,0.83903,1.35282,171.51,26.7094,53.5369,289.46,264.513,100,overconfident,0.00427839,0.0171633,0.0440774,1.91788,2.3312,0.209051
simulation/dataset_allsensor_004,EKF wheel+IMU,20101,100.5,0.775783,1.71864,0.831409,3.40875,5.29974,2.0926,0.493892,1.16996,78.5729,42.0268,100,overconfident,0.253768,0.329884,0.569723,0.06216,0.318525,2.53303
simulation/dataset_allsensor_004,EKF @ VSLAM noise,20101,100.5,2.65004,5.42344,1.83629,12.6253,15.1622,7.24168,1.58283,3.97757,38.2733,24.4938,100,overconfident,0.209094,0.344709,0.427143,0.292229,0.808837,5.31568
simulation/dataset_allsensor_004,VINS-Fusion,3035,100.122,,,,,,2.16556,0.425214,0.63472,,,,,,,,,,
simulation/dataset_allsensor_004,ORB-SLAM3,2920,100.419,,,,,,14.3422,1.23702,2.06192,,,,,,,,,,
simulation/dataset_allsensor_004,ORB-SLAM3 (no LC),2836,100.353,,,,,,13.6447,0.905408,3.09337,,,,,,,,,,
