18217000000,0.09360,0.24750,-0.15800,0.50000,0.50000,-0.50000,0.50000,0.00000,0.00000,0.00000
18283000000,0.09324,0.24718,-0.15434,0.50012,0.49993,-0.50001,0.49994,-0.00545,-0.00485,0.05538
18382000000,0.09368,0.24735,-0.14139,0.49995,0.50003,-0.50001,0.50002,0.00444,0.00175,0.13083
18415000000,0.09378,0.24708,-0.13491,0.50007,0.49995,-0.49994,0.50004,0.00307,-0.00835,0.19651
18481000000,0.09365,0.24716,-0.12070,0.50004,0.49998,-0.49996,0.50001,-0.00202,0.00128,0.21525
18547000000,0.09350,0.24706,-0.10381,0.50012,0.49991,-0.50000,0.49997,-0.00230,-0.00161,0.25586
18580000000,0.09354,0.24718,-0.09603,0.50009,0.49998,-0.49997,0.49996,0.00143,0.00387,0.23576
18613000000,0.09363,0.24722,-0.08915,0.50008,0.49996,-0.50001,0.49994,0.00259,0.00110,0.20855
18712000000,0.09356,0.24730,-0.07327,0.50007,0.49997,-0.50000,0.49996,-0.00066,0.00085,0.16038
18778000000,0.09344,0.24654,-0.06728,0.50025,0.49982,-0.49996,0.49997,-0.00186,-0.01161,0.09078
18844000000,0.09283,0.24694,-0.06521,0.50026,0.49995,-0.49995,0.49983,-0.00925,0.00604,0.03146
18877000000,0.09284,0.24706,-0.06500,0.50023,0.49997,-0.49998,0.49982,0.00024,0.00380,0.00614
18976000000,0.09285,0.24689,-0.06330,0.50020,0.49998,-0.49999,0.49983,0.00011,-0.00173,0.01722
19042000000,0.09290,0.24649,-0.05820,0.50031,0.49987,-0.49996,0.49986,0.00072,-0.00609,0.07725
19108000000,0.09262,0.24654,-0.04936,0.50033,0.49987,-0.49998,0.49982,-0.00419,0.00076,0.13396
19141000000,0.09276,0.24672,-0.04276,0.50025,0.49986,-0.50001,0.49989,0.00414,0.00552,0.19983
19174000000,0.09302,0.24643,-0.03692,0.50029,0.49985,-0.49998,0.49988,0.00813,-0.00882,0.17698
19273000000,0.09291,0.24654,-0.01240,0.50016,0.49996,-0.49993,0.49995,-0.00116,0.00115,0.24775
19372000000,0.09306,0.24615,0.01824,0.50028,0.49985,-0.49995,0.49992,0.00158,-0.00397,0.30948
19438000000,0.09280,0.24603,0.04213,0.50029,0.49983,-0.49996,0.49992,-0.00405,-0.00189,0.36191
19504000000,0.09263,0.24589,0.06371,0.50035,0.49983,-0.49991,0.49990,-0.00258,-0.00208,0.32695
19537000000,0.09251,0.24569,0.07230,0.50038,0.49980,-0.49990,0.49992,-0.00354,-0.00593,0.26046
19603000000,0.09229,0.24558,0.08811,0.50037,0.49987,-0.49984,0.49992,-0.00329,-0.00172,0.23954
19669000000,0.09281,0.24538,0.10003,0.50033,0.49981,-0.49990,0.49997,0.00779,-0.00306,0.18066
19735000000,0.09299,0.24528,0.10961,0.50041,0.49981,-0.49984,0.49993,0.00273,-0.00143,0.14512
19801000000,0.09325,0.24563,0.11509,0.50032,0.49990,-0.49987,0.49992,0.00402,0.00527,0.08305
19834000000,0.09303,0.24577,0.11648,0.50031,0.49996,-0.49984,0.49989,-0.00670,0.00436,0.04199
19900000000,0.09302,0.24560,0.11710,0.50034,0.49994,-0.49986,0.49987,-0.00021,-0.00266,0.00941
19966000000,0.09284,0.24534,0.11773,0.50038,0.49994,-0.49981,0.49986,-0.00265,-0.00387,0.00959
20032000000,0.09327,0.24538,0.12136,0.50026,0.49994,-0.49988,0.49992,0.00644,0.00050,0.05494
20098000000,0.09302,0.24531,0.12898,0.50025,0.49994,-0.49988,0.49992,-0.00371,-0.00107,0.11544
20164000000,0.09337,0.24546,0.13947,0.50018,0.50000,-0.49985,0.49997,0.00521,0.00236,0.15890
20230000000,0.09361,0.24525,0.15374,0.50024,0.49991,-0.49988,0.49996,0.00372,-0.00316,0.21628
20296000000,0.09339,0.24504,0.16583,0.50029,0.49987,-0.49987,0.49998,-0.00337,-0.00322,0.18320
20362000000,0.09337,0.24512,0.17474,0.50028,0.49990,-0.49987,0.49995,-0.00024,0.00125,0.13497
20428000000,0.09353,0.24552,0.18044,0.50015,0.49997,-0.49991,0.49996,0.00236,0.00599,0.08629
20461000000,0.09341,0.24498,0.18189,0.50022,0.49991,-0.49985,0.50002,-0.00364,-0.01635,0.04395
20527000000,0.09331,0.24497,0.18299,0.50031,0.49987,-0.49985,0.49996,-0.00150,-0.00008,0.01677
20626000000,0.09338,0.24490,0.18271,0.50029,0.49991,-0.49985,0.49995,0.00065,-0.00079,-0.00289
20659000000,0.09366,0.24471,0.18222,0.50031,0.49985,-0.49987,0.49997,0.00857,-0.00568,-0.01476
20725000000,0.09358,0.24459,0.18212,0.50036,0.49984,-0.49985,0.49995,-0.00125,-0.00177,-0.00156
20824000000,0.09358,0.24461,0.18203,0.50033,0.49985,-0.49986,0.49997,0.00006,0.00022,-0.00089
20890000000,0.09361,0.24469,0.18208,0.50030,0.49986,-0.49987,0.49997,0.00043,0.00110,0.00084
20989000000,0.09343,0.18154,-0.24482,0.70727,-0.00030,0.00019,0.70695,-0.00180,-0.63786,-4.31221
21121000000,0.09811,0.19729,-0.24405,0.70722,-0.00028,0.00025,0.70700,0.03547,0.11935,0.00588
21187000000,0.09812,0.19732,-0.24405,0.70722,-0.00028,0.00025,0.70700,0.00009,0.00049,-0.00008
21253000000,0.09803,0.19730,-0.24401,0.70723,-0.00030,0.00025,0.70699,-0.00141,-0.00033,0.00075
21319000000,0.09821,0.19724,-0.24402,0.70721,-0.00029,0.00023,0.70701,0.00274,-0.00100,-0.00015
21385000000,0.09808,0.19728,-0.24401,0.70722,-0.00030,0.00025,0.70700,-0.00191,0.00073,0.00013
21517000000,0.09812,0.19736,-0.24404,0.70720,-0.00030,0.00029,0.70702,0.00029,0.00055,-0.00022
21550000000,0.09805,0.19730,-0.24401,0.70720,-0.00032,0.00028,0.70701,-0.00194,-0.00162,0.00090
21616000000,0.09820,0.19725,-0.24405,0.70718,-0.00029,0.00024,0.70704,0.00224,-0.00079,-0.00068
21682000000,0.09826,0.19721,-0.24404,0.70717,-0.00030,0.00024,0.70705,0.00091,-0.00057,0.00022
21781000000,0.09814,0.19731,-0.24400,0.70719,-0.00031,0.00029,0.70702,-0.00123,0.00093,0.00033
21847000000,0.09802,0.19730,-0.24397,0.70721,-0.00033,0.00028,0.70701,-0.00178,-0.00014,0.00056
21913000000,0.09819,0.19729,-0.24405,0.70718,-0.00030,0.00024,0.70703,0.00250,-0.00006,-0.00126
21979000000,0.09360,0.24750,-0.15800,0.50000,0.50000,-0.50000,0.50000,-0.06952,0.76073,1.30379
22144000000,0.09360,0.24750,-0.15800,0.50000,0.50000,-0.50000,0.50000,0.00000,0.00000,0.00000
22177000000,0.09367,0.24754,-0.15800,0.49998,0.50001,-0.50000,0.50001,0.00221,0.00108,0.00011
22210000000,0.09367,0.24753,-0.15800,0.49998,0.50001,-0.50000,0.50001,-0.00008,-0.00020,0.00000
22309000000,0.09349,0.24765,-0.15794,0.49994,0.50007,-0.49997,0.50002,-0.00185,0.00118,0.00057
22408000000,0.09359,0.24751,-0.15800,0.50000,0.50001,-0.50000,0.50000,0.00106,-0.00139,-0.00060
22474000000,0.09360,0.24751,-0.15800,0.50001,0.49999,-0.50000,0.50000,0.00006,-0.00004,0.00004
22540000000,0.09360,0.24750,-0.15800,0.50000,0.50000,-0.50000,0.50000,0.00002,-0.00017,-0.00003
22606000000,0.09339,0.24756,-0.15795,0.49999,0.50004,-0.49997,0.50000,-0.00311,0.00096,0.00072
22672000000,0.09341,0.24756,-0.15794,0.49998,0.50004,-0.49998,0.50000,0.00030,0.00006,0.00015
22738000000,0.09353,0.24764,-0.15795,0.49996,0.50004,-0.49998,0.50002,0.00186,0.00121,-0.00007
22804000000,0.09366,0.24757,-0.15801,0.49996,0.50003,-0.50000,0.50001,0.00197,-0.00104,-0.00089
22837000000,0.09361,0.24755,-0.15802,0.49998,0.50003,-0.50000,0.50000,-0.00175,-0.00068,-0.00057
22936000000,0.09342,0.24757,-0.15797,0.49999,0.50002,-0.49997,0.50001,-0.00185,0.00022,0.00058
23035000000,0.09345,0.24760,-0.15797,0.49998,0.50003,-0.49999,0.50000,0.00023,0.00024,0.00002
23068000000,0.09353,0.24753,-0.15801,0.50000,0.50002,-0.49999,0.49999,0.00243,-0.00214,-0.00130
23134000000,0.09365,0.24756,-0.15803,0.49996,0.50004,-0.49999,0.50001,0.00182,0.00051,-0.00030
23200000000,0.09358,0.24756,-0.15804,0.49997,0.50004,-0.49999,0.50000,-0.00094,-0.00001,-0.00015
23266000000,0.09347,0.24763,-0.15792,0.49996,0.50004,-0.49999,0.50001,-0.00166,0.00105,0.00178
23299000000,0.09358,0.24756,-0.15802,0.49997,0.50004,-0.49999,0.50000,0.00325,-0.00206,-0.00291
23398000000,0.09342,0.24759,-0.15796,0.49998,0.50003,-0.49999,0.50000,-0.00165,0.00029,0.00055
23464000000,0.09341,0.24758,-0.15796,0.49998,0.50003,-0.49999,0.50000,-0.00012,-0.00008,0.00001
23497000000,0.09344,0.24762,-0.15796,0.49998,0.50003,-0.49999,0.50000,0.00086,0.00104,0.00019
23596000000,0.09342,0.24759,-0.15794,0.49998,0.50003,-0.49998,0.50000,-0.00015,-0.00027,0.00019
23662000000,0.09349,0.24764,-0.15791,0.49996,0.50004,-0.49999,0.50001,0.00098,0.00070,0.00043
23728000000,0.09358,0.24755,-0.15804,0.49997,0.50004,-0.49998,0.50000,0.00139,-0.00126,-0.00195
23794000000,0.09340,0.24759,-0.15796,0.49999,0.50003,-0.49999,0.50000,-0.00266,0.00058,0.00119
23827000000,0.09358,0.24757,-0.15803,0.49997,0.50004,-0.49999,0.50000,0.00547,-0.00079,-0.00205
23893000000,0.09347,0.24763,-0.15792,0.49996,0.50004,-0.49999,0.50001,-0.00169,0.00105,0.00156
23959000000,0.09350,0.24767,-0.15793,0.49995,0.50004,-0.50000,0.50000,0.00039,0.00059,-0.00016
24025000000,0.09342,0.24757,-0.15798,0.49999,0.50002,-0.49999,0.50000,-0.00113,-0.00152,-0.00065
24091000000,0.09364,0.24757,-0.15802,0.49995,0.50005,-0.49999,0.50001,0.00327,0.00001,-0.00074
24157000000,0.09360,0.24757,-0.15803,0.49997,0.50004,-0.49999,0.50000,-0.00063,-0.00002,-0.00011
24223000000,0.09358,0.24756,-0.15803,0.49997,0.50004,-0.49998,0.50000,-0.00023,-0.00018,0.00007
24256000000,0.09347,0.24762,-0.15793,0.49996,0.50004,-0.49998,0.50001,-0.00325,0.00194,0.00295
24322000000,0.09359,0.24756,-0.15803,0.49997,0.50004,-0.49999,0.50000,0.00170,-0.00094,-0.00149
24388000000,0.09363,0.24757,-0.15801,0.49995,0.50004,-0.49998,0.50002,0.00063,0.00014,0.00024
24421000000,0.09341,0.24758,-0.15797,0.49998,0.50003,-0.49999,0.50000,-0.00669,0.00022,0.00131
24553000000,0.09342,0.24759,-0.15797,0.49998,0.50003,-0.49999,0.50000,0.00011,0.00009,-0.00000
24586000000,0.09342,0.24756,-0.15798,0.49999,0.50003,-0.49999,0.50000,-0.00009,-0.00089,-0.00037
24619000000,0.09376,-0.15766,-0.24773,0.70682,0.00002,-0.00070,0.70739,0.01035,-12.27943,-2.71965
24685000000,0.09389,-0.15763,-0.24777,0.70680,0.00003,-0.00070,0.70741,0.00190,0.00043,-0.00067
24784000000,0.06775,-0.15517,-0.23791,0.70763,0.00006,-0.00068,0.70659,-0.26403,0.02488,0.09965
24850000000,0.06773,-0.15510,-0.23794,0.70760,0.00008,-0.00067,0.70661,-0.00022,0.00102,-0.00043
24916000000,0.06769,-0.15498,-0.23789,0.70762,0.00005,-0.00069,0.70659,-0.00061,0.00178,0.00071
24982000000,0.06753,-0.15172,-0.23767,0.70767,-0.00001,-0.00068,0.70655,-0.00250,0.04949,0.00327
25048000000,0.06753,-0.14421,-0.23796,0.70767,0.00006,-0.00072,0.70654,-0.00003,0.11367,-0.00441
25114000000,0.06748,-0.13417,-0.23805,0.70766,0.00011,-0.00072,0.70655,-0.00072,0.15222,-0.00125
25180000000,0.06771,-0.12066,-0.23818,0.70760,0.00020,-0.00069,0.70662,0.00352,0.20469,-0.00204
25213000000,0.06703,-0.11260,-0.23788,0.70771,0.00003,-0.00070,0.70650,-0.02065,0.24411,0.00910
25312000000,0.06767,-0.08466,-0.23780,0.70768,0.00006,-0.00064,0.70654,0.00649,0.28227,0.00083
25345000000,0.06760,-0.07370,-0.23777,0.70771,0.00003,-0.00067,0.70650,-0.00208,0.33195,0.00078
25411000000,0.06745,-0.04814,-0.23809,0.70767,0.00006,-0.00075,0.70654,-0.00225,0.38732,-0.00488
25444000000,0.06774,-0.03488,-0.23817,0.70767,0.00011,-0.00064,0.70654,0.00858,0.40192,-0.00230
25543000000,0.06740,0.01100,-0.23800,0.70772,0.00009,-0.00066,0.70649,-0.00344,0.46337,0.00169
25576000000,0.06737,0.02760,-0.23779,0.70783,-0.00004,-0.00067,0.70638,-0.00082,0.50311,0.00636
25675000000,0.06718,0.08345,-0.23768,0.70778,-0.00012,-0.00070,0.70643,-0.00189,0.56410,0.00117
25708000000,0.06801,0.10304,-0.23820,0.70766,0.00003,-0.00066,0.70655,0.02505,0.59387,-0.01591
25741000000,0.06806,0.12406,-0.23798,0.70764,0.00006,-0.00064,0.70657,0.00164,0.63693,0.00672
25840000000,0.06797,0.19194,-0.23780,0.70771,-0.00004,-0.00064,0.70650,-0.00098,0.68558,0.00188
25906000000,0.06794,0.24136,-0.23764,0.70772,-0.00002,-0.00062,0.70649,-0.00037,0.74890,0.00237
25972000000,0.06791,0.29242,-0.23738,0.70770,-0.00007,-0.00072,0.70651,-0.00045,0.77354,0.00396
26038000000,0.06812,0.34786,-0.23732,0.70771,-0.00003,-0.00062,0.70651,0.00313,0.84000,0.00092
26104000000,0.06846,0.40682,-0.23747,0.70763,0.00014,-0.00061,0.70659,0.00517,0.89337,-0.00233
26203000000,0.06849,0.50143,-0.23722,0.70762,-0.00004,-0.00060,0.70659,0.00027,0.95569,0.00256
26236000000,0.06826,0.53459,-0.23725,0.70770,0.00005,-0.00064,0.70651,-0.00678,1.00474,-0.00104
26335000000,0.06913,0.63983,-0.23669,0.70767,0.00004,-0.00066,0.70654,0.00880,1.06308,0.00570
26368000000,0.06882,0.67640,-0.23660,0.70778,0.00003,-0.00066,0.70643,-0.00962,1.10796,0.00260
26434000000,0.06864,0.75138,-0.23642,0.70782,-0.00012,-0.00072,0.70639,-0.00273,1.13613,0.00281
26500000000,0.07057,0.82904,-0.23717,0.70760,0.00015,-0.00060,0.70662,0.02935,1.17666,-0.01146
26566000000,0.07099,0.91057,-0.23717,0.70757,0.00025,-0.00062,0.70664,0.00624,1.23525,0.00011
26632000000,0.07064,0.99540,-0.23712,0.70761,0.00006,-0.00067,0.70661,-0.00518,1.28538,0.00073
26665000000,0.07038,1.03432,-0.23735,0.70770,0.00012,-0.00065,0.70652,-0.00795,1.17932,-0.00714
26764000000,0.07026,1.17129,-0.23705,0.70765,-0.00002,-0.00061,0.70656,-0.00124,1.38354,0.00309
26830000000,0.07009,1.26600,-0.23689,0.70769,-0.00003,-0.00061,0.70652,-0.00251,1.43496,0.00239
26896000000,0.07233,1.36574,-0.23731,0.70768,0.00001,-0.00067,0.70653,0.03385,1.51121,-0.00644
26995000000,0.07230,1.51449,-0.23740,0.70766,-0.00006,-0.00078,0.70655,-0.00031,1.50251,-0.00088
27061000000,0.07262,1.61373,-0.23736,0.70762,0.00004,-0.00067,0.70660,0.00496,1.50370,0.00070
27127000000,0.07182,1.70667,-0.23595,0.70770,-0.00028,-0.00089,0.70652,-0.01225,1.40813,0.02133
27193000000,0.07199,1.80585,-0.23556,0.70775,-0.00045,-0.00084,0.70646,0.00266,1.50282,0.00582
27259000000,0.07231,1.90491,-0.23556,0.70776,-0.00033,-0.00084,0.70646,0.00484,1.50081,0.00007
27325000000,0.07142,2.01215,-0.23919,0.70782,-0.00011,-0.00112,0.70639,-0.01347,1.62495,-0.05496
27391000000,0.07183,2.11075,-0.23865,0.70779,-0.00026,-0.00111,0.70642,0.00621,1.49397,0.00816
27424000000,0.07172,2.16008,-0.23849,0.70776,-0.00013,-0.00108,0.70646,-0.00342,1.49470,0.00473
27523000000,0.07052,2.30476,-0.23723,0.70816,-0.00044,-0.00136,0.70605,-0.01214,1.46145,0.01277
27556000000,0.07121,2.35399,-0.23680,0.70804,-0.00042,-0.00122,0.70617,0.02104,1.49186,0.01306
27622000000,0.07158,2.45273,-0.23659,0.70806,-0.00044,-0.00113,0.70615,0.00561,1.49594,0.00319
27688000000,0.07008,2.54976,-0.23635,0.70795,-0.00034,-0.00120,0.70626,-0.02270,1.47023,0.00356
27754000000,0.07065,2.64416,-0.23610,0.70795,-0.00043,-0.00118,0.70626,0.00855,1.43032,0.00382
27787000000,0.07071,2.69044,-0.23594,0.70787,-0.00037,-0.00112,0.70634,0.00173,1.40249,0.00490
27886000000,0.07284,2.82705,-0.23425,0.70800,-0.00075,-0.00116,0.70621,0.02152,1.37981,0.01704
27952000000,0.07307,2.91111,-0.23388,0.70798,-0.00078,-0.00122,0.70623,0.00355,1.27376,0.00566
28018000000,0.07277,2.99194,-0.23400,0.70812,-0.00065,-0.00112,0.70610,-0.00459,1.22470,-0.00187
28051000000,0.07351,3.03003,-0.23394,0.70807,-0.00073,-0.00104,0.70614,0.02246,1.15424,0.00192
28117000000,0.09658,3.08235,-0.15195,0.70683,-0.00004,-0.00084,0.70738,0.34961,0.79272,1.24223
28183000000,0.09685,3.15400,-0.15149,0.70683,-0.00029,-0.00082,0.70738,0.00406,1.08562,0.00691
28249000000,0.09630,3.22266,-0.15215,0.70686,0.00012,-0.00080,0.70735,-0.00829,1.04031,-0.00997
28315000000,0.09515,3.29050,-0.15399,0.70713,-0.00011,-0.00110,0.70708,-0.01755,1.02777,-0.02792
28381000000,0.09538,3.35186,-0.15390,0.70711,-0.00008,-0.00114,0.70711,0.00361,0.92970,0.00147
28447000000,0.09589,3.40978,-0.15352,0.70704,-0.00016,-0.00110,0.70717,0.00772,0.87756,0.00566
28480000000,0.09696,3.43367,-0.15297,0.70710,-0.00030,-0.00112,0.70711,0.03241,0.72408,0.01665
28513000000,0.09680,3.46103,-0.15280,0.70707,-0.00038,-0.00110,0.70714,-0.00490,0.82908,0.00536
28612000000,0.09665,3.54617,-0.15299,0.70716,-0.00036,-0.00113,0.70705,-0.00149,0.85996,-0.00197
28678000000,0.09687,3.60731,-0.15340,0.70709,-0.00017,-0.00116,0.70712,0.00327,0.92638,-0.00625
28711000000,0.09665,3.63859,-0.15323,0.70717,-0.00027,-0.00119,0.70704,-0.00660,0.94809,0.00515
28810000000,0.09588,3.74206,-0.15263,0.70690,0.00015,-0.00099,0.70731,-0.00782,1.04506,0.00609
28876000000,0.09577,3.81258,-0.15224,0.70691,0.00009,-0.00095,0.70730,-0.00161,1.06860,0.00592
28942000000,0.09557,3.88630,-0.15236,0.70699,0.00015,-0.00097,0.70722,-0.00301,1.11695,-0.00180
29008000000,0.09720,3.96762,-0.15281,0.70696,-0.00016,-0.00099,0.70725,0.02464,1.23207,-0.00681
29041000000,0.09731,4.00611,-0.15278,0.70697,-0.00023,-0.00096,0.70725,0.00333,1.16633,0.00082
29140000000,0.09697,4.11578,-0.15237,0.70701,-0.00019,-0.00097,0.70721,-0.00346,1.10777,0.00417
29173000000,0.09468,4.15011,-0.15312,0.70706,0.00006,-0.00099,0.70716,-0.06918,1.04047,-0.02290
29239000000,0.09450,4.21739,-0.15323,0.70710,-0.00009,-0.00106,0.70712,-0.00272,1.01936,-0.00165
29305000000,0.09435,4.28106,-0.15302,0.70707,-0.00011,-0.00103,0.70714,-0.00235,0.96477,0.00326
29371000000,0.09655,4.34159,-0.15247,0.70689,-0.00042,-0.00105,0.70733,0.03334,0.91699,0.00831
29404000000,0.09617,4.37057,-0.15311,0.70692,-0.00027,-0.00111,0.70729,-0.01152,0.87839,-0.01928
29503000000,0.09625,4.45176,-0.15287,0.70692,-0.00042,-0.00103,0.70730,0.00082,0.82002,0.00236
29569000000,0.09620,4.50221,-0.15582,0.70689,0.00003,-0.00111,0.70733,-0.00080,0.76450,-0.04462
29602000000,0.09601,4.52676,-0.15577,0.70690,-0.00004,-0.00104,0.70731,-0.00555,0.74382,0.00132
29668000000,0.09594,4.57166,-0.15558,0.70698,0.00005,-0.00101,0.70724,-0.00105,0.68028,0.00290
29767000000,0.09607,4.63581,-0.15582,0.70689,0.00010,-0.00107,0.70732,0.00129,0.64801,-0.00242
29833000000,0.09599,4.68271,-0.15596,0.70697,0.00009,-0.00106,0.70724,-0.00129,0.71057,-0.00206
29899000000,0.09469,4.72804,-0.15230,0.70697,-0.00039,-0.00107,0.70724,-0.01959,0.68680,0.05549
29932000000,0.09475,4.75420,-0.15220,0.70694,-0.00041,-0.00116,0.70727,0.00169,0.79272,0.00295
30031000000,0.09461,4.83622,-0.15250,0.70699,-0.00035,-0.00120,0.70722,-0.00144,0.82850,-0.00304
30097000000,0.09478,4.88743,-0.15277,0.70699,-0.00018,-0.00115,0.70722,0.00260,0.77595,-0.00415
30163000000,0.09486,4.93425,-0.15240,0.70692,-0.00022,-0.00109,0.70729,0.00129,0.70937,0.00562
30229000000,0.09452,4.97807,-0.15264,0.70701,-0.00021,-0.00121,0.70720,-0.00530,0.66389,-0.00364
30295000000,0.09470,5.01787,-0.15241,0.70698,-0.00028,-0.00114,0.70723,0.00275,0.60312,0.00352
30328000000,0.09491,5.03698,-0.15371,0.70690,-0.00002,-0.00116,0.70732,0.00637,0.57904,-0.03932
30394000000,0.09488,5.07142,-0.15356,0.70690,0.00010,-0.00106,0.70732,-0.00041,0.52184,0.00222
30460000000,0.09463,5.10373,-0.15354,0.70690,0.00009,-0.00104,0.70731,-0.00371,0.48950,0.00031
30559000000,0.09449,5.14469,-0.15358,0.70692,-0.00001,-0.00115,0.70729,-0.00143,0.41375,-0.00040
30592000000,0.09451,5.15672,-0.15345,0.70691,0.00010,-0.00110,0.70731,0.00068,0.36465,0.00385
30658000000,0.09470,5.17743,-0.15343,0.70686,0.00009,-0.00107,0.70735,0.00283,0.31381,0.00037
30724000000,0.09468,5.19475,-0.15298,0.70690,0.00000,-0.00108,0.70731,-0.00038,0.26243,0.00685
30790000000,0.09462,5.20879,-0.15281,0.70695,-0.00005,-0.00113,0.70726,-0.00092,0.21260,0.00250
30856000000,0.09464,5.21873,-0.15207,0.70696,-0.00014,-0.00100,0.70725,0.00038,0.15073,0.01120
30889000000,0.09439,5.22695,-0.15271,0.70709,0.00011,-0.00100,0.70713,-0.00750,0.24901,-0.01942
30955000000,0.09479,5.23266,-0.15259,0.70706,0.00007,-0.00104,0.70715,0.00604,0.08656,0.00185
31021000000,0.09510,5.23457,-0.15278,0.70703,0.00009,-0.00108,0.70718,0.00473,0.02883,-0.00291
31120000000,0.09492,5.23665,-0.15240,0.70706,-0.00003,-0.00102,0.70715,-0.00186,0.02099,0.00393
31153000000,0.09475,5.23906,-0.15251,0.70705,0.00004,-0.00097,0.70717,-0.00506,0.07322,-0.00335
31252000000,0.09489,5.25087,-0.15243,0.70704,0.00009,-0.00104,0.70718,0.00135,0.11927,0.00076
31318000000,0.09461,5.26284,-0.15238,0.70709,0.00007,-0.00108,0.70713,-0.00422,0.18134,0.00074
31417000000,0.09485,5.28757,-0.15233,0.70701,0.00003,-0.00107,0.70720,0.00248,0.24985,0.00049
31483000000,0.09590,5.30619,-0.15203,0.70699,0.00009,-0.00099,0.70722,0.01592,0.28203,0.00463
31516000000,0.09566,5.31827,-0.15193,0.70700,0.00003,-0.00099,0.70721,-0.00746,0.36617,0.00283
31582000000,0.09557,5.34352,-0.15178,0.70699,-0.00001,-0.00106,0.70722,-0.00127,0.38260,0.00231
31648000000,0.09554,5.37208,-0.15185,0.70697,0.00012,-0.00103,0.70724,-0.00052,0.43264,-0.00109
31714000000,0.09543,5.40444,-0.15205,0.70700,-0.00005,-0.00106,0.70721,-0.00159,0.49035,-0.00291
31780000000,0.09545,5.43966,-0.15200,0.70705,0.00005,-0.00099,0.70716,0.00027,0.53369,0.00065
31879000000,0.09401,5.49688,-0.15159,0.70686,0.00003,-0.00106,0.70735,-0.01453,0.57793,0.00422
31945000000,0.09354,5.54063,-0.15144,0.70688,0.00006,-0.00103,0.70733,-0.00716,0.66295,0.00226
32011000000,0.09375,5.58695,-0.15141,0.70687,-0.00006,-0.00104,0.70735,0.00318,0.70184,0.00040
32077000000,0.09566,5.63662,-0.15080,0.70684,0.00017,-0.00100,0.70738,0.02897,0.75256,0.00918
32143000000,0.09520,5.68924,-0.15051,0.70680,0.00008,-0.00088,0.70741,-0.00698,0.79723,0.00450
32176000000,0.09495,5.71714,-0.15080,0.70687,0.00022,-0.00095,0.70735,-0.00778,0.84550,-0.00886
32275000000,0.09494,5.80555,-0.15096,0.70683,0.00041,-0.00086,0.70739,-0.00011,0.89304,-0.00162
32341000000,0.09269,5.86866,-0.14877,0.70690,0.00000,-0.00087,0.70732,-0.03407,0.95611,0.03313
32407000000,0.09247,5.93496,-0.14852,0.70688,-0.00010,-0.00092,0.70733,-0.00332,1.00465,0.00380
32473000000,0.09256,6.00458,-0.14846,0.70688,-0.00012,-0.00095,0.70733,0.00133,1.05483,0.00098
32539000000,0.09214,6.07604,-0.14910,0.70684,0.00009,-0.00102,0.70737,-0.00623,1.08277,-0.00973
32605000000,0.09201,6.15143,-0.14903,0.70682,0.00003,-0.00106,0.70739,-0.00205,1.14227,0.00113
32671000000,0.09217,6.23051,-0.14907,0.70682,0.00016,-0.00103,0.70740,0.00243,1.19818,-0.00068
32704000000,0.09365,6.27314,-0.14832,0.70693,0.00007,-0.00098,0.70728,0.04486,1.29158,0.02265
32770000000,0.09393,6.35405,-0.14859,0.70693,0.00007,-0.00098,0.70728,0.00429,1.22592,-0.00410
32803000000,0.09379,6.39248,-0.14851,0.70689,0.00008,-0.00097,0.70732,-0.00438,1.16465,0.00264
32902000000,0.09383,6.50433,-0.14858,0.70690,0.00022,-0.00090,0.70731,0.00043,1.12979,-0.00071
32968000000,0.09366,6.57405,-0.14866,0.70688,0.00024,-0.00103,0.70733,-0.00255,1.05640,-0.00131
33034000000,0.09168,6.63372,-0.14654,0.70706,-0.00022,-0.00079,0.70715,-0.03010,0.90408,0.03220
33067000000,0.09215,6.66571,-0.14672,0.70702,-0.00026,-0.00088,0.70719,0.01432,0.96948,-0.00539
33133000000,0.09158,6.72695,-0.14660,0.70703,-0.00022,-0.00091,0.70718,-0.00854,0.92782,0.00170
33199000000,0.09165,6.78422,-0.14690,0.70706,-0.00007,-0.00097,0.70715,0.00096,0.86772,-0.00444
33265000000,0.09295,6.84363,-0.14872,0.70689,-0.00016,-0.00100,0.70732,0.01975,0.90014,-0.02769
33298000000,0.09325,6.86889,-0.14854,0.70683,-0.00015,-0.00093,0.70738,0.00910,0.76550,0.00568
33397000000,0.09304,6.94111,-0.14896,0.70687,-0.00005,-0.00104,0.70735,-0.00213,0.72949,-0.00431
33463000000,0.09348,6.98001,-0.14563,0.70677,-0.00023,-0.00083,0.70744,0.00666,0.58945,0.05051
33496000000,0.09413,7.00091,-0.14603,0.70674,-0.00009,-0.00080,0.70747,0.01959,0.63315,-0.01229
33595000000,0.09419,7.05711,-0.14604,0.70682,-0.00022,-0.00093,0.70740,0.00068,0.56771,-0.00007
33628000000,0.09432,7.07434,-0.14609,0.70678,-0.00020,-0.00090,0.70743,0.00376,0.52224,-0.00135
33694000000,0.09403,7.10533,-0.14597,0.70685,-0.00022,-0.00090,0.70736,-0.00434,0.46953,0.00182
33760000000,0.09388,7.13277,-0.14645,0.70686,-0.00025,-0.00091,0.70736,-0.00224,0.41575,-0.00737
33826000000,0.09425,7.15694,-0.14645,0.70675,-0.00024,-0.00076,0.70747,0.00550,0.36620,-0.00000
33892000000,0.09426,7.17691,-0.14639,0.70684,-0.00021,-0.00083,0.70737,0.00023,0.30261,0.00101
33958000000,0.09398,7.19418,-0.14610,0.70678,-0.00018,-0.00077,0.70744,-0.00429,0.26164,0.00430
34024000000,0.09414,7.20611,-0.14598,0.70683,-0.00027,-0.00074,0.70738,0.00248,0.18078,0.00178
34057000000,0.09385,7.20733,-0.14609,0.70686,-0.00027,-0.00076,0.70735,-0.00891,0.03675,-0.00311
34123000000,0.09346,7.20705,-0.14623,0.70687,-0.00027,-0.00084,0.70734,-0.00585,-0.00415,-0.00224
34222000000,0.09346,7.20698,-0.14617,0.70687,-0.00029,-0.00085,0.70734,-0.00004,-0.00077,0.00065
34255000000,0.09336,7.20692,-0.14605,0.70689,-0.00033,-0.00083,0.70733,-0.00303,-0.00179,0.00360
34354000000,0.09337,7.20694,-0.14613,0.70689,-0.00033,-0.00084,0.70733,0.00013,0.00021,-0.00076
34420000000,0.09465,7.20540,-0.14532,0.70670,0.00005,-0.00080,0.70751,0.01932,-0.02337,0.01229
34486000000,0.09449,7.20518,-0.14522,0.70674,0.00004,-0.00080,0.70748,-0.00242,-0.00330,0.00152
34552000000,0.09445,7.20517,-0.14517,0.70674,0.00003,-0.00080,0.70747,-0.00053,-0.00017,0.00067
34618000000,0.09453,7.20521,-0.14527,0.70673,0.00003,-0.00081,0.70749,0.00123,0.00072,-0.00154
34684000000,0.09462,7.20536,-0.14528,0.70670,0.00004,-0.00080,0.70751,0.00124,0.00214,-0.00012
34750000000,0.09458,7.20536,-0.14528,0.70673,0.00006,-0.00075,0.70749,-0.00049,0.00004,0.00006
34816000000,0.09460,7.20531,-0.14531,0.70672,0.00008,-0.00075,0.70749,0.00019,-0.00072,-0.00048
34915000000,0.09398,7.20553,-0.14516,0.70674,0.00003,-0.00073,0.70748,-0.00625,0.00226,0.00151
34981000000,0.09393,7.20542,-0.14511,0.70674,0.00003,-0.00073,0.70748,-0.00075,-0.00166,0.00076
35047000000,0.09401,7.20557,-0.14516,0.70672,0.00005,-0.00075,0.70750,0.00129,0.00218,-0.00084
35113000000,0.09400,7.20556,-0.14519,0.70673,0.00004,-0.00073,0.70748,-0.00016,-0.00008,-0.00032
35212000000,0.09398,7.20557,-0.14517,0.70674,0.00004,-0.00073,0.70748,-0.00027,0.00007,0.00018
35278000000,0.09403,7.20554,-0.14519,0.70672,0.00007,-0.00074,0.70750,0.00087,-0.00041,-0.00027
35344000000,0.09404,7.20557,-0.14519,0.70671,0.00007,-0.00074,0.70750,0.00013,0.00043,-0.00001
35410000000,0.09456,7.20622,-0.14559,0.70668,0.00010,-0.00077,0.70753,0.00791,0.00979,-0.00616
35443000000,0.09456,7.20614,-0.14567,0.70666,0.00016,-0.00079,0.70756,-0.00005,-0.00230,-0.00222
35542000000,0.09452,7.20617,-0.14563,0.70668,0.00010,-0.00078,0.70753,-0.00042,0.00033,0.00036
35608000000,0.09452,7.20620,-0.14564,0.70669,0.00011,-0.00078,0.70753,0.00000,0.00035,-0.00008
35674000000,0.09453,7.20621,-0.14565,0.70668,0.00011,-0.00078,0.70753,0.00018,0.00023,-0.00014
35773000000,0.09455,7.20623,-0.14566,0.70668,0.00011,-0.00078,0.70753,0.00014,0.00017,-0.00018
35806000000,0.09457,7.20619,-0.14570,0.70666,0.00015,-0.00080,0.70756,0.00069,-0.00134,-0.00108
35905000000,0.09454,7.20619,-0.14565,0.70668,0.00011,-0.00078,0.70753,-0.00028,0.00002,0.00049
35971000000,0.09361,7.20628,-0.14603,0.70670,0.00017,-0.00082,0.70751,-0.01416,0.00133,-0.00567
36037000000,0.09358,7.20630,-0.14602,0.70673,0.00015,-0.00080,0.70748,-0.00035,0.00039,0.00005
36103000000,0.09356,7.20633,-0.14599,0.70674,0.00013,-0.00079,0.70748,-0.00041,0.00046,0.00055
36136000000,0.09355,7.20632,-0.14598,0.70674,0.00013,-0.00080,0.70748,-0.00012,-0.00048,0.00018
36235000000,0.09354,7.20633,-0.14600,0.70674,0.00014,-0.00080,0.70748,-0.00012,0.00018,-0.00019
36334000000,0.09353,7.20635,-0.14599,0.70674,0.00014,-0.00079,0.70747,-0.00015,0.00019,0.00004
36400000000,0.09355,7.20634,-0.14600,0.70674,0.00014,-0.00079,0.70748,0.00032,-0.00016,-0.00009
36466000000,0.09359,7.20627,-0.14606,0.70671,0.00019,-0.00082,0.70750,0.00057,-0.00105,-0.00085
36532000000,0.09372,7.20607,-0.14612,0.70666,0.00017,-0.00080,0.70755,0.00199,-0.00311,-0.00101
36598000000,0.09369,7.20601,-0.14612,0.70667,0.00019,-0.00080,0.70755,-0.00034,-0.00087,0.00004
36664000000,0.09367,7.20608,-0.14609,0.70669,0.00016,-0.00078,0.70752,-0.00040,0.00100,0.00050
36763000000,0.09363,7.20610,-0.14606,0.70670,0.00015,-0.00078,0.70752,-0.00034,0.00019,0.00027
36829000000,0.09366,7.20597,-0.14607,0.70668,0.00016,-0.00080,0.70754,0.00038,-0.00185,-0.00015
36895000000,0.09368,7.20595,-0.14615,0.70667,0.00021,-0.00081,0.70754,0.00027,-0.00034,-0.00112
36961000000,0.09352,7.20596,-0.14592,0.70671,0.00014,-0.00078,0.70750,-0.00238,0.00014,0.00342
37027000000,0.09363,7.20598,-0.14594,0.70667,0.00016,-0.00078,0.70754,0.00170,0.00025,-0.00032
37093000000,0.09388,7.20516,-0.14565,0.70670,0.00022,-0.00077,0.70752,0.00379,-0.01233,0.00442
37159000000,0.09383,7.20522,-0.14572,0.70670,0.00023,-0.00079,0.70752,-0.00075,0.00084,-0.00107
37258000000,0.09378,7.20527,-0.14574,0.70672,0.00019,-0.00078,0.70749,-0.00055,0.00053,-0.00022
37324000000,0.09382,7.20521,-0.14567,0.70670,0.00019,-0.00079,0.70751,0.00069,-0.00087,0.00114
37390000000,0.09381,7.20526,-0.14570,0.70672,0.00017,-0.00078,0.70750,-0.00020,0.00071,-0.00049
37423000000,0.09380,7.20524,-0.14572,0.70672,0.00019,-0.00078,0.70749,-0.00027,-0.00051,-0.00079
37555000000,0.09386,7.20524,-0.14571,0.70669,0.00021,-0.00079,0.70752,0.00042,-0.00004,0.00010
37654000000,0.09382,7.20526,-0.14571,0.70672,0.00018,-0.00078,0.70750,-0.00039,0.00026,0.00003
37753000000,0.09342,7.20592,-0.14589,0.70673,0.00008,-0.00079,0.70748,-0.00402,0.00661,-0.00179
37786000000,0.09344,7.20594,-0.14594,0.70673,0.00009,-0.00079,0.70749,0.00072,0.00069,-0.00164
37885000000,0.09352,7.20598,-0.14598,0.70672,0.00011,-0.00079,0.70749,0.00076,0.00042,-0.00042
37918000000,0.09350,7.20600,-0.14595,0.70672,0.00010,-0.00079,0.70749,-0.00051,0.00065,0.00088
38017000000,0.09342,7.20591,-0.14588,0.70673,0.00008,-0.00079,0.70748,-0.00086,-0.00094,0.00073
38050000000,0.09350,7.20596,-0.14594,0.70672,0.00011,-0.00079,0.70749,0.00261,0.00159,-0.00184
38149000000,0.09346,7.20592,-0.14589,0.70673,0.00011,-0.00078,0.70749,-0.00049,-0.00045,0.00047
38182000000,0.09354,7.20594,-0.14594,0.70670,0.00014,-0.00079,0.70751,0.00263,0.00059,-0.00148
38314000000,0.09356,7.20602,-0.14571,0.70675,0.00007,-0.00079,0.70746,0.00014,0.00061,0.00175
38380000000,0.09366,7.20603,-0.14582,0.70672,0.00013,-0.00080,0.70749,0.00154,0.00022,-0.00156
38446000000,0.09361,7.20600,-0.14574,0.70674,0.00008,-0.00079,0.70747,-0.00074,-0.00052,0.00117
38512000000,0.09358,7.20599,-0.14571,0.70675,0.00007,-0.00080,0.70746,-0.00053,-0.00012,0.00044
38578000000,0.09367,7.20599,-0.14575,0.70672,0.00013,-0.00079,0.70749,0.00142,-0.00004,-0.00061
38677000000,0.09361,7.20601,-0.14570,0.70674,0.00007,-0.00079,0.70747,-0.00063,0.00027,0.00054
38743000000,0.09363,7.20606,-0.14573,0.70674,0.00007,-0.00079,0.70747,0.00024,0.00074,-0.00043
38809000000,0.09370,7.20472,-0.14525,0.70674,0.00005,-0.00074,0.70747,0.00116,-0.02041,0.00715
38875000000,0.09379,7.20474,-0.14531,0.70673,0.00009,-0.00076,0.70749,0.00135,0.00030,-0.00088
38941000000,0.09380,7.20477,-0.14539,0.70672,0.00013,-0.00076,0.70749,0.00013,0.00047,-0.00112
39007000000,0.09381,7.20477,-0.14541,0.70672,0.00013,-0.00076,0.70749,0.00009,0.00005,-0.00029
39073000000,0.09370,7.20474,-0.14532,0.70675,0.00008,-0.00076,0.70747,-0.00158,-0.00053,0.00130
39139000000,0.09371,7.20471,-0.14528,0.70675,0.00007,-0.00075,0.70747,0.00016,-0.00041,0.00054
39238000000,0.09377,7.20477,-0.14533,0.70674,0.00008,-0.00074,0.70748,0.00061,0.00060,-0.00052
39337000000,0.09371,7.20471,-0.14525,0.70674,0.00007,-0.00074,0.70747,-0.00063,-0.00059,0.00089
39370000000,0.09345,7.20623,-0.14599,0.70675,0.00006,-0.00088,0.70747,-0.00785,0.04601,-0.02241
39436000000,0.09343,7.20622,-0.14594,0.70675,0.00006,-0.00087,0.70746,-0.00026,-0.00009,0.00071
39535000000,0.09331,7.20623,-0.14587,0.70677,0.00000,-0.00086,0.70744,-0.00123,0.00007,0.00072
39601000000,0.09340,7.20625,-0.14596,0.70675,0.00005,-0.00088,0.70746,0.00132,0.00027,-0.00134
39634000000,0.09341,7.20624,-0.14599,0.70675,0.00007,-0.00087,0.70746,0.00047,-0.00003,-0.00097
39733000000,0.09332,7.20624,-0.14589,0.70677,0.00001,-0.00086,0.70744,-0.00101,-0.00008,0.00097
39799000000,0.09335,7.20630,-0.14589,0.70677,0.00001,-0.00085,0.70744,0.00050,0.00088,-0.00003
39865000000,0.09335,7.20630,-0.14590,0.70677,0.00001,-0.00086,0.70744,-0.00000,0.00001,-0.00015
39964000000,0.09331,7.20622,-0.14585,0.70677,0.00000,-0.00086,0.70744,-0.00041,-0.00072,0.00050
40063000000,0.09340,7.20610,-0.14555,0.70677,-0.00002,-0.00079,0.70744,0.00095,-0.00126,0.00306
40129000000,0.09343,7.20615,-0.14562,0.70677,-0.00001,-0.00080,0.70745,0.00043,0.00070,-0.00096
40228000000,0.09345,7.20619,-0.14560,0.70677,-0.00001,-0.00079,0.70745,0.00023,0.00042,0.00014
40261000000,0.09347,7.20619,-0.14559,0.70676,-0.00001,-0.00078,0.70745,0.00051,-0.00006,0.00031
40360000000,0.09353,7.20615,-0.14563,0.70674,0.00002,-0.00079,0.70747,0.00065,-0.00041,-0.00036
40459000000,0.09343,7.20610,-0.14556,0.70677,-0.00001,-0.00078,0.70745,-0.00100,-0.00043,0.00068
40492000000,0.09359,7.20606,-0.14579,0.70672,0.00001,-0.00084,0.70749,0.00463,-0.00144,-0.00690
40558000000,0.09347,7.20602,-0.14581,0.70676,-0.00001,-0.00086,0.70746,-0.00178,-0.00051,-0.00039
40624000000,0.09347,7.20603,-0.14581,0.70676,-0.00000,-0.00086,0.70745,-0.00003,0.00010,0.00001
40690000000,0.09356,7.20606,-0.14580,0.70672,0.00002,-0.00084,0.70749,0.00146,0.00046,0.00013
40756000000,0.09356,7.20607,-0.14576,0.70675,-0.00001,-0.00083,0.70747,-0.00005,0.00010,0.00061
40822000000,0.09348,7.20600,-0.14572,0.70676,-0.00002,-0.00084,0.70746,-0.00125,-0.00100,0.00066
40888000000,0.09354,7.20602,-0.14581,0.70673,0.00002,-0.00085,0.70748,0.00101,0.00033,-0.00135
40954000000,0.09347,7.20599,-0.14573,0.70676,-0.00002,-0.00084,0.70746,-0.00117,-0.00043,0.00114
41020000000,0.09357,7.20597,-0.14576,0.70673,0.00002,-0.00084,0.70748,0.00150,-0.00036,-0.00045
41119000000,0.09370,7.20630,-0.14589,0.70674,0.00004,-0.00084,0.70747,0.00132,0.00332,-0.00129
41185000000,0.09370,7.20632,-0.14590,0.70674,0.00004,-0.00084,0.70748,0.00007,0.00029,-0.00016
41251000000,0.09358,7.20631,-0.14582,0.70677,-0.00001,-0.00084,0.70744,-0.00179,-0.00009,0.00118
41317000000,0.09357,7.20635,-0.14583,0.70677,-0.00002,-0.00085,0.70744,-0.00022,0.00056,-0.00011
41383000000,0.09365,7.20636,-0.14588,0.70674,0.00002,-0.00085,0.70748,0.00128,0.00013,-0.00068
41449000000,0.09358,7.20637,-0.14584,0.70677,-0.00001,-0.00084,0.70744,-0.00104,0.00027,0.00059
41548000000,0.09369,7.20633,-0.14591,0.70674,0.00004,-0.00084,0.70747,0.00110,-0.00044,-0.00073
41647000000,0.09356,7.20452,-0.14560,0.70676,-0.00001,-0.00084,0.70745,-0.00133,-0.01830,0.00308
41713000000,0.09360,7.20457,-0.14565,0.70676,-0.00001,-0.00084,0.70746,0.00052,0.00082,-0.00064
41779000000,0.09370,7.20454,-0.14569,0.70673,0.00002,-0.00085,0.70748,0.00159,-0.00052,-0.00062
41845000000,0.09357,7.20452,-0.14564,0.70676,-0.00000,-0.00084,0.70745,-0.00193,-0.00020,0.00075
41911000000,0.09359,7.20457,-0.14567,0.70676,-0.00000,-0.00084,0.70745,0.00020,0.00074,-0.00045
41977000000,0.09360,7.20458,-0.14564,0.70676,-0.00002,-0.00084,0.70746,0.00022,0.00005,0.00040
42076000000,0.09363,7.20459,-0.14569,0.70675,-0.00001,-0.00085,0.70746,0.00023,0.00015,-0.00046
42142000000,0.09357,7.20452,-0.14562,0.70676,-0.00001,-0.00084,0.70745,-0.00090,-0.00115,0.00105
42208000000,0.09384,7.20560,-0.14569,0.70674,0.00001,-0.00087,0.70747,0.00422,0.01644,-0.00110
42274000000,0.09384,7.20557,-0.14569,0.70674,0.00002,-0.00088,0.70747,-0.00011,-0.00054,0.00005
42340000000,0.09388,7.20554,-0.14568,0.70674,0.00002,-0.00087,0.70748,0.00065,-0.00032,0.00012
42406000000,0.09377,7.20552,-0.14561,0.70677,-0.00003,-0.00086,0.70745,-0.00160,-0.00038,0.00106
42505000000,0.09385,7.20558,-0.14566,0.70674,0.00001,-0.00087,0.70748,0.00075,0.00061,-0.00048
42571000000,0.09390,7.20559,-0.14569,0.70673,0.00003,-0.00087,0.70748,0.00085,0.00018,-0.00047
42637000000,0.09393,7.20553,-0.14571,0.70673,0.00005,-0.00087,0.70748,0.00031,-0.00090,-0.00037
42703000000,0.09372,7.20457,-0.14559,0.70675,0.00001,-0.00084,0.70746,-0.00314,-0.01456,0.00186
42769000000,0.09356,7.20453,-0.14551,0.70678,-0.00004,-0.00084,0.70743,-0.00233,-0.00061,0.00113
42802000000,0.09362,7.20455,-0.14554,0.70677,0.00000,-0.00084,0.70744,0.00181,0.00055,-0.00085
42901000000,0.09356,7.20452,-0.14549,0.70678,-0.00004,-0.00084,0.70743,-0.00062,-0.00026,0.00056
43000000000,0.09370,7.20455,-0.14553,0.70676,-0.00001,-0.00084,0.70746,0.00138,0.00026,-0.00045
43066000000,0.09373,7.20456,-0.14555,0.70675,-0.00000,-0.00084,0.70746,0.00045,0.00018,-0.00037
43099000000,0.09371,7.20456,-0.14557,0.70675,0.00000,-0.00085,0.70746,-0.00054,0.00006,-0.00058
43198000000,0.09357,7.20454,-0.14550,0.70678,-0.00004,-0.00084,0.70743,-0.00141,-0.00023,0.00071
43264000000,0.09360,7.20458,-0.14553,0.70678,-0.00004,-0.00084,0.70743,0.00046,0.00053,-0.00048
43330000000,0.09367,7.20448,-0.14544,0.70679,-0.00007,-0.00086,0.70743,0.00105,-0.00139,0.00139
43429000000,0.09372,7.20459,-0.14553,0.70678,-0.00005,-0.00087,0.70743,0.00046,0.00107,-0.00088
43495000000,0.09377,7.20453,-0.14553,0.70676,-0.00004,-0.00088,0.70745,0.00084,-0.00085,-0.00001
43594000000,0.09368,7.20451,-0.14548,0.70678,-0.00005,-0.00086,0.70743,-0.00092,-0.00024,0.00050
43660000000,0.09371,7.20454,-0.14548,0.70678,-0.00006,-0.00086,0.70743,0.00045,0.00050,-0.00003
43726000000,0.09384,7.20455,-0.14551,0.70675,-0.00003,-0.00087,0.70746,0.00187,0.00015,-0.00041
43792000000,0.09385,7.20454,-0.14554,0.70675,-0.00003,-0.00087,0.70746,0.00021,-0.00021,-0.00041
43858000000,0.09355,7.20559,-0.14573,0.70678,-0.00010,-0.00086,0.70744,-0.00451,0.01588,-0.00298
43924000000,0.09349,7.20551,-0.14569,0.70678,-0.00011,-0.00086,0.70743,-0.00089,-0.00125,0.00072
43990000000,0.09360,7.20551,-0.14575,0.70676,-0.00006,-0.00087,0.70745,0.00163,0.00009,-0.00096
44089000000,0.09350,7.20550,-0.14569,0.70678,-0.00011,-0.00086,0.70743,-0.00105,-0.00014,0.00062
44155000000,0.09348,7.20549,-0.14565,0.70678,-0.00012,-0.00086,0.70743,-0.00018,-0.00009,0.00060
44221000000,0.09349,7.20549,-0.14563,0.70678,-0.00012,-0.00085,0.70743,0.00010,-0.00002,0.00030
44287000000,0.09348,7.20548,-0.14565,0.70679,-0.00012,-0.00086,0.70742,-0.00014,-0.00012,-0.00030
44386000000,0.09349,7.20550,-0.14566,0.70678,-0.00012,-0.00085,0.70743,0.00009,0.00017,-0.00007
44452000000,0.09367,7.20562,-0.14588,0.70676,-0.00004,-0.00090,0.70745,0.00274,0.00183,-0.00345
44518000000,0.09359,7.20566,-0.14586,0.70679,-0.00009,-0.00089,0.70743,-0.00130,0.00056,0.00033
44617000000,0.09361,7.20569,-0.14584,0.70678,-0.00009,-0.00089,0.70743,0.00022,0.00031,0.00021
44683000000,0.09357,7.20568,-0.14582,0.70679,-0.00011,-0.00089,0.70742,-0.00051,-0.00006,0.00034
44749000000,0.09365,7.20565,-0.14584,0.70676,-0.00006,-0.00091,0.70745,0.00110,-0.00049,-0.00031
44815000000,0.09356,7.20562,-0.14581,0.70679,-0.00010,-0.00089,0.70742,-0.00128,-0.00047,0.00047
44881000000,0.09351,7.20556,-0.14580,0.70679,-0.00013,-0.00088,0.70743,-0.00072,-0.00087,0.00011
44980000000,0.09351,7.20554,-0.14585,0.70679,-0.00012,-0.00090,0.70743,-0.00005,-0.00023,-0.00046
45046000000,0.09352,7.20554,-0.14584,0.70679,-0.00012,-0.00089,0.70743,0.00010,0.00005,0.00009
45112000000,0.09354,7.20559,-0.14587,0.70678,-0.00012,-0.00089,0.70743,0.00040,0.00077,-0.00041
45178000000,0.09361,7.20558,-0.14592,0.70677,-0.00008,-0.00090,0.70745,0.00105,-0.00017,-0.00077
45244000000,0.09354,7.20556,-0.14588,0.70678,-0.00011,-0.00089,0.70743,-0.00101,-0.00028,0.00061
45310000000,0.09351,7.20556,-0.14583,0.70679,-0.00012,-0.00088,0.70743,-0.00049,-0.00009,0.00080
45376000000,0.09362,7.20556,-0.14589,0.70676,-0.00008,-0.00090,0.70745,0.00168,0.00009,-0.00093
45442000000,0.09365,7.20557,-0.14593,0.70676,-0.00007,-0.00089,0.70745,0.00036,0.00014,-0.00062
45508000000,0.09361,7.20557,-0.14591,0.70676,-0.00006,-0.00089,0.70745,-0.00050,0.00000,0.00023
45574000000,0.09363,7.20544,-0.14585,0.70677,-0.00007,-0.00091,0.70744,0.00025,-0.00201,0.00088
45640000000,0.09350,7.20543,-0.14580,0.70679,-0.00013,-0.00091,0.70742,-0.00192,-0.00012,0.00079
45706000000,0.09352,7.20547,-0.14580,0.70679,-0.00013,-0.00091,0.70742,0.00020,0.00060,0.00010
45772000000,0.09353,7.20548,-0.14581,0.70679,-0.00012,-0.00090,0.70742,0.00027,0.00015,-0.00019
45871000000,0.09358,7.20544,-0.14583,0.70677,-0.00007,-0.00091,0.70744,0.00050,-0.00039,-0.00027
45937000000,0.09353,7.20544,-0.14580,0.70679,-0.00012,-0.00091,0.70742,-0.00087,-0.00012,0.00058
46003000000,0.09362,7.20540,-0.14588,0.70676,-0.00010,-0.00096,0.70745,0.00147,-0.00056,-0.00128
46102000000,0.09360,7.20544,-0.14584,0.70678,-0.00014,-0.00094,0.70744,-0.00028,0.00039,0.00037
46168000000,0.09365,7.20541,-0.14587,0.70676,-0.00011,-0.00095,0.70746,0.00081,-0.00044,-0.00037
46201000000,0.09367,7.20540,-0.14587,0.70676,-0.00010,-0.00096,0.70746,0.00062,-0.00035,0.00003
46300000000,0.09356,7.20537,-0.14578,0.70678,-0.00015,-0.00094,0.70743,-0.00108,-0.00031,0.00084
46366000000,0.09363,7.20539,-0.14583,0.70677,-0.00012,-0.00095,0.70745,0.00100,0.00033,-0.00073
46432000000,0.09361,7.20541,-0.14586,0.70677,-0.00012,-0.00096,0.70745,-0.00029,0.00027,-0.00040
46531000000,0.09360,7.20544,-0.14584,0.70678,-0.00015,-0.00095,0.70744,-0.00012,0.00033,0.00018
46597000000,0.09363,7.20540,-0.14589,0.70677,-0.00010,-0.00096,0.70745,0.00049,-0.00055,-0.00077
46696000000,0.09355,7.20536,-0.14581,0.70678,-0.00015,-0.00095,0.70743,-0.00081,-0.00044,0.00088
46762000000,0.09357,7.20536,-0.14566,0.70679,-0.00015,-0.00091,0.70743,0.00025,-0.00002,0.00222
46861000000,0.09357,7.20537,-0.14567,0.70678,-0.00014,-0.00091,0.70743,0.00001,0.00009,-0.00014
46927000000,0.09358,7.20535,-0.14566,0.70678,-0.00014,-0.00090,0.70743,0.00012,-0.00031,0.00021
47026000000,0.09358,7.20534,-0.14566,0.70678,-0.00013,-0.00090,0.70743,0.00006,-0.00008,-0.00003
47125000000,0.09364,7.20532,-0.14571,0.70678,-0.00012,-0.00092,0.70743,0.00055,-0.00021,-0.00051
47158000000,0.09367,7.20536,-0.14576,0.70676,-0.00008,-0.00093,0.70745,0.00112,0.00118,-0.00144
47224000000,0.09365,7.20537,-0.14576,0.70678,-0.00011,-0.00092,0.70744,-0.00035,0.00019,-0.00005
47356000000,0.09362,7.20533,-0.14570,0.70678,-0.00012,-0.00092,0.70743,-0.00024,-0.00031,0.00047
47422000000,0.09361,7.20531,-0.14567,0.70678,-0.00013,-0.00092,0.70743,-0.00011,-0.00025,0.00048
47521000000,0.09363,7.20527,-0.14573,0.70677,-0.00008,-0.00093,0.70744,0.00018,-0.00037,-0.00063
47554000000,0.09364,7.20528,-0.14574,0.70677,-0.00008,-0.00093,0.70745,0.00041,0.00007,-0.00024
47686000000,0.09364,7.20534,-0.14569,0.70678,-0.00012,-0.00092,0.70744,-0.00007,0.00045,0.00036
47752000000,0.09364,7.20533,-0.14569,0.70678,-0.00012,-0.00092,0.70744,0.00003,-0.00007,-0.00003
47785000000,0.09361,7.20508,-0.14558,0.70677,-0.00014,-0.00090,0.70744,-0.00069,-0.00751,0.00348
47884000000,0.09365,7.20512,-0.14565,0.70677,-0.00013,-0.00090,0.70744,0.00033,0.00039,-0.00066
47950000000,0.09366,7.20514,-0.14564,0.70677,-0.00012,-0.00090,0.70744,0.00012,0.00022,0.00000
48016000000,0.09372,7.20514,-0.14566,0.70674,-0.00010,-0.00090,0.70747,0.00093,0.00004,-0.00019
48082000000,0.09366,7.20510,-0.14559,0.70677,-0.00013,-0.00090,0.70745,-0.00090,-0.00064,0.00096
48115000000,0.09365,7.20509,-0.14560,0.70677,-0.00014,-0.00090,0.70744,-0.00031,-0.00006,-0.00030
48214000000,0.09365,7.20509,-0.14554,0.70676,-0.00015,-0.00092,0.70745,-0.00001,-0.00006,0.00063
48313000000,0.09371,7.20516,-0.14568,0.70674,-0.00008,-0.00093,0.70747,0.00063,0.00068,-0.00144
48346000000,0.09367,7.20512,-0.14567,0.70675,-0.00008,-0.00094,0.70747,-0.00126,-0.00113,0.00039
48445000000,0.09367,7.20503,-0.14563,0.70675,-0.00009,-0.00093,0.70746,0.00007,-0.00088,0.00038
48511000000,0.09367,7.20505,-0.14561,0.70675,-0.00009,-0.00093,0.70747,-0.00001,0.00030,0.00038
48544000000,0.09364,7.20509,-0.14557,0.70677,-0.00014,-0.00092,0.70745,-0.00090,0.00113,0.00107
48676000000,0.09366,7.20513,-0.14559,0.70677,-0.00014,-0.00092,0.70745,0.00009,0.00028,-0.00012
48742000000,0.09372,7.20514,-0.14564,0.70674,-0.00011,-0.00094,0.70747,0.00094,0.00025,-0.00078
48841000000,0.09360,7.20378,-0.14530,0.70678,-0.00012,-0.00086,0.70743,-0.00121,-0.01378,0.00342
48907000000,0.09368,7.20379,-0.14540,0.70676,-0.00008,-0.00088,0.70745,0.00126,0.00015,-0.00152
48973000000,0.09371,7.20380,-0.14541,0.70676,-0.00007,-0.00088,0.70746,0.00050,0.00020,-0.00012
49039000000,0.09363,7.20379,-0.14535,0.70677,-0.00010,-0.00086,0.70744,-0.00131,-0.00012,0.00087
49105000000,0.09359,7.20379,-0.14534,0.70678,-0.00011,-0.00087,0.70743,-0.00051,-0.00001,0.00012
49204000000,0.09362,7.20374,-0.14535,0.70677,-0.00009,-0.00088,0.70745,0.00029,-0.00051,-0.00007
49270000000,0.09363,7.20371,-0.14534,0.70677,-0.00009,-0.00088,0.70745,0.00017,-0.00053,0.00015
49336000000,0.09360,7.20375,-0.14531,0.70678,-0.00012,-0.00086,0.70743,-0.00055,0.00071,0.00044
49402000000,0.09360,7.20377,-0.14530,0.70678,-0.00012,-0.00086,0.70743,0.00002,0.00025,0.00024
49435000000,0.09371,7.20520,-0.14558,0.70678,-0.00014,-0.00091,0.70744,0.00346,0.04344,-0.00864
49567000000,0.09372,7.20521,-0.14558,0.70678,-0.00013,-0.00091,0.70744,0.00003,0.00003,-0.00002
49633000000,0.09369,7.20519,-0.14558,0.70678,-0.00013,-0.00091,0.70743,-0.00034,-0.00027,0.00002
49666000000,0.09370,7.20519,-0.14559,0.70678,-0.00013,-0.00091,0.70744,0.00017,0.00014,-0.00020
49798000000,0.09373,7.20522,-0.14561,0.70677,-0.00013,-0.00091,0.70744,0.00023,0.00020,-0.00014
49831000000,0.09358,7.20513,-0.14562,0.70678,-0.00014,-0.00089,0.70744,-0.00439,-0.00264,-0.00051
49897000000,0.09358,7.20515,-0.14565,0.70678,-0.00013,-0.00089,0.70744,-0.00013,0.00033,-0.00034
49963000000,0.09359,7.20514,-0.14570,0.70676,-0.00010,-0.00091,0.70746,0.00027,-0.00021,-0.00081
50029000000,0.09358,7.20513,-0.14568,0.70678,-0.00012,-0.00090,0.70744,-0.00018,-0.00013,0.00033
50128000000,0.09359,7.20516,-0.14565,0.70678,-0.00013,-0.00089,0.70744,0.00005,0.00026,0.00024
50194000000,0.09357,7.20516,-0.14564,0.70678,-0.00014,-0.00089,0.70743,-0.00032,0.00004,0.00022
50260000000,0.09359,7.20508,-0.14567,0.70676,-0.00010,-0.00091,0.70745,0.00041,-0.00121,-0.00043
50293000000,0.09359,7.20512,-0.14566,0.70678,-0.00012,-0.00090,0.70744,-0.00013,0.00126,0.00033
50392000000,0.09369,7.20534,-0.14571,0.70675,-0.00007,-0.00091,0.70746,0.00107,0.00223,-0.00053
50458000000,0.09370,7.20536,-0.14567,0.70677,-0.00011,-0.00089,0.70744,0.00015,0.00022,0.00058
50524000000,0.09369,7.20535,-0.14563,0.70677,-0.00012,-0.00089,0.70744,-0.00019,-0.00007,0.00055
50557000000,0.09368,7.20536,-0.14563,0.70677,-0.00012,-0.00088,0.70744,-0.00038,0.00014,0.00014
50656000000,0.09367,7.20535,-0.14565,0.70677,-0.00012,-0.00090,0.70744,-0.00010,-0.00007,-0.00020
50755000000,0.09371,7.20534,-0.14567,0.70677,-0.00011,-0.00089,0.70744,0.00037,-0.00012,-0.00016
50821000000,0.09371,7.20534,-0.14564,0.70677,-0.00012,-0.00089,0.70745,0.00012,-0.00004,0.00041
50854000000,0.09370,7.20535,-0.14564,0.70677,-0.00012,-0.00090,0.70744,-0.00047,0.00029,0.00007
50986000000,0.09373,7.20518,-0.14543,0.70676,-0.00010,-0.00086,0.70745,0.00026,-0.00127,0.00153
51052000000,0.09371,7.20518,-0.14557,0.70675,-0.00005,-0.00089,0.70746,-0.00034,0.00007,-0.00208
51118000000,0.09373,7.20521,-0.14559,0.70675,-0.00005,-0.00090,0.70747,0.00022,0.00040,-0.00031
51184000000,0.09374,7.20520,-0.14552,0.70676,-0.00009,-0.00087,0.70745,0.00023,-0.00011,0.00116
51250000000,0.09375,7.20521,-0.14550,0.70676,-0.00008,-0.00087,0.70745,0.00012,0.00015,0.00020
51349000000,0.09373,7.20520,-0.14555,0.70675,-0.00004,-0.00088,0.70746,-0.00018,-0.00017,-0.00048
51415000000,0.09375,7.20519,-0.14557,0.70675,-0.00005,-0.00089,0.70747,0.00021,-0.00004,-0.00027
51481000000,0.09375,7.20519,-0.14555,0.70675,-0.00004,-0.00089,0.70747,0.00006,-0.00007,0.00035
51547000000,0.09373,7.20518,-0.14547,0.70677,-0.00009,-0.00087,0.70745,-0.00035,-0.00018,0.00107
51613000000,0.09370,7.20533,-0.14569,0.70675,-0.00006,-0.00090,0.70746,-0.00045,0.00228,-0.00331
51712000000,0.09373,7.20533,-0.14559,0.70676,-0.00011,-0.00088,0.70745,0.00029,-0.00000,0.00101
51778000000,0.09373,7.20535,-0.14562,0.70676,-0.00011,-0.00089,0.70745,-0.00002,0.00032,-0.00039
51844000000,0.09374,7.20529,-0.14566,0.70675,-0.00007,-0.00090,0.70746,0.00029,-0.00092,-0.00056
51910000000,0.09372,7.20527,-0.14568,0.70675,-0.00007,-0.00091,0.70746,-0.00034,-0.00025,-0.00028
51976000000,0.09368,7.20518,-0.14568,0.70675,-0.00006,-0.00089,0.70747,-0.00057,-0.00137,-0.00010
52009000000,0.09365,7.20518,-0.14568,0.70677,-0.00010,-0.00088,0.70745,-0.00093,-0.00013,0.00012
52108000000,0.09366,7.20519,-0.14566,0.70677,-0.00011,-0.00088,0.70745,0.00005,0.00013,0.00022
52207000000,0.09365,7.20518,-0.14565,0.70677,-0.00011,-0.00088,0.70745,-0.00009,-0.00012,0.00011
52273000000,0.09365,7.20512,-0.14569,0.70676,-0.00007,-0.00090,0.70746,-0.00005,-0.00092,-0.00062
52339000000,0.09355,7.20505,-0.14545,0.70678,-0.00014,-0.00086,0.70744,-0.00142,-0.00104,0.00355
52405000000,0.09361,7.20513,-0.14553,0.70676,-0.00009,-0.00087,0.70746,0.00087,0.00127,-0.00122
52471000000,0.09357,7.20506,-0.14541,0.70677,-0.00014,-0.00085,0.70744,-0.00066,-0.00104,0.00189
52570000000,0.09385,7.20417,-0.14535,0.70675,-0.00005,-0.00087,0.70746,0.00290,-0.00899,0.00060
52669000000,0.09387,7.20422,-0.14536,0.70676,-0.00008,-0.00086,0.70745,0.00020,0.00045,-0.00013
52735000000,0.09387,7.20419,-0.14536,0.70676,-0.00008,-0.00086,0.70745,0.00001,-0.00039,0.00006
52801000000,0.09387,7.20418,-0.14536,0.70675,-0.00005,-0.00087,0.70746,-0.00008,-0.00020,-0.00004
52867000000,0.09377,7.20410,-0.14529,0.70678,-0.00009,-0.00086,0.70744,-0.00146,-0.00121,0.00115
52966000000,0.09376,7.20410,-0.14527,0.70678,-0.00009,-0.00086,0.70743,-0.00011,0.00002,0.00019
53065000000,0.09371,7.20419,-0.14517,0.70679,-0.00010,-0.00083,0.70743,-0.00057,0.00085,0.00094
53131000000,0.09381,7.20421,-0.14529,0.70676,-0.00006,-0.00085,0.70745,0.00158,0.00040,-0.00170
53197000000,0.09383,7.20423,-0.14529,0.70676,-0.00006,-0.00085,0.70745,0.00031,0.00022,0.00001
53263000000,0.09383,7.20422,-0.14530,0.70676,-0.00006,-0.00086,0.70745,-0.00003,-0.00007,-0.00014
53329000000,0.09375,7.20416,-0.14528,0.70677,-0.00006,-0.00086,0.70744,-0.00111,-0.00090,0.00029
53395000000,0.09380,7.20420,-0.14528,0.70676,-0.00007,-0.00085,0.70745,0.00062,0.00061,-0.00004
53494000000,0.09371,7.20421,-0.14521,0.70678,-0.00010,-0.00084,0.70743,-0.00084,0.00006,0.00068
53560000000,0.09371,7.20419,-0.14520,0.70679,-0.00010,-0.00084,0.70743,-0.00009,-0.00021,0.00013
53626000000,0.09379,7.20417,-0.14528,0.70676,-0.00008,-0.00087,0.70745,0.00130,-0.00031,-0.00123
53692000000,0.09379,7.20419,-0.14527,0.70677,-0.00011,-0.00087,0.70744,-0.00007,0.00020,0.00015
53758000000,0.09377,7.20417,-0.14523,0.70678,-0.00012,-0.00086,0.70744,-0.00029,-0.00025,0.00061
53791000000,0.09377,7.20417,-0.14524,0.70678,-0.00012,-0.00086,0.70744,-0.00002,-0.00010,-0.00010
53923000000,0.09380,7.20420,-0.14528,0.70677,-0.00010,-0.00086,0.70744,0.00022,0.00023,-0.00032
53989000000,0.09379,7.20420,-0.14526,0.70677,-0.00010,-0.00086,0.70744,-0.00003,0.00000,0.00021
54055000000,0.09384,7.20415,-0.14526,0.70675,-0.00009,-0.00087,0.70746,0.00068,-0.00068,0.00009
54154000000,0.09372,7.20410,-0.14520,0.70678,-0.00011,-0.00086,0.70743,-0.00123,-0.00054,0.00063
54187000000,0.09357,7.20497,-0.14528,0.70677,-0.00015,-0.00085,0.70744,-0.00434,0.02634,-0.00258
54286000000,0.09357,7.20495,-0.14529,0.70677,-0.00014,-0.00085,0.70744,-0.00006,-0.00023,-0.00008
54352000000,0.09361,7.20501,-0.14530,0.70677,-0.00014,-0.00084,0.70744,0.00062,0.00098,-0.00011
54451000000,0.09369,7.20499,-0.14537,0.70675,-0.00010,-0.00087,0.70746,0.00082,-0.00024,-0.00071
54517000000,0.09359,7.20498,-0.14532,0.70678,-0.00014,-0.00086,0.70744,-0.00158,-0.00012,0.00073
54616000000,0.09368,7.20500,-0.14538,0.70675,-0.00010,-0.00086,0.70746,0.00093,0.00020,-0.00060
54682000000,0.09383,7.20645,-0.14546,0.70675,-0.00011,-0.00085,0.70746,0.00232,0.02196,-0.00124
54748000000,0.09340,7.21080,-0.14519,0.70680,-0.00014,-0.00095,0.70741,-0.00659,0.06599,0.00407
54814000000,0.09361,7.21885,-0.14521,0.70683,-0.00009,-0.00086,0.70739,0.00331,0.12192,-0.00021
54880000000,0.09364,7.23031,-0.14537,0.70679,-0.00001,-0.00089,0.70743,0.00035,0.17369,-0.00254
54913000000,0.09357,7.23694,-0.14500,0.70685,-0.00010,-0.00083,0.70736,-0.00201,0.20066,0.01127
55012000000,0.09289,7.26259,-0.14531,0.70685,-0.00019,-0.00093,0.70737,-0.00683,0.25913,-0.00313
55078000000,0.09322,7.28378,-0.14508,0.70677,-0.00022,-0.00084,0.70744,0.00494,0.32104,0.00352
55144000000,0.09316,7.30854,-0.14539,0.70676,-0.00007,-0.00090,0.70745,-0.00092,0.37518,-0.00476
55210000000,0.09299,7.33538,-0.14511,0.70682,-0.00019,-0.00090,0.70739,-0.00254,0.40662,0.00428
55276000000,0.09358,7.36736,-0.14515,0.70675,-0.00013,-0.00079,0.70746,0.00886,0.48463,-0.00057
55342000000,0.09344,7.40043,-0.14521,0.70685,-0.00013,-0.00079,0.70737,-0.00214,0.50099,-0.00100
55408000000,0.09369,7.43605,-0.14526,0.70695,-0.00005,-0.00071,0.70726,0.00387,0.53967,-0.00069
55507000000,0.09532,7.49431,-0.14519,0.70762,-0.00000,-0.00077,0.70660,0.01648,0.58850,0.00068
55606000000,0.09699,7.55637,-0.14509,0.70920,0.00001,-0.00079,0.70500,0.01687,0.62684,0.00107
55639000000,0.09843,7.57876,-0.14507,0.70997,0.00005,-0.00075,0.70423,0.04348,0.67857,0.00037
55672000000,0.10024,7.60188,-0.14518,0.71093,0.00012,-0.00072,0.70327,0.05502,0.70078,-0.00308
55771000000,0.10768,7.67532,-0.14489,0.71487,0.00014,-0.00067,0.69926,0.07507,0.74183,0.00293
55870000000,0.11701,7.75925,-0.14473,0.72041,-0.00010,-0.00072,0.69354,0.09432,0.84772,0.00161
55903000000,0.12164,7.79024,-0.14467,0.72222,-0.00004,-0.00075,0.69166,0.14014,0.93922,0.00162
55969000000,0.13014,7.85344,-0.14462,0.72577,-0.00002,-0.00080,0.68794,0.12886,0.95759,0.00080
56035000000,0.13950,7.91917,-0.14474,0.72913,0.00011,-0.00080,0.68437,0.14177,0.99593,-0.00176
56101000000,0.14936,7.98923,-0.14520,0.73225,0.00026,-0.00081,0.68104,0.14941,1.06138,-0.00708
56167000000,0.16163,8.05737,-0.14361,0.73518,-0.00014,-0.00076,0.67787,0.18586,1.03245,0.02419
56233000000,0.17302,8.13276,-0.14390,0.73821,-0.00011,-0.00093,0.67457,0.17258,1.14237,-0.00437
56332000000,0.19147,8.25265,-0.14357,0.74245,-0.00004,-0.00080,0.66990,0.18643,1.21099,0.00328
56365000000,0.19840,8.29348,-0.14359,0.74387,-0.00001,-0.00081,0.66833,0.20987,1.23729,-0.00054
56431000000,0.21378,8.37715,-0.14200,0.74637,0.00002,-0.00055,0.66554,0.23298,1.26774,0.02414
56530000000,0.23629,8.51122,-0.14209,0.75021,0.00011,-0.00075,0.66119,0.22744,1.35423,-0.00090
56629000000,0.26120,8.65129,-0.14172,0.75373,-0.00005,-0.00062,0.65719,0.25156,1.41486,0.00374
56695000000,0.27940,8.74707,-0.14114,0.75596,0.00005,-0.00059,0.65462,0.27585,1.45122,0.00867
56761000000,0.29878,8.84034,-0.14049,0.75806,0.00034,-0.00061,0.65218,0.29353,1.41309,0.00996
56827000000,0.31822,8.93748,-0.14007,0.76034,0.00021,-0.00056,0.64952,0.29466,1.47191,0.00634
56860000000,0.32789,8.98532,-0.13980,0.76162,0.00033,-0.00047,0.64803,0.29278,1.44973,0.00804
56959000000,0.35807,9.12729,-0.13951,0.76596,0.00007,-0.00056,0.64288,0.30490,1.43403,0.00293
56992000000,0.36344,9.17197,-0.13985,0.76783,0.00014,-0.00044,0.64066,0.16268,1.35390,-0.01021
57025000000,0.37436,9.21791,-0.13941,0.76968,0.00007,-0.00042,0.63843,0.33109,1.39202,0.01340
57157000000,0.42600,9.40197,-0.13868,0.77888,0.00020,-0.00030,0.62718,0.39117,1.39442,0.00552
57190000000,0.44189,9.44807,-0.13913,0.78175,0.00032,-0.00036,0.62359,0.48145,1.39699,-0.01358
57256000000,0.47747,9.54064,-0.13908,0.78798,0.00008,-0.00032,0.61569,0.53913,1.40255,0.00068
57322000000,0.51299,9.63072,-0.13898,0.79437,-0.00001,-0.00034,0.60743,0.53819,1.36482,0.00154
57388000000,0.55007,9.72107,-0.13884,0.80080,0.00006,-0.00039,0.59893,0.56186,1.36899,0.00203
57487000000,0.60867,9.85629,-0.13850,0.80895,0.00018,-0.00016,0.58788,0.59190,1.36584,0.00351
57553000000,0.64710,9.94547,-0.13774,0.81439,-0.00021,-0.00066,0.58032,0.58235,1.35121,0.01142
57619000000,0.68579,10.03017,-0.13610,0.81933,-0.00043,-0.00048,0.57332,0.58609,1.28341,0.02489
57685000000,0.72550,10.11023,-0.13603,0.82470,-0.00045,-0.00053,0.56557,0.60173,1.21294,0.00100
57718000000,0.74605,10.14869,-0.13584,0.82753,-0.00047,-0.00055,0.56142,0.62276,1.16556,0.00595
57817000000,0.80989,10.26129,-0.13540,0.83641,-0.00051,-0.00047,0.54810,0.64479,1.13734,0.00444
57883000000,0.85676,10.33486,-0.14066,0.84269,-0.00017,-0.00096,0.53840,0.71028,1.11476,-0.07971
57949000000,0.90135,10.40453,-0.14049,0.84805,-0.00018,-0.00090,0.52991,0.67553,1.05552,0.00265
58015000000,0.95021,10.47459,-0.14019,0.85431,-0.00038,-0.00095,0.51976,0.74030,1.06154,0.00452
58048000000,0.97655,10.51003,-0.14016,0.85867,-0.00039,-0.00105,0.51253,0.79807,1.07401,0.00067
58114000000,1.03228,10.57903,-0.13818,0.86995,-0.00059,-0.00113,0.49314,0.84442,1.04543,0.03008
58180000000,1.09669,10.64138,0.06036,0.88203,0.00664,-0.00680,0.47110,0.97588,0.94469,3.00817
58213000000,1.12996,10.67109,0.06152,0.88825,0.00679,-0.00661,0.45926,1.00847,0.90021,0.03503
58312000000,1.23328,10.74836,0.06326,0.90704,0.00714,-0.00623,0.42093,1.04363,0.78051,0.01759
58378000000,1.30240,10.78940,0.06444,0.91873,0.00742,-0.00590,0.39477,1.04727,0.62195,0.01793
58444000000,1.36899,10.82260,0.06566,0.92902,0.00774,-0.00573,0.36990,1.00893,0.50302,0.01845
58510000000,1.43483,10.84976,0.06660,0.93866,0.00798,-0.00550,0.34472,0.99747,0.41145,0.01427
58576000000,1.49902,10.87139,0.06727,0.94774,0.00813,-0.00523,0.31890,0.97257,0.32769,0.01020
58642000000,1.56096,10.88680,0.06813,0.95608,0.00818,-0.00501,0.29294,0.93854,0.23352,0.01292
58708000000,1.62537,10.89697,0.06859,0.96402,0.00841,-0.00484,0.26564,0.97593,0.15409,0.00699
58774000000,1.69317,10.90270,0.06944,0.97159,0.00851,-0.00447,0.23647,1.02733,0.08687,0.01297
58840000000,1.77831,10.98650,0.02523,0.97823,0.00879,-0.00346,0.20730,1.28997,1.26966,-0.66983
58873000000,1.81680,10.98561,0.02578,0.98129,0.00879,-0.00326,0.19232,1.16644,-0.02708,0.01655
58972000000,1.93575,10.97747,0.02603,0.98865,0.00892,-0.00279,0.14996,1.20148,-0.08224,0.00257
59038000000,2.01195,10.96905,0.02619,0.99210,0.00897,-0.00248,0.12513,1.15449,-0.12747,0.00239
59137000000,2.11671,10.94704,0.02887,0.99580,0.00765,-0.00326,0.09113,1.05818,-0.22232,0.02702
59170000000,2.15020,10.93989,0.03036,0.99668,0.00774,-0.00296,0.08099,1.01506,-0.21683,0.04527
59269000000,2.25130,10.91983,0.03073,0.99856,0.00792,-0.00269,0.05304,1.02117,-0.20261,0.00368
59335000000,2.31325,10.90600,0.03102,0.99930,0.00797,-0.00248,0.03660,0.93868,-0.20948,0.00441
59401000000,2.36984,10.89330,0.03145,0.99973,0.00808,-0.00221,0.02179,0.85737,-0.19243,0.00662
59434000000,2.40932,10.88987,0.02708,0.99984,0.00861,-0.00209,0.01570,1.19638,-0.10409,-0.13268
59500000000,2.46163,10.87729,0.02709,0.99996,0.00849,-0.00186,0.00256,0.79257,-0.19056,0.00017
59566000000,2.51508,10.86421,0.02837,0.99992,0.00856,-0.00151,-0.00972,0.80980,-0.19818,0.01948
59632000000,2.56825,10.85012,0.03003,0.99974,0.00853,-0.00127,-0.02113,0.80572,-0.21344,0.02510
59698000000,2.62249,10.83589,0.03063,0.99946,0.00847,-0.00105,-0.03177,0.82177,-0.21567,0.00917
59764000000,2.67998,10.81889,0.03071,0.99910,0.00861,-0.00092,-0.04156,0.87099,-0.25754,0.00121
59830000000,2.74126,10.80127,0.03054,0.99865,0.00871,-0.00086,-0.05114,0.92849,-0.26699,-0.00264
59896000000,2.79608,10.78442,0.03272,0.99810,0.00844,-0.00079,-0.06096,0.83061,-0.25531,0.03298
59929000000,2.82922,10.77566,0.03263,0.99781,0.00839,-0.00073,-0.06565,1.00446,-0.26555,-0.00247
60061000000,2.96968,10.73176,0.03269,0.99653,0.00815,-0.00038,-0.08287,1.06405,-0.33257,0.00044
60094000000,3.00536,10.72080,0.03221,0.99620,0.00820,-0.00045,-0.08675,1.08115,-0.33197,-0.01459
60160000000,3.07669,10.69778,0.03145,0.99549,0.00832,-0.00036,-0.09449,1.08084,-0.34886,-0.01155
60226000000,3.14739,10.67583,0.03093,0.99480,0.00823,-0.00034,-0.10149,1.07125,-0.33259,-0.00786
60292000000,3.21530,10.65488,0.03066,0.99424,0.00830,-0.00024,-0.10688,1.02884,-0.31739,-0.00402
60358000000,3.28436,10.63758,0.03356,0.99378,0.00741,-0.00005,-0.11111,1.04639,-0.26206,0.04394
60424000000,3.34507,10.62093,0.03351,0.99351,0.00740,0.00011,-0.11347,0.91990,-0.25233,-0.00088
60457000000,3.37500,10.61383,0.03395,0.99345,0.00735,0.00031,-0.11404,0.90684,-0.21521,0.01346
60556000000,3.46256,10.59497,0.03346,0.99357,0.00738,0.00009,-0.11294,0.88446,-0.19053,-0.00496
60589000000,3.49122,10.58986,0.03349,0.99375,0.00720,0.00013,-0.11144,0.86833,-0.15464,0.00084
60688000000,3.57859,10.57813,0.03352,0.99461,0.00727,0.00008,-0.10342,0.88258,-0.11853,0.00038
60721000000,3.60791,10.57545,0.03375,0.99495,0.00726,0.00008,-0.10007,0.88837,-0.08126,0.00687
60787000000,3.66873,10.57158,0.03172,0.99567,0.00661,-0.00140,-0.09271,0.92161,-0.05856,-0.03085
60853000000,3.72128,10.57276,0.03258,0.99643,0.00654,-0.00146,-0.08411,0.79621,0.01790,0.01310
60886000000,3.74652,10.57404,0.03268,0.99679,0.00665,-0.00152,-0.07974,0.76480,0.03870,0.00315
60985000000,3.81409,10.57800,0.03269,0.99774,0.00667,-0.00163,-0.06690,0.68247,0.04004,0.00007
61018000000,3.83306,10.57973,0.03268,0.99799,0.00673,-0.00171,-0.06298,0.57489,0.05225,-0.00028
61084000000,3.86836,10.58175,0.03268,0.99835,0.00668,-0.00180,-0.05698,0.53492,0.03058,-0.00010
61150000000,3.89996,10.58378,0.03261,0.99862,0.00670,-0.00187,-0.05214,0.47872,0.03081,-0.00095
61216000000,3.92396,10.58846,0.03112,0.99888,0.00611,-0.00301,-0.04676,0.36363,0.07088,-0.02267
61282000000,3.95144,10.59308,0.03126,0.99912,0.00600,-0.00313,-0.04141,0.41641,0.06999,0.00214
61315000000,3.96638,10.59573,0.03135,0.99924,0.00597,-0.00312,-0.03846,0.45288,0.08034,0.00272
61414000000,4.01115,10.60332,0.03180,0.99956,0.00595,-0.00322,-0.02902,0.45221,0.07666,0.00460
61480000000,4.03608,10.60773,0.03177,0.99970,0.00585,-0.00330,-0.02347,0.37770,0.06682,-0.00053
61513000000,4.04714,10.60973,0.03185,0.99975,0.00593,-0.00333,-0.02113,0.33509,0.06075,0.00262
61546000000,4.05655,10.61094,0.03224,0.99979,0.00589,-0.00325,-0.01922,0.28532,0.03676,0.01182
61645000000,4.08013,10.61451,0.03199,0.99986,0.00593,-0.00341,-0.01522,0.23818,0.03598,-0.00253
61711000000,4.09039,10.61657,0.03258,0.99988,0.00593,-0.00332,-0.01359,0.15544,0.03120,0.00892
61777000000,4.09786,10.61754,0.03264,0.99990,0.00535,-0.00394,-0.01258,0.11309,0.01470,0.00094
61810000000,4.09991,10.61870,0.03306,0.99990,0.00536,-0.00392,-0.01232,0.06215,0.03531,0.01274
61909000000,4.10178,10.61909,0.03335,0.99991,0.00536,-0.00389,-0.01196,0.01891,0.00391,0.00286
61975000000,4.10169,10.61900,0.03346,0.99991,0.00535,-0.00386,-0.01194,-0.00142,-0.00133,0.00175
62041000000,4.10170,10.61892,0.03354,0.99991,0.00537,-0.00383,-0.01192,0.00020,-0.00129,0.00121
62074000000,4.10173,10.61891,0.03358,0.99991,0.00536,-0.00381,-0.01192,0.00088,-0.00006,0.00121
62107000000,4.10175,10.61886,0.03361,0.99991,0.00537,-0.00380,-0.01190,0.00068,-0.00153,0.00064
62239000000,4.10070,10.61883,0.03495,0.99991,0.00491,-0.00435,-0.01201,-0.00795,-0.00027,0.01023
62272000000,4.10067,10.61899,0.03492,0.99991,0.00490,-0.00437,-0.01205,-0.00092,0.00503,-0.00115
62305000000,4.10067,10.61903,0.03489,0.99991,0.00489,-0.00438,-0.01206,0.00003,0.00118,-0.00073
62404000000,4.10072,10.61875,0.03481,0.99991,0.00490,-0.00440,-0.01197,0.00052,-0.00281,-0.00086
62503000000,4.10072,10.61876,0.03477,0.99991,0.00492,-0.00442,-0.01197,-0.00003,0.00008,-0.00042
62569000000,4.10070,10.61893,0.03480,0.99991,0.00491,-0.00440,-0.01204,-0.00032,0.00260,0.00056
62602000000,4.10071,10.61900,0.03484,0.99991,0.00490,-0.00439,-0.01205,0.00035,0.00214,0.00108
62734000000,4.10069,10.61901,0.03488,0.99991,0.00489,-0.00438,-0.01205,-0.00020,0.00004,0.00033
62833000000,4.10097,10.61862,0.03537,0.99991,0.00461,-0.00459,-0.01212,0.00290,-0.00393,0.00492
62899000000,4.10096,10.61864,0.03541,0.99991,0.00462,-0.00458,-0.01212,-0.00014,0.00022,0.00057
62932000000,4.10097,10.61862,0.03541,0.99991,0.00462,-0.00458,-0.01212,0.00014,-0.00035,0.00011
63064000000,4.10100,10.61865,0.03543,0.99991,0.00461,-0.00457,-0.01213,0.00021,0.00020,0.00011
63130000000,4.10099,10.61863,0.03541,0.99991,0.00461,-0.00457,-0.01212,-0.00004,-0.00036,-0.00019
63196000000,4.10099,10.61862,0.03542,0.99991,0.00462,-0.00457,-0.01212,-0.00010,-0.00010,0.00004
63262000000,4.10097,10.61861,0.03545,0.99991,0.00462,-0.00456,-0.01211,-0.00020,-0.00020,0.00058
63328000000,4.10098,10.61863,0.03545,0.99991,0.00462,-0.00456,-0.01212,0.00009,0.00042,-0.00000
63394000000,4.10162,10.61818,0.03585,0.99990,0.00445,-0.00472,-0.01220,0.00971,-0.00689,0.00595
63460000000,4.10152,10.61836,0.03578,0.99990,0.00443,-0.00475,-0.01223,-0.00159,0.00272,-0.00096
63526000000,4.10142,10.61858,0.03586,0.99990,0.00441,-0.00473,-0.01230,-0.00142,0.00340,0.00120
63592000000,4.10142,10.61864,0.03591,0.99990,0.00440,-0.00472,-0.01231,-0.00010,0.00094,0.00070
63658000000,4.10151,10.61840,0.03583,0.99990,0.00442,-0.00473,-0.01224,0.00145,-0.00368,-0.00124
63724000000,4.10144,10.61858,0.03586,0.99990,0.00440,-0.00473,-0.01229,-0.00102,0.00267,0.00054
63823000000,4.10142,10.61867,0.03587,0.99990,0.00439,-0.00473,-0.01231,-0.00021,0.00091,0.00010
63889000000,4.10209,10.61865,0.03630,0.99990,0.00418,-0.00485,-0.01247,0.01017,-0.00025,0.00655
63955000000,4.10209,10.61879,0.03628,0.99990,0.00416,-0.00485,-0.01251,-0.00012,0.00217,-0.00037
64021000000,4.10208,10.61878,0.03625,0.99990,0.00417,-0.00486,-0.01250,-0.00007,-0.00026,-0.00039
64087000000,4.10208,10.61875,0.03623,0.99990,0.00417,-0.00487,-0.01250,-0.00004,-0.00045,-0.00033
64153000000,4.10207,10.61851,0.03622,0.99990,0.00420,-0.00487,-0.01243,-0.00013,-0.00357,-0.00017
64252000000,4.10208,10.61842,0.03623,0.99990,0.00421,-0.00486,-0.01241,0.00006,-0.00095,0.00014
64318000000,4.10209,10.61862,0.03626,0.99990,0.00419,-0.00486,-0.01246,0.00013,0.00311,0.00038
64384000000,4.10208,10.61850,0.03624,0.99990,0.00421,-0.00486,-0.01244,-0.00016,-0.00179,-0.00027
64450000000,4.10209,10.61866,0.03623,0.99990,0.00418,-0.00487,-0.01247,0.00025,0.00238,-0.00020
64483000000,4.10197,10.61832,0.03669,0.99990,0.00403,-0.00497,-0.01253,-0.00366,-0.01023,0.01396
64549000000,4.10197,10.61845,0.03669,0.99990,0.00401,-0.00496,-0.01257,-0.00008,0.00195,0.00001
64648000000,4.10196,10.61817,0.03667,0.99990,0.00403,-0.00496,-0.01250,-0.00008,-0.00287,-0.00024
64681000000,4.10195,10.61814,0.03667,0.99990,0.00404,-0.00496,-0.01249,-0.00032,-0.00090,0.00029
64747000000,4.10196,10.61829,0.03666,0.99990,0.00402,-0.00497,-0.01253,0.00024,0.00228,-0.00015
64846000000,4.10196,10.61840,0.03668,0.99990,0.00401,-0.00497,-0.01256,-0.00006,0.00108,0.00014
64912000000,4.10198,10.61811,0.03670,0.99990,0.00405,-0.00495,-0.01249,0.00034,-0.00432,0.00029
64945000000,4.10197,10.61824,0.03672,0.99990,0.00404,-0.00496,-0.01252,-0.00022,0.00399,0.00055
65044000000,4.10196,10.61834,0.03671,0.99990,0.00403,-0.00496,-0.01254,-0.00017,0.00101,-0.00011
65143000000,4.10111,10.61855,0.03717,0.99990,0.00386,-0.00509,-0.01264,-0.00857,0.00213,0.00467
65176000000,4.10106,10.61843,0.03718,0.99990,0.00386,-0.00507,-0.01261,-0.00140,-0.00358,0.00050
65275000000,4.10106,10.61863,0.03719,0.99990,0.00384,-0.00508,-0.01265,-0.00001,0.00195,0.00008
65341000000,4.10110,10.61840,0.03714,0.99990,0.00385,-0.00508,-0.01260,0.00057,-0.00344,-0.00075
65374000000,4.10109,10.61853,0.03717,0.99990,0.00385,-0.00508,-0.01263,-0.00010,0.00405,0.00099
65473000000,4.10108,10.61864,0.03721,0.99990,0.00384,-0.00507,-0.01266,-0.00013,0.00109,0.00034
65539000000,4.10109,10.61833,0.03720,0.99990,0.00387,-0.00507,-0.01258,0.00009,-0.00471,-0.00020
65605000000,4.10107,10.61854,0.03721,0.99990,0.00385,-0.00507,-0.01263,-0.00021,0.00321,0.00028
65638000000,4.10107,10.61862,0.03721,0.99990,0.00384,-0.00507,-0.01265,-0.00001,0.00234,-0.00005
65770000000,4.10101,10.61837,0.03741,0.99990,0.00371,-0.00520,-0.01268,-0.00048,-0.00193,0.00148
65803000000,4.10091,10.61841,0.03744,0.99990,0.00371,-0.00520,-0.01268,-0.00293,0.00147,0.00088
65902000000,4.10089,10.61842,0.03745,0.99990,0.00371,-0.00520,-0.01268,-0.00021,0.00009,0.00018
65935000000,4.10091,10.61821,0.03747,0.99990,0.00372,-0.00518,-0.01263,0.00056,-0.00644,0.00043
66034000000,4.10092,10.61810,0.03748,0.99990,0.00374,-0.00518,-0.01260,0.00009,-0.00111,0.00007
66100000000,4.10095,10.61804,0.03744,0.99990,0.00374,-0.00519,-0.01259,0.00040,-0.00095,-0.00056
66166000000,4.10094,10.61804,0.03740,0.99990,0.00375,-0.00520,-0.01258,-0.00013,-0.00001,-0.00052
66232000000,4.10096,10.61800,0.03741,0.99990,0.00375,-0.00519,-0.01258,0.00030,-0.00053,0.00012
66265000000,4.10096,10.61839,0.03764,0.99990,0.00360,-0.00529,-0.01273,0.00019,0.01176,0.00687
66364000000,4.10090,10.61831,0.03767,0.99990,0.00360,-0.00527,-0.01269,-0.00060,-0.00082,0.00031
66430000000,4.10087,10.61841,0.03771,0.99990,0.00361,-0.00527,-0.01272,-0.00045,0.00155,0.00058
66463000000,4.10090,10.61825,0.03771,0.99990,0.00362,-0.00526,-0.01268,0.00068,-0.00474,0.00013
66562000000,4.10092,10.61810,0.03764,0.99990,0.00363,-0.00528,-0.01264,0.00021,-0.00150,-0.00077
66628000000,4.10089,10.61813,0.03765,0.99990,0.00363,-0.00528,-0.01264,-0.00039,0.00039,0.00021
66694000000,4.10073,10.61794,0.03790,0.99990,0.00346,-0.00540,-0.01267,-0.00240,-0.00283,0.00377
66760000000,4.10067,10.61810,0.03796,0.99990,0.00346,-0.00539,-0.01271,-0.00102,0.00231,0.00092
66859000000,4.10066,10.61831,0.03802,0.99990,0.00344,-0.00538,-0.01277,-0.00008,0.00221,0.00061
66925000000,4.10067,10.61837,0.03800,0.99990,0.00343,-0.00538,-0.01279,0.00017,0.00081,-0.00035
66991000000,4.10068,10.61833,0.03795,0.99990,0.00344,-0.00540,-0.01278,0.00010,-0.00058,-0.00067
67024000000,4.10072,10.61808,0.03795,0.99990,0.00346,-0.00538,-0.01271,0.00147,-0.00766,0.00003
67123000000,4.10071,10.61800,0.03793,0.99990,0.00348,-0.00540,-0.01268,-0.00010,-0.00082,-0.00029
67189000000,4.10072,10.61795,0.03788,0.99990,0.00348,-0.00541,-0.01268,0.00013,-0.00075,-0.00062
67255000000,4.10067,10.61835,0.03821,0.99990,0.00336,-0.00550,-0.01277,-0.00074,0.00610,0.00486
67321000000,4.10063,10.61865,0.03824,0.99990,0.00333,-0.00550,-0.01285,-0.00061,0.00459,0.00052
67354000000,4.10065,10.61849,0.03824,0.99990,0.00333,-0.00548,-0.01280,0.00059,-0.00477,0.00018
67453000000,4.10063,10.61869,0.03829,0.99990,0.00332,-0.00548,-0.01286,-0.00023,0.00196,0.00049
67519000000,4.10062,10.61871,0.03829,0.99990,0.00332,-0.00548,-0.01286,-0.00019,0.00033,-0.00002
67618000000,4.10063,10.61847,0.03827,0.99990,0.00334,-0.00548,-0.01279,0.00009,-0.00247,-0.00018
67684000000,4.10062,10.61866,0.03830,0.99990,0.00332,-0.00547,-0.01285,-0.00007,0.00286,0.00044
67750000000,4.10064,10.61849,0.03829,0.99990,0.00334,-0.00547,-0.01280,0.00024,-0.00247,-0.00018
67816000000,4.10065,10.61835,0.03824,0.99990,0.00334,-0.00549,-0.01276,0.00021,-0.00211,-0.00076
67882000000,4.10064,10.61863,0.03827,0.99990,0.00332,-0.00549,-0.01284,-0.00016,0.00419,0.00042
67981000000,4.10093,10.61869,0.03845,0.99990,0.00321,-0.00557,-0.01294,0.00295,0.00066,0.00182
68047000000,4.10077,10.61850,0.03853,0.99990,0.00322,-0.00555,-0.01285,-0.00253,-0.00292,0.00124
68113000000,4.10071,10.61848,0.03860,0.99990,0.00324,-0.00554,-0.01284,-0.00095,-0.00039,0.00100
68179000000,4.10073,10.61845,0.03861,0.99990,0.00324,-0.00553,-0.01283,0.00044,-0.00046,0.00014
68212000000,4.10073,10.61861,0.03865,0.99990,0.00323,-0.00552,-0.01288,-0.00006,0.00512,0.00141
68344000000,4.10063,10.61875,0.03882,0.99990,0.00312,-0.00560,-0.01296,-0.00074,0.00106,0.00126
68377000000,4.10061,10.61875,0.03876,0.99990,0.00312,-0.00562,-0.01296,-0.00066,-0.00012,-0.00163
68476000000,4.10061,10.61871,0.03876,0.99990,0.00312,-0.00562,-0.01295,-0.00002,-0.00041,-0.00006
68542000000,4.10061,10.61867,0.03878,0.99990,0.00313,-0.00562,-0.01294,-0.00001,-0.00066,0.00033
68608000000,4.10064,10.61853,0.03876,0.99990,0.00315,-0.00562,-0.01290,0.00043,-0.00205,-0.00032
68674000000,4.10066,10.61847,0.03872,0.99990,0.00315,-0.00563,-0.01288,0.00025,-0.00095,-0.00060
68773000000,4.10064,10.61872,0.03877,0.99990,0.00313,-0.00562,-0.01295,-0.00019,0.00250,0.00051
68839000000,4.10061,10.61874,0.03877,0.99990,0.00312,-0.00562,-0.01296,-0.00041,0.00040,0.00003
68872000000,4.10063,10.61859,0.03876,0.99990,0.00315,-0.00562,-0.01291,0.00055,-0.00471,-0.00028
68938000000,4.10062,10.61866,0.03873,0.99990,0.00313,-0.00564,-0.01294,-0.00007,0.00113,-0.00056
69004000000,4.10069,10.61854,0.03893,0.99990,0.00306,-0.00567,-0.01295,0.00097,-0.00186,0.00301
69103000000,4.10055,10.61875,0.03893,0.99989,0.00304,-0.00569,-0.01300,-0.00135,0.00218,0.00004
69202000000,4.10055,10.61879,0.03889,0.99989,0.00303,-0.00570,-0.01300,-0.00007,0.00034,-0.00041
69268000000,4.10055,10.61876,0.03889,0.99989,0.00304,-0.00570,-0.01300,0.00012,-0.00033,0.00005
69334000000,4.10056,10.61876,0.03888,0.99989,0.00304,-0.00570,-0.01300,0.00015,0.00000,-0.00013
69400000000,4.10055,10.61859,0.03884,0.99990,0.00305,-0.00571,-0.01294,-0.00014,-0.00270,-0.00062
69466000000,4.10056,10.61868,0.03888,0.99989,0.00305,-0.00570,-0.01298,0.00007,0.00147,0.00063
69532000000,4.10013,10.61854,0.03906,0.99989,0.00297,-0.00574,-0.01301,-0.00652,-0.00211,0.00267
69565000000,4.10010,10.61867,0.03907,0.99989,0.00296,-0.00575,-0.01305,-0.00095,0.00390,0.00025
69664000000,4.10007,10.61877,0.03908,0.99989,0.00296,-0.00575,-0.01307,-0.00030,0.00095,0.00013
69763000000,4.10007,10.61876,0.03907,0.99989,0.00296,-0.00575,-0.01307,-0.00001,-0.00008,-0.00014
69829000000,4.10006,10.61872,0.03909,0.99989,0.00296,-0.00575,-0.01306,-0.00004,-0.00066,0.00037
69895000000,4.10008,10.61874,0.03910,0.99989,0.00296,-0.00574,-0.01306,0.00027,0.00032,0.00010
69961000000,4.10008,10.61874,0.03908,0.99989,0.00296,-0.00575,-0.01306,0.00001,0.00000,-0.00022
70027000000,4.10009,10.61873,0.03907,0.99989,0.00296,-0.00575,-0.01306,0.00007,-0.00016,-0.00021
70093000000,4.09972,10.61886,0.03975,0.99989,0.00286,-0.00578,-0.01308,-0.00558,0.00199,0.01036
70126000000,4.09976,10.61874,0.03971,0.99989,0.00287,-0.00578,-0.01305,0.00137,-0.00347,-0.00129
70225000000,4.09973,10.61883,0.03971,0.99989,0.00287,-0.00580,-0.01307,-0.00035,0.00085,0.00004
70291000000,4.09971,10.61884,0.03975,0.99989,0.00287,-0.00578,-0.01308,-0.00032,0.00022,0.00055
70324000000,4.09971,10.61881,0.03975,0.99989,0.00287,-0.00579,-0.01307,0.00004,-0.00104,-0.00010
70423000000,4.09971,10.61883,0.03975,0.99989,0.00287,-0.00579,-0.01307,0.00000,0.00019,0.00003
70489000000,4.09970,10.61879,0.03971,0.99989,0.00287,-0.00580,-0.01307,-0.00014,-0.00058,-0.00057
70588000000,4.09972,10.61884,0.03974,0.99989,0.00286,-0.00579,-0.01307,0.00020,0.00054,0.00024
70654000000,4.09972,10.61883,0.03971,0.99989,0.00287,-0.00580,-0.01307,-0.00002,-0.00017,-0.00044
70720000000,4.09971,10.61883,0.03970,0.99989,0.00287,-0.00580,-0.01307,-0.00006,0.00004,-0.00006
70753000000,4.09998,10.61897,0.03981,0.99989,0.00283,-0.00587,-0.01309,0.00802,0.00413,0.00329
70852000000,4.09986,10.61884,0.03988,0.99989,0.00282,-0.00585,-0.01303,-0.00116,-0.00130,0.00067
70885000000,4.09982,10.61897,0.03989,0.99989,0.00282,-0.00585,-0.01306,-0.00149,0.00384,0.00042
70984000000,4.09980,10.61908,0.03986,0.99989,0.00281,-0.00587,-0.01309,-0.00020,0.00109,-0.00035
71050000000,4.09980,10.61907,0.03987,0.99989,0.00281,-0.00586,-0.01309,0.00007,-0.00006,0.00024
71149000000,4.09979,10.61907,0.03988,0.99989,0.00281,-0.00586,-0.01309,-0.00006,0.00001,0.00011
71215000000,4.09912,10.61956,0.04079,0.99989,0.00267,-0.00592,-0.01320,-0.01016,0.00737,0.01370
71248000000,4.09909,10.61956,0.04079,0.99989,0.00267,-0.00592,-0.01320,-0.00091,0.00012,0.00002
71347000000,4.09909,10.61940,0.04079,0.99989,0.00268,-0.00592,-0.01315,-0.00002,-0.00168,-0.00003
71413000000,4.09914,10.61935,0.04080,0.99989,0.00268,-0.00591,-0.01314,0.00073,-0.00075,0.00025
71446000000,4.09913,10.61946,0.04078,0.99989,0.00267,-0.00592,-0.01317,-0.00027,0.00327,-0.00071
71545000000,4.09910,10.61955,0.04080,0.99989,0.00267,-0.00591,-0.01320,-0.00026,0.00095,0.00025
71611000000,4.09911,10.61955,0.04082,0.99989,0.00267,-0.00591,-0.01320,0.00002,0.00007,0.00023
71644000000,4.09910,10.61954,0.04081,0.99989,0.00268,-0.00591,-0.01320,-0.00010,-0.00043,-0.00035
71776000000,4.09890,10.62074,0.04096,0.99989,0.00259,-0.00598,-0.01321,-0.00158,0.00912,0.00118
71842000000,4.09887,10.62079,0.04099,0.99989,0.00259,-0.00597,-0.01322,-0.00042,0.00066,0.00042
71941000000,4.09888,10.62076,0.04099,0.99989,0.00260,-0.00597,-0.01321,0.00009,-0.00034,0.00001
72007000000,4.09888,10.62060,0.04097,0.99989,0.00261,-0.00597,-0.01317,0.00012,-0.00237,-0.00032
72073000000,4.09888,10.62071,0.04100,0.99989,0.00261,-0.00597,-0.01320,-0.00004,0.00163,0.00037
72139000000,4.09893,10.62057,0.04100,0.99989,0.00261,-0.00596,-0.01317,0.00068,-0.00208,0.00000
72205000000,4.09894,10.62052,0.04100,0.99989,0.00261,-0.00595,-0.01316,0.00026,-0.00069,0.00007
72271000000,4.10051,10.62109,0.04096,0.99989,0.00254,-0.00601,-0.01319,0.02381,0.00858,-0.00066
72370000000,4.10051,10.62105,0.04087,0.99989,0.00255,-0.00604,-0.01318,-0.00009,-0.00039,-0.00083
72436000000,4.10052,10.62107,0.04087,0.99989,0.00256,-0.00604,-0.01319,0.00021,0.00029,-0.00003
72502000000,4.10051,10.62089,0.04085,0.99989,0.00257,-0.00604,-0.01314,-0.00019,-0.00270,-0.00029
72568000000,4.10056,10.62082,0.04086,0.99989,0.00257,-0.00603,-0.01313,0.00074,-0.00111,0.00012
72634000000,4.10053,10.62096,0.04084,0.99989,0.00257,-0.00605,-0.01316,-0.00044,0.00210,-0.00025
72700000000,4.10051,10.62099,0.04092,0.99989,0.00255,-0.00602,-0.01317,-0.00020,0.00048,0.00113
72799000000,4.10051,10.62101,0.04088,0.99989,0.00257,-0.00604,-0.01317,-0.00009,0.00022,-0.00042
72865000000,4.10049,10.62099,0.04086,0.99989,0.00256,-0.00604,-0.01317,-0.00030,-0.00023,-0.00025
72931000000,4.10049,10.62099,0.04085,0.99989,0.00257,-0.00605,-0.01317,0.00012,-0.00014,-0.00025
72997000000,4.10054,10.62084,0.04087,0.99989,0.00258,-0.00603,-0.01313,0.00075,-0.00215,0.00043
73063000000,4.10086,10.62115,0.04043,0.99989,0.00254,-0.00612,-0.01322,0.00473,0.00473,-0.00673
73096000000,4.10067,10.62128,0.04051,0.99989,0.00252,-0.00610,-0.01322,-0.00552,0.00373,0.00251
73228000000,4.10067,10.62132,0.04057,0.99989,0.00252,-0.00608,-0.01323,-0.00001,0.00033,0.00046
73294000000,4.10072,10.62113,0.04053,0.99989,0.00253,-0.00608,-0.01319,0.00071,-0.00296,-0.00061
73327000000,4.10071,10.62123,0.04057,0.99989,0.00252,-0.00608,-0.01321,-0.00033,0.00318,0.00109
73459000000,4.10075,10.62106,0.04061,0.99989,0.00254,-0.00606,-0.01317,0.00029,-0.00128,0.00031
73525000000,4.10186,10.62125,0.04042,0.99989,0.00250,-0.00615,-0.01330,0.01681,0.00282,-0.00285
73591000000,4.10183,10.62126,0.04045,0.99989,0.00250,-0.00614,-0.01330,-0.00040,0.00013,0.00037
73624000000,4.10185,10.62100,0.04042,0.99989,0.00254,-0.00614,-0.01324,0.00077,-0.00763,-0.00072
73690000000,4.10183,10.62112,0.04038,0.99989,0.00253,-0.00617,-0.01326,-0.00034,0.00181,-0.00069
73789000000,4.10186,10.62097,0.04041,0.99989,0.00256,-0.00615,-0.01322,0.00026,-0.00159,0.00033
73888000000,4.10181,10.62115,0.04038,0.99989,0.00253,-0.00617,-0.01327,-0.00046,0.00183,-0.00032
73987000000,4.09599,10.62175,0.04037,0.99989,0.00237,-0.00625,-0.01344,-0.05883,0.00607,-0.00004
74053000000,4.09605,10.62158,0.04042,0.99989,0.00239,-0.00622,-0.01340,0.00088,-0.00253,0.00070
74119000000,4.09605,10.62153,0.04042,0.99989,0.00240,-0.00622,-0.01339,0.00009,-0.00072,0.00004
74218000000,4.09599,10.62169,0.04033,0.99989,0.00237,-0.00625,-0.01343,-0.00058,0.00157,-0.00092
74284000000,4.09599,10.62178,0.04032,0.99989,0.00235,-0.00626,-0.01345,0.00001,0.00142,-0.00010
74350000000,4.09600,10.62180,0.04031,0.99989,0.00235,-0.00626,-0.01345,0.00013,0.00033,-0.00029
74383000000,4.09602,10.62174,0.04029,0.99989,0.00237,-0.00627,-0.01344,0.00036,-0.00191,-0.00045
74482000000,4.09605,10.62157,0.04031,0.99989,0.00237,-0.00624,-0.01340,0.00034,-0.00172,0.00019
74548000000,4.09559,10.62189,0.04028,0.99989,0.00234,-0.00629,-0.01351,-0.00698,0.00491,-0.00045
74614000000,4.09559,10.62193,0.04035,0.99989,0.00233,-0.00626,-0.01351,0.00006,0.00051,0.00111
74713000000,4.09559,10.62190,0.04036,0.99989,0.00234,-0.00626,-0.01351,-0.00004,-0.00024,0.00003
74779000000,4.09563,10.62171,0.04039,0.99989,0.00237,-0.00623,-0.01346,0.00069,-0.00293,0.00053
74812000000,4.09562,10.62180,0.04037,0.99989,0.00235,-0.00625,-0.01348,-0.00045,0.00275,-0.00061
74878000000,4.09561,10.62185,0.04034,0.99989,0.00234,-0.00626,-0.01349,-0.00021,0.00069,-0.00047
74944000000,4.09559,10.62189,0.04033,0.99989,0.00234,-0.00627,-0.01351,-0.00029,0.00062,-0.00015
75076000000,4.09560,10.62189,0.04034,0.99989,0.00234,-0.00626,-0.01350,0.00009,0.00005,0.00006
75142000000,4.09569,10.62183,0.04024,0.99989,0.00233,-0.00629,-0.01350,0.00139,-0.00092,-0.00145
75208000000,4.09571,10.62185,0.04024,0.99989,0.00233,-0.00629,-0.01350,0.00023,0.00023,0.00000
75274000000,4.09571,10.62170,0.04033,0.99989,0.00234,-0.00624,-0.01347,0.00012,-0.00225,0.00133
75340000000,4.09570,10.62180,0.04028,0.99989,0.00234,-0.00627,-0.01349,-0.00020,0.00155,-0.00081
75439000000,4.09569,10.62184,0.04022,0.99989,0.00234,-0.00630,-0.01350,-0.00012,0.00036,-0.00061
75505000000,4.09575,10.62169,0.04030,0.99989,0.00235,-0.00626,-0.01347,0.00088,-0.00231,0.00126
75604000000,4.09570,10.62177,0.04022,0.99989,0.00234,-0.00629,-0.01348,-0.00051,0.00089,-0.00077
75670000000,4.09588,10.62173,0.04011,0.99989,0.00235,-0.00634,-0.01347,0.00281,-0.00061,-0.00166
75736000000,4.09587,10.62170,0.04016,0.99989,0.00236,-0.00633,-0.01346,-0.00012,-0.00051,0.00067
75802000000,4.09589,10.62171,0.04019,0.99989,0.00236,-0.00632,-0.01346,0.00030,0.00016,0.00041
75868000000,4.09591,10.62172,0.04021,0.99989,0.00236,-0.00631,-0.01346,0.00029,0.00010,0.00032
75934000000,4.09590,10.62173,0.04023,0.99989,0.00237,-0.00630,-0.01347,-0.00013,0.00017,0.00037
76000000000,4.09594,10.62153,0.04025,0.99989,0.00240,-0.00628,-0.01342,0.00050,-0.00299,0.00035
76066000000,4.09591,10.62168,0.04020,0.99989,0.00236,-0.00631,-0.01345,-0.00035,0.00228,-0.00087
76132000000,4.09589,10.62169,0.04020,0.99989,0.00236,-0.00631,-0.01346,-0.00031,0.00020,0.00006
76198000000,4.09648,10.62130,0.04023,0.99989,0.00236,-0.00633,-0.01342,0.00889,-0.00601,0.00051
76264000000,4.09647,10.62134,0.04027,0.99989,0.00236,-0.00631,-0.01343,-0.00012,0.00061,0.00059
76330000000,4.09649,10.62133,0.04023,0.99989,0.00236,-0.00633,-0.01343,0.00021,-0.00019,-0.00062
76396000000,4.09650,10.62128,0.04020,0.99989,0.00236,-0.00634,-0.01342,0.00017,-0.00062,-0.00042
76429000000,4.09648,10.62130,0.04021,0.99989,0.00237,-0.00634,-0.01342,-0.00038,0.00052,0.00010
76528000000,4.09655,10.62113,0.04020,0.99989,0.00238,-0.00633,-0.01339,0.00063,-0.00176,-0.00012
76627000000,4.09650,10.62127,0.04021,0.99989,0.00236,-0.00633,-0.01341,-0.00046,0.00149,0.00019
76759000000,4.09642,10.62110,0.04020,0.99989,0.00238,-0.00633,-0.01337,-0.00064,-0.00134,-0.00008
76825000000,4.09640,10.62126,0.04020,0.99989,0.00235,-0.00634,-0.01340,-0.00029,0.00241,-0.00006
76891000000,4.09640,10.62112,0.04023,0.99989,0.00237,-0.00632,-0.01338,0.00008,-0.00204,0.00053
76957000000,4.09646,10.62109,0.04024,0.99989,0.00237,-0.00631,-0.01337,0.00082,-0.00045,0.00005
77056000000,4.09638,10.62126,0.04019,0.99989,0.00235,-0.00634,-0.01340,-0.00074,0.00168,-0.00052
77122000000,4.09637,10.62129,0.04018,0.99989,0.00235,-0.00634,-0.01341,-0.00014,0.00045,-0.00003
77188000000,4.09642,10.62109,0.04018,0.99989,0.00238,-0.00634,-0.01337,0.00064,-0.00295,-0.00009
77254000000,4.09645,10.62106,0.04018,0.99989,0.00238,-0.00633,-0.01336,0.00046,-0.00052,0.00003
77320000000,4.09645,10.62131,0.04010,0.99989,0.00234,-0.00637,-0.01341,0.00004,0.00386,-0.00122
77419000000,4.09642,10.62136,0.04007,0.99989,0.00233,-0.00638,-0.01342,-0.00034,0.00043,-0.00033
77485000000,4.09643,10.62133,0.04010,0.99989,0.00233,-0.00637,-0.01342,0.00018,-0.00045,0.00047
77551000000,4.09644,10.62131,0.04014,0.99989,0.00234,-0.00635,-0.01341,0.00022,-0.00020,0.00071
77617000000,4.09645,10.62133,0.04014,0.99989,0.00234,-0.00636,-0.01341,0.00007,0.00017,-0.00014
77716000000,4.09644,10.62134,0.04014,0.99989,0.00234,-0.00636,-0.01341,-0.00006,0.00010,0.00008
77782000000,4.09644,10.62136,0.04013,0.99989,0.00234,-0.00636,-0.01342,-0.00006,0.00042,-0.00021
77815000000,4.09646,10.62135,0.04004,0.99989,0.00233,-0.00638,-0.01342,0.00065,-0.00046,-0.00275
77881000000,4.09646,10.62134,0.04008,0.99989,0.00233,-0.00637,-0.01342,0.00005,-0.00012,0.00070
77980000000,4.09653,10.62114,0.04006,0.99989,0.00237,-0.00636,-0.01338,0.00064,-0.00203,-0.00022
78079000000,4.09646,10.62131,0.04001,0.99989,0.00234,-0.00639,-0.01341,-0.00067,0.00170,-0.00054
78145000000,4.09645,10.62135,0.04002,0.99989,0.00233,-0.00639,-0.01342,-0.00014,0.00062,0.00019
78211000000,4.09645,10.62136,0.04001,0.99989,0.00232,-0.00639,-0.01342,0.00003,0.00026,-0.00010
78277000000,4.09648,10.62118,0.04002,0.99989,0.00235,-0.00638,-0.01338,0.00046,-0.00279,0.00013
78310000000,4.09647,10.62127,0.04002,0.99989,0.00234,-0.00639,-0.01340,-0.00051,0.00277,-0.00017
78409000000,4.09654,10.62132,0.03993,0.99989,0.00235,-0.00642,-0.01341,0.00079,0.00051,-0.00089
78475000000,4.09657,10.62118,0.04001,0.99989,0.00236,-0.00637,-0.01338,0.00040,-0.00220,0.00129
78541000000,4.09658,10.62114,0.04006,0.99989,0.00237,-0.00636,-0.01337,0.00018,-0.00059,0.00069
78607000000,4.09653,10.62130,0.04000,0.99989,0.00235,-0.00639,-0.01341,-0.00073,0.00250,-0.00089
78673000000,4.09654,10.62135,0.03997,0.99989,0.00234,-0.00640,-0.01342,0.00004,0.00074,-0.00049
78772000000,4.09652,10.62136,0.03997,0.99989,0.00234,-0.00640,-0.01342,-0.00013,0.00005,-0.00001
78838000000,4.09658,10.62118,0.03992,0.99989,0.00236,-0.00641,-0.01338,0.00078,-0.00270,-0.00068
78937000000,4.09653,10.62131,0.03994,0.99989,0.00235,-0.00641,-0.01341,-0.00042,0.00128,0.00015
79003000000,4.09652,10.62134,0.03994,0.99989,0.00235,-0.00641,-0.01342,-0.00017,0.00055,-0.00004
79069000000,4.09657,10.62116,0.03995,0.99989,0.00237,-0.00639,-0.01337,0.00074,-0.00270,0.00018
79135000000,4.09653,10.62130,0.03997,0.99989,0.00235,-0.00640,-0.01341,-0.00061,0.00212,0.00034
79234000000,4.09657,10.62116,0.03997,0.99989,0.00237,-0.00639,-0.01337,0.00040,-0.00144,0.00005
79300000000,4.09663,10.62106,0.03989,0.99989,0.00241,-0.00641,-0.01335,0.00090,-0.00155,-0.00135
79399000000,4.09658,10.62128,0.03993,0.99989,0.00239,-0.00640,-0.01340,-0.00047,0.00226,0.00048
79465000000,4.09661,10.62115,0.03993,0.99989,0.00242,-0.00640,-0.01337,0.00040,-0.00202,-0.00008
79531000000,4.09664,10.62109,0.03996,0.99989,0.00242,-0.00638,-0.01336,0.00049,-0.00087,0.00049
79630000000,4.09659,10.62127,0.03997,0.99989,0.00240,-0.00639,-0.01339,-0.00054,0.00181,0.00012
79663000000,4.09660,10.62130,0.03993,0.99989,0.00239,-0.00640,-0.01340,0.00023,0.00095,-0.00118
79729000000,4.09664,10.62117,0.03988,0.99989,0.00241,-0.00641,-0.01338,0.00061,-0.00205,-0.00074
79828000000,4.09658,10.62127,0.03994,0.99989,0.00239,-0.00640,-0.01339,-0.00054,0.00100,0.00061
79861000000,4.09657,10.62126,0.03998,0.99989,0.00239,-0.00639,-0.01340,-0.00035,-0.00020,0.00098
79960000000,4.09662,10.62127,0.03982,0.99989,0.00239,-0.00644,-0.01339,0.00048,0.00012,-0.00158
80026000000,4.09668,10.62112,0.03977,0.99989,0.00241,-0.00644,-0.01336,0.00090,-0.00228,-0.00069
80092000000,4.09666,10.62125,0.03978,0.99989,0.00240,-0.00645,-0.01339,-0.00035,0.00195,0.00003
80191000000,4.09665,10.62129,0.03979,0.99989,0.00240,-0.00644,-0.01340,-0.00003,0.00046,0.00014
80257000000,4.09664,10.62130,0.03982,0.99989,0.00240,-0.00643,-0.01340,-0.00017,0.00001,0.00044
80323000000,4.09665,10.62131,0.03982,0.99989,0.00239,-0.00643,-0.01340,0.00012,0.00025,0.00006
80356000000,4.09665,10.62130,0.03982,0.99989,0.00239,-0.00643,-0.01340,0.00006,-0.00040,-0.00019
80455000000,4.09665,10.62129,0.03983,0.99989,0.00239,-0.00643,-0.01340,0.00001,-0.00013,0.00018
80587000000,4.09667,10.62129,0.03971,0.99989,0.00240,-0.00647,-0.01339,0.00016,0.00001,-0.00094
80653000000,4.09669,10.62125,0.03972,0.99989,0.00241,-0.00646,-0.01339,0.00020,-0.00061,0.00015
80719000000,4.09672,10.62116,0.03974,0.99989,0.00240,-0.00644,-0.01337,0.00049,-0.00136,0.00036
80752000000,4.09670,10.62123,0.03973,0.99989,0.00241,-0.00645,-0.01338,-0.00055,0.00217,-0.00034
80917000000,4.09671,10.62114,0.03977,0.99989,0.00241,-0.00643,-0.01337,0.00008,-0.00054,0.00023
80983000000,4.09674,10.62114,0.03975,0.99989,0.00241,-0.00644,-0.01337,0.00037,0.00003,-0.00025
81049000000,4.09667,10.62125,0.03968,0.99989,0.00240,-0.00647,-0.01339,-0.00100,0.00156,-0.00115
81148000000,4.09671,10.62119,0.03967,0.99989,0.00241,-0.00647,-0.01338,0.00041,-0.00056,-0.00013
81214000000,4.09672,10.62119,0.03973,0.99989,0.00241,-0.00644,-0.01338,0.00011,-0.00006,0.00104
81280000000,4.09672,10.62118,0.03971,0.99989,0.00241,-0.00645,-0.01337,-0.00002,-0.00016,-0.00042
81379000000,4.09668,10.62126,0.03966,0.99989,0.00241,-0.00648,-0.01339,-0.00042,0.00085,-0.00050
81445000000,4.09667,10.62125,0.03963,0.99989,0.00242,-0.00649,-0.01339,-0.00005,-0.00007,-0.00034
81478000000,4.09674,10.62116,0.03965,0.99989,0.00243,-0.00648,-0.01337,0.00189,-0.00292,0.00040
81610000000,4.09673,10.62113,0.03969,0.99989,0.00242,-0.00646,-0.01336,-0.00008,-0.00023,0.00030
81676000000,4.09666,10.62122,0.03972,0.99989,0.00241,-0.00646,-0.01338,-0.00100,0.00140,0.00050
81742000000,4.09667,10.62128,0.03976,0.99989,0.00241,-0.00645,-0.01340,0.00014,0.00090,0.00052
81841000000,4.09669,10.62127,0.03971,0.99989,0.00241,-0.00646,-0.01339,0.00021,-0.00008,-0.00043
81907000000,4.09669,10.62127,0.03971,0.99989,0.00241,-0.00646,-0.01339,0.00006,-0.00006,-0.00004
81940000000,4.09670,10.62126,0.03974,0.99989,0.00241,-0.00645,-0.01339,0.00012,-0.00029,0.00091
82039000000,4.09668,10.62127,0.03969,0.99989,0.00241,-0.00647,-0.01340,-0.00019,0.00015,-0.00051
82138000000,4.09670,10.62129,0.03970,0.99989,0.00241,-0.00646,-0.01339,0.00020,0.00014,0.00011
