66034000000,-0.00005,0.00006,0.00011,1.00000,0.00127,0.00018,-0.00002,-0.00209,0.00138,0.00324
66067000000,-0.00008,0.00014,0.00017,1.00000,0.00105,0.00020,-0.00003,-0.00270,0.00108,0.00407
66100000000,-0.00007,0.00009,0.00019,1.00000,0.00121,0.00030,0.00000,-0.00188,0.00145,0.00354
66133000000,-0.00007,0.00011,0.00018,1.00000,0.00122,0.00033,-0.00003,-0.00213,0.00165,0.00165
66166000000,-0.00006,0.00006,0.00015,1.00000,0.00139,0.00043,0.00002,-0.00145,0.00186,0.00156
66199000000,-0.00004,0.00005,0.00015,1.00000,0.00150,0.00045,-0.00001,-0.00062,0.00177,0.00093
66232000000,-0.00003,0.00006,0.00015,1.00000,0.00146,0.00047,-0.00000,-0.00044,0.00040,0.00077
66265000000,-0.00003,0.00003,0.00013,1.00000,0.00147,0.00046,-0.00000,-0.00066,-0.00006,0.00090
66298000000,-0.00002,0.00002,0.00013,1.00000,0.00149,0.00048,-0.00000,0.00044,-0.00020,0.00125
66331000000,-0.00001,0.00002,0.00017,1.00000,0.00147,0.00048,-0.00000,0.00046,-0.00139,0.00317
66364000000,-0.00000,-0.00005,0.00017,1.00000,0.00158,0.00048,0.00004,0.00104,-0.00304,0.00336
66397000000,-0.00000,-0.00007,0.00020,1.00000,0.00158,0.00052,-0.00000,0.00064,-0.00381,0.00363
66430000000,-0.00002,-0.00005,0.00025,1.00000,0.00146,0.00050,-0.00001,-0.00006,-0.00367,0.00497
66463000000,-0.00002,-0.00006,0.00022,1.00000,0.00145,0.00045,0.00002,0.00004,-0.00338,0.00361
66496000000,0.00001,-0.00008,0.00015,1.00000,0.00144,0.00045,0.00001,0.00068,-0.00470,0.00308
66529000000,0.00002,-0.00008,0.00011,1.00000,0.00142,0.00044,-0.00001,0.00097,-0.00446,0.00250
66562000000,0.00002,-0.00008,0.00008,1.00000,0.00140,0.00042,0.00001,0.00056,-0.00365,0.00330
66595000000,0.00001,-0.00008,0.00008,1.00000,0.00135,0.00045,-0.00001,-0.00018,-0.00475,0.00373
66628000000,0.00002,-0.00008,0.00011,1.00000,0.00137,0.00047,0.00002,0.00144,-0.00420,0.00437
66661000000,0.00003,-0.00009,0.00011,1.00000,0.00136,0.00044,0.00002,0.00066,-0.00465,0.00422
66694000000,0.00003,-0.00010,0.00008,1.00000,0.00139,0.00045,0.00003,0.00013,-0.00465,0.00278
66727000000,0.00001,-0.00010,0.00008,1.00000,0.00136,0.00046,0.00000,-0.00025,-0.00522,0.00264
66760000000,0.00001,-0.00010,0.00006,1.00000,0.00133,0.00044,-0.00001,-0.00042,-0.00496,0.00190
66793000000,0.00001,-0.00009,0.00005,1.00000,0.00130,0.00045,-0.00001,-0.00028,-0.00501,0.00107
66826000000,0.00001,-0.00009,0.00005,1.00000,0.00124,0.00043,-0.00001,-0.00158,-0.00508,0.00172
66859000000,-0.00001,-0.00009,0.00005,1.00000,0.00122,0.00045,0.00002,-0.00141,-0.00520,0.00192
66892000000,-0.00001,-0.00009,0.00004,1.00000,0.00120,0.00044,0.00003,-0.00175,-0.00495,0.00225
66925000000,-0.00001,-0.00010,0.00003,1.00000,0.00120,0.00044,0.00002,-0.00196,-0.00546,0.00172
66958000000,-0.00001,-0.00009,0.00002,1.00000,0.00116,0.00046,-0.00003,-0.00155,-0.00570,0.00089
66991000000,-0.00000,-0.00009,0.00001,1.00000,0.00112,0.00042,-0.00001,-0.00198,-0.00581,0.00113
67024000000,-0.00002,-0.00010,-0.00001,1.00000,0.00112,0.00043,-0.00002,-0.00276,-0.00608,0.00102
67057000000,-0.00003,-0.00009,0.00001,1.00000,0.00109,0.00048,-0.00001,-0.00337,-0.00631,0.00123
67090000000,-0.00005,-0.00010,0.00001,1.00000,0.00106,0.00045,-0.00001,-0.00535,-0.00635,0.00193
67123000000,-0.00007,-0.00009,0.00003,1.00000,0.00102,0.00048,0.00001,-0.00540,-0.00600,0.00230
67156000000,-0.00007,-0.00010,0.00004,1.00000,0.00105,0.00051,-0.00001,-0.00537,-0.00692,0.00250
67189000000,-0.00007,-0.00009,0.00004,1.00000,0.00098,0.00053,-0.00002,-0.00592,-0.00521,0.00160
67222000000,-0.00007,-0.00008,0.00002,1.00000,0.00100,0.00052,-0.00000,-0.00492,-0.00545,0.00074
67255000000,-0.00006,-0.00007,0.00003,1.00000,0.00099,0.00053,-0.00001,-0.00460,-0.00414,0.00213
67288000000,-0.00006,-0.00006,0.00003,1.00000,0.00101,0.00050,-0.00002,-0.00466,-0.00354,0.00114
67321000000,-0.00006,-0.00006,0.00002,1.00000,0.00097,0.00054,-0.00003,-0.00504,-0.00351,0.00163
67354000000,-0.00007,-0.00007,0.00003,1.00000,0.00098,0.00054,-0.00001,-0.00507,-0.00451,0.00241
67387000000,-0.00006,-0.00007,0.00005,1.00000,0.00097,0.00056,0.00000,-0.00467,-0.00381,0.00288
67420000000,-0.00006,-0.00006,0.00005,1.00000,0.00100,0.00056,0.00001,-0.00485,-0.00329,0.00245
67453000000,-0.00005,-0.00006,0.00003,1.00000,0.00097,0.00054,-0.00003,-0.00417,-0.00332,0.00145
67486000000,-0.00004,-0.00007,0.00002,1.00000,0.00094,0.00058,-0.00001,-0.00377,-0.00466,0.00144
67519000000,-0.00004,-0.00008,0.00001,1.00000,0.00095,0.00058,0.00003,-0.00385,-0.00387,0.00068
67552000000,-0.00004,-0.00005,0.00002,1.00000,0.00090,0.00059,-0.00001,-0.00360,-0.00229,0.00065
67585000000,0.00005,-0.00006,-0.00001,1.00000,0.00090,0.00060,0.00001,0.01194,-0.00307,-0.00036
67618000000,0.00074,-0.00014,-0.00001,1.00000,0.00090,0.00059,-0.00000,0.03117,-0.00299,-0.00040
67651000000,0.00209,-0.00032,0.00001,1.00000,0.00089,0.00061,-0.00001,0.06077,-0.00318,0.00032
67684000000,0.00433,-0.00060,0.00001,1.00000,0.00089,0.00059,0.00001,0.09469,-0.00423,0.00038
67717000000,0.00733,-0.00088,-0.00008,1.00000,0.00089,0.00057,0.00004,0.12157,-0.00349,-0.00013
67750000000,0.01146,-0.00096,-0.00009,1.00000,0.00091,0.00058,0.00003,0.13679,-0.00313,-0.00031
67783000000,0.01673,-0.00082,-0.00000,1.00000,0.00092,0.00057,0.00004,0.17126,-0.00149,0.00036
67816000000,0.02300,-0.00070,0.00007,1.00000,0.00092,0.00058,0.00003,0.19969,-0.00130,-0.00049
67849000000,0.02999,-0.00062,0.00019,1.00000,0.00093,0.00058,-0.00002,0.22900,-0.00061,0.00007
67882000000,0.03780,-0.00047,0.00022,1.00000,0.00093,0.00059,0.00004,0.24785,-0.00122,-0.00079
67915000000,0.04651,-0.00028,0.00023,1.00000,0.00091,0.00058,0.00001,0.27973,-0.00087,-0.00079
67948000000,0.05551,-0.00031,0.00023,1.00000,0.00088,0.00059,0.00000,0.29414,-0.00221,0.00090
67981000000,0.06527,-0.00040,0.00022,1.00000,0.00089,0.00056,0.00001,0.32332,-0.00192,0.00167
68014000000,0.07597,-0.00053,0.00027,1.00000,0.00089,0.00057,-0.00001,0.35117,-0.00160,0.00327
68047000000,0.08751,-0.00060,0.00032,1.00000,0.00087,0.00056,0.00001,0.37574,-0.00175,0.00361
68080000000,0.10004,-0.00050,0.00036,1.00000,0.00087,0.00057,-0.00001,0.38999,-0.00274,0.00336
68113000000,0.11341,-0.00044,0.00035,1.00000,0.00089,0.00058,0.00000,0.40538,-0.00406,0.00421
68146000000,0.12724,-0.00042,0.00038,1.00000,0.00092,0.00054,-0.00003,0.43595,-0.00324,0.00352
68179000000,0.14192,-0.00040,0.00039,1.00000,0.00091,0.00055,-0.00003,0.46533,-0.00333,0.00226
68212000000,0.15755,-0.00026,0.00031,1.00000,0.00091,0.00052,-0.00004,0.49162,-0.00217,0.00192
68245000000,0.17404,-0.00006,0.00045,1.00000,0.00089,0.00057,-0.00006,0.50657,-0.00208,0.00214
68278000000,0.19129,-0.00001,0.00042,1.00000,0.00093,0.00055,-0.00005,0.53194,-0.00142,0.00200
68311000000,0.20939,-0.00006,0.00042,1.00000,0.00088,0.00052,-0.00001,0.55655,-0.00019,0.00150
68344000000,0.22819,0.00007,0.00052,1.00000,0.00092,0.00053,-0.00000,0.57166,-0.00051,0.00279
68377000000,0.24771,0.00022,0.00055,1.00000,0.00094,0.00053,0.00001,0.60189,-0.00028,0.00194
68410000000,0.26802,0.00025,0.00056,1.00000,0.00097,0.00055,-0.00002,0.63162,-0.00137,0.00116
68443000000,0.28892,0.00006,0.00066,1.00000,0.00099,0.00055,0.00001,0.64667,-0.00245,0.00120
68476000000,0.31036,-0.00034,0.00063,1.00000,0.00109,0.00056,0.00004,0.67680,-0.00338,0.00077
68509000000,0.33309,-0.00055,0.00052,1.00000,0.00113,0.00054,0.00004,0.69286,-0.00249,-0.00041
68542000000,0.35625,-0.00066,0.00048,1.00000,0.00120,0.00055,0.00005,0.71825,-0.00173,0.00047
68575000000,0.38028,-0.00069,0.00048,1.00000,0.00123,0.00058,0.00004,0.73417,-0.00237,0.00088
68608000000,0.40512,-0.00064,0.00047,1.00000,0.00129,0.00062,0.00001,0.76339,-0.00097,-0.00048
68641000000,0.43090,-0.00062,0.00015,1.00000,0.00134,0.00066,-0.00002,0.79351,-0.00100,-0.00029
68674000000,0.45732,-0.00063,0.00012,1.00000,0.00141,0.00065,-0.00002,0.81354,-0.00037,-0.00033
68707000000,0.48467,-0.00058,0.00014,1.00000,0.00149,0.00070,-0.00001,0.83990,-0.00032,0.00072
68740000000,0.51272,-0.00061,0.00021,1.00000,0.00157,0.00073,0.00005,0.86976,0.00057,0.00161
68773000000,0.54170,-0.00104,0.00021,1.00000,0.00171,0.00076,0.00006,0.88945,-0.00026,0.00193
68806000000,0.57168,-0.00154,0.00020,1.00000,0.00190,0.00079,0.00008,0.91763,-0.00121,0.00333
68839000000,0.60245,-0.00159,0.00026,1.00000,0.00199,0.00082,0.00013,0.94791,-0.00078,0.00317
68872000000,0.63411,-0.00202,0.00005,1.00000,0.00213,0.00079,0.00010,0.96696,-0.00129,0.00234
68905000000,0.66674,-0.00183,0.00016,1.00000,0.00232,0.00076,0.00003,0.99825,-0.00046,0.00240
68938000000,0.70008,-0.00179,0.00013,1.00000,0.00248,0.00074,0.00004,1.02483,0.00016,0.00250
68971000000,0.73432,-0.00173,0.00024,1.00000,0.00255,0.00072,0.00009,1.05029,0.00061,0.00303
69004000000,0.76939,-0.00164,0.00028,1.00000,0.00273,0.00062,0.00009,1.06581,0.00177,0.00301
69037000000,0.80510,-0.00173,0.00029,1.00000,0.00281,0.00054,0.00011,1.09612,0.00318,0.00238
69070000000,0.84189,-0.00166,0.00004,1.00000,0.00295,0.00032,0.00006,1.11117,0.00370,0.00054
69103000000,0.87917,-0.00153,0.00035,1.00000,0.00308,0.00015,0.00005,1.14186,0.00385,0.00059
69136000000,0.91734,-0.00136,0.00059,0.99999,0.00322,-0.00002,0.00003,1.17153,0.00443,0.00109
69169000000,0.95627,-0.00121,0.00077,0.99999,0.00334,-0.00025,0.00000,1.19173,0.00408,0.00029
69202000000,0.99622,-0.00080,0.00118,0.99999,0.00341,-0.00039,0.00000,1.21765,0.00496,0.00125
69235000000,1.03686,-0.00077,0.00144,0.99999,0.00347,-0.00058,0.00000,1.24849,0.00450,0.00162
69268000000,1.07827,-0.00075,0.00208,0.99999,0.00361,-0.00088,-0.00001,1.26724,0.00458,0.00232
69301000000,1.12064,-0.00074,0.00281,0.99999,0.00371,-0.00113,-0.00000,1.29682,0.00412,0.00553
69334000000,1.16368,-0.00080,0.00345,0.99999,0.00381,-0.00129,0.00002,1.32719,0.00346,0.00620
69367000000,1.20845,-0.00054,0.00416,0.99999,0.00387,-0.00150,0.00005,1.34386,0.00306,0.00628
69400000000,1.25351,-0.00038,0.00508,0.99999,0.00392,-0.00177,0.00005,1.36680,0.00339,0.00794
69433000000,1.29916,-0.00031,0.00572,0.99999,0.00400,-0.00197,0.00003,1.39027,0.00318,0.00826
69466000000,1.34570,-0.00020,0.00651,0.99999,0.00403,-0.00223,0.00003,1.42122,0.00260,0.00943
69499000000,1.39358,0.00001,0.00736,0.99999,0.00404,-0.00240,0.00006,1.45118,0.00300,0.01065
69532000000,1.44118,-0.00022,0.00795,0.99999,0.00405,-0.00252,0.00011,1.46854,0.00213,0.01114
69565000000,1.49033,-0.00023,0.00856,0.99999,0.00410,-0.00256,0.00011,1.50033,0.00251,0.01221
69598000000,1.53984,-0.00009,0.00916,0.99999,0.00410,-0.00264,0.00007,1.49984,0.00285,0.01137
69631000000,1.58998,0.00018,0.00982,0.99999,0.00404,-0.00262,0.00008,1.50283,0.00314,0.01251
69664000000,1.63975,0.00019,0.01040,0.99999,0.00405,-0.00269,0.00007,1.50332,0.00186,0.01390
69697000000,1.68938,0.00027,0.01091,0.99999,0.00406,-0.00273,0.00010,1.50404,0.00236,0.01534
69730000000,1.73932,0.00029,0.01145,0.99999,0.00408,-0.00275,0.00010,1.50416,0.00302,0.01648
69763000000,1.78922,0.00026,0.01207,0.99999,0.00410,-0.00275,0.00016,1.50451,0.00296,0.01722
69796000000,1.83825,0.00001,0.01253,0.99999,0.00407,-0.00269,0.00018,1.50434,0.00230,0.01759
69829000000,1.88790,-0.00006,0.01303,0.99999,0.00406,-0.00269,0.00015,1.50528,0.00244,0.01773
69862000000,1.93764,-0.00029,0.01342,0.99999,0.00412,-0.00268,0.00010,1.50525,0.00240,0.01797
69895000000,1.98754,0.00017,0.01410,0.99999,0.00413,-0.00265,0.00008,1.50557,0.00305,0.01782
69928000000,2.03662,0.00038,0.01475,0.99999,0.00413,-0.00264,0.00007,1.50505,0.00383,0.01926
69961000000,2.08547,0.00060,0.01454,0.99999,0.00416,-0.00256,0.00011,1.50511,0.00463,0.01864
69994000000,2.13518,0.00071,0.01503,0.99999,0.00416,-0.00251,0.00014,1.50559,0.00367,0.01976
70027000000,2.18481,0.00084,0.01557,0.99999,0.00412,-0.00251,0.00009,1.50572,0.00367,0.02010
70060000000,2.23435,0.00097,0.01605,0.99999,0.00409,-0.00247,0.00006,1.50631,0.00396,0.02021
70093000000,2.28389,0.00097,0.01614,0.99999,0.00411,-0.00244,0.00008,1.50737,0.00438,0.01899
70126000000,2.33381,0.00062,0.01682,0.99999,0.00413,-0.00243,0.00012,1.50804,0.00394,0.02000
70159000000,2.38349,0.00069,0.01744,0.99999,0.00412,-0.00242,0.00009,1.50879,0.00305,0.02074
70192000000,2.43201,0.00040,0.01786,0.99999,0.00417,-0.00249,0.00009,1.50719,0.00280,0.01958
70225000000,2.48172,0.00040,0.01850,0.99999,0.00419,-0.00250,0.00006,1.50811,0.00210,0.02091
70258000000,2.53143,0.00051,0.01912,0.99999,0.00420,-0.00250,0.00005,1.50872,0.00281,0.02055
70291000000,2.58110,0.00051,0.01971,0.99999,0.00423,-0.00255,0.00005,1.51037,0.00315,0.02050
70324000000,2.63075,0.00016,0.01937,0.99999,0.00417,-0.00249,0.00003,1.51084,0.00155,0.02028
70357000000,2.68222,0.00031,0.02052,0.99999,0.00412,-0.00255,0.00004,1.51312,0.00213,0.02134
70390000000,2.73198,0.00042,0.02107,0.99999,0.00408,-0.00257,-0.00001,1.51312,0.00242,0.02117
70423000000,2.78106,0.00057,0.02173,0.99999,0.00406,-0.00250,-0.00002,1.51281,0.00204,0.02195
70456000000,2.83014,0.00026,0.02172,0.99999,0.00400,-0.00252,-0.00005,1.51244,0.00170,0.02201
70489000000,2.87996,0.00031,0.02248,0.99999,0.00401,-0.00256,-0.00007,1.51163,0.00182,0.02245
70522000000,2.93008,0.00039,0.02310,0.99999,0.00400,-0.00259,-0.00004,1.51312,0.00116,0.02145
70555000000,2.97980,0.00041,0.02360,0.99999,0.00400,-0.00259,-0.00004,1.51286,0.00153,0.02229
70588000000,3.02829,0.00024,0.02312,0.99999,0.00400,-0.00252,0.00000,1.51099,0.00301,0.02156
70621000000,3.07833,-0.00002,0.02377,0.99999,0.00402,-0.00255,-0.00001,1.51035,0.00296,0.02028
70654000000,3.12859,0.00002,0.02438,0.99999,0.00399,-0.00254,-0.00003,1.51206,0.00370,0.02017
70687000000,3.17916,0.00019,0.02507,0.99999,0.00400,-0.00259,-0.00003,1.51349,0.00381,0.02085
70720000000,3.22735,-0.00027,0.02424,0.99999,0.00397,-0.00251,-0.00002,1.51137,0.00422,0.01985
70753000000,3.27762,-0.00042,0.02487,0.99999,0.00399,-0.00251,-0.00003,1.51035,0.00396,0.02004
70786000000,3.32725,-0.00059,0.02526,0.99999,0.00402,-0.00252,0.00006,1.51145,0.00418,0.01948
70885000000,3.47733,0.00007,0.02717,0.99999,0.00405,-0.00250,0.00007,1.51466,0.00386,0.02069
70951000000,3.57674,-0.00027,0.02663,0.99999,0.00397,-0.00249,0.00013,1.51422,0.00501,0.01931
71017000000,3.67681,-0.00041,0.02795,0.99999,0.00395,-0.00247,0.00017,1.51732,0.00352,0.02120
71083000000,3.77570,-0.00098,0.02771,0.99999,0.00391,-0.00249,0.00014,1.51941,0.00332,0.02018
71116000000,3.82410,-0.00063,0.02812,0.99999,0.00394,-0.00243,0.00014,1.51870,0.00354,0.02029
71281000000,4.07170,-0.00050,0.03000,0.99999,0.00394,-0.00217,0.00007,1.51808,0.00233,0.01867
71380000000,4.23983,-0.00022,0.03594,0.99999,0.00400,-0.00304,0.00009,1.53223,0.00359,0.02147
71479000000,4.38423,0.00001,0.03626,0.99999,0.00393,-0.00279,0.00006,1.52905,0.00679,0.01969
71578000000,4.53202,0.00010,0.03616,0.99999,0.00393,-0.00277,0.00012,1.52707,0.00635,0.01799
71644000000,4.62912,0.00086,0.03685,0.99999,0.00382,-0.00257,0.00008,1.52542,0.01127,0.01883
71710000000,4.72673,0.00153,0.03434,0.99999,0.00392,-0.00228,0.00010,1.52446,0.01344,0.01765
71809000000,4.87670,0.00313,0.03569,0.99999,0.00405,-0.00214,0.00002,1.52626,0.01625,0.01972
71875000000,4.97060,0.00370,0.03577,0.99999,0.00383,-0.00245,-0.00004,1.52212,0.01723,0.02048
71974000000,5.12306,0.00553,0.03712,0.99999,0.00389,-0.00223,-0.00007,1.52499,0.01593,0.01980
72040000000,5.22050,0.00546,0.03682,0.99999,0.00386,-0.00236,-0.00009,1.52296,0.01517,0.01946
72073000000,5.27042,0.00583,0.03716,0.99999,0.00384,-0.00227,-0.00011,1.52204,0.01491,0.01857
72139000000,5.36773,0.00423,0.03674,0.99999,0.00385,-0.00227,-0.00004,1.52055,0.01235,0.01942
72172000000,5.41834,0.00433,0.03734,0.99999,0.00387,-0.00229,-0.00003,1.52150,0.01287,0.01915
72238000000,5.52002,0.00509,0.03882,0.99999,0.00383,-0.00239,0.00004,1.52307,0.01475,0.02044
72337000000,5.66875,0.00423,0.03971,0.99999,0.00385,-0.00243,0.00007,1.52144,0.01371,0.01846
72436000000,5.82132,0.00599,0.04238,0.99999,0.00397,-0.00258,0.00009,1.52349,0.01455,0.02150
72502000000,5.92583,0.00282,0.04241,0.99999,0.00392,-0.00268,0.00012,1.52454,0.01244,0.02019
72535000000,5.97280,0.00264,0.04227,0.99999,0.00388,-0.00257,0.00016,1.52324,0.01162,0.02000
72601000000,6.07176,-0.00096,0.04254,0.99999,0.00376,-0.00260,0.00019,1.52221,0.00775,0.01882
72667000000,6.17180,0.00086,0.04438,0.99999,0.00382,-0.00268,0.00015,1.52291,0.00852,0.02268
72799000000,6.36966,-0.00037,0.04593,0.99999,0.00375,-0.00248,0.00024,1.51976,0.00763,0.02459
72865000000,6.48905,0.00206,0.05019,0.99999,0.00378,-0.00317,0.00020,1.53433,0.00925,0.02734
72898000000,6.53430,0.00204,0.04952,0.99999,0.00374,-0.00284,0.00018,1.53038,0.00933,0.02737
72931000000,6.59040,0.00014,0.05040,0.99999,0.00383,-0.00319,0.00019,1.53465,0.00584,0.02774
72964000000,6.64398,0.00048,0.05199,0.99999,0.00385,-0.00332,0.00018,1.53771,0.00557,0.02911
72997000000,6.69364,0.00048,0.05247,0.99999,0.00379,-0.00324,0.00021,1.53733,0.00557,0.02941
73063000000,6.79671,0.00061,0.05444,0.99999,0.00385,-0.00330,0.00017,1.53808,0.00371,0.03015
73129000000,6.88967,-0.00166,0.05344,0.99999,0.00387,-0.00313,0.00014,1.53182,0.00064,0.02836
73162000000,6.93082,-0.00112,0.05232,0.99999,0.00380,-0.00263,0.00013,1.52667,0.00014,0.02760
73228000000,7.03616,-0.00125,0.05430,0.99999,0.00384,-0.00280,0.00013,1.52943,-0.00180,0.02796
73294000000,7.12668,-0.00198,0.05309,0.99999,0.00391,-0.00260,0.00008,1.52159,-0.00360,0.02436
73426000000,7.33552,-0.00249,0.06121,0.99999,0.00386,-0.00330,0.00014,1.52839,-0.00447,0.02800
73525000000,7.48932,-0.00477,0.06041,0.99999,0.00400,-0.00287,0.00006,1.52936,-0.00846,0.02598
73624000000,7.64418,-0.00478,0.06298,0.99999,0.00407,-0.00293,0.00011,1.53248,-0.00856,0.02581
73690000000,7.74083,-0.00612,0.06125,0.99999,0.00408,-0.00274,0.00019,1.52864,-0.00870,0.02279
73756000000,7.84100,-0.00672,0.06018,0.99999,0.00403,-0.00225,0.00015,1.52920,-0.00890,0.02109
73822000000,7.94910,-0.00583,0.06131,0.99999,0.00410,-0.00298,0.00021,1.53330,-0.00908,0.01857
73888000000,8.04803,-0.00644,0.06109,0.99999,0.00415,-0.00263,0.00024,1.53055,-0.01068,0.01897
74020000000,8.24259,-0.01047,0.05814,0.99999,0.00423,-0.00187,0.00030,1.52475,-0.01684,0.01594
74086000000,8.33852,-0.01178,0.05881,0.99999,0.00417,-0.00167,0.00039,1.52032,-0.01823,0.01556
74119000000,8.39211,-0.01159,0.06132,0.99999,0.00417,-0.00250,0.00039,1.52170,-0.01787,0.01634
74152000000,8.45338,-0.01220,0.06432,0.99999,0.00425,-0.00293,0.00040,1.52916,-0.01994,0.01842
74218000000,8.55495,-0.01327,0.06600,0.99999,0.00426,-0.00302,0.00032,1.52932,-0.02155,0.01782
74317000000,8.70223,-0.01505,0.06641,0.99999,0.00428,-0.00271,0.00036,1.52618,-0.02526,0.01872
74383000000,8.80632,-0.01427,0.06707,0.99999,0.00431,-0.00305,0.00030,1.52682,-0.02582,0.01803
74416000000,8.84244,-0.01477,0.06507,0.99999,0.00425,-0.00258,0.00030,1.51719,-0.02530,0.01661
74548000000,9.05852,-0.01581,0.06848,0.99999,0.00428,-0.00292,0.00018,1.52838,-0.02579,0.01962
74614000000,9.15150,-0.02041,0.06961,0.99999,0.00426,-0.00279,0.00025,1.52372,-0.03089,0.01741
74713000000,9.30657,-0.02322,0.07156,0.99999,0.00434,-0.00286,0.00035,1.52529,-0.03335,0.01812
74812000000,9.45253,-0.02235,0.07154,0.99999,0.00431,-0.00278,0.00036,1.52227,-0.03092,0.01718
74878000000,9.54129,-0.01812,0.07050,0.99999,0.00433,-0.00276,0.00026,1.51467,-0.02565,0.01555
74944000000,9.63395,-0.01809,0.07006,0.99999,0.00434,-0.00256,0.00025,1.51208,-0.02702,0.01539
75076000000,9.84650,-0.01991,0.07359,0.99999,0.00445,-0.00293,0.00031,1.51934,-0.02874,0.01710
75142000000,9.92554,-0.02234,0.07179,0.99999,0.00439,-0.00227,0.00034,1.50692,-0.02993,0.01586
75241000000,10.07749,-0.02492,0.07311,0.99999,0.00432,-0.00240,0.00033,1.50847,-0.03180,0.01779
75274000000,10.12542,-0.02081,0.07299,0.99999,0.00430,-0.00250,0.00031,1.50674,-0.02782,0.01703
75307000000,10.17839,-0.02285,0.07382,0.99999,0.00424,-0.00253,0.00030,1.50831,-0.02933,0.01651
75373000000,10.27833,-0.02428,0.07479,0.99999,0.00427,-0.00255,0.00031,1.50830,-0.02908,0.01594
75406000000,10.32096,-0.02015,0.07393,0.99999,0.00424,-0.00258,0.00035,1.50360,-0.02564,0.01456
75538000000,10.51660,-0.02505,0.07648,0.99999,0.00420,-0.00252,0.00035,1.50436,-0.02961,0.01860
75637000000,10.66697,-0.02677,0.07797,0.99999,0.00424,-0.00258,0.00034,1.50387,-0.03067,0.02007
75670000000,10.71302,-0.02244,0.07772,0.99999,0.00433,-0.00268,0.00033,1.49954,-0.02751,0.01771
75736000000,10.81439,-0.02377,0.07885,0.99999,0.00425,-0.00278,0.00039,1.50220,-0.02882,0.01701
75802000000,10.91357,-0.02503,0.07945,0.99999,0.00429,-0.00279,0.00039,1.50102,-0.02939,0.01670
75901000000,11.06481,-0.02077,0.07977,0.99999,0.00437,-0.00296,0.00034,1.50219,-0.02528,0.01671
75967000000,11.16183,-0.02373,0.08064,0.99999,0.00442,-0.00294,0.00036,1.50166,-0.02799,0.01716
76033000000,11.25962,-0.00891,0.07822,0.99998,0.00461,-0.00312,0.00024,1.49791,-0.01495,0.01554
76099000000,11.36245,-0.01981,0.08062,0.99998,0.00446,-0.00321,0.00037,1.50109,-0.02544,0.01838
76165000000,11.46862,-0.01483,0.07989,0.99998,0.00464,-0.00331,0.00027,1.50370,-0.02255,0.01632
76198000000,11.50993,-0.01515,0.07930,0.99998,0.00466,-0.00321,0.00032,1.49770,-0.02328,0.01594
76297000000,11.67174,-0.01490,0.08150,0.99998,0.00479,-0.00358,0.00031,1.50543,-0.02338,0.01848
76363000000,11.76470,-0.01580,0.08221,0.99998,0.00476,-0.00347,0.00035,1.50221,-0.02411,0.02026
76429000000,11.86090,-0.01642,0.08274,0.99998,0.00475,-0.00336,0.00037,1.49926,-0.02437,0.02153
76495000000,11.96584,-0.01347,0.08343,0.99998,0.00477,-0.00338,0.00033,1.50022,-0.02308,0.02391
76561000000,12.06830,-0.01456,0.08529,0.99998,0.00482,-0.00345,0.00034,1.50252,-0.02417,0.02612
76627000000,12.17475,-0.01252,0.08718,0.99998,0.00475,-0.00386,0.00035,1.50746,-0.02107,0.02715
76693000000,12.26968,-0.01311,0.08735,0.99998,0.00476,-0.00361,0.00040,1.50271,-0.02310,0.02565
76792000000,12.41812,-0.01232,0.08914,0.99998,0.00470,-0.00377,0.00040,1.50245,-0.02258,0.02725
76891000000,12.56493,-0.01445,0.09053,0.99998,0.00470,-0.00364,0.00038,1.49986,-0.02193,0.02736
76924000000,12.61203,-0.01275,0.08897,0.99998,0.00458,-0.00348,0.00045,1.49694,-0.01900,0.02596
76990000000,12.71262,-0.01428,0.08894,0.99998,0.00463,-0.00307,0.00042,1.49726,-0.01864,0.02519
77056000000,12.80917,-0.01407,0.09171,0.99998,0.00444,-0.00360,0.00036,1.49656,-0.01775,0.02786
77122000000,12.90804,-0.01423,0.09158,0.99998,0.00450,-0.00322,0.00038,1.49624,-0.01844,0.02737
77221000000,13.05702,-0.01381,0.09186,0.99999,0.00448,-0.00302,0.00040,1.49613,-0.01872,0.02674
77254000000,13.09774,-0.01469,0.09279,0.99999,0.00443,-0.00304,0.00038,1.48822,-0.02114,0.02615
77353000000,13.25521,-0.01384,0.09364,0.99999,0.00430,-0.00301,0.00041,1.49470,-0.01891,0.02478
77419000000,13.35027,-0.01513,0.09554,0.99999,0.00427,-0.00315,0.00040,1.49063,-0.02039,0.02503
77485000000,13.45533,-0.01429,0.09471,0.99999,0.00423,-0.00298,0.00046,1.49421,-0.01947,0.02276
77518000000,13.49695,-0.01510,0.09557,0.99999,0.00427,-0.00298,0.00042,1.48821,-0.02016,0.02293
77584000000,13.59925,-0.01421,0.09522,0.99999,0.00429,-0.00307,0.00040,1.48983,-0.01772,0.02000
77650000000,13.69553,-0.01522,0.09635,0.99999,0.00424,-0.00311,0.00047,1.48735,-0.02035,0.01932
77716000000,13.79316,-0.01599,0.09860,0.99999,0.00412,-0.00339,0.00041,1.48378,-0.02131,0.01974
77815000000,13.94184,-0.01420,0.09854,0.99999,0.00397,-0.00351,0.00040,1.48007,-0.02030,0.01739
77914000000,14.08607,-0.01562,0.09856,0.99999,0.00406,-0.00318,0.00040,1.47614,-0.02236,0.01610
77980000000,14.18421,-0.01288,0.09939,0.99999,0.00401,-0.00361,0.00038,1.47405,-0.01798,0.01389
78046000000,14.28197,-0.01029,0.09744,0.99999,0.00442,-0.00310,0.00033,1.47246,-0.01591,0.01180
78112000000,14.37651,-0.01169,0.09963,0.99998,0.00435,-0.00346,0.00037,1.46931,-0.01778,0.01261
78145000000,14.43025,-0.00922,0.09598,0.99999,0.00463,-0.00258,0.00038,1.47241,-0.01431,0.00943
78211000000,14.52590,-0.01069,0.09665,0.99999,0.00479,-0.00261,0.00045,1.47008,-0.01692,0.00940
78277000000,14.62668,-0.00956,0.09730,0.99998,0.00470,-0.00285,0.00040,1.47393,-0.01597,0.00962
78343000000,14.72216,-0.01022,0.09759,0.99999,0.00468,-0.00266,0.00042,1.47215,-0.01625,0.00950
78475000000,14.92156,-0.01045,0.09934,0.99999,0.00446,-0.00274,0.00060,1.47394,-0.01664,0.01082
78541000000,15.01556,-0.01176,0.10005,0.99999,0.00455,-0.00252,0.00053,1.47192,-0.01721,0.01121
78607000000,15.11173,-0.01007,0.10060,0.99999,0.00448,-0.00249,0.00053,1.47064,-0.01380,0.01087
78673000000,15.21028,-0.01200,0.10114,0.99999,0.00441,-0.00263,0.00046,1.47130,-0.01637,0.00925
78739000000,15.31220,-0.01134,0.10238,0.99999,0.00439,-0.00285,0.00045,1.47305,-0.01552,0.01013
78805000000,15.40813,-0.01243,0.10289,0.99999,0.00438,-0.00280,0.00055,1.47175,-0.01534,0.01189
78871000000,15.51040,-0.01170,0.10429,0.99999,0.00417,-0.00294,0.00049,1.47307,-0.01246,0.01239
78937000000,15.60998,-0.01271,0.10456,0.99999,0.00399,-0.00282,0.00055,1.47532,-0.01249,0.01184
79003000000,15.70589,-0.01093,0.10406,0.99999,0.00385,-0.00253,0.00054,1.47365,-0.01033,0.01110
79102000000,15.85061,-0.01161,0.10505,0.99999,0.00387,-0.00252,0.00059,1.47128,-0.00793,0.01148
79168000000,15.94922,-0.01125,0.10598,0.99999,0.00379,-0.00263,0.00058,1.47115,-0.00705,0.01116
79234000000,16.04953,-0.01059,0.10710,0.99999,0.00380,-0.00276,0.00060,1.47306,-0.00772,0.00960
79300000000,16.14520,-0.01120,0.10796,0.99999,0.00383,-0.00288,0.00060,1.47053,-0.00775,0.00905
79366000000,16.24623,-0.01041,0.10969,0.99999,0.00395,-0.00331,0.00058,1.47334,-0.00724,0.00873
79399000000,16.29499,-0.01170,0.11016,0.99999,0.00380,-0.00338,0.00060,1.47186,-0.00814,0.00809
79432000000,16.34492,-0.01117,0.11039,0.99999,0.00381,-0.00338,0.00057,1.47280,-0.00871,0.00841
79498000000,16.44231,-0.01197,0.11086,0.99999,0.00386,-0.00337,0.00060,1.47153,-0.00841,0.00783
79564000000,16.53917,-0.01235,0.11146,0.99999,0.00391,-0.00338,0.00058,1.47047,-0.00753,0.00734
79630000000,16.63810,-0.01057,0.11298,0.99999,0.00397,-0.00366,0.00060,1.47074,-0.00395,0.00693
79696000000,16.73514,-0.01098,0.11402,0.99999,0.00386,-0.00370,0.00057,1.46780,-0.00441,0.00780
79762000000,16.83789,-0.01016,0.11735,0.99998,0.00375,-0.00435,0.00052,1.47308,-0.00242,0.01069
79795000000,16.88769,-0.01053,0.11969,0.99998,0.00359,-0.00487,0.00047,1.47234,-0.00268,0.01363
79828000000,16.93494,-0.01053,0.12341,0.99998,0.00338,-0.00572,0.00049,1.47111,-0.00320,0.01773
79894000000,17.03851,-0.00990,0.13035,0.99997,0.00251,-0.00739,0.00046,1.47612,-0.00066,0.02149
79960000000,17.13548,-0.00965,0.13525,0.99996,0.00157,-0.00832,0.00044,1.47500,0.00089,0.02332
80092000000,17.32503,-0.00929,0.14461,0.99995,0.00055,-0.00988,0.00048,1.47254,0.00004,0.02933
80158000000,17.42784,-0.00786,0.13838,0.99997,0.00094,-0.00797,0.00047,1.47807,0.00362,0.02224
80257000000,17.57719,-0.00754,0.13888,0.99997,0.00029,-0.00738,0.00041,1.47964,0.00398,0.01978
80323000000,17.67493,-0.00753,0.13718,0.99998,-0.00050,-0.00664,0.00037,1.48053,0.00310,0.01639
80389000000,17.77536,-0.00761,0.13074,0.99999,-0.00188,-0.00455,0.00038,1.48403,0.00133,0.01041
80521000000,17.96484,-0.00982,0.11335,0.99999,-0.00325,-0.00015,0.00041,1.47981,-0.00422,-0.00279
80587000000,18.05181,-0.00772,0.07509,0.99995,-0.00402,0.00957,0.00049,1.46555,-0.00026,-0.02905
80653000000,18.15242,-0.00391,0.05520,0.99989,0.00109,0.01458,0.00050,1.46740,0.00577,-0.04221
80686000000,18.20172,-0.00283,0.05150,0.99988,0.00302,0.01528,0.00053,1.46803,0.00764,-0.04211
80752000000,18.29994,-0.00287,0.04837,0.99987,0.00365,0.01547,0.00053,1.46780,0.00721,-0.04232
80818000000,18.39717,-0.00258,0.04521,0.99987,0.00406,0.01562,0.00048,1.46765,0.00879,-0.04129
80884000000,18.49562,-0.00255,0.04386,0.99988,0.00420,0.01516,0.00052,1.46795,0.00811,-0.03925
80950000000,18.59195,-0.00281,0.03904,0.99986,0.00439,0.01599,0.00059,1.46529,0.00767,-0.03983
80983000000,18.64015,-0.00409,0.04062,0.99988,0.00403,0.01492,0.00061,1.46542,0.00463,-0.03803
81049000000,18.73736,-0.00322,0.03889,0.99988,0.00378,0.01469,0.00065,1.46298,0.00647,-0.03690
81115000000,18.83584,-0.00282,0.03712,0.99989,0.00353,0.01450,0.00057,1.46699,0.00725,-0.03568
81181000000,18.93154,-0.00216,0.03416,0.99989,0.00362,0.01467,0.00059,1.46515,0.00937,-0.03651
81280000000,19.07896,-0.00104,0.03168,0.99989,0.00334,0.01433,0.00058,1.46751,0.00934,-0.03390
81313000000,19.12729,-0.00110,0.03115,0.99990,0.00329,0.01408,0.00053,1.46599,0.01009,-0.03366
81346000000,19.17592,-0.00183,0.03195,0.99991,0.00300,0.01330,0.00053,1.46566,0.00909,-0.03165
81445000000,19.32091,-0.00087,0.02924,0.99991,0.00274,0.01313,0.00051,1.46623,0.01119,-0.03053
81511000000,19.41700,-0.00084,0.02816,0.99991,0.00261,0.01283,0.00049,1.46374,0.01122,-0.02982
81577000000,19.51438,-0.00134,0.02803,0.99992,0.00246,0.01203,0.00048,1.46461,0.00962,-0.02849
81742000000,19.75415,0.00122,0.02312,0.99992,0.00256,0.01219,0.00045,1.45975,0.00852,-0.02743
81841000000,19.89964,0.00117,0.02296,0.99993,0.00248,0.01122,0.00043,1.45995,0.00885,-0.02567
81940000000,20.04694,0.00215,0.02223,0.99994,0.00251,0.01041,0.00040,1.46442,0.01178,-0.02531
82039000000,20.19253,0.00217,0.02012,0.99994,0.00249,0.01024,0.00043,1.46536,0.00971,-0.02441
82105000000,20.28978,0.00195,0.02012,0.99995,0.00257,0.00957,0.00043,1.46447,0.00885,-0.02297
82237000000,20.48179,0.00247,0.01771,0.99995,0.00264,0.00925,0.00049,1.46406,0.00810,-0.02367
82336000000,20.62887,0.00355,0.01429,0.99995,0.00264,0.00973,0.00049,1.46674,0.00946,-0.02554
82435000000,20.77569,0.00392,0.01221,0.99995,0.00272,0.00949,0.00045,1.47304,0.00536,-0.02567
82534000000,20.92421,0.00438,0.00928,0.99995,0.00276,0.00961,0.00047,1.47645,0.00515,-0.02715
82600000000,21.02422,0.00408,0.00724,0.99995,0.00275,0.00965,0.00049,1.47784,0.00416,-0.02751
82765000000,21.26586,0.00424,0.00320,0.99995,0.00280,0.00929,0.00050,1.47545,0.00549,-0.02636
82831000000,21.36516,0.00329,0.00124,0.99995,0.00287,0.00943,0.00049,1.47719,0.00365,-0.02642
82897000000,21.46508,0.00216,-0.00050,0.99995,0.00288,0.00940,0.00041,1.47959,0.00203,-0.02669
82996000000,21.61189,0.00293,-0.00264,0.99995,0.00277,0.00915,0.00037,1.48175,0.00251,-0.02801
83062000000,21.71095,0.00223,-0.00393,0.99996,0.00262,0.00894,0.00033,1.48118,0.00370,-0.02829
83161000000,21.85830,0.00201,-0.00642,0.99996,0.00255,0.00874,0.00029,1.48157,0.00345,-0.02715
83392000000,22.19947,0.00283,-0.01257,0.99996,0.00263,0.00861,0.00022,1.48403,0.00218,-0.02817
83491000000,22.35182,0.00342,-0.01518,0.99996,0.00249,0.00853,0.00022,1.48997,0.00039,-0.02949
83557000000,22.45056,0.00313,-0.01708,0.99996,0.00251,0.00846,0.00022,1.48996,-0.00137,-0.02977
83590000000,22.49995,0.00329,-0.01801,0.99996,0.00250,0.00843,0.00026,1.49016,-0.00194,-0.03076
83722000000,22.69717,0.00322,-0.02230,0.99996,0.00244,0.00862,0.00022,1.49062,-0.00266,-0.03129
83821000000,22.84260,0.00248,-0.02580,0.99996,0.00239,0.00883,0.00031,1.48907,-0.00429,-0.03280
83953000000,23.04142,0.00272,-0.03015,0.99996,0.00188,0.00893,0.00031,1.49243,-0.00601,-0.03297
84019000000,23.13951,0.00168,-0.03138,0.99996,-0.00131,0.00887,0.00035,1.49326,-0.00696,-0.03389
84151000000,23.33801,0.00059,-0.03371,0.99995,-0.00455,0.00838,0.00041,1.49313,-0.00719,-0.03271
84250000000,23.48699,-0.00122,-0.02882,0.99989,-0.01299,0.00690,0.00056,1.49515,-0.01142,-0.02399
84316000000,23.58593,-0.00153,-0.03147,0.99990,-0.01200,0.00698,0.00063,1.49558,-0.01174,-0.02576
84415000000,23.73392,-0.00285,-0.03403,0.99990,-0.01199,0.00697,0.00059,1.49561,-0.01563,-0.02328
84481000000,23.82979,-0.00536,-0.03562,0.99990,-0.01193,0.00699,0.00057,1.49305,-0.01888,-0.02298
84547000000,23.93245,-0.00583,-0.03663,0.99990,-0.01228,0.00690,0.00061,1.49630,-0.01969,-0.02210
84679000000,24.12417,-0.00985,-0.03807,0.99989,-0.01335,0.00672,0.00057,1.49011,-0.02419,-0.02256
84778000000,24.27614,-0.01128,-0.03902,0.99988,-0.01397,0.00669,0.00055,1.49169,-0.02439,-0.01821
84811000000,24.32516,-0.01206,-0.03924,0.99988,-0.01415,0.00663,0.00053,1.49080,-0.02545,-0.01695
84943000000,24.52175,-0.01438,-0.04151,0.99988,-0.01410,0.00659,0.00049,1.48994,-0.02690,-0.01623
85042000000,24.66951,-0.01693,-0.04360,0.99988,-0.01393,0.00666,0.00056,1.49138,-0.02766,-0.01529
85108000000,24.76598,-0.01608,-0.04404,0.99987,-0.01438,0.00658,0.00060,1.48740,-0.02628,-0.01480
85174000000,24.86502,-0.01656,-0.04624,0.99988,-0.01377,0.00670,0.00059,1.48751,-0.02489,-0.01694
85372000000,25.15504,-0.02185,-0.04941,0.99988,-0.01378,0.00672,0.00061,1.48254,-0.02600,-0.01741
85471000000,25.30321,-0.02202,-0.05143,0.99988,-0.01358,0.00680,0.00063,1.48235,-0.02562,-0.01560
85537000000,25.40225,-0.02165,-0.05274,0.99989,-0.01353,0.00678,0.00056,1.48377,-0.02653,-0.01652
85669000000,25.60134,-0.02206,-0.05572,0.99989,-0.01320,0.00679,0.00053,1.48636,-0.02510,-0.01913
85735000000,25.70055,-0.02330,-0.05724,0.99989,-0.01317,0.00680,0.00054,1.48761,-0.02466,-0.02108
85801000000,25.79889,-0.02215,-0.05883,0.99989,-0.01309,0.00686,0.00054,1.48724,-0.02180,-0.02116
85834000000,25.84869,-0.02319,-0.05959,0.99989,-0.01305,0.00682,0.00052,1.48797,-0.02273,-0.02251
85933000000,25.99907,-0.02253,-0.06153,0.99989,-0.01320,0.00683,0.00048,1.49039,-0.02116,-0.02231
85966000000,26.04837,-0.02319,-0.06208,0.99989,-0.01318,0.00685,0.00046,1.49032,-0.02282,-0.02216
86032000000,26.15045,-0.02248,-0.06343,0.99989,-0.01329,0.00691,0.00055,1.49374,-0.02163,-0.02146
86098000000,26.24827,-0.02410,-0.06500,0.99989,-0.01325,0.00685,0.00056,1.49361,-0.02441,-0.02250
86164000000,26.34605,-0.02226,-0.06525,0.99988,-0.01384,0.00674,0.00051,1.49410,-0.02072,-0.02259
86230000000,26.44363,-0.02304,-0.06675,0.99988,-0.01388,0.00676,0.00051,1.49509,-0.02234,-0.02341
86329000000,26.59207,-0.02302,-0.06884,0.99988,-0.01411,0.00675,0.00052,1.49719,-0.02381,-0.02593
86395000000,26.69132,-0.02604,-0.07061,0.99988,-0.01416,0.00675,0.00053,1.49699,-0.02586,-0.02596
86461000000,26.79170,-0.02470,-0.07128,0.99987,-0.01460,0.00663,0.00055,1.49841,-0.02384,-0.02491
86626000000,27.03316,-0.02965,-0.07511,0.99987,-0.01473,0.00654,0.00049,1.49158,-0.02775,-0.02499
86692000000,27.13025,-0.03030,-0.07620,0.99987,-0.01501,0.00648,0.00049,1.49128,-0.02611,-0.02477
86725000000,27.18163,-0.02803,-0.07608,0.99986,-0.01539,0.00642,0.00049,1.49399,-0.02362,-0.02499
86857000000,27.38029,-0.03061,-0.07889,0.99986,-0.01551,0.00641,0.00039,1.49677,-0.02264,-0.02486
86923000000,27.47915,-0.02895,-0.07899,0.99985,-0.01614,0.00624,0.00037,1.49868,-0.02023,-0.02493
87055000000,27.67945,-0.02834,-0.08142,0.99984,-0.01653,0.00614,0.00038,1.50012,-0.02033,-0.02527
87187000000,27.87513,-0.02935,-0.08400,0.99984,-0.01675,0.00595,0.00046,1.49748,-0.01838,-0.02594
87319000000,28.07295,-0.02965,-0.08684,0.99984,-0.01701,0.00588,0.00056,1.49754,-0.01723,-0.02678
87451000000,28.27068,-0.02956,-0.08861,0.99983,-0.01764,0.00564,0.00053,1.49509,-0.01445,-0.02763
87583000000,28.46648,-0.03029,-0.09015,0.99982,-0.01840,0.00530,0.00063,1.49089,-0.01383,-0.02656
87649000000,28.56440,-0.02956,-0.09025,0.99981,-0.01897,0.00504,0.00065,1.49077,-0.01267,-0.02483
87748000000,28.71288,-0.02920,-0.09061,0.99979,-0.01984,0.00484,0.00067,1.49156,-0.00946,-0.02376
87847000000,28.86019,-0.02944,-0.09077,0.99978,-0.02046,0.00446,0.00063,1.49058,-0.00981,-0.02061
87913000000,28.95915,-0.02934,-0.09062,0.99977,-0.02099,0.00425,0.00065,1.49073,-0.00735,-0.01921
87979000000,29.05618,-0.02915,-0.09070,0.99976,-0.02136,0.00403,0.00068,1.48757,-0.00817,-0.01842
88045000000,29.15551,-0.02997,-0.09149,0.99976,-0.02148,0.00399,0.00073,1.48970,-0.00701,-0.01772
88177000000,29.35047,-0.03008,-0.09204,0.99975,-0.02202,0.00373,0.00080,1.48575,-0.00488,-0.01723
88276000000,29.50114,-0.03036,-0.09376,0.99975,-0.02205,0.00370,0.00074,1.49074,-0.00445,-0.01855
88408000000,29.69795,-0.03025,-0.09339,0.99973,-0.02290,0.00328,0.00073,1.49125,-0.00095,-0.01777
88507000000,29.84434,-0.03012,-0.09232,0.99972,-0.02363,0.00290,0.00074,1.49063,-0.00130,-0.01880
88606000000,29.99317,-0.02963,-0.09171,0.99970,-0.02423,0.00266,0.00076,1.49248,-0.00047,-0.01835
88639000000,30.04355,-0.02944,-0.09008,0.99969,-0.02477,0.00235,0.00070,1.49421,0.00156,-0.01683
88705000000,30.14590,-0.02898,-0.08818,0.99967,-0.02545,0.00191,0.00071,1.49868,0.00328,-0.01452
88771000000,30.24305,-0.02925,-0.08852,0.99967,-0.02562,0.00176,0.00070,1.49649,0.00247,-0.01451
88837000000,30.34244,-0.02921,-0.08643,0.99965,-0.02636,0.00136,0.00071,1.49744,0.00158,-0.00985
88936000000,30.49066,-0.02942,-0.08468,0.99963,-0.02699,0.00091,0.00070,1.49965,0.00103,-0.00622
89002000000,30.59093,-0.02927,-0.08323,0.99962,-0.02741,0.00058,0.00064,1.50204,0.00059,-0.00368
89068000000,30.68990,-0.02901,-0.08208,0.99961,-0.02776,0.00026,0.00064,1.50210,0.00236,-0.00161
89101000000,30.73905,-0.02898,-0.08098,0.99961,-0.02804,0.00001,0.00068,1.50330,0.00193,0.00092
89167000000,30.83851,-0.02917,-0.08041,0.99960,-0.02812,-0.00006,0.00063,1.50339,0.00110,0.00223
89266000000,30.98772,-0.02926,-0.08045,0.99961,-0.02809,-0.00001,0.00064,1.50583,0.00059,0.00121
89332000000,31.08660,-0.03001,-0.07997,0.99961,-0.02805,-0.00012,0.00067,1.50541,0.00196,0.00267
89398000000,31.18503,-0.03053,-0.08033,0.99961,-0.02788,-0.00007,0.00068,1.50388,0.00193,0.00006
89464000000,31.28394,-0.03046,-0.08030,0.99961,-0.02787,-0.00003,0.00066,1.50300,0.00411,0.00094
89563000000,31.43207,-0.03076,-0.08031,0.99961,-0.02778,0.00001,0.00069,1.50335,0.00408,0.00205
89629000000,31.53091,-0.03099,-0.08024,0.99961,-0.02777,0.00001,0.00076,1.50379,0.00531,0.00345
89761000000,31.72854,-0.03083,-0.07986,0.99962,-0.02771,0.00001,0.00090,1.50293,0.00551,0.00525
89860000000,31.87866,-0.03094,-0.07964,0.99962,-0.02759,0.00013,0.00096,1.50584,0.00401,0.00562
89893000000,31.92888,-0.03139,-0.07982,0.99962,-0.02749,0.00015,0.00096,1.50660,0.00263,0.00495
89959000000,32.02781,-0.03162,-0.07964,0.99962,-0.02749,0.00013,0.00094,1.50726,0.00265,0.00585
90025000000,32.12719,-0.03123,-0.07934,0.99962,-0.02752,0.00019,0.00093,1.50734,0.00439,0.00523
90091000000,32.22689,-0.03103,-0.07985,0.99962,-0.02745,0.00035,0.00090,1.50811,0.00544,0.00508
90157000000,32.32569,-0.03058,-0.08006,0.99962,-0.02742,0.00052,0.00089,1.50770,0.00619,0.00440
90190000000,32.37505,-0.03038,-0.08024,0.99963,-0.02736,0.00054,0.00093,1.50709,0.00544,0.00489
90289000000,32.52385,-0.02990,-0.08040,0.99963,-0.02720,0.00058,0.00090,1.50623,0.00725,0.00332
90355000000,32.62308,-0.02944,-0.08107,0.99963,-0.02702,0.00069,0.00095,1.50608,0.01039,-0.00042
90421000000,32.72217,-0.02884,-0.08171,0.99964,-0.02692,0.00077,0.00094,1.50523,0.01141,-0.00238
90487000000,32.82110,-0.02857,-0.08237,0.99964,-0.02681,0.00089,0.00090,1.50598,0.01043,-0.00296
90586000000,32.96927,-0.02795,-0.08288,0.99964,-0.02674,0.00097,0.00088,1.50560,0.01198,-0.00228
90685000000,33.11823,-0.02741,-0.08290,0.99964,-0.02668,0.00099,0.00098,1.50663,0.01053,-0.00130
90718000000,33.16710,-0.02761,-0.08294,0.99964,-0.02666,0.00097,0.00091,1.50665,0.00895,-0.00174
90784000000,33.26540,-0.02772,-0.08297,0.99964,-0.02671,0.00091,0.00086,1.50554,0.00813,-0.00172
90850000000,33.36486,-0.02703,-0.08302,0.99964,-0.02674,0.00090,0.00081,1.50548,0.01035,0.00023
90916000000,33.46290,-0.02733,-0.08330,0.99964,-0.02666,0.00089,0.00088,1.50239,0.00880,-0.00011
91081000000,33.70792,-0.02603,-0.08314,0.99965,-0.02654,0.00072,0.00090,1.49970,0.00860,0.00132
91213000000,33.90800,-0.02526,-0.08360,0.99965,-0.02650,0.00083,0.00090,1.50538,0.00736,0.00236
91279000000,34.00760,-0.02523,-0.08369,0.99965,-0.02643,0.00090,0.00084,1.50695,0.00682,0.00225
91345000000,34.10642,-0.02541,-0.08414,0.99965,-0.02630,0.00093,0.00085,1.50716,0.00404,0.00148
91411000000,34.20474,-0.02538,-0.08458,0.99966,-0.02616,0.00092,0.00089,1.50682,0.00221,0.00094
91444000000,34.25366,-0.02550,-0.08519,0.99966,-0.02599,0.00095,0.00090,1.50609,0.00118,0.00073
91543000000,34.40217,-0.02519,-0.08575,0.99966,-0.02587,0.00101,0.00089,1.50691,0.00105,0.00166
91642000000,34.55012,-0.02548,-0.08596,0.99967,-0.02584,0.00105,0.00089,1.50698,-0.00039,0.00322
91708000000,34.64819,-0.02617,-0.08630,0.99967,-0.02570,0.00104,0.00084,1.50545,-0.00037,0.00360
91840000000,34.84495,-0.02606,-0.08610,0.99967,-0.02569,0.00104,0.00073,1.50454,0.00038,0.00317
91972000000,35.04487,-0.02574,-0.08622,0.99967,-0.02565,0.00105,0.00077,1.50592,0.00336,0.00293
92071000000,35.19333,-0.02499,-0.08636,0.99967,-0.02555,0.00110,0.00081,1.50563,0.00574,0.00378
92269000000,35.48995,-0.02409,-0.08664,0.99967,-0.02550,0.00120,0.00078,1.50398,0.00768,0.00128
92401000000,35.68682,-0.02323,-0.08749,0.99968,-0.02537,0.00121,0.00072,1.50031,0.00616,0.00102
92500000000,35.83385,-0.02351,-0.08810,0.99968,-0.02530,0.00118,0.00074,1.49894,0.00466,0.00198
92566000000,35.93088,-0.02369,-0.08835,0.99968,-0.02521,0.00121,0.00082,1.49655,0.00502,0.00265
92632000000,36.02852,-0.02414,-0.08924,0.99969,-0.02502,0.00129,0.00083,1.49558,0.00306,0.00058
92731000000,36.17549,-0.02393,-0.08932,0.99969,-0.02503,0.00124,0.00084,1.49718,0.00296,0.00200
92830000000,36.31943,-0.02342,-0.08943,0.99968,-0.02506,0.00136,0.00082,1.43344,0.00307,-0.00040
92929000000,36.45660,-0.02306,-0.08933,0.99968,-0.02506,0.00123,0.00075,1.34707,0.00171,-0.00080
93061000000,36.62634,-0.02410,-0.08937,0.99969,-0.02494,0.00118,0.00014,1.25476,-0.01516,-0.00022
93160000000,36.75114,-0.02715,-0.08984,0.99969,-0.02487,0.00121,-0.00200,1.26388,-0.04139,-0.00030
93226000000,36.83513,-0.03069,-0.09024,0.99968,-0.02484,0.00117,-0.00472,1.28567,-0.06922,0.00065
93325000000,36.96482,-0.03984,-0.09006,0.99963,-0.02485,0.00105,-0.01117,1.28523,-0.12135,0.00527
93424000000,37.08887,-0.05415,-0.08942,0.99948,-0.02489,0.00078,-0.02058,1.25863,-0.17006,0.00794
93490000000,37.17289,-0.06684,-0.08934,0.99930,-0.02493,0.00061,-0.02803,1.31923,-0.20831,0.00786
93655000000,37.39353,-0.10907,-0.08801,0.99844,-0.02502,0.00001,-0.04984,1.34940,-0.30536,0.01151
93721000000,37.48134,-0.13031,-0.08740,0.99788,-0.02504,-0.00029,-0.06008,1.32401,-0.34777,0.01263
93820000000,37.61094,-0.16818,-0.08618,0.99663,-0.02500,-0.00067,-0.07807,1.28821,-0.42626,0.01730
93886000000,37.69909,-0.19800,-0.08622,0.99542,-0.02494,-0.00046,-0.09226,1.27108,-0.49087,0.02156
94018000000,37.86491,-0.27279,-0.08434,0.99147,-0.02486,-0.00085,-0.12790,1.22850,-0.65173,0.02840
94084000000,37.95147,-0.31847,-0.08651,0.98846,-0.02461,0.00001,-0.14948,1.21749,-0.73879,0.02925
94183000000,38.06264,-0.39217,-0.08462,0.98298,-0.02456,-0.00040,-0.18209,1.03413,-0.75165,0.03102
94216000000,38.10010,-0.41624,-0.08648,0.98109,-0.02449,0.00053,-0.19200,1.01205,-0.76330,0.02975
94282000000,38.16922,-0.46807,-0.08661,0.97711,-0.02453,0.00099,-0.21132,1.00493,-0.83396,0.03035
94348000000,38.24109,-0.52524,-0.08820,0.97241,-0.02423,0.00191,-0.23199,1.00884,-0.91514,0.02826
94447000000,38.34090,-0.62321,-0.08536,0.96329,-0.02411,0.00113,-0.26737,0.97791,-1.06733,0.03647
94513000000,38.40726,-0.69613,-0.08434,0.95547,-0.02401,0.00124,-0.29412,0.90596,-1.13749,0.03869
94612000000,38.49079,-0.80695,-0.08301,0.94256,-0.02380,0.00142,-0.33318,0.71352,-1.11010,0.03621
94711000000,38.56206,-0.91465,-0.08346,0.92997,-0.02357,0.00244,-0.36687,0.61798,-1.09796,0.03257
94777000000,38.61080,-0.98764,-0.08642,0.92117,-0.02290,0.00419,-0.38847,0.57307,-1.16427,0.02944
94876000000,38.66975,-1.10596,-0.08674,0.90481,-0.02255,0.00496,-0.42519,0.48094,-1.25243,0.03115
94975000000,38.71573,-1.23065,-0.08557,0.88491,-0.02192,0.00477,-0.46521,0.31402,-1.21094,0.03200
95041000000,38.74115,-1.31329,-0.08553,0.87126,-0.02103,0.00480,-0.49035,0.22288,-1.16963,0.02927
95140000000,38.76072,-1.42666,-0.08348,0.85163,-0.02079,0.00432,-0.52371,0.11379,-1.09556,0.02857
95206000000,38.77843,-1.51395,-0.08427,0.83947,-0.01876,0.00394,-0.54307,0.08552,-1.14484,0.02470
95305000000,38.79070,-1.64021,-0.08299,0.82127,-0.01776,0.00327,-0.57026,0.03393,-1.21336,0.02383
95404000000,38.80922,-1.79379,-0.08459,0.80372,-0.01476,0.00238,-0.59482,0.00859,-1.31082,0.02068
95470000000,38.81796,-1.89517,-0.08498,0.79215,-0.01343,0.00234,-0.61018,-0.01512,-1.36253,0.01965
95536000000,38.82796,-2.00527,-0.08704,0.78035,-0.01148,0.00239,-0.62523,-0.04843,-1.36849,0.01724
95602000000,38.83308,-2.11454,-0.08844,0.76800,-0.00983,0.00234,-0.64037,-0.09008,-1.33728,0.01404
95701000000,38.82794,-2.25752,-0.08856,0.75010,-0.00881,0.00224,-0.66126,-0.13848,-1.29354,0.01176
95767000000,38.82295,-2.35936,-0.08902,0.73889,-0.00770,0.00198,-0.67378,-0.16272,-1.31832,0.00956
95866000000,38.80876,-2.50843,-0.08925,0.72222,-0.00671,0.00167,-0.69162,-0.20481,-1.36822,0.00924
95932000000,38.79684,-2.61201,-0.08936,0.71122,-0.00596,0.00155,-0.70294,-0.23428,-1.40132,0.00783
96031000000,38.77310,-2.76360,-0.08937,0.69531,-0.00532,0.00133,-0.71869,-0.27963,-1.43349,0.00673
96130000000,38.74410,-2.91695,-0.08913,0.68047,-0.00484,0.00113,-0.73276,-0.31915,-1.44472,0.00634
96163000000,38.73293,-2.97730,-0.08942,0.67574,-0.00425,0.00091,-0.73713,-0.33364,-1.45836,0.00525
96295000000,38.68519,-3.18059,-0.08905,0.65836,-0.00373,0.00070,-0.75269,-0.37683,-1.44467,0.00685
96328000000,38.67208,-3.23859,-0.08916,0.65430,-0.00330,0.00058,-0.75622,-0.38417,-1.43658,0.00762
96394000000,38.64633,-3.33862,-0.08883,0.64685,-0.00296,0.00043,-0.76261,-0.37741,-1.36884,0.00807
96460000000,38.62127,-3.42698,-0.08832,0.64015,-0.00295,0.00044,-0.76824,-0.38483,-1.32657,0.00762
96559000000,38.58291,-3.56057,-0.08763,0.63119,-0.00275,0.00034,-0.77562,-0.38110,-1.24220,0.00674
96592000000,38.57050,-3.60504,-0.08739,0.62848,-0.00260,0.00033,-0.77782,-0.37764,-1.21556,0.00691
96691000000,38.53373,-3.72402,-0.08683,0.62128,-0.00246,0.00023,-0.78359,-0.36269,-1.12507,0.00606
96790000000,38.49832,-3.83379,-0.08626,0.61519,-0.00246,0.00020,-0.78837,-0.35105,-1.07576,0.00588
96889000000,38.46435,-3.94600,-0.08570,0.61194,-0.00225,0.00031,-0.79090,-0.33152,-1.08985,0.00388
96955000000,38.44242,-4.02405,-0.08544,0.61207,-0.00213,0.00032,-0.79080,-0.30875,-1.10555,0.00418
97021000000,38.42237,-4.10232,-0.08525,0.61410,-0.00199,0.00036,-0.78923,-0.28273,-1.13503,0.00470
97087000000,38.40444,-4.17903,-0.08503,0.61778,-0.00195,0.00030,-0.78635,-0.24823,-1.16245,0.00358
97186000000,38.38136,-4.30299,-0.08495,0.62624,-0.00185,0.00028,-0.77963,-0.19193,-1.23466,0.00458
97318000000,38.36459,-4.47005,-0.08471,0.64381,-0.00179,0.00035,-0.76518,-0.06396,-1.28521,0.00359
97483000000,38.36560,-4.69024,-0.08392,0.66962,-0.00169,0.00041,-0.74271,0.08684,-1.36480,0.00615
97615000000,38.38329,-4.88220,-0.08304,0.69187,-0.00158,0.00053,-0.72202,0.19780,-1.48439,0.00831
97714000000,38.39970,-5.03312,-0.08253,0.70563,-0.00137,0.00048,-0.70858,0.19310,-1.44379,0.00683
97813000000,38.41858,-5.17927,-0.08201,0.71715,-0.00119,0.00049,-0.69691,0.21849,-1.40780,0.00685
97945000000,38.44918,-5.36640,-0.08140,0.73008,-0.00099,0.00052,-0.68336,0.24872,-1.40964,0.00375
98044000000,38.47486,-5.50622,-0.08072,0.73807,-0.00089,0.00064,-0.67472,0.25810,-1.38502,0.00543
98209000000,38.51498,-5.73135,-0.07945,0.74597,-0.00085,0.00059,-0.66597,0.22585,-1.33815,0.00699
98275000000,38.52820,-5.82034,-0.07861,0.74687,-0.00089,0.00059,-0.66497,0.19722,-1.32277,0.00699
98407000000,38.54998,-5.99448,-0.07734,0.74562,-0.00093,0.00055,-0.66638,0.14149,-1.30209,0.00778
98473000000,38.55857,-6.08371,-0.07666,0.74452,-0.00091,0.00056,-0.66760,0.13084,-1.36424,0.00790
98539000000,38.56730,-6.18064,-0.07623,0.74345,-0.00096,0.00060,-0.66879,0.13089,-1.46352,0.00826
98638000000,38.58173,-6.32704,-0.07562,0.74320,-0.00096,0.00067,-0.66906,0.15248,-1.49609,0.01101
98737000000,38.59704,-6.47744,-0.07535,0.74318,-0.00104,0.00064,-0.66909,0.15430,-1.50162,0.01112
98836000000,38.61268,-6.62681,-0.07484,0.74322,-0.00106,0.00068,-0.66904,0.15565,-1.50512,0.01296
98902000000,38.62329,-6.72634,-0.07471,0.74320,-0.00097,0.00074,-0.66906,0.15800,-1.50634,0.01198
98968000000,38.63347,-6.82506,-0.07468,0.74320,-0.00092,0.00073,-0.66906,0.15725,-1.50561,0.01184
99067000000,38.64768,-6.97264,-0.07420,0.74250,-0.00088,0.00071,-0.66984,0.13948,-1.48281,0.01463
99166000000,38.66033,-7.11830,-0.07332,0.74052,-0.00091,0.00072,-0.67203,0.11393,-1.44512,0.01382
99298000000,38.67212,-7.30656,-0.07197,0.73624,-0.00083,0.00078,-0.67672,0.07485,-1.42443,0.01362
99364000000,38.67731,-7.40139,-0.07187,0.73440,-0.00087,0.00079,-0.67872,0.09376,-1.48504,0.01255
99430000000,38.68353,-7.50158,-0.07090,0.73330,-0.00078,0.00087,-0.67990,0.09321,-1.53096,0.01330
99562000000,38.69561,-7.70233,-0.07039,0.73134,-0.00089,0.00099,-0.68201,0.08811,-1.53074,0.01212
99628000000,38.70065,-7.80155,-0.07022,0.73049,-0.00085,0.00097,-0.68292,0.08418,-1.52865,0.01286
99793000000,38.71440,-8.05386,-0.06809,0.72849,-0.00095,0.00096,-0.68506,0.07947,-1.52892,0.01815
99892000000,38.72156,-8.20427,-0.06748,0.72742,-0.00092,0.00100,-0.68620,0.07850,-1.53060,0.01873
99958000000,38.72584,-8.30302,-0.06787,0.72680,-0.00090,0.00098,-0.68684,0.07620,-1.52857,0.01649
100024000000,38.73118,-8.40471,-0.06655,0.72622,-0.00082,0.00103,-0.68746,0.07469,-1.52811,0.01880
100090000000,38.73475,-8.50253,-0.06723,0.72567,-0.00076,0.00097,-0.68805,0.07267,-1.52529,0.01857
100189000000,38.74266,-8.65481,-0.06518,0.72484,-0.00079,0.00099,-0.68891,0.07263,-1.52828,0.01986
100255000000,38.74591,-8.75148,-0.06614,0.72445,-0.00081,0.00092,-0.68932,0.06869,-1.52427,0.01813
100288000000,38.74730,-8.80000,-0.06745,0.72429,-0.00081,0.00084,-0.68949,0.06746,-1.52412,0.01638
100387000000,38.75447,-8.95209,-0.06549,0.72366,-0.00072,0.00077,-0.69015,0.06740,-1.52718,0.01773
100486000000,38.75993,-9.10050,-0.06531,0.72310,-0.00067,0.00081,-0.69074,0.06333,-1.52557,0.01550
100585000000,38.76554,-9.25022,-0.06525,0.72252,-0.00070,0.00077,-0.69135,0.06259,-1.52405,0.01425
100684000000,38.77232,-9.40169,-0.06391,0.72205,-0.00081,0.00075,-0.69184,0.06200,-1.52549,0.01486
100783000000,38.77638,-9.55043,-0.06449,0.72163,-0.00076,0.00058,-0.69228,0.06080,-1.52475,0.01160
100849000000,38.77862,-9.64807,-0.06548,0.72137,-0.00074,0.00046,-0.69255,0.05877,-1.52009,0.01055
100981000000,38.78521,-9.84868,-0.06508,0.72082,-0.00065,0.00037,-0.69312,0.05473,-1.52011,0.00949
101047000000,38.78817,-9.94835,-0.06545,0.72056,-0.00064,0.00034,-0.69339,0.05449,-1.52093,0.00881
101179000000,38.79525,-10.14769,-0.06583,0.72017,-0.00067,0.00032,-0.69380,0.05087,-1.51905,0.00662
101278000000,38.80006,-10.29595,-0.06632,0.71992,-0.00071,0.00032,-0.69405,0.04961,-1.51783,0.00573
101344000000,38.80383,-10.39487,-0.06646,0.71980,-0.00076,0.00032,-0.69418,0.05068,-1.51807,0.00622
101377000000,38.80545,-10.44274,-0.06685,0.71975,-0.00081,0.00030,-0.69423,0.04996,-1.51594,0.00539
101443000000,38.80895,-10.54069,-0.06689,0.71957,-0.00086,0.00036,-0.69442,0.05146,-1.51543,0.00665
101476000000,38.81047,-10.59073,-0.06671,0.71951,-0.00080,0.00038,-0.69448,0.05003,-1.51582,0.00723
101542000000,38.81367,-10.68960,-0.06650,0.71936,-0.00077,0.00047,-0.69463,0.04904,-1.51541,0.00874
101608000000,38.81628,-10.78951,-0.06595,0.71925,-0.00073,0.00039,-0.69475,0.04565,-1.51595,0.01036
101707000000,38.82069,-10.93813,-0.06537,0.71908,-0.00069,0.00032,-0.69493,0.04521,-1.51415,0.01051
101773000000,38.82402,-11.03845,-0.06460,0.71893,-0.00070,0.00035,-0.69508,0.04604,-1.51477,0.01111
101872000000,38.82926,-11.18704,-0.06399,0.71876,-0.00067,0.00047,-0.69526,0.04728,-1.51394,0.01034
101971000000,38.83417,-11.33712,-0.06302,0.71866,-0.00071,0.00052,-0.69536,0.04860,-1.51553,0.01071
102037000000,38.83724,-11.43518,-0.06281,0.71861,-0.00069,0.00052,-0.69541,0.05024,-1.51248,0.01067
102136000000,38.84183,-11.58345,-0.06223,0.71852,-0.00073,0.00051,-0.69550,0.05025,-1.50956,0.01109
102202000000,38.84480,-11.68136,-0.06163,0.71838,-0.00066,0.00044,-0.69565,0.05071,-1.50734,0.01166
102268000000,38.84806,-11.78106,-0.06060,0.71832,-0.00058,0.00039,-0.69571,0.05171,-1.50828,0.01319
102334000000,38.85130,-11.87917,-0.06032,0.71820,-0.00060,0.00037,-0.69584,0.05243,-1.50691,0.01092
102433000000,38.85649,-12.02880,-0.05915,0.71814,-0.00060,0.00037,-0.69589,0.05303,-1.50794,0.01161
102466000000,38.85787,-12.07655,-0.05936,0.71812,-0.00061,0.00040,-0.69592,0.05153,-1.50310,0.01008
102532000000,38.86050,-12.17370,-0.05897,0.71798,-0.00052,0.00034,-0.69607,0.04539,-1.47943,0.01031
102631000000,38.86450,-12.31850,-0.05774,0.71723,-0.00053,0.00030,-0.69684,0.03020,-1.43715,0.01205
102697000000,38.86510,-12.41123,-0.05754,0.71615,-0.00051,0.00028,-0.69795,0.01056,-1.41185,0.01073
102763000000,38.86468,-12.50376,-0.05710,0.71437,-0.00057,0.00028,-0.69977,-0.01429,-1.38618,0.01077
102829000000,38.86192,-12.59336,-0.05695,0.71187,-0.00048,0.00026,-0.70231,-0.04626,-1.35921,0.01091
102862000000,38.85999,-12.63763,-0.05670,0.71031,-0.00055,0.00022,-0.70389,-0.06374,-1.34113,0.01080
102928000000,38.85399,-12.72363,-0.05700,0.70660,-0.00057,0.00031,-0.70761,-0.09556,-1.32348,0.00937
102994000000,38.84640,-12.81146,-0.05658,0.70229,-0.00054,0.00031,-0.71189,-0.12425,-1.32752,0.00838
103093000000,38.83221,-12.94017,-0.05682,0.69540,-0.00054,0.00033,-0.71862,-0.14254,-1.30042,0.00715
103192000000,38.81688,-13.07243,-0.05620,0.68935,-0.00052,0.00026,-0.72443,-0.16185,-1.34376,0.00572
103258000000,38.80527,-13.16334,-0.05709,0.68526,-0.00055,0.00033,-0.72830,-0.18191,-1.40501,0.00699
103324000000,38.79168,-13.25629,-0.05738,0.68054,-0.00062,0.00041,-0.73271,-0.21338,-1.38056,0.00579
103390000000,38.77716,-13.34614,-0.05674,0.67542,-0.00061,0.00041,-0.73743,-0.23558,-1.34935,0.00640
103489000000,38.75192,-13.47502,-0.05682,0.66673,-0.00067,0.00042,-0.74530,-0.27210,-1.26875,0.00608
103555000000,38.73239,-13.55973,-0.05709,0.66010,-0.00061,0.00044,-0.75118,-0.30806,-1.24971,0.00427
103621000000,38.71001,-13.64240,-0.05743,0.65281,-0.00061,0.00049,-0.75752,-0.34965,-1.23123,0.00313
103687000000,38.68509,-13.72374,-0.05723,0.64463,-0.00056,0.00057,-0.76449,-0.39605,-1.21644,0.00574
103786000000,38.64167,-13.84320,-0.05682,0.63043,-0.00055,0.00053,-0.77625,-0.48166,-1.19877,0.00753
103885000000,38.58867,-13.96119,-0.05645,0.61249,-0.00059,0.00053,-0.79048,-0.58569,-1.18538,0.00747
103951000000,38.54772,-14.04087,-0.05660,0.59829,-0.00058,0.00060,-0.80128,-0.65884,-1.18283,0.00845
104017000000,38.50207,-14.11961,-0.05651,0.58333,-0.00056,0.00060,-0.81224,-0.72700,-1.19087,0.00815
104083000000,38.45194,-14.20083,-0.05651,0.56822,-0.00065,0.00060,-0.82288,-0.77953,-1.24287,0.00710
104149000000,38.39949,-14.28304,-0.05619,0.55455,-0.00069,0.00056,-0.83215,-0.82046,-1.24168,0.00838
104281000000,38.29034,-14.44474,-0.05523,0.53269,-0.00068,0.00063,-0.84631,-0.83695,-1.20604,0.00911
104380000000,38.20627,-14.56325,-0.05474,0.51941,-0.00076,0.00062,-0.85453,-0.85822,-1.19725,0.00688
104479000000,38.12020,-14.68096,-0.05467,0.50744,-0.00081,0.00049,-0.86169,-0.87587,-1.18709,0.00591
104578000000,38.03252,-14.79818,-0.05490,-0.49664,0.00079,-0.00051,0.86796,-0.89047,-1.17940,0.00420
104677000000,37.94352,-14.91389,-0.05491,-0.48679,0.00075,-0.00043,0.87352,-0.90471,-1.17135,0.00529
104743000000,37.88328,-14.99097,-0.05519,-0.48026,0.00068,-0.00039,0.87713,-0.92369,-1.16503,0.00459
104842000000,37.78993,-15.10486,-0.05509,-0.46820,0.00064,-0.00042,0.88362,-0.96576,-1.11791,0.00560
104908000000,37.72610,-15.17634,-0.05514,-0.45786,0.00072,-0.00045,0.88902,-0.96959,-1.06085,0.00475
105007000000,37.63011,-15.27630,-0.05485,-0.44027,0.00070,-0.00046,0.89786,-0.96812,-0.95409,0.00454
105106000000,37.53351,-15.36558,-0.05445,-0.41962,0.00070,-0.00037,0.90770,-1.01595,-0.87475,0.00262
105172000000,37.46304,-15.42294,-0.05440,-0.40310,0.00069,-0.00036,0.91516,-1.09857,-0.85337,0.00310
105271000000,37.34774,-15.50671,-0.05445,-0.37900,0.00070,-0.00021,0.92539,-1.18298,-0.81445,0.00146
105370000000,37.23254,-15.58428,-0.05421,-0.35957,0.00063,-0.00019,0.93312,-1.13098,-0.74666,0.00156
105436000000,37.15821,-15.63287,-0.05421,-0.34989,0.00070,-0.00024,0.93679,-1.14805,-0.74768,0.00399
105469000000,37.11976,-15.65818,-0.05422,-0.34586,0.00076,-0.00021,0.93829,-1.17631,-0.76357,0.00484
105535000000,37.04091,-15.70954,-0.05405,-0.33831,0.00076,-0.00030,0.94103,-1.22800,-0.78695,0.00422
105601000000,36.95832,-15.76138,-0.05352,-0.33093,0.00071,-0.00028,0.94365,-1.28229,-0.80950,0.00463
105667000000,36.87239,-15.81552,-0.05340,-0.32383,0.00074,-0.00027,0.94612,-1.31941,-0.82036,0.00407
105700000000,36.82952,-15.84201,-0.05325,-0.32037,0.00076,-0.00030,0.94729,-1.31992,-0.81454,0.00538
105733000000,36.78665,-15.86823,-0.05302,-0.31699,0.00078,-0.00032,0.94843,-1.32099,-0.80696,0.00539
105799000000,36.69954,-15.92056,-0.05261,-0.30971,0.00078,-0.00034,0.95083,-1.32757,-0.78418,0.00653
105865000000,36.61251,-15.97076,-0.05207,-0.30121,0.00079,-0.00037,0.95356,-1.33844,-0.74244,0.00560
105964000000,36.47997,-16.04035,-0.05149,-0.28449,0.00085,-0.00030,0.95868,-1.35550,-0.67031,0.00626
106030000000,36.39084,-16.08242,-0.05095,-0.27132,0.00086,-0.00031,0.96249,-1.34305,-0.60578,0.00607
106096000000,36.30383,-16.11991,-0.05045,-0.25848,0.00085,-0.00026,0.96602,-1.31734,-0.55117,0.00591
106129000000,36.26142,-16.13691,-0.05022,-0.25277,0.00092,-0.00029,0.96753,-1.31672,-0.53353,0.00591
106162000000,36.21958,-16.15359,-0.05002,-0.24776,0.00097,-0.00027,0.96882,-1.28990,-0.52392,0.00610
106228000000,36.13559,-16.18708,-0.04976,-0.23951,0.00097,-0.00013,0.97089,-1.25608,-0.49901,0.00400
106261000000,36.09526,-16.20248,-0.04984,-0.23618,0.00102,-0.00015,0.97171,-1.22911,-0.48526,0.00211
106327000000,36.01447,-16.23351,-0.04986,-0.23012,0.00105,-0.00009,0.97316,-1.24587,-0.48171,0.00172
106360000000,35.97272,-16.24945,-0.04978,-0.22692,0.00108,-0.00010,0.97391,-1.27421,-0.48277,0.00211
106459000000,35.84348,-16.29584,-0.04966,-0.21545,0.00117,-0.00012,0.97651,-1.34850,-0.45430,0.00315
106525000000,35.75304,-16.32574,-0.04937,-0.20560,0.00110,-0.00022,0.97863,-1.38765,-0.43122,0.00261
106591000000,35.66095,-16.35238,-0.04930,-0.19433,0.00113,-0.00014,0.98094,-1.42000,-0.39127,0.00491
106690000000,35.52463,-16.38646,-0.04888,-0.17635,0.00108,-0.00011,0.98433,-1.37039,-0.31606,0.00649
106789000000,35.39090,-16.41652,-0.04827,-0.16215,0.00109,0.00001,0.98677,-1.34815,-0.29456,0.00675
106855000000,35.30004,-16.43665,-0.04766,-0.15456,0.00111,-0.00001,0.98798,-1.40999,-0.29761,0.00760
106921000000,35.20610,-16.45646,-0.04720,-0.14730,0.00112,0.00006,0.98909,-1.44929,-0.29281,0.00877
107020000000,35.06229,-16.48526,-0.04638,-0.13694,0.00113,0.00009,0.99058,-1.46929,-0.27680,0.01015
107086000000,34.96398,-16.50439,-0.04596,-0.13057,0.00110,0.00014,0.99144,-1.46932,-0.26615,0.01047
107185000000,34.81881,-16.53006,-0.04540,-0.12159,0.00110,0.00014,0.99258,-1.46710,-0.24677,0.00827
107284000000,34.67434,-16.55374,-0.04503,-0.11351,0.00116,0.00016,0.99354,-1.46296,-0.22778,0.00637
107350000000,34.57738,-16.56918,-0.04511,-0.10853,0.00122,0.00011,0.99409,-1.45991,-0.21852,0.00338
107449000000,34.43153,-16.59120,-0.04525,-0.10154,0.00113,0.00009,0.99483,-1.45743,-0.20644,0.00246
107515000000,34.33599,-16.60441,-0.04505,-0.09679,0.00108,0.00010,0.99530,-1.42745,-0.18625,0.00255
107614000000,34.19811,-16.62185,-0.04535,-0.08858,0.00107,0.00008,0.99607,-1.34140,-0.15172,0.00126
107680000000,34.10862,-16.63319,-0.04571,-0.08437,0.00101,-0.00002,0.99643,-1.34081,-0.14675,-0.00089
107779000000,33.97102,-16.64889,-0.04596,-0.07838,0.00096,-0.00010,0.99692,-1.42076,-0.14477,-0.00066
107845000000,33.87646,-16.65816,-0.04606,-0.07458,0.00103,-0.00016,0.99721,-1.45941,-0.14214,0.00080
107944000000,33.73018,-16.67375,-0.04608,-0.06930,0.00098,-0.00016,0.99760,-1.45738,-0.13474,0.00098
108010000000,33.63403,-16.68291,-0.04603,-0.06597,0.00097,-0.00011,0.99782,-1.45336,-0.12820,-0.00143
108076000000,33.53495,-16.69314,-0.04617,-0.06286,0.00093,-0.00012,0.99802,-1.45477,-0.12451,-0.00040
108142000000,33.43908,-16.70116,-0.04609,-0.05997,0.00087,-0.00004,0.99820,-1.45313,-0.11847,0.00175
108208000000,33.33959,-16.71128,-0.04629,-0.05725,0.00086,0.00003,0.99836,-1.45333,-0.11475,0.00230
108241000000,33.29210,-16.71502,-0.04626,-0.05591,0.00082,-0.00002,0.99844,-1.45299,-0.11201,0.00299
108406000000,33.05452,-16.73352,-0.04622,-0.05003,0.00091,-0.00002,0.99875,-1.44425,-0.10303,-0.00079
108472000000,32.95751,-16.73973,-0.04641,-0.04784,0.00088,0.00008,0.99885,-1.44246,-0.09701,-0.00328
108538000000,32.86006,-16.74847,-0.04631,-0.04575,0.00078,0.00004,0.99895,-1.44150,-0.09488,-0.00221
108670000000,32.66962,-16.76035,-0.04646,-0.04206,0.00079,-0.00004,0.99911,-1.43574,-0.08317,-0.00253
108736000000,32.57149,-16.76844,-0.04624,-0.04043,0.00076,-0.00004,0.99918,-1.43688,-0.08039,-0.00107
108835000000,32.42468,-16.77890,-0.04602,-0.03821,0.00061,-0.00003,0.99927,-1.44138,-0.08011,-0.00173
108901000000,32.33039,-16.78401,-0.04616,-0.03683,0.00068,0.00001,0.99932,-1.43729,-0.07667,-0.00262
108967000000,32.23176,-16.79222,-0.04556,-0.03549,0.00051,-0.00002,0.99937,-1.43819,-0.07789,-0.00137
109099000000,32.04438,-16.80157,-0.04580,-0.03302,0.00063,-0.00014,0.99945,-1.43243,-0.07208,-0.00306
109165000000,31.94430,-16.80932,-0.04591,-0.03195,0.00057,-0.00014,0.99949,-1.43611,-0.07444,-0.00211
109231000000,31.84317,-16.81683,-0.04559,-0.03091,0.00047,-0.00009,0.99952,-1.43940,-0.07420,-0.00240
109330000000,31.69958,-16.82401,-0.04569,-0.02961,0.00043,-0.00008,0.99956,-1.43827,-0.07203,-0.00141
109396000000,31.59823,-16.83062,-0.04534,-0.02883,0.00033,-0.00007,0.99958,-1.44050,-0.07401,-0.00073
109429000000,31.55083,-16.83294,-0.04537,-0.02839,0.00035,0.00001,0.99960,-1.43931,-0.07364,0.00017
109528000000,31.39962,-16.84144,-0.04504,-0.02717,0.00026,0.00006,0.99963,-1.44524,-0.07269,0.00191
109627000000,31.25603,-16.84894,-0.04505,-0.02607,0.00027,0.00007,0.99966,-1.44443,-0.07170,0.00126
109726000000,31.10438,-16.85760,-0.04475,-0.02509,0.00015,0.00005,0.99969,-1.45010,-0.07034,0.00247
109792000000,31.00165,-16.86276,-0.04470,-0.02453,0.00012,0.00010,0.99970,-1.45581,-0.06828,0.00280
109858000000,30.90002,-16.86780,-0.04466,-0.02398,0.00001,0.00011,0.99971,-1.46062,-0.06749,0.00077
109957000000,30.75532,-16.87431,-0.04462,-0.02332,0.00006,0.00009,0.99973,-1.45841,-0.06778,0.00165
110056000000,30.60557,-16.88069,-0.04482,-0.02270,0.00010,0.00015,0.99974,-1.46124,-0.06567,0.00224
110089000000,30.55328,-16.88260,-0.04518,-0.02256,0.00004,0.00020,0.99975,-1.46698,-0.06574,0.00099
110122000000,30.50223,-16.88438,-0.04548,-0.02233,0.00005,0.00021,0.99975,-1.46927,-0.06539,0.00093
110188000000,30.40544,-16.88859,-0.04547,-0.02195,0.00010,0.00016,0.99976,-1.46617,-0.06436,0.00045
110254000000,30.30856,-16.89272,-0.04551,-0.02163,0.00009,0.00024,0.99977,-1.46514,-0.06263,0.00078
110320000000,30.21009,-16.89629,-0.04575,-0.02122,-0.00000,0.00026,0.99977,-1.46681,-0.06222,-0.00065
110452000000,30.01920,-16.90404,-0.04557,-0.02065,0.00014,0.00025,0.99979,-1.46033,-0.05824,0.00053
110518000000,29.91924,-16.90779,-0.04603,-0.02029,0.00010,0.00032,0.99979,-1.46397,-0.05870,-0.00133
110617000000,29.77197,-16.91311,-0.04647,-0.01992,0.00007,0.00037,0.99980,-1.46540,-0.05690,-0.00324
110716000000,29.62680,-16.91871,-0.04676,-0.01952,0.00013,0.00039,0.99981,-1.46486,-0.05784,-0.00374
110782000000,29.52659,-16.92240,-0.04705,-0.01923,0.00005,0.00047,0.99982,-1.46645,-0.05703,-0.00493
110914000000,29.33377,-16.92956,-0.04824,-0.01883,0.00005,0.00032,0.99982,-1.46353,-0.05629,-0.00679
110980000000,29.23456,-16.93370,-0.04886,-0.01865,0.00008,0.00039,0.99983,-1.46630,-0.05615,-0.00766
111145000000,28.99065,-16.94365,-0.04998,-0.01815,0.00013,0.00048,0.99984,-1.46787,-0.05684,-0.00758
111211000000,28.89363,-16.94748,-0.05012,-0.01800,0.00017,0.00050,0.99984,-1.46579,-0.05730,-0.00975
111343000000,28.69808,-16.95664,-0.05103,-0.01771,0.00001,0.00046,0.99984,-1.46855,-0.06026,-0.00916
111541000000,28.40771,-16.96768,-0.05259,-0.01749,0.00015,0.00047,0.99985,-1.46668,-0.05721,-0.00950
111673000000,28.21167,-16.97626,-0.05282,-0.01721,0.00014,0.00044,0.99985,-1.46619,-0.05894,-0.01047
111805000000,28.01781,-16.98424,-0.05347,-0.01705,0.00014,0.00042,0.99985,-1.46851,-0.05874,-0.00878
111904000000,27.86828,-16.99149,-0.05275,-0.01702,0.00009,0.00037,0.99986,-1.47223,-0.06006,-0.00809
112003000000,27.72077,-16.99776,-0.05255,-0.01698,0.00006,0.00041,0.99986,-1.47393,-0.05914,-0.00756
112069000000,27.61848,-17.00119,-0.05180,-0.01697,0.00003,0.00042,0.99986,-1.47822,-0.05974,-0.00722
112135000000,27.52200,-17.00519,-0.05200,-0.01689,0.00001,0.00045,0.99986,-1.47764,-0.05946,-0.00698
112300000000,27.28107,-17.01274,-0.05163,-0.01668,0.00001,0.00045,0.99986,-1.47788,-0.05480,-0.00389
112399000000,27.13242,-17.01846,-0.05218,-0.01644,0.00010,0.00049,0.99986,-1.45302,-0.05147,-0.00383
112498000000,26.99027,-17.02137,-0.05141,-0.01532,0.00011,0.00044,0.99988,-1.41079,-0.03327,-0.00371
112663000000,26.75641,-17.02053,-0.05151,-0.00949,0.00012,0.00049,0.99995,-1.45300,0.01449,-0.00401
112729000000,26.65922,-17.01687,-0.05093,-0.00640,0.00017,0.00046,0.99998,-1.49299,0.01839,-0.00344
112861000000,26.46289,-17.01092,-0.05182,-0.00084,0.00026,0.00047,1.00000,-1.49968,0.03033,-0.00739
112927000000,26.36345,-17.00734,-0.05208,0.00165,0.00025,0.00051,1.00000,-1.49952,0.03580,-0.00846
113059000000,26.16633,-17.00064,-0.05289,0.00606,0.00022,0.00048,0.99998,-1.49546,0.04678,-0.00859
113224000000,25.92059,-16.99208,-0.05403,0.01086,0.00022,0.00041,0.99994,-1.49233,0.05867,-0.01014
113290000000,25.82295,-16.98632,-0.05406,0.01253,0.00022,0.00045,0.99992,-1.48960,0.06375,-0.00893
113389000000,25.67532,-16.97943,-0.05439,0.01498,0.00024,0.00051,0.99989,-1.48931,0.06747,-0.00668
113488000000,25.52653,-16.97288,-0.05447,0.01716,0.00011,0.00043,0.99985,-1.50722,0.07203,-0.00551
113521000000,25.47546,-16.97025,-0.05378,0.01777,0.00011,0.00041,0.99984,-1.52566,0.07088,-0.00441
113653000000,25.27363,-16.96108,-0.05321,0.01876,0.00008,0.00042,0.99982,-1.54419,0.05159,-0.00347
113719000000,25.16970,-16.95768,-0.05337,0.01815,0.00002,0.00047,0.99984,-1.50847,0.03933,-0.00238
113785000000,25.07155,-16.95402,-0.05246,0.01735,0.00005,0.00047,0.99985,-1.48083,0.04068,-0.00184
113851000000,24.97317,-16.95142,-0.05239,0.01680,0.00004,0.00046,0.99986,-1.48226,0.03787,-0.00105
113917000000,24.87538,-16.94805,-0.05150,0.01635,0.00003,0.00048,0.99987,-1.48151,0.03836,0.00067
114016000000,24.72845,-16.94477,-0.05177,0.01560,0.00004,0.00040,0.99988,-1.48127,0.03718,-0.00171
114115000000,24.58152,-16.94041,-0.05115,0.01497,0.00009,0.00046,0.99989,-1.48178,0.03680,-0.00124
114214000000,24.43364,-16.93620,-0.05039,0.01438,0.00009,0.00045,0.99990,-1.48145,0.03735,0.00038
114379000000,24.19336,-16.92828,-0.04960,0.01350,0.00010,0.00043,0.99991,-1.47880,0.03687,0.00039
114478000000,24.04114,-16.92448,-0.04906,0.01309,0.00010,0.00044,0.99991,-1.48648,0.03772,0.00184
114577000000,23.89219,-16.92084,-0.04892,0.01250,0.00015,0.00050,0.99992,-1.51584,0.03348,0.00143
114643000000,23.79168,-16.91893,-0.04896,0.01182,0.00021,0.00054,0.99993,-1.51275,0.02713,0.00187
114775000000,23.59354,-16.91645,-0.04904,0.01015,0.00015,0.00066,0.99995,-1.48609,0.02274,0.00332
114907000000,23.39821,-16.91364,-0.04872,0.00878,0.00009,0.00077,0.99996,-1.48608,0.02097,0.00444
114973000000,23.29979,-16.91297,-0.04936,0.00814,0.00010,0.00076,0.99997,-1.48684,0.01909,0.00462
115072000000,23.15214,-16.91250,-0.04965,0.00728,0.00013,0.00075,0.99997,-1.48672,0.01651,0.00285
115138000000,23.05360,-16.91185,-0.04962,0.00679,0.00023,0.00074,0.99998,-1.48744,0.01454,0.00257
115237000000,22.90733,-16.91111,-0.05026,0.00607,0.00033,0.00067,0.99998,-1.48724,0.01403,0.00333
115336000000,22.75929,-16.90999,-0.04991,0.00542,0.00030,0.00069,0.99999,-1.48652,0.01421,0.00152
115435000000,22.61207,-16.91004,-0.05011,0.00488,0.00037,0.00059,0.99999,-1.48731,0.01300,0.00135
115501000000,22.51591,-16.91021,-0.05022,0.00444,0.00037,0.00058,0.99999,-1.48555,0.01158,0.00099
115567000000,22.41938,-16.91051,-0.05036,0.00414,0.00041,0.00054,0.99999,-1.48349,0.01117,0.00072
115699000000,22.22611,-16.90805,-0.04995,0.00349,0.00040,0.00060,0.99999,-1.48147,0.01004,0.00121
115831000000,22.02630,-16.90776,-0.05048,0.00289,0.00042,0.00050,1.00000,-1.48542,0.00949,-0.00194
115963000000,21.83022,-16.90810,-0.05094,0.00255,0.00029,0.00051,1.00000,-1.48602,0.00667,-0.00258
116095000000,21.63471,-16.90820,-0.05130,0.00226,0.00029,0.00046,1.00000,-1.48545,0.00530,-0.00243
116161000000,21.53443,-16.90892,-0.05142,0.00212,0.00029,0.00040,1.00000,-1.48589,0.00368,-0.00177
116260000000,21.38770,-16.90918,-0.05168,0.00191,0.00033,0.00047,1.00000,-1.48673,0.00073,-0.00259
116392000000,21.19167,-16.90920,-0.05198,0.00146,0.00046,0.00044,1.00000,-1.48586,0.00046,-0.00141
116491000000,21.04330,-16.90993,-0.05196,0.00121,0.00043,0.00034,1.00000,-1.48675,0.00101,-0.00065
116590000000,20.89532,-16.91013,-0.05193,0.00099,0.00049,0.00029,1.00000,-1.48791,0.00104,-0.00081
116755000000,20.64929,-16.91030,-0.05176,0.00068,0.00055,0.00025,1.00000,-1.48909,-0.00022,-0.00178
116821000000,20.55044,-16.91023,-0.05158,0.00056,0.00047,0.00023,1.00000,-1.48917,0.00096,-0.00061
116887000000,20.45238,-16.90987,-0.05140,0.00050,0.00049,0.00022,1.00000,-1.48736,0.00141,-0.00032
117019000000,20.25520,-16.91043,-0.05146,0.00032,0.00051,0.00034,1.00000,-1.48902,-0.00256,-0.00220
117151000000,20.05983,-16.91062,-0.05153,0.00020,0.00053,0.00051,1.00000,-1.48815,-0.00303,-0.00059
117217000000,19.95951,-16.91265,-0.05070,0.00020,0.00051,0.00054,1.00000,-1.48974,-0.00506,0.00035
117283000000,19.86125,-16.91291,-0.05066,0.00012,0.00051,0.00054,1.00000,-1.48956,-0.00562,-0.00185
117448000000,19.61717,-16.91487,-0.05073,0.00006,0.00061,0.00038,1.00000,-1.48874,-0.00827,-0.00202
117547000000,19.47191,-16.91599,-0.05071,0.00006,0.00059,0.00037,1.00000,-1.48611,-0.00871,-0.00242
117679000000,19.27518,-16.91762,-0.05069,0.00014,0.00050,0.00029,1.00000,-1.48632,-0.00878,-0.00245
117778000000,19.12692,-16.91858,-0.04988,0.00006,0.00043,0.00029,1.00000,-1.48763,-0.00916,-0.00004
117844000000,19.02801,-16.91928,-0.04949,0.00011,0.00045,0.00029,1.00000,-1.48847,-0.00862,0.00089
117943000000,18.88141,-16.91987,-0.04904,0.00011,0.00047,0.00015,1.00000,-1.48905,-0.00930,-0.00036
118075000000,18.68592,-16.92079,-0.04956,-0.00004,0.00048,0.00012,1.00000,-1.48600,-0.01012,-0.00298
118207000000,18.48917,-16.92179,-0.04987,0.00002,0.00038,0.00014,1.00000,-1.48698,-0.01238,-0.00337
118339000000,18.29298,-16.92368,-0.04993,0.00003,0.00034,0.00025,1.00000,-1.48967,-0.01229,-0.00227
118405000000,18.19639,-16.92348,-0.04927,0.00008,0.00033,0.00020,1.00000,-1.48783,-0.01100,-0.00001
118471000000,18.10307,-16.92261,-0.04847,0.00013,0.00032,0.00022,1.00000,-1.48445,-0.01001,-0.00065
118537000000,18.00234,-16.92341,-0.04841,0.00018,0.00028,0.00015,1.00000,-1.48749,-0.01100,-0.00104
118702000000,17.75865,-16.92464,-0.04778,0.00029,0.00029,0.00015,1.00000,-1.48367,-0.01243,-0.00139
118834000000,17.56273,-16.92576,-0.04737,0.00039,0.00023,0.00007,1.00000,-1.48513,-0.01241,0.00057
118867000000,17.51478,-16.92550,-0.04619,0.00037,0.00030,0.00009,1.00000,-1.48291,-0.01268,0.00258
118966000000,17.36835,-16.92636,-0.04524,0.00032,0.00034,0.00014,1.00000,-1.48189,-0.01386,0.00400
119065000000,17.21910,-16.92825,-0.04495,0.00040,0.00034,0.00013,1.00000,-1.48354,-0.01599,0.00326
119230000000,16.97685,-16.93073,-0.04389,0.00042,0.00028,0.00015,1.00000,-1.47654,-0.01708,0.00477
119329000000,16.82769,-16.93247,-0.04322,0.00047,0.00021,0.00006,1.00000,-1.47997,-0.01839,0.00518
119428000000,16.68022,-16.93330,-0.04302,0.00040,0.00035,0.00008,1.00000,-1.48110,-0.01985,0.00601
119494000000,16.57924,-16.93390,-0.04262,0.00044,0.00029,0.00007,1.00000,-1.48124,-0.02005,0.00479
119593000000,16.42768,-16.93493,-0.04277,0.00038,0.00019,0.00015,1.00000,-1.48659,-0.01996,0.00438
119692000000,16.28212,-16.93669,-0.04237,0.00036,0.00023,0.00015,1.00000,-1.48478,-0.02008,0.00592
119791000000,16.13106,-16.93688,-0.04206,0.00031,0.00014,0.00026,1.00000,-1.48814,-0.01961,0.00570
119890000000,15.98288,-16.93618,-0.04214,0.00023,0.00009,0.00028,1.00000,-1.48768,-0.01919,0.00469
120055000000,15.74153,-16.93792,-0.04140,0.00020,0.00011,0.00029,1.00000,-1.48204,-0.01945,-0.00043
120154000000,15.58757,-16.93985,-0.04107,0.00025,-0.00006,0.00027,1.00000,-1.49201,-0.01779,-0.00146
120286000000,15.38963,-16.94008,-0.04117,0.00031,-0.00006,0.00035,1.00000,-1.49343,-0.01567,-0.00586
120352000000,15.29221,-16.93889,-0.04133,0.00032,-0.00001,0.00049,1.00000,-1.49206,-0.01449,-0.00720
120418000000,15.19358,-16.93753,-0.04156,0.00041,0.00005,0.00050,1.00000,-1.49209,-0.01256,-0.00660
120484000000,15.09450,-16.93826,-0.04198,0.00035,0.00004,0.00045,1.00000,-1.49398,-0.01304,-0.00818
120649000000,14.85111,-16.93868,-0.04236,0.00033,0.00014,0.00036,1.00000,-1.48934,-0.01263,-0.00536
120715000000,14.75202,-16.93805,-0.04241,0.00039,0.00007,0.00043,1.00000,-1.48920,-0.01093,-0.00411
120781000000,14.65390,-16.93759,-0.04203,0.00041,0.00005,0.00044,1.00000,-1.48685,-0.00967,-0.00398
120880000000,14.50649,-16.93863,-0.04225,0.00040,0.00000,0.00040,1.00000,-1.48975,-0.01155,-0.00394
120946000000,14.41019,-16.93682,-0.04163,0.00040,0.00008,0.00050,1.00000,-1.48781,-0.01003,-0.00219
121012000000,14.31128,-16.93583,-0.04101,0.00039,0.00010,0.00054,1.00000,-1.48830,-0.00724,-0.00131
121078000000,14.21242,-16.93659,-0.04123,0.00044,-0.00001,0.00059,1.00000,-1.48761,-0.00773,-0.00080
121243000000,13.97034,-16.93755,-0.04081,0.00050,-0.00002,0.00053,1.00000,-1.48414,-0.01026,-0.00394
121309000000,13.86899,-16.93769,-0.04052,0.00054,-0.00014,0.00050,1.00000,-1.48784,-0.00874,-0.00416
121441000000,13.67153,-16.93823,-0.04033,0.00055,-0.00020,0.00054,1.00000,-1.48948,-0.01083,-0.00416
121507000000,13.57307,-16.93885,-0.04040,0.00051,-0.00018,0.00057,1.00000,-1.48721,-0.01107,-0.00544
121639000000,13.37705,-16.93973,-0.04012,0.00059,-0.00014,0.00054,1.00000,-1.48695,-0.01110,-0.00674
121705000000,13.27873,-16.94026,-0.04022,0.00067,-0.00016,0.00051,1.00000,-1.48705,-0.01114,-0.00783
121804000000,13.13248,-16.93956,-0.03942,0.00067,-0.00017,0.00043,1.00000,-1.48828,-0.00753,-0.00658
121870000000,13.03316,-16.94012,-0.03956,0.00068,-0.00017,0.00047,1.00000,-1.48893,-0.00767,-0.00734
121969000000,12.88541,-16.93989,-0.03854,0.00065,-0.00022,0.00044,1.00000,-1.48996,-0.00595,-0.00730
122101000000,12.68928,-16.94094,-0.03956,0.00062,-0.00027,0.00048,1.00000,-1.49098,-0.00757,-0.00965
122200000000,12.54294,-16.94021,-0.03908,0.00056,-0.00029,0.00047,1.00000,-1.48947,-0.00702,-0.00906
122299000000,12.39311,-16.93965,-0.03892,0.00060,-0.00032,0.00043,1.00000,-1.49193,-0.00558,-0.01007
122365000000,12.29260,-16.93883,-0.03828,0.00056,-0.00036,0.00051,1.00000,-1.49413,-0.00348,-0.01094
122431000000,12.19560,-16.93777,-0.03802,0.00056,-0.00032,0.00053,1.00000,-1.49320,-0.00154,-0.01254
122497000000,12.09567,-16.93777,-0.03869,0.00054,-0.00034,0.00048,1.00000,-1.49429,-0.00247,-0.01466
122596000000,11.94565,-16.93752,-0.03878,0.00070,-0.00035,0.00046,1.00000,-1.49461,0.00072,-0.01545
122662000000,11.84581,-16.93714,-0.03861,0.00066,-0.00044,0.00048,1.00000,-1.49628,-0.00041,-0.01506
122761000000,11.69839,-16.93648,-0.03808,0.00070,-0.00044,0.00042,1.00000,-1.49649,-0.00092,-0.01351
122860000000,11.55055,-16.93629,-0.03948,0.00068,-0.00041,0.00042,1.00000,-1.49595,-0.00113,-0.01462
122926000000,11.45146,-16.93570,-0.03872,0.00070,-0.00041,0.00041,1.00000,-1.49631,0.00165,-0.01289
122992000000,11.35589,-16.93518,-0.03861,0.00069,-0.00035,0.00037,1.00000,-1.49232,0.00180,-0.01317
123091000000,11.20766,-16.93467,-0.03978,0.00057,-0.00044,0.00043,1.00000,-1.49381,0.00239,-0.01462
123190000000,11.06142,-16.93389,-0.03966,0.00052,-0.00040,0.00049,1.00000,-1.49318,0.00473,-0.01603
123256000000,10.96324,-16.93278,-0.03937,0.00053,-0.00042,0.00050,1.00000,-1.49194,0.00712,-0.01507
123355000000,10.81577,-16.93182,-0.03958,0.00056,-0.00045,0.00053,1.00000,-1.49307,0.00902,-0.01318
123421000000,10.71691,-16.93145,-0.03896,0.00054,-0.00054,0.00052,1.00000,-1.49518,0.00939,-0.01448
123520000000,10.56869,-16.93137,-0.03930,0.00065,-0.00047,0.00046,1.00000,-1.49693,0.00764,-0.01563
123553000000,10.52015,-16.93148,-0.03850,0.00064,-0.00050,0.00046,1.00000,-1.49622,0.00794,-0.01554
123619000000,10.42231,-16.93190,-0.03855,0.00071,-0.00054,0.00038,1.00000,-1.49615,0.00465,-0.01474
123718000000,10.27473,-16.93142,-0.03985,0.00067,-0.00053,0.00040,1.00000,-1.49652,0.00381,-0.01820
123817000000,10.12864,-16.93212,-0.03984,0.00070,-0.00056,0.00032,1.00000,-1.49565,0.00282,-0.01725
123883000000,10.03159,-16.93265,-0.03940,0.00072,-0.00054,0.00029,1.00000,-1.49519,0.00306,-0.01748
123949000000,9.93309,-16.93311,-0.03952,0.00074,-0.00055,0.00029,1.00000,-1.49460,0.00118,-0.01688
124015000000,9.83426,-16.93316,-0.04070,0.00073,-0.00052,0.00027,1.00000,-1.49507,0.00079,-0.01970
124114000000,9.68601,-16.93359,-0.04121,0.00078,-0.00052,0.00014,1.00000,-1.49437,-0.00110,-0.02165
124180000000,9.58760,-16.93292,-0.04219,0.00075,-0.00053,0.00014,1.00000,-1.49358,0.00122,-0.02295
124279000000,9.43921,-16.93253,-0.04200,0.00082,-0.00051,0.00008,1.00000,-1.49789,0.00171,-0.02116
124345000000,9.34089,-16.93214,-0.04343,0.00081,-0.00047,-0.00000,1.00000,-1.49845,0.00242,-0.02180
124411000000,9.24078,-16.93203,-0.04211,0.00081,-0.00049,0.00006,1.00000,-1.50103,0.00372,-0.01946
124477000000,9.14210,-16.93179,-0.04338,0.00073,-0.00044,0.00005,1.00000,-1.50131,0.00489,-0.02017
124576000000,8.99300,-16.93151,-0.04264,0.00082,-0.00055,0.00003,1.00000,-1.50509,0.00393,-0.01731
124642000000,8.89416,-16.93145,-0.04330,0.00085,-0.00056,0.00003,1.00000,-1.50547,0.00451,-0.01826
124708000000,8.79448,-16.93102,-0.04156,0.00084,-0.00058,0.00001,1.00000,-1.50486,0.00476,-0.01648
124774000000,8.69492,-16.93066,-0.04073,0.00074,-0.00063,0.00013,1.00000,-1.50545,0.00369,-0.01517
124807000000,8.64447,-16.93070,-0.04105,0.00072,-0.00067,0.00010,1.00000,-1.50657,0.00368,-0.01480
124906000000,8.49543,-16.93042,-0.04082,0.00063,-0.00067,0.00013,1.00000,-1.50551,0.00315,-0.01587
124972000000,8.39684,-16.92999,-0.04180,0.00062,-0.00063,0.00018,1.00000,-1.50706,0.00320,-0.01692
125104000000,8.20201,-16.92790,-0.04257,0.00074,-0.00048,0.00023,1.00000,-1.50352,0.00458,-0.01698
125203000000,8.05308,-16.92660,-0.04289,0.00072,-0.00041,0.00031,1.00000,-1.50424,0.00774,-0.01643
125269000000,7.95414,-16.92599,-0.04272,0.00078,-0.00044,0.00034,1.00000,-1.50600,0.00807,-0.01701
125335000000,7.85547,-16.92547,-0.04247,0.00086,-0.00044,0.00030,1.00000,-1.50514,0.00609,-0.01699
125401000000,7.75595,-16.92514,-0.04349,0.00089,-0.00045,0.00029,1.00000,-1.50421,0.00617,-0.01933
125533000000,7.55859,-16.92429,-0.04458,0.00098,-0.00035,0.00029,1.00000,-1.50400,0.00664,-0.02056
125599000000,7.46035,-16.92391,-0.04457,0.00102,-0.00031,0.00031,1.00000,-1.50218,0.00637,-0.01963
125698000000,7.31217,-16.92313,-0.04496,0.00106,-0.00028,0.00030,1.00000,-1.50040,0.00593,-0.02006
125797000000,7.16331,-16.92245,-0.04666,0.00099,-0.00031,0.00030,1.00000,-1.50370,0.00732,-0.02288
125830000000,7.11470,-16.92239,-0.04502,0.00096,-0.00029,0.00025,1.00000,-1.50201,0.00730,-0.02016
125896000000,7.01579,-16.92272,-0.04441,0.00094,-0.00036,0.00022,1.00000,-1.50217,0.00571,-0.01944
125962000000,6.91592,-16.92306,-0.04524,0.00093,-0.00033,0.00022,1.00000,-1.50362,0.00448,-0.01738
126061000000,6.76680,-16.92271,-0.04498,0.00089,-0.00024,0.00017,1.00000,-1.50435,0.00562,-0.01577
126193000000,6.57053,-16.92196,-0.04600,0.00093,-0.00029,0.00017,1.00000,-1.50067,0.00556,-0.01617
126259000000,6.47042,-16.92218,-0.04600,0.00094,-0.00032,0.00012,1.00000,-1.50216,0.00440,-0.01743
126292000000,6.42126,-16.92237,-0.04534,0.00092,-0.00033,0.00004,1.00000,-1.50137,0.00407,-0.01585
126325000000,6.37244,-16.92197,-0.04463,0.00090,-0.00031,-0.00001,1.00000,-1.49963,0.00475,-0.01462
126358000000,6.32260,-16.92176,-0.04496,0.00094,-0.00029,0.00001,1.00000,-1.50045,0.00444,-0.01416
126391000000,6.27348,-16.92168,-0.04408,0.00097,-0.00027,-0.00001,1.00000,-1.50063,0.00437,-0.01177
126424000000,6.22354,-16.92156,-0.04447,0.00094,-0.00029,-0.00005,1.00000,-1.50132,0.00491,-0.01158
126457000000,6.17508,-16.92152,-0.04371,0.00098,-0.00025,-0.00008,1.00000,-1.49957,0.00498,-0.01029
126490000000,6.12502,-16.92142,-0.04399,0.00098,-0.00032,-0.00012,1.00000,-1.50071,0.00418,-0.01136
126523000000,6.07582,-16.92169,-0.04346,0.00100,-0.00033,-0.00014,1.00000,-1.50144,0.00183,-0.01084
126556000000,6.02621,-16.92164,-0.04379,0.00099,-0.00035,-0.00013,1.00000,-1.50202,0.00290,-0.01156
126589000000,5.97712,-16.92182,-0.04333,0.00101,-0.00034,-0.00016,1.00000,-1.50150,0.00257,-0.00908
126622000000,5.92740,-16.92175,-0.04362,0.00104,-0.00035,-0.00021,1.00000,-1.50263,0.00216,-0.00995
126655000000,5.87847,-16.92196,-0.04306,0.00107,-0.00032,-0.00025,1.00000,-1.50256,0.00186,-0.00762
126688000000,5.82901,-16.92183,-0.04327,0.00108,-0.00031,-0.00026,1.00000,-1.50268,0.00289,-0.00696
126721000000,5.77998,-16.92207,-0.04272,0.00107,-0.00031,-0.00027,1.00000,-1.50067,0.00210,-0.00404
126754000000,5.73070,-16.92192,-0.04288,0.00104,-0.00032,-0.00028,1.00000,-1.48636,0.00248,-0.00367
126787000000,5.68262,-16.92180,-0.04258,0.00105,-0.00033,-0.00030,1.00000,-1.45981,0.00235,-0.00340
126820000000,5.63466,-16.92170,-0.04278,0.00109,-0.00033,-0.00028,1.00000,-1.43920,0.00183,-0.00349
126853000000,5.58802,-16.92158,-0.04226,0.00110,-0.00037,-0.00030,1.00000,-1.41239,0.00159,-0.00273
126886000000,5.54210,-16.92153,-0.04241,0.00109,-0.00035,-0.00029,1.00000,-1.37685,0.00104,-0.00304
126919000000,5.49728,-16.92162,-0.04204,0.00107,-0.00035,-0.00026,1.00000,-1.34806,0.00096,-0.00259
126952000000,5.45330,-16.92160,-0.04220,0.00102,-0.00035,-0.00028,1.00000,-1.30809,0.00073,-0.00237
126985000000,5.41087,-16.92175,-0.04188,0.00096,-0.00039,-0.00031,1.00000,-1.28781,0.00073,-0.00154
127018000000,5.36911,-16.92161,-0.04191,0.00096,-0.00042,-0.00031,1.00000,-1.25764,0.00112,-0.00204
127051000000,5.32880,-16.92170,-0.04157,0.00097,-0.00041,-0.00033,1.00000,-1.24049,0.00142,-0.00088
127084000000,5.28832,-16.92158,-0.04160,0.00095,-0.00045,-0.00035,1.00000,-1.20737,0.00117,0.00003
127117000000,5.24921,-16.92157,-0.04134,0.00094,-0.00048,-0.00036,1.00000,-1.17313,0.00142,-0.00038
127150000000,5.21050,-16.92152,-0.04141,0.00096,-0.00052,-0.00038,1.00000,-1.15806,0.00028,-0.00009
127183000000,5.17324,-16.92154,-0.04122,0.00103,-0.00054,-0.00037,1.00000,-1.12389,0.00017,-0.00035
127216000000,5.13656,-16.92156,-0.04120,0.00103,-0.00058,-0.00038,1.00000,-1.09584,-0.00023,-0.00003
127249000000,5.10096,-16.92154,-0.04102,0.00101,-0.00055,-0.00036,1.00000,-1.07513,0.00018,0.00014
127282000000,5.06613,-16.92149,-0.04100,0.00100,-0.00055,-0.00039,1.00000,-1.04546,-0.00044,0.00018
127315000000,5.03224,-16.92149,-0.04080,0.00101,-0.00052,-0.00036,1.00000,-1.01009,-0.00135,0.00052
127348000000,4.99899,-16.92156,-0.04084,0.00103,-0.00051,-0.00036,1.00000,-0.98892,-0.00179,-0.00005
127381000000,4.96718,-16.92160,-0.04067,0.00110,-0.00049,-0.00037,1.00000,-0.95159,-0.00132,-0.00001
127414000000,4.93605,-16.92167,-0.04073,0.00107,-0.00048,-0.00036,1.00000,-0.91619,-0.00033,0.00050
127447000000,4.90555,-16.92167,-0.04070,0.00112,-0.00047,-0.00040,1.00000,-0.89988,0.00013,0.00069
127480000000,4.87604,-16.92174,-0.04077,0.00111,-0.00046,-0.00045,1.00000,-0.87120,-0.00109,-0.00062
127513000000,4.84731,-16.92175,-0.04082,0.00112,-0.00045,-0.00049,1.00000,-0.84409,-0.00196,-0.00045
127546000000,4.81936,-16.92186,-0.04079,0.00116,-0.00046,-0.00053,1.00000,-0.83671,-0.00192,0.00051
127579000000,4.79119,-16.92202,-0.04076,0.00116,-0.00049,-0.00055,1.00000,-0.81227,-0.00219,0.00034
127612000000,4.76494,-16.92203,-0.04074,0.00113,-0.00051,-0.00055,1.00000,-0.78727,-0.00238,0.00006
127645000000,4.73874,-16.92206,-0.04074,0.00112,-0.00055,-0.00056,1.00000,-0.75921,-0.00346,0.00015
127678000000,4.71427,-16.92219,-0.04071,0.00112,-0.00058,-0.00057,1.00000,-0.72823,-0.00499,-0.00003
127711000000,4.69021,-16.92221,-0.04076,0.00110,-0.00061,-0.00056,1.00000,-0.70472,-0.00500,-0.00054
127744000000,4.66732,-16.92235,-0.04081,0.00117,-0.00060,-0.00053,1.00000,-0.68245,-0.00431,-0.00154
127777000000,4.64518,-16.92222,-0.04089,0.00117,-0.00063,-0.00055,1.00000,-0.66507,-0.00390,-0.00269
127810000000,4.62390,-16.92223,-0.04095,0.00113,-0.00065,-0.00055,1.00000,-0.62750,-0.00359,-0.00229
127843000000,4.60375,-16.92219,-0.04102,0.00113,-0.00063,-0.00050,1.00000,-0.59828,-0.00376,-0.00326
127876000000,4.58363,-16.92209,-0.04112,0.00109,-0.00067,-0.00046,1.00000,-0.57717,-0.00468,-0.00317
127909000000,4.56483,-16.92218,-0.04124,0.00105,-0.00065,-0.00042,1.00000,-0.55248,-0.00456,-0.00350
127942000000,4.54716,-16.92222,-0.04130,0.00103,-0.00072,-0.00038,1.00000,-0.52752,-0.00433,-0.00331
127975000000,4.52974,-16.92209,-0.04134,0.00104,-0.00078,-0.00037,1.00000,-0.49634,-0.00463,-0.00206
128008000000,4.51382,-16.92215,-0.04140,0.00108,-0.00075,-0.00037,1.00000,-0.47938,-0.00366,-0.00177
128041000000,4.49864,-16.92220,-0.04139,0.00113,-0.00078,-0.00033,1.00000,-0.44966,-0.00338,-0.00046
128074000000,4.48401,-16.92192,-0.04121,0.00106,-0.00079,-0.00031,1.00000,-0.42069,-0.00339,0.00034
128107000000,4.47039,-16.92196,-0.04122,0.00113,-0.00077,-0.00029,1.00000,-0.40634,-0.00376,-0.00003
128140000000,4.45756,-16.92202,-0.04123,0.00112,-0.00075,-0.00029,1.00000,-0.37499,-0.00473,-0.00044
128173000000,4.44582,-16.92201,-0.04118,0.00110,-0.00079,-0.00022,1.00000,-0.34475,-0.00432,0.00036
128206000000,4.43528,-16.92168,-0.04092,0.00111,-0.00079,-0.00017,1.00000,-0.32316,-0.00397,0.00083
128239000000,4.42532,-16.92173,-0.04092,0.00113,-0.00081,-0.00019,1.00000,-0.29137,-0.00336,-0.00029
128272000000,4.41619,-16.92182,-0.04091,0.00117,-0.00080,-0.00018,1.00000,-0.26661,-0.00353,0.00107
128305000000,4.40782,-16.92196,-0.04094,0.00118,-0.00077,-0.00019,1.00000,-0.25084,-0.00491,0.00047
128338000000,4.40051,-16.92200,-0.04098,0.00119,-0.00074,-0.00017,1.00000,-0.22144,-0.00392,-0.00033
128371000000,4.39452,-16.92171,-0.04080,0.00121,-0.00066,-0.00015,1.00000,-0.19730,-0.00412,0.00068
128404000000,4.38850,-16.92188,-0.04089,0.00125,-0.00059,-0.00016,1.00000,-0.18287,-0.00321,0.00010
128437000000,4.38376,-16.92192,-0.04096,0.00126,-0.00053,-0.00015,1.00000,-0.15293,-0.00214,0.00132
128470000000,4.37994,-16.92190,-0.04100,0.00129,-0.00046,-0.00010,1.00000,-0.12933,-0.00049,0.00055
128503000000,4.37709,-16.92189,-0.04103,0.00124,-0.00043,-0.00012,1.00000,-0.10640,-0.00112,0.00046
128536000000,4.37521,-16.92185,-0.04103,0.00125,-0.00038,-0.00011,1.00000,-0.07433,-0.00033,0.00023
128569000000,4.37445,-16.92182,-0.04113,0.00129,-0.00027,-0.00006,1.00000,-0.05165,-0.00014,-0.00061
128602000000,4.37464,-16.92189,-0.04121,0.00132,-0.00021,-0.00006,1.00000,-0.02377,-0.00154,0.00034
128635000000,4.37505,-16.92196,-0.04126,0.00133,-0.00012,-0.00001,1.00000,-0.02345,-0.00274,-0.00015
128668000000,4.37544,-16.92197,-0.04132,0.00132,-0.00006,-0.00002,1.00000,-0.02187,-0.00328,-0.00039
128701000000,4.37584,-16.92206,-0.04139,0.00137,0.00001,-0.00006,1.00000,-0.02117,-0.00210,-0.00139
128734000000,4.37627,-16.92212,-0.04152,0.00136,0.00014,-0.00008,1.00000,-0.01932,-0.00130,-0.00279
128767000000,4.37667,-16.92214,-0.04159,0.00138,0.00015,-0.00006,1.00000,-0.01827,-0.00206,-0.00216
128800000000,4.37703,-16.92218,-0.04155,0.00138,0.00018,-0.00007,1.00000,-0.01707,-0.00083,-0.00241
128833000000,4.37738,-16.92223,-0.04154,0.00143,0.00021,-0.00003,1.00000,-0.01632,-0.00118,-0.00256
128866000000,4.37771,-16.92234,-0.04152,0.00146,0.00022,-0.00002,1.00000,-0.01539,-0.00155,-0.00337
128899000000,4.37804,-16.92247,-0.04155,0.00150,0.00030,-0.00002,1.00000,-0.01458,-0.00238,-0.00268
128932000000,4.37837,-16.92255,-0.04163,0.00151,0.00037,-0.00006,1.00000,-0.01266,-0.00235,-0.00248
128965000000,4.37867,-16.92260,-0.04170,0.00152,0.00042,-0.00003,1.00000,-0.01123,-0.00304,-0.00348
128998000000,4.37896,-16.92256,-0.04173,0.00149,0.00045,-0.00001,1.00000,-0.01063,-0.00193,-0.00273
129031000000,4.37920,-16.92248,-0.04175,0.00147,0.00048,-0.00001,1.00000,-0.00989,-0.00171,-0.00349
129064000000,4.37942,-16.92239,-0.04180,0.00144,0.00053,0.00001,1.00000,-0.00941,-0.00114,-0.00436
129097000000,4.37965,-16.92233,-0.04189,0.00143,0.00060,0.00001,1.00000,-0.00784,-0.00141,-0.00471
129130000000,4.37987,-16.92238,-0.04199,0.00147,0.00066,-0.00000,1.00000,-0.00654,-0.00024,-0.00457
129163000000,4.38006,-16.92240,-0.04201,0.00146,0.00067,0.00003,1.00000,-0.00537,-0.00021,-0.00350
129196000000,4.38022,-16.92230,-0.04200,0.00141,0.00070,0.00004,1.00000,-0.00423,0.00013,-0.00291
129229000000,4.38035,-16.92217,-0.04201,0.00138,0.00070,0.00007,1.00000,-0.00394,0.00055,-0.00408
129262000000,4.38047,-16.92206,-0.04197,0.00135,0.00070,0.00009,1.00000,-0.00315,0.00084,-0.00324
129295000000,4.38060,-16.92208,-0.04197,0.00139,0.00074,0.00006,1.00000,-0.00199,0.00081,-0.00392
129328000000,4.38071,-16.92215,-0.04197,0.00139,0.00073,0.00004,1.00000,-0.00143,0.00079,-0.00362
129361000000,4.38080,-16.92218,-0.04189,0.00141,0.00071,0.00005,1.00000,-0.00056,0.00071,-0.00342
129394000000,4.38089,-16.92219,-0.04190,0.00140,0.00076,0.00004,1.00000,-0.00034,0.00120,-0.00332
129427000000,4.38097,-16.92217,-0.04197,0.00141,0.00081,0.00005,1.00000,0.00013,0.00208,-0.00169
129460000000,4.38105,-16.92218,-0.04205,0.00141,0.00085,0.00004,1.00000,0.00072,0.00115,-0.00223
129493000000,4.38114,-16.92220,-0.04213,0.00141,0.00088,0.00003,1.00000,0.00145,0.00123,-0.00190
129526000000,4.38120,-16.92219,-0.04217,0.00141,0.00090,0.00009,1.00000,0.00193,0.00066,-0.00174
129559000000,4.38124,-16.92217,-0.04216,0.00141,0.00090,0.00008,1.00000,0.00206,-0.00095,-0.00038
