1786676806338199808,0.00000,0.00000,0.00000,1.00000,0.00000,0.00000,0.00000,0.00000,0.00000,0.00000
1786676806471342336,0.00083,-0.00012,0.00074,1.00000,0.00158,-0.00025,0.00001,0.00620,-0.00093,0.00552
1786676806704567552,0.00018,0.00017,0.00007,1.00000,0.00083,-0.00011,-0.00006,-0.00279,0.00125,-0.00287
1786676806838465280,0.00081,-0.00090,-0.00017,1.00000,0.00063,-0.00019,0.00004,0.00471,-0.00798,-0.00177
1786676806937987584,0.00070,-0.00125,-0.00019,1.00000,0.00048,-0.00013,0.00012,-0.00107,-0.00346,-0.00017
1786676807137854464,0.00053,-0.00012,-0.00028,1.00000,0.00068,-0.00011,-0.00004,-0.00083,0.00563,-0.00047
1786676807238188544,0.00126,-0.00046,-0.00030,1.00000,0.00116,-0.00027,0.00005,0.00723,-0.00337,-0.00016
1786676807404624640,0.00072,-0.00008,0.00029,1.00000,0.00187,-0.00029,0.00040,-0.00322,0.00226,0.00354
1786676807571269376,0.00147,-0.00096,0.00038,1.00000,0.00145,-0.00029,0.00005,0.00445,-0.00526,0.00055
1786676807704390400,-0.00000,-0.00154,-0.00047,1.00000,0.00097,-0.00014,0.00032,-0.01102,-0.00435,-0.00641
1786676807804418048,0.00094,-0.00027,-0.00018,1.00000,0.00121,-0.00019,-0.00016,0.00940,0.01266,0.00289
1786676807938176768,-0.00002,-0.00171,0.00010,1.00000,0.00037,-0.00004,0.00006,-0.00714,-0.01076,0.00212
1786676808104434944,0.00090,-0.00095,0.00004,1.00000,0.00093,-0.00013,-0.00018,0.00551,0.00457,-0.00036
1786676808238252800,0.00006,-0.00077,-0.00052,1.00000,0.00053,-0.00006,0.00006,-0.00629,0.00135,-0.00418
1786676808404751616,-0.00007,-0.00127,0.00030,1.00000,0.00115,-0.00004,0.00013,-0.00076,-0.00300,0.00490
1786676808571165184,-0.00034,-0.00129,-0.00029,1.00000,0.00111,-0.00003,0.00032,-0.00166,-0.00013,-0.00353
1786676808704571392,-0.00006,-0.00060,-0.00084,1.00000,0.00064,-0.00009,0.00006,0.00211,0.00520,-0.00417
1786676808804951552,0.00057,-0.00056,0.00010,1.00000,0.00074,-0.00011,0.00040,0.00632,0.00045,0.00940
1786676809004653568,0.00063,-0.00114,-0.00026,1.00000,0.00035,-0.00011,0.00024,0.00030,-0.00294,-0.00179
1786676809204695808,0.00048,-0.00106,-0.00002,1.00000,0.00061,-0.00006,0.00014,-0.00075,0.00041,0.00117
1786676809338177024,0.00005,-0.00029,-0.00080,1.00000,0.00117,-0.00004,0.00006,-0.00322,0.00575,-0.00580
1786676809504632832,0.00057,-0.00005,0.00003,1.00000,0.00101,-0.00004,-0.00019,0.00310,0.00147,0.00499
1786676809706970624,0.00057,-0.00092,-0.00005,1.00000,0.00053,-0.00008,-0.00004,0.00001,-0.00430,-0.00043
1786676809804523264,0.00077,-0.00094,0.00108,1.00000,0.00088,0.00006,-0.00038,0.00209,-0.00025,0.01162
1786676809971315200,-0.00041,-0.00206,-0.00043,1.00000,0.00047,0.00002,0.00032,-0.00709,-0.00670,-0.00908
1786676810071160832,-0.00025,-0.00063,-0.00069,1.00000,0.00129,-0.00007,0.00020,0.00154,0.01438,-0.00254
1786676810271328768,0.00064,-0.00090,-0.00023,1.00000,0.00103,-0.00011,-0.00017,0.00447,-0.00139,0.00230
1786676810404665600,0.00069,-0.00049,-0.00009,1.00000,0.00099,-0.00018,-0.00007,0.00039,0.00311,0.00102
1786676810571126016,0.00026,-0.00005,0.00023,1.00000,0.00084,-0.00007,0.00006,-0.00257,0.00263,0.00192
1786676810637787904,0.00006,-0.00186,0.00053,1.00000,0.00038,-0.00018,0.00056,-0.00312,-0.02712,0.00450
1786676810771254528,0.00125,0.00015,0.00036,1.00000,0.00140,-0.00018,-0.00032,0.00898,0.01507,-0.00125
1786676810971083776,0.00058,-0.00039,-0.00003,1.00000,0.00139,-0.00018,-0.00024,-0.00337,-0.00273,-0.00197
1786676811104574720,0.00090,-0.00010,-0.00008,1.00000,0.00116,-0.00019,-0.00038,0.00237,0.00221,-0.00035
1786676811204954624,0.00004,-0.00152,0.00013,1.00000,0.00081,0.00001,-0.00001,-0.00853,-0.01419,0.00209
1786676811338394880,-0.00019,-0.00188,0.00024,1.00000,0.00045,-0.00000,0.00021,-0.00173,-0.00265,0.00084
1786676811504875008,0.00063,-0.00178,0.00036,1.00000,0.00076,-0.00010,0.00022,0.00492,0.00055,0.00071
1786676811671123968,0.00042,-0.00176,0.00011,1.00000,0.00045,-0.00009,0.00019,-0.00126,0.00017,-0.00152
1786676811842829568,0.00015,-0.00131,0.00027,1.00000,0.00147,-0.00008,0.00011,-0.00157,0.00261,0.00094
1786676812004476672,0.00075,-0.00055,0.00015,1.00000,0.00085,-0.00016,-0.00013,0.00367,0.00470,-0.00075
1786676812137768192,0.00096,-0.00037,0.00083,1.00000,0.00162,-0.00022,-0.00014,0.00160,0.00137,0.00509
1786676812205067520,0.00045,-0.00099,0.00032,1.00000,0.00122,-0.00011,-0.00007,-0.00758,-0.00923,-0.00747
1786676812404609792,0.00051,-0.00075,-0.00076,1.00000,0.00075,-0.00012,-0.00005,0.00032,0.00120,-0.00543
1786676812537751552,0.00045,-0.00001,-0.00018,1.00000,0.00107,-0.00008,0.00017,-0.00045,0.00554,0.00433
1786676812805260288,0.00034,0.00043,-0.00040,1.00000,0.00131,-0.00007,-0.00021,-0.00042,0.00164,-0.00081
1786676812904590848,0.00039,-0.00174,-0.00045,1.00000,0.00059,-0.00009,0.00026,0.00046,-0.02186,-0.00051
1786676813004594176,0.00067,-0.00098,0.00077,1.00000,0.00137,-0.00016,0.00007,0.00281,0.00759,0.01221
1786676813204840704,0.00090,-0.00033,0.00048,1.00000,0.00099,-0.00015,-0.00001,0.00118,0.00325,-0.00145
1786676813305487360,0.00116,-0.00018,0.00019,1.00000,0.00136,-0.00017,-0.00020,0.00251,0.00155,-0.00290
1786676813437527296,0.00046,-0.00022,0.00069,1.00000,0.00167,-0.00017,0.00018,-0.00523,-0.00030,0.00380
1786676813471179008,0.00008,-0.00101,-0.00052,1.00000,0.00081,0.00003,-0.00012,-0.01152,-0.02359,-0.03600
1786676813670907392,0.00102,-0.00024,0.00039,1.00000,0.00129,-0.00018,-0.00032,0.00471,0.00386,0.00455
1786676813872012800,0.00051,-0.00033,-0.00014,1.00000,0.00088,-0.00013,-0.00009,-0.00254,-0.00047,-0.00264
1786676814037965824,0.00040,-0.00055,0.00036,1.00000,0.00146,-0.00015,0.00014,-0.00066,-0.00129,0.00303
1786676814171009280,0.00051,0.00009,-0.00010,1.00000,0.00108,-0.00015,-0.00020,0.00084,0.00482,-0.00345
1786676814304641024,0.00031,-0.00088,-0.00045,1.00000,0.00072,-0.00010,-0.00010,-0.00153,-0.00726,-0.00258
1786676814471024640,-0.00010,-0.00093,-0.00018,1.00000,0.00034,-0.00000,-0.00012,-0.00242,-0.00033,0.00158
1786676814570981376,0.00086,-0.00041,0.00012,1.00000,0.00100,-0.00017,0.00032,0.00952,0.00521,0.00303
1786676814737857536,-0.00007,-0.00219,-0.00036,1.00000,-0.00085,0.00021,-0.00035,-0.00557,-0.01063,-0.00286
1786676814840041472,0.00057,-0.00139,0.00044,1.00000,0.00071,0.00004,0.00015,0.00629,0.00777,0.00778
1786676815004698880,0.00013,-0.00167,0.00065,1.00000,0.00074,0.00007,0.00063,-0.00265,-0.00170,0.00129
1786676815137688064,0.00027,-0.00057,0.00044,1.00000,0.00118,-0.00001,0.00015,0.00103,0.00827,-0.00160
1786676815271347456,0.00029,-0.00313,-0.00014,1.00000,0.00027,-0.00005,0.00017,0.00015,-0.01915,-0.00431
1786676815371084032,-0.00019,-0.00285,0.00017,1.00000,-0.00069,0.00004,0.00065,-0.00478,0.00288,0.00307
1786676815570953472,-0.00020,-0.00107,-0.00077,1.00000,0.00208,-0.00007,-0.00000,-0.00004,0.00890,-0.00472
1786676815704393472,-0.00050,-0.00248,-0.00098,1.00000,0.00049,0.00014,-0.00017,-0.00225,-0.01058,-0.00155
1786676815837747456,-0.00077,-0.00053,-0.00041,1.00000,0.00094,0.00018,0.00021,-0.00202,0.01462,0.00431
1786676816004425984,0.00070,-0.00144,-0.00010,1.00000,0.00169,-0.00004,0.00044,0.00879,-0.00545,0.00181
1786676816137628928,-0.00052,-0.00152,-0.00003,1.00000,0.00087,0.00022,0.00051,-0.00915,-0.00060,0.00053
1786676816270972672,-0.00028,-0.00129,-0.00048,1.00000,0.00040,0.00015,0.00005,0.00181,0.00175,-0.00338
1786676816371588608,0.00015,-0.00057,-0.00128,1.00000,0.00114,-0.00004,-0.00021,0.00430,0.00713,-0.00793
1786676816537643776,-0.00043,-0.00145,-0.00105,1.00000,0.00055,-0.00001,0.00016,-0.00354,-0.00531,0.00141
1786676816737739008,0.00045,-0.00236,-0.00011,1.00000,-0.00110,0.00010,-0.00048,0.00441,-0.00455,0.00467
1786676816904290560,-0.00011,-0.00157,-0.00032,1.00000,0.00008,-0.00008,0.00024,-0.00337,0.00473,-0.00122
1786676817037685248,-0.00010,-0.00226,-0.00013,1.00000,0.00010,0.00003,0.00054,0.00008,-0.00513,0.00141
1786676817204359680,0.00008,-0.00144,-0.00113,1.00000,0.00039,-0.00003,0.00011,0.00110,0.00489,-0.00604
1786676817370837504,-0.00007,-0.00132,-0.00055,1.00000,0.00038,0.00024,-0.00016,-0.00090,0.00077,0.00350
1786676817471085056,0.00015,-0.00162,0.00033,1.00000,0.00081,-0.00013,0.00021,0.00221,-0.00307,0.00882
1786676817604945152,0.00053,-0.00036,0.00055,1.00000,0.00114,-0.00007,-0.00036,0.00286,0.00941,0.00163
1786676817737624576,0.00107,-0.00001,0.00071,1.00000,0.00128,-0.00005,-0.00031,0.00405,0.00269,0.00120
1786676817871001088,-0.00002,-0.00118,0.00053,1.00000,0.00129,0.00006,0.00067,-0.00816,-0.00882,-0.00132
1786676818004348928,0.00010,-0.00158,0.00017,1.00000,0.00046,0.00002,0.00040,0.00087,-0.00295,-0.00275
1786676818137658368,0.00029,-0.00016,-0.00038,1.00000,0.00087,-0.00012,-0.00006,0.00147,0.01061,-0.00410
1786676818271293440,0.00022,-0.00008,-0.00041,1.00000,0.00085,-0.00016,0.00021,-0.00057,0.00065,-0.00021
1786676818404202240,0.00046,0.00011,-0.00025,1.00000,0.00126,-0.00013,0.00047,0.00185,0.00142,0.00120
1786676818571676928,0.00045,0.00028,0.00021,1.00000,0.00139,-0.00003,-0.00011,-0.00010,0.00099,0.00272
1786676818737441792,0.00002,-0.00034,0.00045,1.00000,0.00115,0.00008,-0.00003,-0.00259,-0.00375,0.00148
1786676818904350208,0.00046,0.00013,-0.00020,1.00000,0.00111,-0.00004,0.00008,0.00263,0.00284,-0.00390
1786676819037579008,-0.00008,-0.00101,-0.00015,1.00000,0.00092,-0.00000,0.00008,-0.00401,-0.00859,0.00039
1786676819171101696,0.00069,-0.00036,-0.00024,1.00000,0.00136,-0.00018,-0.00009,0.00571,0.00487,-0.00069
1786676819371062016,0.00089,-0.00029,0.00005,1.00000,0.00108,-0.00018,0.00007,0.00102,0.00034,0.00144
1786676819504137728,0.00046,0.00090,0.00006,1.00000,0.00151,-0.00009,-0.00031,-0.00322,0.00896,0.00010
1786676819704084992,0.00090,-0.00028,0.00047,1.00000,0.00120,-0.00010,-0.00033,0.00219,-0.00589,0.00203
1786676819871269632,0.00033,-0.00005,0.00011,1.00000,0.00162,-0.00007,0.00010,-0.00340,0.00136,-0.00218
1786676819971229440,0.00047,0.00043,0.00039,1.00000,0.00158,-0.00007,0.00002,0.00140,0.00480,0.00283
1786676820071282688,0.00034,-0.00046,0.00031,1.00000,0.00140,-0.00015,0.00045,-0.00129,-0.00887,-0.00082
1786676820171344896,0.00041,-0.00089,0.00002,1.00000,0.00123,-0.00015,0.00025,0.00065,-0.00429,-0.00289
1786676820337488640,0.00021,-0.00145,-0.00007,1.00000,0.00064,-0.00017,0.00042,-0.00118,-0.00340,-0.00050
1786676820537735680,0.00125,-0.00102,0.00035,1.00000,0.00093,-0.00017,-0.00004,0.00522,0.00218,0.00210
1786676820637530624,0.00045,-0.00142,-0.00044,1.00000,0.00019,-0.00003,0.00000,-0.00801,-0.00405,-0.00800
1786676820737576448,0.00117,-0.00133,-0.00010,1.00000,0.00047,-0.00011,-0.00025,0.00710,0.00094,0.00342
1786676820871310848,-0.00003,0.00017,-0.00018,1.00000,0.00115,-0.00005,-0.00011,-0.00896,0.01122,-0.00056
1786676821004131840,-0.00022,-0.00071,-0.00104,1.00000,0.00040,-0.00003,-0.00000,-0.00141,-0.00666,-0.00653
1786676821171110400,0.00018,-0.00125,-0.00025,1.00000,0.00057,-0.00005,0.00032,0.00240,-0.00319,0.00476
1786676821437518592,-0.00010,-0.00218,-0.00083,1.00000,0.00034,0.00005,0.00019,-0.00104,-0.00352,-0.00219
1786676821571026688,-0.00014,-0.00193,-0.00031,1.00000,0.00034,-0.00004,0.00017,-0.00033,0.00187,0.00393
1786676821804136192,0.00121,-0.00099,0.00041,1.00000,0.00070,-0.00007,-0.00012,0.00579,0.00402,0.00307
1786676821937607168,0.00021,0.00052,-0.00024,1.00000,0.00140,-0.00007,0.00002,-0.00749,0.01135,-0.00486
1786676822103939328,0.00083,0.00011,-0.00038,1.00000,0.00112,-0.00013,-0.00017,0.00371,-0.00249,-0.00082
1786676822237485824,-0.00058,0.00236,0.00812,1.00000,0.00286,-0.00029,-0.00040,-0.01054,0.01690,0.06359
1786676822404079616,-0.00254,0.00427,0.04988,1.00000,0.00144,0.00008,0.00030,-0.01177,0.01147,0.25067
1786676822537497344,-0.00278,0.00497,0.08797,1.00000,-0.00042,0.00032,0.00050,-0.00177,0.00522,0.28554
1786676822704230400,-0.00804,0.00357,0.12756,1.00000,-0.00212,0.00152,0.00105,-0.03156,-0.00839,0.23744
1786676822837420032,-0.00776,0.00588,0.15246,1.00000,-0.00136,0.00210,0.00180,0.00208,0.01733,0.18691
1786676822937630976,-0.00525,0.00626,0.16946,1.00000,-0.00088,0.00148,0.00096,0.02505,0.00376,0.16970
1786676823170725376,-0.00615,0.00822,0.23270,0.99999,-0.00110,0.00208,0.00284,-0.00385,0.00840,0.27130
1786676823404160512,-0.00316,0.00901,0.29397,0.99999,-0.00282,0.00219,0.00356,0.01281,0.00340,0.26245
1786676823537528832,-0.00026,0.00902,0.32375,0.99999,-0.00276,0.00171,0.00411,0.02172,0.00004,0.22329
1786676823737645312,0.00031,0.01018,0.36771,0.99998,-0.00434,0.00157,0.00439,0.00288,0.00583,0.21968
1786676823970949888,-0.00045,0.01252,0.42220,0.99998,-0.00431,0.00174,0.00359,-0.00325,0.01003,0.23359
1786676824103916544,0.00054,0.01286,0.45245,0.99998,-0.00465,0.00178,0.00419,0.00744,0.00255,0.22748
1786676824204068352,0.00040,0.01313,0.47388,0.99998,-0.00405,0.00205,0.00497,-0.00143,0.00265,0.21393
1786676824374093056,0.00037,0.01412,0.51248,0.99997,-0.00541,0.00241,0.00480,-0.00019,0.00583,0.22704
1786676824537887488,-0.00213,0.01588,0.55472,0.99997,-0.00552,0.00271,0.00508,-0.01523,0.01074,0.25786
1786676824737531392,0.00040,0.01702,0.59830,0.99996,-0.00597,0.00252,0.00575,0.01266,0.00570,0.21832
1786676824837791488,0.00086,0.01866,0.62228,0.99997,-0.00612,0.00202,0.00428,0.00461,0.01643,0.23916
1786676825104530688,0.00197,0.02070,0.68258,0.99996,-0.00558,0.00216,0.00703,0.00416,0.00764,0.22606
1786676825270627840,0.00118,0.02195,0.72057,0.99995,-0.00614,0.00263,0.00702,-0.00476,0.00753,0.22873
1786676825438027008,0.00292,0.02276,0.75617,0.99996,-0.00551,0.00302,0.00696,0.01035,0.00485,0.21262
1786676825604207872,0.00447,0.02374,0.79292,0.99995,-0.00613,0.00327,0.00667,0.00933,0.00586,0.22116
1786676825804114944,0.00391,0.02739,0.84750,0.99995,-0.00586,0.00302,0.00685,-0.00279,0.01826,0.27306
1786676826038002688,0.00623,0.03039,0.90170,0.99997,-0.00532,0.00260,0.00472,0.00992,0.01286,0.23171
1786676826170819840,0.00658,0.03185,0.93449,0.99997,-0.00507,0.00277,0.00579,0.00263,0.01097,0.24690
1786676826303857664,0.00391,0.03161,0.96535,0.99996,-0.00554,0.00312,0.00558,-0.02011,-0.00179,0.23200
1786676826470670080,0.00262,0.03410,1.00226,0.99997,-0.00540,0.00340,0.00493,-0.00770,0.01489,0.22125
1786676826704078848,0.00421,0.03484,1.04620,0.99997,-0.00523,0.00355,0.00471,0.00683,0.00318,0.18825
1786676826837635328,0.00467,0.03571,1.07755,0.99997,-0.00519,0.00360,0.00438,0.00339,0.00650,0.23474
1786676827038650624,0.00566,0.03713,1.12597,0.99997,-0.00542,0.00353,0.00403,0.00493,0.00709,0.24084
1786676827237810688,0.00483,0.03953,1.18077,0.99997,-0.00504,0.00415,0.00323,-0.00416,0.01204,0.27518
1786676827404010496,0.00517,0.04103,1.21859,0.99998,-0.00454,0.00389,0.00308,0.00204,0.00901,0.22757
1786676827570607104,0.00342,0.04238,1.25732,0.99997,-0.00502,0.00422,0.00281,-0.01050,0.00810,0.23244
1786676827737862400,0.00444,0.04398,1.29644,0.99997,-0.00544,0.00456,0.00208,0.00613,0.00960,0.23392
1786676827970751744,0.00777,0.04658,1.34620,0.99998,-0.00520,0.00431,0.00191,0.01431,0.01115,0.21365
1786676828204338432,0.00724,0.04921,1.40088,0.99998,-0.00502,0.00441,0.00094,-0.00228,0.01124,0.23412
1786676828437592064,0.00716,0.05158,1.45547,0.99998,-0.00533,0.00122,0.00232,-0.00035,0.01017,0.23400
1786676828637656832,-0.00096,0.05327,1.50091,0.99996,-0.00587,-0.00634,0.00081,-0.04060,0.00846,0.22716
1786676828904016896,-0.01537,0.05493,1.55997,0.99984,-0.00581,-0.01679,0.00044,-0.05409,0.00624,0.22170
1786676829070623744,-0.02342,0.05677,1.59852,0.99973,-0.00617,-0.02247,0.00066,-0.04832,0.01105,0.23140
1786676829237356032,-0.02932,0.05839,1.63219,0.99958,-0.00573,-0.02833,0.00051,-0.03540,0.00969,0.20196
1786676829504139776,-0.04104,0.06061,1.69203,0.99923,-0.00581,-0.03866,0.00178,-0.04394,0.00832,0.22430
1786676829737169408,-0.05701,0.06435,1.76395,0.99878,-0.00616,-0.04899,0.00097,-0.06852,0.01605,0.30861
1786676829937201408,-0.06926,0.06697,1.81389,0.99832,-0.00599,-0.05761,0.00130,-0.06122,0.01312,0.24967
1786676830104112128,-0.07792,0.06783,1.84720,0.99796,-0.00664,-0.06341,0.00200,-0.05188,0.00516,0.19956
1786676830370418432,-0.09380,0.06997,1.90136,0.99745,-0.00682,-0.07095,0.00367,-0.05965,0.00805,0.20336
1786676830570447360,-0.10697,0.07245,1.94637,0.99694,-0.00738,-0.07764,0.00442,-0.06581,0.01236,0.22504
1786676830837073408,-0.12693,0.07484,2.01226,0.99599,-0.00822,-0.08892,0.00526,-0.07487,0.00899,0.24714
1786676831037259776,-0.14412,0.07745,2.06033,0.99521,-0.00846,-0.09713,0.00678,-0.08589,0.01300,0.24012
1786676831270546176,-0.16145,0.08004,2.11218,0.99428,-0.00869,-0.10619,0.00777,-0.07426,0.01113,0.22227
1786676831470962688,-0.17693,0.08188,2.15394,0.99355,-0.00830,-0.11283,0.00723,-0.07726,0.00917,0.20837
1786676831670448640,-0.19523,0.08413,2.19854,0.99277,-0.00887,-0.11948,0.00728,-0.09175,0.01125,0.22357
1786676831870550272,-0.21388,0.08643,2.24635,0.99173,-0.00918,-0.12780,0.00785,-0.09318,0.01153,0.23890
1786676832137227776,-0.23824,0.09052,2.30915,0.99013,-0.00962,-0.13963,0.00776,-0.09135,0.01532,0.23548
1786676832370509312,-0.26457,0.09177,2.36074,0.98870,-0.01100,-0.14921,0.00894,-0.11287,0.00537,0.22117
1786676832570487552,-0.28486,0.09494,2.40315,0.98757,-0.01082,-0.15658,0.00902,-0.10147,0.01583,0.21205
1786676832803941376,-0.30500,0.09691,2.44666,0.98622,-0.01128,-0.16484,0.00856,-0.08627,0.00845,0.18639
1786676832937208064,-0.32010,0.09894,2.47424,0.98545,-0.01142,-0.16929,0.00963,-0.11328,0.01527,0.20696
1786676833104694528,-0.33838,0.10134,2.51291,0.98416,-0.01150,-0.17664,0.00989,-0.10919,0.01429,0.23090
1786676833370552064,-0.37112,0.10419,2.56817,0.98244,-0.01250,-0.18601,0.00730,-0.12314,0.01071,0.20784
1786676833540537600,-0.39045,0.10549,2.60439,0.98122,-0.01357,-0.19222,0.00803,-0.11369,0.00765,0.21307
1786676833736988416,-0.41455,0.10661,2.64167,0.97986,-0.01178,-0.19915,0.00824,-0.12269,0.00569,0.18977
1786676833937212416,-0.43696,0.10958,2.67963,0.97841,-0.01163,-0.20614,0.00881,-0.11194,0.01484,0.18958
1786676834137280256,-0.46456,0.11222,2.71901,0.97707,-0.01422,-0.21224,0.00981,-0.13794,0.01322,0.19683
1786676834470490880,-0.51031,0.11494,2.78005,0.97446,-0.01339,-0.22396,0.00924,-0.13730,0.00814,0.18320
1786676834670375936,-0.53294,0.11699,2.82253,0.97536,-0.01319,-0.22016,0.00612,-0.11322,0.01028,0.21252
1786676834870503680,-0.53099,0.11913,2.87797,0.98057,-0.01279,-0.19562,0.00721,0.00974,0.01070,0.27704
1786676835003882496,-0.52880,0.12099,2.91026,0.98331,-0.01186,-0.18145,0.00543,0.01647,0.01392,0.24210
1786676835203963904,-0.52435,0.12197,2.94840,0.98667,-0.00953,-0.16240,0.00504,0.02222,0.00489,0.19063
1786676835370365952,-0.51930,0.12335,2.98885,0.98932,-0.00861,-0.14541,0.00429,0.03034,0.00832,0.24310
1786676835537413120,-0.51661,0.12506,3.03603,0.99211,-0.00861,-0.12500,0.00350,0.01611,0.01024,0.28239
1786676835703881984,-0.50909,0.12663,3.08916,0.99470,-0.00721,-0.10256,0.00306,0.04519,0.00941,0.31916
1786676835937161472,-0.49252,0.12772,3.16082,0.99750,-0.00554,-0.07036,0.00259,0.07103,0.00467,0.30720
1786676836141067776,-0.47230,0.12848,3.22882,0.99917,-0.00412,-0.04043,0.00176,0.09914,0.00375,0.33347
1786676836336999424,-0.45148,0.12997,3.29393,0.99996,-0.00245,-0.00902,0.00086,0.10626,0.00761,0.33235
1786676836503680768,-0.43234,0.13032,3.34022,0.99990,-0.00025,0.01444,-0.00018,0.11484,0.00207,0.27772
1786676836737237760,-0.40530,0.13071,3.39880,0.99913,0.00076,0.04176,-0.00118,0.11576,0.00168,0.25079
1786676836970602752,-0.37626,0.13313,3.46037,0.99747,0.00117,0.07112,-0.00126,0.12444,0.01036,0.26386
1786676837171913984,-0.34407,0.13356,3.51404,0.99529,0.00298,0.09688,-0.00318,0.15991,0.00213,0.26659
1786676837437061376,-0.30348,0.13261,3.57478,0.99137,0.00290,0.13102,-0.00382,0.15308,-0.00359,0.22907
1786676837603637760,-0.27530,0.13227,3.60905,0.98880,0.00415,0.14917,-0.00360,0.16918,-0.00206,0.20575
1786676837771649024,-0.25122,0.13209,3.64102,0.98599,0.00432,0.16668,-0.00413,0.14333,-0.00102,0.19027
1786676837970743808,-0.21824,0.13228,3.67630,0.98232,0.00506,0.18707,-0.00561,0.16566,0.00094,0.17719
1786676838170547968,-0.18451,0.13150,3.71181,0.97824,0.00548,0.20731,-0.00649,0.16879,-0.00392,0.17774
1786676838337110784,-0.15340,0.13180,3.74057,0.97431,0.00683,0.22499,-0.00708,0.18677,0.00179,0.17263
1786676838537158400,-0.11508,0.13114,3.77463,0.96912,0.00695,0.24639,-0.00765,0.19158,-0.00331,0.17027
1786676838670845440,-0.08950,0.13008,3.79780,0.96525,0.00822,0.26110,-0.00770,0.19136,-0.00786,0.17331
1786676838870345472,-0.05100,0.12976,3.82485,0.95954,0.01030,0.28126,-0.00854,0.19295,-0.00163,0.13562
1786676839103440640,-0.00564,0.12847,3.85498,0.95276,0.00902,0.30351,-0.00686,0.19460,-0.00553,0.12926
1786676839237617664,0.00111,0.12823,3.86165,0.95142,0.00513,0.30782,-0.00431,0.05037,-0.00180,0.04968
1786676839470486784,0.00186,0.12757,3.86033,0.95169,0.00588,0.30697,-0.00469,0.00321,-0.00284,-0.00568
1786676839603512576,0.00390,0.12888,3.86251,0.95081,0.01081,0.30949,-0.00720,0.01535,0.00982,0.01645
1786676839870640384,0.04078,0.12503,3.88075,0.94478,0.01413,0.32721,-0.01077,0.13803,-0.01440,0.06826
1786676840136874752,0.11468,0.12612,3.91401,0.93243,0.00913,0.36113,-0.00826,0.27758,0.00410,0.12494
1786676840303625984,0.16302,0.12553,3.93666,0.92364,0.01187,0.38294,-0.01060,0.28991,-0.00353,0.13582
1786676840470620416,0.20516,0.12383,3.95109,0.91533,0.01392,0.40231,-0.01108,0.25235,-0.01022,0.08641
1786676840703712512,0.26540,0.12118,3.97101,0.90327,0.01747,0.42851,-0.01317,0.25842,-0.01137,0.08546
1786676840970718208,0.32717,0.11841,3.98831,0.89062,0.01665,0.45426,-0.01278,0.23137,-0.01036,0.06479
1786676841136855552,0.36528,0.11611,3.99751,0.88257,0.01848,0.46961,-0.01398,0.22936,-0.01384,0.05539
1786676841336983808,0.41021,0.11922,4.00672,0.87254,0.02083,0.48785,-0.01574,0.22453,0.01555,0.04599
1786676841470333696,0.44315,0.11770,4.01145,0.86572,0.02129,0.49978,-0.01712,0.24703,-0.01145,0.03549
1786676841637040896,0.48252,0.11260,4.01579,0.85682,0.02160,0.51493,-0.01577,0.23612,-0.03060,0.02602
1786676841803545600,0.52389,0.11130,4.02024,0.84758,0.02276,0.52993,-0.01628,0.24849,-0.00779,0.02673
1786676842036999424,0.57911,0.10850,4.02046,0.83464,0.02421,0.54998,-0.01779,0.23654,-0.01199,0.00096
1786676842270180352,0.63820,0.10607,4.01962,0.82046,0.02704,0.57079,-0.01764,0.25339,-0.01043,-0.00361
1786676842536966144,0.70743,0.10285,4.01534,0.80330,0.02813,0.59464,-0.01780,0.25950,-0.01205,-0.01605
1786676842703459328,0.74836,0.10001,4.01082,0.79250,0.02806,0.60896,-0.01812,0.24587,-0.01710,-0.02713
1786676842870290432,0.79135,0.09926,4.00424,0.78167,0.02807,0.62280,-0.01774,0.25769,-0.00448,-0.03947
1786676843070384896,0.83804,0.09679,3.99788,0.76836,0.02867,0.63909,-0.01910,0.23330,-0.01235,-0.03179
1786676843237118464,0.87818,0.09662,3.98825,0.75718,0.03004,0.65222,-0.01927,0.24080,-0.00100,-0.05775
1786676843503503872,0.94133,0.09356,3.97187,0.73778,0.03142,0.67405,-0.01868,0.23704,-0.01148,-0.06149
1786676843737227520,0.99716,0.09160,3.95468,0.72084,0.03051,0.69216,-0.01939,0.23889,-0.00839,-0.07353
1786676843938099456,1.04149,0.08948,3.94059,0.70555,0.03069,0.70768,-0.02103,0.22070,-0.01057,-0.07015
1786676844138029568,1.08531,0.08906,3.92002,0.69046,0.03080,0.72239,-0.02167,0.21913,-0.00211,-0.10291
1786676844304859136,1.12279,0.08827,3.90139,0.67800,0.03188,0.73402,-0.02247,0.22468,-0.00473,-0.11166
1786676844570185984,1.17279,0.08443,3.87331,0.65811,0.03218,0.75193,-0.02145,0.18847,-0.01447,-0.10583
1786676844803837696,1.21905,0.08222,3.84734,0.63940,0.03257,0.76783,-0.02324,0.19796,-0.00944,-0.11116
1786676844937807360,1.24923,0.07974,3.83092,0.62741,0.03208,0.77768,-0.02313,0.22527,-0.01851,-0.12253
1786676845137162752,1.28885,0.07499,3.80262,0.60919,0.03176,0.79207,-0.02252,0.19873,-0.02382,-0.14197
1786676845337123072,1.32512,0.07352,3.77548,0.59250,0.03207,0.80457,-0.02403,0.18142,-0.00737,-0.13570
1786676845603345920,1.36899,0.07064,3.74169,0.57035,0.03037,0.82047,-0.02444,0.16478,-0.01082,-0.12691
1786676845737179136,1.39119,0.06871,3.72032,0.55843,0.03176,0.82857,-0.02476,0.16583,-0.01438,-0.15974
1786676845970184192,1.42755,0.06824,3.68361,0.53782,0.03220,0.84204,-0.02614,0.15606,-0.00203,-0.15755
1786676846103506688,1.44717,0.06779,3.66020,0.52537,0.03358,0.84977,-0.02736,0.14716,-0.00335,-0.17553
1786676846403406080,1.48971,0.06146,3.61211,0.49652,0.03295,0.86700,-0.02631,0.14186,-0.02111,-0.16037
1786676846570168576,1.51289,0.05963,3.58296,0.48078,0.03288,0.87580,-0.02731,0.13899,-0.01097,-0.17479
1786676846803507200,1.54057,0.05704,3.53971,0.45837,0.03434,0.88765,-0.02814,0.11863,-0.01110,-0.18535
1786676846937124352,1.56019,0.05718,3.50913,0.44500,0.03443,0.89439,-0.02918,0.14682,0.00104,-0.22884
1786676847136980224,1.58335,0.05303,3.47697,0.42511,0.03477,0.90399,-0.02950,0.11588,-0.02078,-0.16094
1786676847237139456,1.59237,0.05130,3.45809,0.41497,0.03428,0.90872,-0.02911,0.09007,-0.01727,-0.18849
1786676847503379200,1.61674,0.04814,3.41762,0.38840,0.03537,0.92039,-0.02771,0.09151,-0.01188,-0.15201
1786676847603457280,1.62998,0.03551,3.37860,0.38127,0.03125,0.92359,-0.02517,0.13232,-0.12621,-0.38989
1786676847736875776,1.65448,0.04192,3.34234,0.36886,0.03383,0.92843,-0.02868,0.18365,0.04805,-0.27173
1786676847936965376,1.69250,0.04559,3.29545,0.34696,0.03488,0.93679,-0.02890,0.19002,0.01835,-0.23438
1786676848103424000,1.71421,0.04722,3.25657,0.32935,0.03536,0.94305,-0.03071,0.13040,0.00983,-0.23354
1786676848236808960,1.72047,0.04656,3.22338,0.31664,0.03635,0.94732,-0.03163,0.04695,-0.00502,-0.24882
1786676848436757504,1.73608,0.04258,3.17769,0.29609,0.03533,0.95399,-0.03128,0.07806,-0.01990,-0.22855
1786676848603412736,1.74601,0.03978,3.14174,0.27853,0.03546,0.95927,-0.03110,0.05960,-0.01678,-0.21570
1786676848870258432,1.75446,0.03712,3.08448,0.25122,0.03602,0.96673,-0.03204,0.03168,-0.00995,-0.21458
1786676849070095872,1.76083,0.03563,3.03842,0.23029,0.03554,0.97196,-0.03162,0.03188,-0.00749,-0.23050
1786676849270208000,1.76844,0.03251,2.99087,0.20876,0.03633,0.97676,-0.03229,0.03799,-0.01557,-0.23759
1786676849470155520,1.76887,0.03285,2.94131,0.18806,0.03649,0.98090,-0.03381,0.00216,0.00171,-0.24789
1786676849636700672,1.76855,0.03144,2.89752,0.17025,0.03752,0.98412,-0.03348,-0.00191,-0.00849,-0.26292
1786676849836737536,1.76898,0.03092,2.84776,0.14814,0.03726,0.98765,-0.03474,0.00216,-0.00260,-0.24876
1786676850036631296,1.76478,0.02924,2.79537,0.12606,0.03735,0.99074,-0.03379,-0.02101,-0.00841,-0.26208
1786676850203725056,1.76252,0.02812,2.75821,0.10751,0.03780,0.99294,-0.03278,-0.01350,-0.00667,-0.22241
1786676850370185472,1.75606,0.02837,2.71677,0.08927,0.03804,0.99474,-0.03272,-0.03882,0.00150,-0.24897
1786676850503764224,1.74795,0.02802,2.68325,0.07514,0.03792,0.99594,-0.03204,-0.06072,-0.00264,-0.25089
1786676850736549632,1.73602,0.02860,2.64441,0.05120,0.03891,0.99746,-0.03049,-0.05127,0.00250,-0.16684
1786676850970009600,1.72065,0.02792,2.59003,0.02534,0.03995,0.99842,-0.03024,-0.06584,-0.00293,-0.23295
1786676851136498944,1.70700,0.02639,2.54661,0.00577,0.04079,0.99871,-0.02978,-0.08197,-0.00915,-0.26078
1786676851370102528,1.68534,0.02546,2.49300,-0.02231,0.04080,0.99847,-0.02992,-0.09271,-0.00400,-0.22951
1786676851569996288,1.66050,0.02419,2.44156,-0.04644,0.04066,0.99761,-0.03090,-0.12425,-0.00638,-0.25734
1786676851736535296,1.63857,0.02397,2.40226,-0.06794,0.04055,0.99636,-0.03158,-0.13171,-0.00132,-0.23599
1786676852036621056,1.61461,0.02190,2.34739,-0.10393,0.04097,0.99320,-0.03267,-0.07985,-0.00687,-0.18282
1786676852236732928,1.58093,0.02329,2.30991,-0.12528,0.04091,0.99070,-0.03368,-0.16830,0.00692,-0.18733
1786676852370078208,1.56269,0.02225,2.28676,-0.13929,0.04068,0.98887,-0.03285,-0.13680,-0.00776,-0.17358
1786676852636428288,1.53047,0.02459,2.24695,-0.16688,0.04016,0.98464,-0.03213,-0.12098,0.00876,-0.14946
1786676852836688896,1.50046,0.02386,2.21467,-0.18729,0.03949,0.98098,-0.03223,-0.14984,-0.00363,-0.16120
1786676853036639744,1.47218,0.02388,2.18636,-0.20817,0.03921,0.97677,-0.03239,-0.14142,0.00009,-0.14161
1786676853236740608,1.44229,0.02483,2.15700,-0.22952,0.03883,0.97202,-0.03142,-0.14941,0.00477,-0.14669
1786676853436796160,1.41403,0.02612,2.13126,-0.25043,0.03828,0.96686,-0.03164,-0.14125,0.00644,-0.12866
1786676853669906432,1.37669,0.02784,2.10282,-0.27400,0.03811,0.96044,-0.03192,-0.16016,0.00737,-0.12200
1786676853836618752,1.34909,0.02898,2.07997,-0.29183,0.03734,0.95523,-0.03129,-0.16559,0.00684,-0.13708
1786676854003094528,1.32402,0.02917,2.06265,-0.30838,0.03641,0.95003,-0.03185,-0.15056,0.00114,-0.10405
1786676854169944576,1.29654,0.02796,2.04455,-0.32553,0.03604,0.94431,-0.03181,-0.16474,-0.00723,-0.10848
1786676854336690688,1.26632,0.02999,2.02747,-0.34260,0.03500,0.93827,-0.03234,-0.18123,0.01215,-0.10243
1786676854503193088,1.23746,0.03216,2.01082,-0.35961,0.03350,0.93191,-0.03333,-0.17332,0.01307,-0.09999
1786676854803290368,1.18613,0.02920,1.98653,-0.38910,0.03327,0.91995,-0.03431,-0.17104,-0.00988,-0.08096
1786676855036524288,1.13635,0.03495,1.96589,-0.41248,0.03090,0.90977,-0.03510,-0.21342,0.02467,-0.08846
1786676855136541696,1.11484,0.03561,1.96078,-0.42241,0.03237,0.90506,-0.03726,-0.21506,0.00653,-0.05115
1786676855503203328,1.09505,0.02517,1.97088,-0.44716,0.03491,0.89311,-0.03435,-0.05397,-0.02847,0.02754
1786676855703060480,1.04463,0.03005,1.95963,-0.46653,0.03272,0.88317,-0.03604,-0.25226,0.02442,-0.05629
1786676855836357120,1.01918,0.03335,1.95058,-0.47953,0.03336,0.87608,-0.03765,-0.19096,0.02475,-0.06784
1786676856036670208,0.98602,0.03006,1.93511,-0.49940,0.03402,0.86496,-0.03590,-0.16556,-0.01641,-0.07724
1786676856170156032,0.95491,0.03078,1.92998,0.51203,-0.03416,-0.85751,0.03648,-0.23307,0.00537,-0.03844
1786676856370270464,0.91303,0.03189,1.92781,0.53001,-0.03389,-0.84656,0.03576,-0.20924,0.00555,-0.01082
1786676856636583424,0.86137,0.03321,1.92090,0.55270,-0.03319,-0.83198,0.03494,-0.19399,0.00497,-0.02597
1786676856836340992,0.81763,0.03429,1.92087,0.57084,-0.03460,-0.81959,0.03487,-0.21896,0.00543,-0.00012
1786676857036389632,0.77327,0.03576,1.92308,0.58838,-0.03416,-0.80709,0.03545,-0.22177,0.00734,0.01103
1786676857236668416,0.72772,0.03822,1.92633,0.60644,-0.03376,-0.79366,0.03455,-0.22740,0.01229,0.01622
1786676857440143104,0.68021,0.03919,1.93089,0.62439,-0.03345,-0.77968,0.03332,-0.23350,0.00474,0.02242
1786676857703162624,0.61857,0.04167,1.93938,0.64825,-0.03491,-0.75991,0.03290,-0.23435,0.00941,0.03228
1786676857903660800,0.57391,0.04517,1.95026,0.66485,-0.03428,-0.74549,0.03219,-0.22273,0.01746,0.05427
1786676858069978112,0.53952,0.04487,1.95895,0.67857,-0.03536,-0.73305,0.03049,-0.20680,-0.00181,0.05226
1786676858270154496,0.49927,0.04701,1.96952,0.69489,-0.03460,-0.71765,0.03015,-0.20107,0.01070,0.05279
1786676858469811968,0.45826,0.04873,1.98591,0.71065,-0.03522,-0.70209,0.02841,-0.20543,0.00865,0.08209
1786676858636479232,0.42425,0.05203,1.99570,0.72405,-0.03500,-0.68832,0.02730,-0.20407,0.01975,0.05875
1786676858803081472,0.38929,0.05311,2.01121,0.73677,-0.03448,-0.67474,0.02643,-0.20979,0.00649,0.09309
1786676859036671488,0.34607,0.05387,2.03443,0.75339,-0.03546,-0.65608,0.02655,-0.18502,0.00327,0.09942
1786676859236528640,0.30666,0.05749,2.05697,0.76911,-0.03452,-0.63765,0.02603,-0.19721,0.01810,0.11276
1786676859503140096,0.25708,0.06078,2.08741,0.78819,-0.03322,-0.61408,0.02389,-0.18595,0.01233,0.11416
1786676859702904064,0.22278,0.06560,2.11160,0.80121,-0.03189,-0.59705,0.02396,-0.17173,0.02415,0.12110
1786676859903049472,0.19359,0.06356,2.13446,0.81340,-0.03252,-0.58032,0.02332,-0.14581,-0.01019,0.11419
1786676860069826304,0.16918,0.06554,2.15630,0.82372,-0.03127,-0.56567,0.02300,-0.14640,0.01188,0.13096
1786676860236501760,0.14298,0.06721,2.18014,0.83421,-0.03111,-0.55007,0.02346,-0.15720,0.00998,0.14306
1786676860436389120,0.11249,0.07154,2.21168,0.84664,-0.03053,-0.53075,0.02394,-0.15251,0.02166,0.15779
1786676860669528320,0.07914,0.07420,2.24730,0.86019,-0.02955,-0.50857,0.02368,-0.14304,0.01143,0.15280
1786676860836527104,0.05292,0.08047,2.27980,0.86957,-0.02802,-0.49241,0.02416,-0.15705,0.03755,0.19461
1786676861069688576,0.02557,0.07916,2.31426,0.88219,-0.02731,-0.46948,0.02429,-0.11728,-0.00562,0.14776
1786676861236647936,-0.00031,0.08629,2.35228,0.89145,-0.02395,-0.45183,0.02437,-0.15501,0.04270,0.22775
1786676861369539328,-0.02346,0.09057,2.38379,0.89830,-0.02214,-0.43818,0.02387,-0.17421,0.03219,0.23709
1786676861636841472,-0.05083,0.09263,2.42736,0.91087,-0.02227,-0.41147,0.02255,-0.10241,0.00772,0.16301
1786676861802871040,-0.07179,0.09597,2.46968,0.91848,-0.02114,-0.39427,0.02236,-0.12620,0.02011,0.25492
1786676861969723392,-0.09162,0.09906,2.50789,0.92563,-0.01924,-0.37723,0.02318,-0.11884,0.01853,0.22900
1786676862202983168,-0.10845,0.10036,2.55132,0.93459,-0.01983,-0.35456,0.02077,-0.07217,0.00553,0.18616
1786676862402899968,-0.12552,0.10371,2.60061,0.94201,-0.01882,-0.33441,0.02063,-0.08539,0.01680,0.24658
1786676862569843200,-0.13758,0.10438,2.63618,0.94801,-0.01852,-0.31708,0.01985,-0.07223,0.00399,0.21305
1786676862869724416,-0.15431,0.10732,2.69885,0.95749,-0.01700,-0.28728,0.01963,-0.05579,0.00980,0.20899
1786676863069713152,-0.16485,0.11187,2.74906,0.96375,-0.01470,-0.26576,0.01876,-0.05271,0.02276,0.25103
1786676863269503232,-0.17145,0.11396,2.79429,0.96923,-0.01433,-0.24507,0.01808,-0.03303,0.01044,0.22642
1786676863469652992,-0.17885,0.11588,2.83543,0.97436,-0.01299,-0.22390,0.01773,-0.03696,0.00958,0.20553
1786676863669483264,-0.18260,0.11712,2.88061,0.97910,-0.01271,-0.20229,0.01689,-0.01880,0.00622,0.22611
1786676863869722624,-0.18279,0.11926,2.92528,0.98323,-0.01113,-0.18143,0.01497,-0.00091,0.01067,0.22308
1786676864003094784,-0.18401,0.12067,2.95357,0.98567,-0.01050,-0.16778,0.01418,-0.00919,0.01058,0.21211
1786676864203286272,-0.18038,0.12269,2.99540,0.98892,-0.00972,-0.14754,0.01333,0.01814,0.01010,0.20896
1786676864402974720,-0.17809,0.12392,3.03512,0.99191,-0.00882,-0.12597,0.01289,0.01145,0.00616,0.19888
1786676864536500480,-0.17459,0.12597,3.06720,0.99363,-0.00775,-0.11181,0.01213,0.02625,0.01533,0.24030
1786676864802884608,-0.17062,0.13042,3.10181,0.99635,-0.00771,-0.08446,0.00959,0.01490,0.01671,0.12990
1786676864969672192,-0.15941,0.13254,3.14696,0.99777,-0.00431,-0.06589,0.00930,0.06719,0.01273,0.27073
1786676865136483072,-0.15103,0.13363,3.19041,0.99888,-0.00374,-0.04639,0.00890,0.05022,0.00651,0.26049
1786676865303412480,-0.14367,0.13342,3.21562,0.99957,-0.00416,-0.02787,0.00844,0.04411,-0.00126,0.15099
1786676865536321024,-0.13303,0.13726,3.25560,0.99997,-0.00237,-0.00264,0.00641,0.04570,0.01649,0.17169
1786676865703336448,-0.11512,0.13755,3.29394,0.99987,-0.00071,0.01496,0.00599,0.10721,0.00177,0.22951
1786676865869702656,-0.10345,0.14015,3.32122,0.99973,-0.00415,0.02123,0.00836,0.07016,0.01561,0.16401
1786676866103417600,-0.10808,0.13987,3.32419,0.99979,0.00209,0.01975,0.00407,-0.01981,-0.00119,0.01269
1786676866304180224,-0.10912,0.13997,3.32523,0.99979,0.00185,0.02007,0.00344,-0.00518,0.00048,0.00520
1786676866503153920,-0.10958,0.13922,3.32588,0.99978,-0.00062,0.02032,0.00418,-0.00231,-0.00378,0.00328
1786676866736256256,-0.10873,0.13598,3.32727,0.99975,-0.00219,0.02072,0.00785,0.00365,-0.01390,0.00596
1786676866936298240,-0.10908,0.13931,3.37486,0.99988,-0.00297,0.01292,0.00746,-0.00176,0.01670,0.23788
1786676867103113216,-0.10971,0.13936,3.37485,0.99989,-0.00359,0.01294,0.00663,-0.00379,0.00025,-0.00007
1786676867303119872,-0.11155,0.13863,3.37391,0.99987,-0.00491,0.01283,0.00880,-0.00920,-0.00362,-0.00471
1786676867503056896,-0.11372,0.14026,3.37151,0.99994,-0.00442,0.00510,0.00886,-0.01082,0.00815,-0.01200
1786676867769811968,-0.11117,0.13952,3.36778,0.99996,-0.00660,0.00235,0.00501,0.00956,-0.00279,-0.01396
1786676867969551360,-0.11183,0.13952,3.36803,0.99996,-0.00727,0.00246,0.00501,-0.00333,0.00004,0.00123
1786676868169616896,-0.11139,0.13913,3.36832,0.99995,-0.00683,0.00249,0.00613,0.00219,-0.00195,0.00146
1786676868436154624,-0.11059,0.14007,3.36809,0.99995,-0.00688,0.00244,0.00617,0.00300,0.00352,-0.00084
1786676868603300096,-0.11029,0.13990,3.36804,0.99996,-0.00655,0.00235,0.00641,0.00183,-0.00104,-0.00033
1786676868803315968,-0.11147,0.13983,3.36784,0.99996,-0.00710,0.00249,0.00566,-0.00590,-0.00034,-0.00099
1786676868935936512,-0.11035,0.13997,3.36803,0.99995,-0.00687,0.00246,0.00669,0.00841,0.00104,0.00145
1786676869136257280,-0.11099,0.14000,3.36800,0.99996,-0.00665,0.00245,0.00597,-0.00319,0.00017,-0.00017
1786676869303015680,-0.11066,0.14046,3.36784,0.99996,-0.00643,0.00231,0.00614,0.00195,0.00271,-0.00094
1786676869502823424,-0.11082,0.13944,3.36782,0.99996,-0.00721,0.00225,0.00561,-0.00076,-0.00507,-0.00012
1786676869703365376,-0.11088,0.13985,3.36771,0.99996,-0.00701,0.00221,0.00556,-0.00033,0.00204,-0.00052
1786676869903022336,-0.11088,0.13941,3.36720,0.99995,-0.00732,0.00259,0.00581,0.00001,-0.00222,-0.00258
1786676870103154432,-0.10910,0.13953,3.36583,0.99995,-0.00757,0.00394,0.00528,0.00890,0.00062,-0.00686
1786676870236737024,-0.10309,0.13908,3.35795,0.99991,-0.00790,0.00981,0.00468,0.04495,-0.00342,-0.05897
1786676870503098368,-0.08362,0.13740,3.32409,0.99939,-0.00676,0.03399,0.00438,0.07312,-0.00629,-0.12712
1786676870669562112,-0.06972,0.13516,3.30168,0.99867,-0.00702,0.05098,0.00387,0.08346,-0.01347,-0.13465
1786676870870299648,-0.05949,0.13475,3.27791,0.99755,-0.00613,0.06958,0.00268,0.05099,-0.00203,-0.11837
1786676871069675520,-0.04931,0.13469,3.25470,0.99629,-0.00519,0.08587,0.00166,0.05102,-0.00030,-0.11644
1786676871271142912,-0.04362,0.13319,3.23439,0.99487,-0.00541,0.10105,0.00084,0.02825,-0.00746,-0.10079
1786676871436109824,-0.03802,0.13267,3.21558,0.99356,-0.00511,0.11317,-0.00014,0.03397,-0.00313,-0.11402
1786676871670986752,-0.03084,0.13072,3.19210,0.99147,-0.00358,0.13029,0.00044,0.03056,-0.00831,-0.09997
1786676871836075264,-0.02998,0.13078,3.17047,0.98987,-0.00504,0.14186,-0.00149,0.00523,0.00038,-0.13103
1786676872036202240,-0.02291,0.12854,3.14898,0.98729,-0.00544,0.15881,-0.00384,0.03531,-0.01122,-0.10740
1786676872236498944,-0.02688,0.12766,3.12321,0.98525,-0.00390,0.17100,-0.00455,-0.01980,-0.00439,-0.12865
1786676872469465088,-0.03936,0.12985,3.10147,0.98714,-0.00398,0.15981,-0.00163,-0.05359,0.00939,-0.09333
1786676872669875200,-0.05677,0.12850,3.08775,0.98851,-0.00415,0.15110,-0.00013,-0.08686,-0.00669,-0.06844
1786676872902721024,-0.06918,0.12823,3.06583,0.99029,-0.00563,0.13887,0.00065,-0.05330,-0.00120,-0.09415
1786676873069227264,-0.08249,0.12605,3.05243,0.99161,-0.00654,0.12913,0.00165,-0.07992,-0.01308,-0.08048
1786676873302708992,-0.09221,0.12527,3.03379,0.99300,-0.00567,0.11794,-0.00151,-0.04162,-0.00331,-0.07982
1786676873469403904,-0.09386,0.12573,3.03136,0.99311,-0.00621,0.11701,-0.00009,-0.00991,0.00272,-0.01456
1786676873802677760,-0.09548,0.12535,3.03442,0.99304,-0.00736,0.11757,0.00072,-0.00487,-0.00114,0.00917
1786676874036040192,-0.09551,0.12672,3.03402,0.99306,-0.00739,0.11736,-0.00088,-0.00011,0.00589,-0.00172
1786676874236004608,-0.09557,0.12668,3.03435,0.99308,-0.00737,0.11719,-0.00144,-0.00033,-0.00018,0.00165
1786676874502883840,-0.09590,0.12620,3.03460,0.99308,-0.00732,0.11724,-0.00079,-0.00122,-0.00183,0.00095
1786676874702978304,-0.09586,0.12636,3.03454,0.99307,-0.00704,0.11728,-0.00045,0.00022,0.00080,-0.00032
1786676874902867712,-0.10049,0.12731,3.06041,0.99331,-0.00796,0.11519,-0.00140,-0.02318,0.00478,0.12942
1786676875135733248,-0.10070,0.12764,3.06027,0.99331,-0.00835,0.11515,-0.00223,-0.00093,0.00140,-0.00061
1786676875402704640,-0.10105,0.12725,3.06029,0.99331,-0.00825,0.11521,-0.00184,-0.00129,-0.00145,0.00008
1786676875636037632,-0.10074,0.12743,3.06019,0.99331,-0.00797,0.11516,-0.00163,0.00133,0.00075,-0.00041
1786676875936012288,-0.10057,0.12697,3.06008,0.99332,-0.00828,0.11512,-0.00196,0.00054,-0.00152,-0.00037
1786676876135969792,-0.10095,0.12736,3.06025,0.99331,-0.00808,0.11516,-0.00181,-0.00187,0.00195,0.00082
1786676876302743040,-0.10108,0.12733,3.06058,0.99331,-0.00819,0.11520,-0.00187,-0.00081,-0.00016,0.00198
1786676876502733312,-0.10140,0.12738,3.06050,0.99330,-0.00817,0.11523,-0.00186,-0.00156,0.00025,-0.00038
1786676876636040192,-0.10106,0.12718,3.06070,0.99331,-0.00832,0.11516,-0.00210,0.00251,-0.00153,0.00151
1786676876871539200,-0.10108,0.12736,3.06054,0.99331,-0.00817,0.11520,-0.00180,-0.00008,0.00076,-0.00070
1786676877037445120,-0.10263,0.12795,3.05980,0.99362,-0.00843,0.11246,0.00042,-0.00933,0.00355,-0.00447
1786676877218579712,-0.10601,0.12710,3.05937,0.99392,-0.00832,0.10975,0.00172,-0.01870,-0.00466,-0.00238
1786676877369580544,-0.10721,0.12655,3.06028,0.99392,-0.00907,0.10969,-0.00003,-0.00793,-0.00370,0.00605
1786676877602421760,-0.10383,0.12748,3.05824,0.99397,-0.00704,0.10940,0.00155,0.01453,0.00401,-0.00876
1786676877769433600,-0.10533,0.12674,3.05928,0.99394,-0.00814,0.10960,0.00131,-0.00900,-0.00447,0.00622
1786676878002597888,-0.10380,0.12769,3.05839,0.99397,-0.00829,0.10932,-0.00028,0.00659,0.00411,-0.00383
1786676878169305600,-0.10387,0.12762,3.05886,0.99396,-0.00816,0.10941,0.00056,-0.00045,-0.00041,0.00284
1786676878402603264,-0.10489,0.12765,3.05938,0.99398,-0.00910,0.10917,-0.00204,-0.00437,0.00010,0.00224
1786676878602654976,-0.10564,0.12790,3.05985,0.99397,-0.00933,0.10925,-0.00235,-0.00377,0.00124,0.00231
1786676878802740736,-0.10597,0.12787,3.05998,0.99397,-0.00913,0.10928,-0.00225,-0.00165,-0.00013,0.00066
1786676879069248512,-0.09971,0.12770,3.05723,0.99334,-0.00782,0.11492,-0.00263,0.02351,-0.00062,-0.01029
1786676879269388800,-0.10064,0.12789,3.05793,0.99331,-0.00879,0.11507,-0.00327,-0.00464,0.00091,0.00346
1786676879402638080,-0.09956,0.12722,3.05735,0.99332,-0.00768,0.11517,-0.00081,0.00808,-0.00501,-0.00429
1786676879569347072,-0.10012,0.12704,3.05790,0.99330,-0.00771,0.11527,-0.00072,-0.00332,-0.00110,0.00327
1786676879736168704,-0.10069,0.12699,3.05823,0.99330,-0.00789,0.11532,-0.00111,-0.00344,-0.00029,0.00200
1786676880002589184,-0.10081,0.12729,3.05816,0.99331,-0.00846,0.11511,-0.00284,-0.00044,0.00115,-0.00029
1786676880170313472,-0.10030,0.12765,3.05848,0.99331,-0.00835,0.11516,-0.00238,0.00300,0.00210,0.00192
1786676880402377216,-0.10188,0.12711,3.05845,0.99329,-0.00845,0.11529,-0.00271,-0.00678,-0.00233,-0.00014
1786676880636257536,-0.10103,0.12718,3.05838,0.99330,-0.00810,0.11524,-0.00163,0.00362,0.00032,-0.00028
1786676880969113600,-0.10187,0.12734,3.05877,0.99328,-0.00822,0.11539,-0.00215,-0.00251,0.00047,0.00116
1786676881202807808,-0.10190,0.12725,3.06189,0.99333,-0.00829,0.11495,-0.00197,-0.00015,-0.00037,0.01335
1786676881369103616,-0.10173,0.12722,3.06170,0.99333,-0.00821,0.11496,-0.00206,0.00105,-0.00019,-0.00116
1786676881636155904,-0.10343,0.12744,3.06072,0.99341,-0.00848,0.11426,-0.00274,-0.00637,0.00083,-0.00364
1786676881835894272,-0.11214,0.12696,3.04810,0.99425,-0.00979,0.10665,-0.00155,-0.04362,-0.00243,-0.06322
1786676882002471424,-0.12725,0.12559,3.02724,0.99550,-0.01030,0.09417,-0.00027,-0.09070,-0.00821,-0.12519
1786676882269046272,-0.14364,0.12615,2.99896,0.99706,-0.01103,0.07587,-0.00035,-0.06149,0.00211,-0.10610
1786676882435743744,-0.15056,0.12524,2.98590,0.99756,-0.01157,0.06878,0.00014,-0.04151,-0.00546,-0.07832
1786676882568906496,-0.15812,0.12457,2.97536,0.99795,-0.01229,0.06287,0.00145,-0.05679,-0.00504,-0.07919
1786676882769045760,-0.16875,0.12424,2.95722,0.99859,-0.01090,0.05193,0.00136,-0.05311,-0.00165,-0.09064
1786676883002435328,-0.18528,0.12264,2.93155,0.99925,-0.01210,0.03658,0.00340,-0.07081,-0.00685,-0.10999
1786676883236006144,-0.19850,0.12182,2.90427,0.99965,-0.01266,0.02324,0.00298,-0.05660,-0.00351,-0.11681
1786676883469168896,-0.20673,0.11904,2.87943,0.99987,-0.01290,0.00840,0.00532,-0.03530,-0.01191,-0.10651
1786676883736013056,-0.21859,0.11691,2.85084,0.99983,-0.01488,-0.00818,0.00665,-0.04444,-0.00801,-0.10715
1786676883969319936,-0.23256,0.11576,2.81337,0.99952,-0.01491,-0.02618,0.00662,-0.05987,-0.00491,-0.16061
1786676884202827776,-0.24291,0.11256,2.77430,0.99891,-0.01601,-0.04321,0.00679,-0.04434,-0.01370,-0.16731
1786676884502514944,-0.23937,0.10996,2.73115,0.99892,-0.01512,-0.04302,0.00893,0.01182,-0.00869,-0.14398
1786676884669001728,-0.23378,0.10954,2.71754,0.99889,-0.01474,-0.04366,0.00999,0.03360,-0.00249,-0.08178
1786676884840737280,-0.23379,0.10922,2.70433,0.99890,-0.01573,-0.04300,0.01025,-0.00006,-0.00186,-0.07690
1786676885102367744,-0.23576,0.10806,2.67706,0.99897,-0.01448,-0.04225,0.00744,-0.00752,-0.00442,-0.10422
1786676885302489344,-0.22967,0.10711,2.65646,0.99897,-0.01561,-0.04204,0.00751,0.03043,-0.00479,-0.10295
1786676885569147136,-0.22581,0.10555,2.62872,0.99899,-0.01612,-0.04106,0.00892,0.01446,-0.00584,-0.10402
1786676885735779328,-0.22721,0.10416,2.61596,0.99904,-0.01579,-0.04006,0.00848,-0.00841,-0.00836,-0.07661
1786676885969230336,-0.22422,0.10355,2.58775,0.99904,-0.01536,-0.04033,0.00741,0.01282,-0.00259,-0.12083
1786676886202453248,-0.21960,0.10252,2.55983,0.99905,-0.01361,-0.04046,0.00826,0.01981,-0.00443,-0.11969
1786676886435633408,-0.21726,0.09982,2.53344,0.99907,-0.01375,-0.04001,0.00799,0.01004,-0.01158,-0.11320
1786676886635713536,-0.21574,0.09928,2.51413,0.99910,-0.01355,-0.03939,0.00812,0.00760,-0.00268,-0.09647
1786676886902887168,-0.21274,0.09711,2.48374,0.99911,-0.01349,-0.03893,0.00856,0.01122,-0.00812,-0.11375
1786676887135541760,-0.20865,0.09509,2.45831,0.99912,-0.01268,-0.03912,0.00785,0.01756,-0.00869,-0.10932
1786676887369013760,-0.20887,0.09446,2.43626,0.99917,-0.01208,-0.03818,0.00736,-0.00093,-0.00271,-0.09442
1786676887602797824,-0.20510,0.09270,2.40389,0.99920,-0.01186,-0.03732,0.00771,0.01613,-0.00751,-0.13850
1786676887968958208,-0.20193,0.09074,2.32220,0.99928,-0.01010,-0.03606,0.00662,0.00866,-0.00535,-0.22310
1786676888202497024,-0.19458,0.08721,2.26964,0.99928,-0.01072,-0.03618,0.00498,0.03146,-0.01513,-0.22505
1786676888507706880,-0.19023,0.08404,2.20900,0.99931,-0.01129,-0.03480,0.00616,0.01424,-0.01038,-0.19869
1786676888736265728,-0.18480,0.08164,2.15504,0.99931,-0.01224,-0.03451,0.00616,0.02375,-0.01052,-0.23609
1786676888968963840,-0.18222,0.07969,2.10694,0.99933,-0.01235,-0.03382,0.00615,0.01113,-0.00838,-0.20668
1786676889235440640,-0.19203,0.07738,2.05288,0.99897,-0.01434,-0.04302,0.00104,-0.03682,-0.00865,-0.20289
1786676889469017856,-0.20229,0.07348,1.99653,0.99778,-0.01598,-0.06421,0.00804,-0.04396,-0.01670,-0.24124
1786676889669012736,-0.20620,0.07028,1.93094,0.99613,-0.01574,-0.08591,0.00994,-0.01955,-0.01599,-0.32795
1786676889868915712,-0.20967,0.06714,1.87139,0.99417,-0.01793,-0.10569,0.01171,-0.01734,-0.01573,-0.29789
1786676890069156096,-0.20748,0.06289,1.81640,0.99209,-0.01940,-0.12347,0.01185,0.01093,-0.02120,-0.27463
1786676890335621376,-0.21378,0.06136,1.75319,0.98926,-0.02028,-0.14452,0.00785,-0.02363,-0.00574,-0.23723
1786676890535662848,-0.21023,0.05759,1.69898,0.98674,-0.02077,-0.16069,0.00906,0.01775,-0.01887,-0.27099
1786676890768864768,-0.20528,0.05352,1.63943,0.98337,-0.02221,-0.17980,0.01247,0.02121,-0.01745,-0.25534
1786676891036503808,-0.19781,0.05151,1.57011,0.97895,-0.02303,-0.20244,0.01194,0.02791,-0.00752,-0.25902
1786676891268734208,-0.18682,0.04460,1.50541,0.97455,-0.02522,-0.22238,0.01254,0.04732,-0.02975,-0.27859
1786676891502336000,-0.17491,0.04200,1.44787,0.97039,-0.02475,-0.23974,0.01568,0.05102,-0.01111,-0.24634
1786676891702385920,-0.16256,0.04043,1.40430,0.96657,-0.02610,-0.25457,0.01597,0.06173,-0.00784,-0.21778
1786676891969017600,-0.14668,0.03552,1.34143,0.96133,-0.02588,-0.27387,0.01347,0.05954,-0.01842,-0.23580
1786676892202162944,-0.13049,0.03139,1.28753,0.95636,-0.02649,-0.29057,0.01534,0.06948,-0.01772,-0.23117
1786676892402417408,-0.11352,0.02694,1.24111,0.95173,-0.02710,-0.30526,0.01689,0.08475,-0.02223,-0.23180
1786676892635480832,-0.09082,0.02590,1.18999,0.94616,-0.02729,-0.32206,0.01792,0.09736,-0.00444,-0.21934
1786676892835491840,-0.07085,0.02242,1.14438,0.94105,-0.02775,-0.33665,0.01810,0.09985,-0.01743,-0.22805
1786676893102095104,-0.04356,0.01733,1.08642,0.93406,-0.02806,-0.35552,0.01841,0.10239,-0.01909,-0.21738
1786676893301992704,-0.02122,0.01331,1.04349,0.92852,-0.02792,-0.36969,0.02022,0.11172,-0.02007,-0.21480
1786676893535403520,0.00789,0.00906,0.99403,0.92193,-0.02858,-0.38570,0.02143,0.12472,-0.01824,-0.21188
1786676893735332352,0.03058,0.00620,0.95210,0.91636,-0.02846,-0.39872,0.02219,0.11349,-0.01429,-0.20971
1786676894002064896,0.06711,0.00283,0.89942,0.90806,-0.02841,-0.41729,0.02237,0.13695,-0.01263,-0.19751
1786676894135267840,0.09035,0.00202,0.87637,0.90371,-0.02862,-0.42672,0.01996,0.17447,-0.00605,-0.17309
1786676894368820480,0.13463,0.00023,0.85162,0.90677,-0.02742,-0.42014,0.02226,0.18959,-0.00769,-0.10596
1786676894602025216,0.18803,-0.00977,0.82590,0.91098,-0.03067,-0.41059,0.02424,0.22901,-0.04286,-0.11029
1786676894768848128,0.22027,-0.01143,0.81174,0.91352,-0.03074,-0.40500,0.02285,0.19321,-0.00996,-0.08487
1786676895002133248,0.27040,-0.01198,0.78784,0.91715,-0.03037,-0.39669,0.02344,0.21491,-0.00234,-0.10245
1786676895168881920,0.30433,-0.01416,0.77220,0.91916,-0.03110,-0.39198,0.02294,0.20346,-0.01312,-0.09379
1786676895368935680,0.34050,-0.02019,0.75345,0.92212,-0.03201,-0.38501,0.02075,0.18081,-0.03013,-0.09376
1786676895535343872,0.37165,-0.02299,0.72952,0.92488,-0.03191,-0.37838,0.02025,0.18721,-0.01682,-0.14377
1786676895768871680,0.41815,-0.02628,0.70140,0.92852,-0.03263,-0.36940,0.01799,0.19910,-0.01408,-0.12044
1786676895969165824,0.45944,-0.02825,0.67741,0.93155,-0.03105,-0.36186,0.01759,0.20618,-0.00987,-0.11975
1786676896168862976,0.49617,-0.03340,0.65066,0.93442,-0.03157,-0.35436,0.01721,0.18388,-0.02575,-0.13395
1786676896401979136,0.53824,-0.03881,0.62059,0.93735,-0.03188,-0.34646,0.01784,0.18050,-0.02324,-0.12900
1786676896637821184,0.57639,-0.04168,0.59135,0.94047,-0.03062,-0.33807,0.01702,0.16174,-0.01214,-0.12400
1786676896835402752,0.61265,-0.04568,0.56230,0.94319,-0.03043,-0.33050,0.01553,0.18351,-0.02025,-0.14699
1786676897036280832,0.64872,-0.05188,0.53215,0.94603,-0.03047,-0.32229,0.01495,0.17955,-0.03086,-0.15012
1786676897302030336,0.69598,-0.05724,0.49374,0.94943,-0.02956,-0.31220,0.01530,0.17786,-0.02020,-0.14454
1786676897468621568,0.72156,-0.05988,0.46729,0.95160,-0.02904,-0.30561,0.01491,0.15352,-0.01580,-0.15876
1786676897701874176,0.75413,-0.06413,0.43187,0.95445,-0.02760,-0.29669,0.01514,0.13965,-0.01822,-0.15185
1786676897968692480,0.41222,0.01477,0.14075,0.95556,-0.00795,-0.29435,0.01377,-1.28145,0.29570,-1.09109
1786676898535539456,0.40874,0.01296,0.14344,0.95552,-0.01048,-0.29449,0.01217,-0.00614,-0.00319,0.00475
1786676898701972736,0.40844,0.01336,0.14351,0.95560,-0.01105,-0.29417,0.01305,-0.00179,0.00239,0.00044
1786676898968624896,0.41133,0.00963,0.14474,0.95550,-0.01098,-0.29442,0.01468,0.01085,-0.01402,0.00461
1786676899302010624,0.40919,0.01081,0.14439,0.95553,-0.01086,-0.29439,0.01332,-0.00643,0.00356,-0.00104
1786676899502990336,0.40655,0.01203,0.14317,0.95565,-0.01091,-0.29394,0.01439,-0.01313,0.00606,-0.00607
1786676899702073344,0.41000,0.01081,0.14429,0.95559,-0.01070,-0.29415,0.01474,0.01731,-0.00614,0.00561
1786676899901763072,0.41381,0.01026,0.14749,0.95663,-0.01180,-0.29071,0.01447,0.01911,-0.00276,0.01602
1786676900135207424,0.41325,0.01160,0.14690,0.95670,-0.01092,-0.29059,0.01314,-0.00240,0.00574,-0.00253
1786676900401901568,0.41400,0.00869,0.15050,0.95856,-0.01120,-0.28437,0.01332,0.00281,-0.01089,0.01349
1786676900635348480,0.40086,0.01464,0.15543,0.96718,-0.00983,-0.25351,0.01393,-0.05630,0.02547,0.02111
1786676900802701312,0.40023,0.01184,0.16058,0.97514,-0.00925,-0.22099,0.01326,-0.00377,-0.01672,0.03079
1786676901168641536,0.35711,0.00979,0.15463,0.97992,-0.00939,-0.19882,0.01191,-0.11783,-0.00560,-0.01626
1786676901401718272,0.32540,0.00997,0.15287,0.98309,-0.00741,-0.18281,0.00760,-0.13604,0.00076,-0.00757
1786676901668468480,0.31667,0.00897,0.14964,0.98349,-0.00756,-0.18068,0.00677,-0.03273,-0.00373,-0.01210
1786676901968617984,0.32436,0.00935,0.15153,0.98344,-0.00798,-0.18068,0.01178,0.02562,0.00127,0.00628
1786676902202159616,0.32051,0.00987,0.15067,0.98343,-0.00793,-0.18090,0.00837,-0.01646,0.00222,-0.00366
1786676902468579584,0.32171,0.00868,0.15124,0.98344,-0.00803,-0.18060,0.01274,0.00449,-0.00448,0.00214
1786676902768576256,0.31985,0.00933,0.15086,0.98345,-0.00806,-0.18077,0.00913,-0.00620,0.00216,-0.00128
1786676903035780864,0.32263,0.00924,0.15162,0.98345,-0.00844,-0.18057,0.01238,0.01042,-0.00034,0.00286
1786676903335421184,0.31917,0.00893,0.15063,0.98348,-0.00826,-0.18053,0.01064,-0.01157,-0.00103,-0.00331
1786676903635309056,0.32002,0.00948,0.15045,0.98347,-0.00815,-0.18061,0.00957,0.00284,0.00182,-0.00058
1786676903968346112,0.32085,0.00967,0.15039,0.98344,-0.00788,-0.18075,0.01065,0.00248,0.00060,-0.00019
1786676904335412736,0.32028,0.00952,0.15035,0.98348,-0.00804,-0.18055,0.01027,-0.00154,-0.00041,-0.00013
1786676904568361472,0.31932,0.00927,0.15058,0.98345,-0.00785,-0.18069,0.01065,-0.00414,-0.00109,0.00101
1786676904935430400,0.31983,0.00929,0.15050,0.98346,-0.00815,-0.18064,0.01080,0.00141,0.00006,-0.00023
1786676905101732096,0.31987,0.00928,0.15047,0.98347,-0.00821,-0.18058,0.01060,0.00021,-0.00008,-0.00014
1786676905435175424,0.31991,0.00940,0.15033,0.98344,-0.00747,-0.18075,0.01072,0.00011,0.00037,-0.00043
1786676905768696064,0.32052,0.00957,0.15026,0.98345,-0.00806,-0.18069,0.01059,0.00183,0.00050,-0.00021
1786676906001855488,0.31980,0.00933,0.15033,0.98346,-0.00739,-0.18063,0.01104,-0.00307,-0.00104,0.00029
1786676906301769216,0.31854,0.00934,0.14981,0.98333,-0.00771,-0.18129,0.01135,-0.00420,0.00003,-0.00172
1786676906601677568,0.30530,0.00895,0.14385,0.98346,-0.00830,-0.18072,0.00926,-0.04414,-0.00129,-0.01989
1786676906835525376,0.27350,0.00883,0.12616,0.98614,-0.00844,-0.16526,0.01215,-0.13602,-0.00049,-0.07565
1786676907135511552,0.21970,0.00699,0.08768,0.98746,-0.00777,-0.15755,0.00593,-0.17933,-0.00615,-0.12826
1786676907368540672,0.13769,-0.00630,0.04983,0.99113,-0.00863,-0.13244,0.00744,-0.35192,-0.05704,-0.16241
1786676907601796352,0.11487,-0.00393,0.02063,0.99539,-0.00659,-0.09553,0.00615,-0.09784,0.01016,-0.12519
1786676907835784192,-0.08804,-0.05888,0.08181,0.99911,-0.00885,-0.03949,0.01150,-0.86720,-0.23482,0.26146
1786676908002160640,-0.13618,-0.06152,0.06934,0.99992,-0.01013,0.00059,0.00733,-0.28934,-0.01586,-0.07496
1786676908135564544,-0.14093,-0.05870,0.06518,0.99890,-0.00673,0.04586,0.00649,-0.03556,0.02110,-0.03113
1786676908301926400,-0.13986,-0.04946,0.06279,0.99824,-0.00482,0.05834,0.00979,0.00642,0.05558,-0.01440
1786676908535457280,-0.14698,-0.05264,0.06064,0.99899,-0.00376,0.04397,0.00838,-0.03050,-0.01362,-0.00921
1786676908769045760,-0.14612,-0.05431,0.05906,0.99887,-0.00788,0.04507,0.01285,0.00370,-0.00714,-0.00674
1786676908968230912,-0.14511,-0.05467,0.05955,0.99889,-0.00779,0.04467,0.01254,0.00503,-0.00183,0.00246
1786676909235390976,-0.14711,-0.05378,0.05932,0.99897,-0.00732,0.04416,0.00713,-0.00747,0.00334,-0.00087
1786676909435300096,-0.14725,-0.05362,0.05958,0.99896,-0.00569,0.04429,0.00892,-0.00071,0.00076,0.00130
1786676909602975488,-0.14695,-0.05308,0.05965,0.99898,-0.00518,0.04416,0.00835,0.00180,0.00326,0.00044
1786676909903212800,-0.14601,-0.05233,0.05937,0.99897,-0.00576,0.04420,0.00815,0.00313,0.00247,-0.00096
1786676910101575424,-0.14671,-0.05304,0.05921,0.99898,-0.00568,0.04410,0.00802,-0.00353,-0.00357,-0.00078
1786676910401548032,-0.14530,-0.05174,0.05925,0.99897,-0.00493,0.04418,0.00941,0.00471,0.00434,0.00012
1786676910568350208,-0.05787,-0.02077,-0.01898,0.99994,-0.00187,0.01052,0.00371,0.52413,0.18570,-0.46899
1786676910801567744,-0.06254,-0.02004,-0.01904,0.99994,-0.00179,0.01093,0.00241,-0.02002,0.00312,-0.00025
1786676910968396544,-0.06194,-0.01974,-0.01834,0.99994,-0.00182,0.01089,0.00234,0.00362,0.00177,0.00423
1786676911201800704,-0.06162,-0.02057,-0.01884,0.99993,-0.00176,0.01097,0.00373,0.00135,-0.00352,-0.00215
1786676911401618176,-0.05892,-0.02085,-0.01844,0.99993,-0.00184,0.01063,0.00389,0.01349,-0.00141,0.00200
1786676911534871296,-0.06132,-0.02027,-0.01852,0.99993,-0.00189,0.01093,0.00336,-0.01799,0.00430,-0.00065
1786676911701735168,-0.06096,-0.02113,-0.01851,0.99993,-0.00193,0.01090,0.00327,0.00220,-0.00513,0.00010
1786676911934753280,-0.05815,-0.02098,-0.01900,0.99994,-0.00181,0.01046,0.00368,0.01206,0.00066,-0.00213
1786676912135081472,-0.05863,-0.02102,-0.01899,0.99994,-0.00189,0.01052,0.00321,-0.00243,-0.00020,0.00004
1786676912368215040,-0.06077,-0.02075,-0.01840,0.99994,-0.00180,0.01075,0.00314,-0.00918,0.00114,0.00256
1786676912535033088,-0.06160,-0.02002,-0.01843,0.99994,-0.00169,0.01084,0.00306,-0.00496,0.00438,-0.00020
1786676912768305664,-0.06079,-0.02074,-0.01858,0.99993,-0.00187,0.01090,0.00353,0.00349,-0.00307,-0.00063
1786676912935000832,-0.06137,-0.02039,-0.01859,0.99993,-0.00188,0.01089,0.00357,-0.00347,0.00208,-0.00009
1786676913168024832,-0.06089,-0.02050,-0.01879,0.99993,-0.00175,0.01084,0.00329,0.00205,-0.00046,-0.00083
1786676913335048192,-0.06006,-0.02028,-0.01861,0.99993,-0.00175,0.01077,0.00344,0.00499,0.00131,0.00105
1786676913568160512,-0.06088,-0.02067,-0.01815,0.99993,-0.00179,0.01083,0.00316,-0.00355,-0.00168,0.00198
1786676913734867968,-0.06127,-0.02045,-0.01806,0.99993,-0.00180,0.01087,0.00310,-0.00231,0.00131,0.00055
1786676913902421248,-0.06060,-0.02091,-0.01766,0.99993,-0.00181,0.01086,0.00306,0.00400,-0.00275,0.00241
1786676914068203776,-0.06058,-0.02085,-0.01793,0.99993,-0.00186,0.01083,0.00308,0.00012,0.00037,-0.00164
1786676914268347392,-0.05908,-0.02192,-0.01870,0.99994,-0.00222,0.01055,0.00316,0.00749,-0.00532,-0.00386
1786676914501663488,-0.05882,-0.02159,-0.01843,0.99994,-0.00224,0.01061,0.00351,0.00111,0.00142,0.00114
1786676914668155392,-0.05896,-0.02159,-0.01858,0.99993,-0.00206,0.01069,0.00352,-0.00083,-0.00005,-0.00087
1786676914868197120,-0.05782,-0.02174,-0.01893,0.99994,-0.00199,0.01039,0.00332,0.00568,-0.00076,-0.00176
1786676915035050240,-0.05734,-0.02156,-0.01917,0.99994,-0.00180,0.01019,0.00341,0.00290,0.00111,-0.00143
1786676915301788672,-0.05890,-0.02128,-0.01890,0.99994,-0.00183,0.01048,0.00323,-0.00585,0.00104,0.00101
1786676915468088320,-0.05772,-0.02147,-0.01909,0.99994,-0.00186,0.01034,0.00319,0.00706,-0.00112,-0.00117
1786676915601878272,-0.05925,-0.02069,-0.01878,0.99994,-0.00142,0.01057,0.00309,-0.01138,0.00580,0.00236
1786676915834705920,-0.05858,-0.02086,-0.01877,0.99994,-0.00135,0.01047,0.00315,0.00286,-0.00072,0.00003
1786676916001647616,-0.06072,-0.02041,-0.01888,0.99993,-0.00169,0.01083,0.00319,-0.01284,0.00271,-0.00062
1786676916234756352,-0.05997,-0.02104,-0.01876,0.99994,-0.00155,0.01070,0.00325,0.00325,-0.00270,0.00049
1786676916334923520,-0.05985,-0.02091,-0.01819,0.99993,-0.00269,0.01083,0.00342,0.00112,0.00125,0.00568
1786676916534710528,-0.05987,-0.02176,-0.01834,0.99994,-0.00078,0.01047,0.00344,-0.00010,-0.00426,-0.00075
1786676916701575168,-0.06005,-0.02078,-0.01800,0.99994,-0.00121,0.01068,0.00330,-0.00103,0.00589,0.00203
1786676916868094720,-0.06075,-0.02120,-0.01716,0.99993,-0.00205,0.01080,0.00333,-0.00425,-0.00254,0.00506
1786676917135058176,-0.05914,-0.02135,-0.01834,0.99994,-0.00188,0.01055,0.00337,0.00605,-0.00055,-0.00443
1786676917334721280,-0.05813,-0.02209,-0.01796,0.99994,-0.00190,0.01044,0.00333,0.00505,-0.00373,0.00191
1786676917534758144,-0.05826,-0.02152,-0.01835,0.99994,-0.00208,0.01042,0.00338,-0.00065,0.00288,-0.00196
1786676917734897664,-0.05836,-0.02126,-0.01845,0.99994,-0.00179,0.01041,0.00334,-0.00050,0.00126,-0.00047
1786676917901445632,-0.05775,-0.02147,-0.01799,0.99994,-0.00205,0.01028,0.00328,0.00368,-0.00122,0.00272
1786676918068007424,-0.05852,-0.02144,-0.01896,0.99994,-0.00179,0.01046,0.00329,-0.00462,0.00017,-0.00582
1786676918268030720,-0.06042,-0.02093,-0.01848,0.99994,-0.00189,0.01076,0.00325,-0.00951,0.00255,0.00239
1786676918468316672,-0.05953,-0.02116,-0.01856,0.99994,-0.00166,0.01051,0.00332,0.00446,-0.00115,-0.00040
1786676918634745600,-0.06042,-0.02082,-0.01887,0.99994,-0.00148,0.01060,0.00320,-0.00534,0.00206,-0.00186
1786676918834938368,-0.05890,-0.02171,-0.01849,0.99994,-0.00168,0.01036,0.00361,0.00758,-0.00444,0.00191
1786676919034524928,-0.05935,-0.02171,-0.01928,0.99994,-0.00116,0.01035,0.00337,-0.00225,-0.00002,-0.00393
1786676919268301568,-0.05978,-0.02159,-0.01794,0.99994,-0.00094,0.01035,0.00369,-0.00185,0.00050,0.00573
1786676919468415744,-0.05803,-0.02120,-0.01820,0.99994,-0.00100,0.01014,0.00366,0.00877,0.00195,-0.00131
1786676919634633472,-0.05824,-0.02173,-0.01790,0.99994,-0.00099,0.01018,0.00372,-0.00130,-0.00315,0.00182
1786676919834794752,-0.05869,-0.02145,-0.01806,0.99994,-0.00133,0.01032,0.00341,-0.00226,0.00136,-0.00083
1786676920001404416,-0.05875,-0.02144,-0.01832,0.99994,-0.00111,0.01032,0.00337,-0.00033,0.00010,-0.00156
1786676920234889984,-0.06002,-0.02132,-0.01842,0.99994,-0.00142,0.01045,0.00333,-0.00545,0.00052,-0.00044
1786676920501206272,-0.05911,-0.02193,-0.01858,0.99994,-0.00141,0.01038,0.00341,0.00343,-0.00230,-0.00059
1786676920701174528,-0.05975,-0.02153,-0.01836,0.99994,-0.00139,0.01047,0.00330,-0.00322,0.00199,0.00111
1786676920868203520,-0.06055,-0.02113,-0.01804,0.99994,-0.00124,0.01060,0.00330,-0.00479,0.00238,0.00191
1786676921101342208,-0.05967,-0.02160,-0.01796,0.99994,-0.00127,0.01043,0.00345,0.00377,-0.00201,0.00033
1786676921234893312,-0.05793,-0.02195,-0.01796,0.99994,-0.00141,0.01022,0.00322,0.01307,-0.00263,-0.00001
1786676921501434368,-0.05814,-0.02167,-0.01900,0.99994,-0.00143,0.01025,0.00337,-0.00080,0.00106,-0.00388
1786676921668318720,-0.05996,-0.02105,-0.01847,0.99994,-0.00126,0.01046,0.00346,-0.01092,0.00374,0.00316
1786676921834912768,-0.05936,-0.02178,-0.01795,0.99994,-0.00138,0.01046,0.00338,0.00363,-0.00438,0.00314
1786676922034453248,-0.06042,-0.02088,-0.01857,0.99994,-0.00130,0.01052,0.00338,-0.00529,0.00447,-0.00313
1786676922268312576,-0.06020,-0.02066,-0.01832,0.99994,-0.00124,0.01044,0.00345,0.00091,0.00094,0.00107
1786676922501203456,-0.05941,-0.02192,-0.01761,0.99994,-0.00131,0.01036,0.00338,0.00341,-0.00538,0.00304
1786676922701286912,-0.06006,-0.02170,-0.01855,0.99994,-0.00146,0.01042,0.00335,-0.00326,0.00111,-0.00466
1786676922868013056,-0.06094,-0.02073,-0.01847,0.99994,-0.00105,0.01058,0.00337,-0.00525,0.00578,0.00046
1786676923034514176,-0.05974,-0.02082,-0.01802,0.99994,-0.00144,0.01054,0.00332,0.00717,-0.00055,0.00268
1786676923234721792,-0.06018,-0.02110,-0.01865,0.99994,-0.00123,0.01048,0.00349,-0.00219,-0.00137,-0.00311
1786676923401154816,-0.05890,-0.02151,-0.01868,0.99994,-0.00129,0.01027,0.00340,0.00769,-0.00246,-0.00022
1786676923568156416,-0.05972,-0.02151,-0.01856,0.99994,-0.00137,0.01041,0.00354,-0.00491,-0.00004,0.00075
1786676923768085248,-0.05877,-0.02139,-0.01806,0.99994,-0.00089,0.01033,0.00360,0.00477,0.00060,0.00250
1786676923967934464,-0.05962,-0.02129,-0.01860,0.99994,-0.00033,0.01026,0.00353,-0.00424,0.00050,-0.00273
1786676924167998976,-0.05883,-0.02150,-0.01829,0.99994,-0.00167,0.01034,0.00371,0.00393,-0.00102,0.00158
1786676924401302784,-0.06043,-0.02055,-0.01819,0.99994,-0.00047,0.01044,0.00359,-0.00688,0.00405,0.00042
1786676924601287680,-0.05989,-0.02175,-0.01810,0.99994,-0.00130,0.01044,0.00401,0.00270,-0.00598,0.00042
1786676924801320704,-0.05993,-0.02103,-0.01791,0.99994,-0.00063,0.01043,0.00389,-0.00015,0.00361,0.00098
1786676925001297920,-0.06052,-0.02022,-0.01832,0.99994,-0.00058,0.01052,0.00347,-0.00299,0.00405,-0.00207
1786676925234529536,-0.06028,-0.02115,-0.01799,0.99994,-0.00122,0.01043,0.00338,0.00106,-0.00401,0.00140
1786676925434898688,-0.05958,-0.02132,-0.01887,0.99994,-0.00146,0.01028,0.00346,0.00347,-0.00085,-0.00436
1786676925601158656,-0.05979,-0.02144,-0.01858,0.99994,-0.00142,0.01036,0.00341,-0.00128,-0.00067,0.00172
1786676925801045760,-0.05913,-0.02110,-0.01829,0.99994,-0.00069,0.01017,0.00385,0.00334,0.00168,0.00144
1786676926067763968,-0.05929,-0.02110,-0.01808,0.99994,-0.00164,0.01042,0.00307,-0.00063,-0.00002,0.00081
1786676926234629888,-0.05956,-0.02121,-0.01886,0.99994,-0.00028,0.01029,0.00368,-0.00158,-0.00065,-0.00467
1786676926467958272,-0.05872,-0.02145,-0.01844,0.99994,-0.00123,0.01020,0.00323,0.00360,-0.00101,0.00177
1786676926634940160,-0.06015,-0.02072,-0.01825,0.99994,-0.00177,0.01058,0.00313,-0.00854,0.00439,0.00116
1786676926835482368,-0.06122,-0.02102,-0.01898,0.99993,-0.00267,0.01081,0.00293,-0.00535,-0.00153,-0.00365
1786676927001027840,-0.05948,-0.02150,-0.01879,0.99994,-0.00261,0.01062,0.00295,0.01050,-0.00288,0.00117
1786676927234833664,-0.05967,-0.02156,-0.01859,0.99993,-0.00220,0.01072,0.00364,-0.00083,-0.00027,0.00084
1786676927401304064,-0.05871,-0.02193,-0.01849,0.99994,-0.00220,0.01052,0.00362,0.00579,-0.00219,0.00060
1786676927601119488,-0.05979,-0.02178,-0.01864,0.99994,-0.00190,0.01065,0.00348,-0.00542,0.00074,-0.00073
1786676927801359872,-0.05864,-0.02147,-0.01802,0.99993,-0.00272,0.01062,0.00332,0.00574,0.00154,0.00308
1786676928034797568,-0.06128,-0.02076,-0.01889,0.99993,-0.00231,0.01092,0.00295,-0.01128,0.00305,-0.00371
1786676928201322496,-0.06090,-0.02075,-0.01830,0.99993,-0.00239,0.01083,0.00302,0.00229,0.00008,0.00353
1786676928534956032,-0.06030,-0.02083,-0.01811,0.99994,-0.00198,0.01075,0.00301,0.00178,-0.00025,0.00057
1786676928701137664,-0.06044,-0.02077,-0.01862,0.99993,-0.00216,0.01077,0.00309,-0.00080,0.00033,-0.00310
1786676928901084160,-0.06069,-0.02055,-0.01874,0.99993,-0.00186,0.01087,0.00307,-0.00128,0.00110,-0.00060
1786676929034844672,-0.06027,-0.02073,-0.01819,0.99993,-0.00190,0.01089,0.00299,0.00312,-0.00132,0.00413
1786676929267895296,-0.06155,-0.02020,-0.01875,0.99993,-0.00183,0.01103,0.00316,-0.00547,0.00229,-0.00239
1786676929404874752,-0.06139,-0.02045,-0.01819,0.99993,-0.00194,0.01089,0.00314,0.00113,-0.00185,0.00407
1786676929634428416,-0.05990,-0.02133,-0.01877,0.99993,-0.00208,0.01079,0.00328,0.00649,-0.00383,-0.00255
1786676929734543872,-0.06022,-0.02094,-0.01868,0.99994,-0.00210,0.01078,0.00298,-0.00316,0.00389,0.00093
1786676929934641152,-0.06083,-0.02086,-0.01811,0.99993,-0.00206,0.01083,0.00306,-0.00306,0.00042,0.00287
1786676930167933440,-0.06030,-0.02100,-0.01860,0.99993,-0.00204,0.01081,0.00337,0.00228,-0.00059,-0.00209
1786676930434614016,-0.06048,-0.02085,-0.01864,0.99993,-0.00206,0.01078,0.00320,-0.00068,0.00055,-0.00017
1786676930601108992,-0.05993,-0.02053,-0.01858,0.99994,-0.00201,0.01071,0.00324,0.00330,0.00190,0.00033
1786676930834691840,-0.06137,-0.02096,-0.01817,0.99993,-0.00206,0.01090,0.00338,-0.00617,-0.00181,0.00177
1786676931001295616,-0.06056,-0.02120,-0.01844,0.99993,-0.00217,0.01084,0.00319,0.00490,-0.00145,-0.00161
1786676931134259456,-0.06039,-0.02102,-0.01823,0.99993,-0.00219,0.01078,0.00314,0.00125,0.00132,0.00158
1786676931367695872,-0.06093,-0.02129,-0.01890,0.99993,-0.00226,0.01088,0.00333,-0.00232,-0.00114,-0.00290
1786676931567843840,-0.06152,-0.02131,-0.01881,0.99993,-0.00223,0.01100,0.00347,-0.00294,-0.00013,0.00048
1786676931734350592,-0.05904,-0.02179,-0.01893,0.99994,-0.00226,0.01060,0.00330,0.01491,-0.00285,-0.00074
1786676932002933760,-0.05998,-0.02140,-0.01856,0.99994,-0.00224,0.01070,0.00319,-0.00351,0.00145,0.00140
1786676932201120768,-0.05945,-0.02134,-0.01845,0.99993,-0.00222,0.01074,0.00319,0.00268,0.00030,0.00053
1786676932367719936,-0.05970,-0.02158,-0.01891,0.99994,-0.00231,0.01067,0.00329,-0.00148,-0.00141,-0.00276
1786676932602202368,-0.06020,-0.02166,-0.01874,0.99993,-0.00227,0.01078,0.00336,-0.00215,-0.00037,0.00073
1786676932868432896,-0.06003,-0.02095,-0.01841,0.99994,-0.00200,0.01075,0.00319,0.00063,0.00269,0.00125
1786676933001389312,-0.06119,-0.02118,-0.01889,0.99993,-0.00215,0.01087,0.00334,-0.00865,-0.00176,-0.00363
1786676933167771392,-0.05953,-0.02155,-0.01889,0.99994,-0.00212,0.01064,0.00337,0.00992,-0.00219,0.00002
1786676933401507072,-0.06009,-0.02116,-0.01834,0.99993,-0.00205,0.01076,0.00325,-0.00236,0.00167,0.00233
1786676933601267456,-0.05939,-0.02144,-0.01872,0.99994,-0.00219,0.01068,0.00324,0.00348,-0.00143,-0.00192
1786676933834331392,-0.06038,-0.02076,-0.01878,0.99993,-0.00196,0.01085,0.00333,-0.00427,0.00295,-0.00023
1786676934034437120,-0.05990,-0.02124,-0.01872,0.99993,-0.00210,0.01075,0.00324,0.00244,-0.00242,0.00030
1786676934267701504,-0.06026,-0.02076,-0.01867,0.99993,-0.00204,0.01079,0.00325,-0.00157,0.00207,0.00020
1786676934434428160,-0.06013,-0.02074,-0.01850,0.99993,-0.00207,0.01075,0.00326,0.00081,0.00014,0.00105
1786676934634380800,-0.06114,-0.02063,-0.01895,0.99993,-0.00199,0.01085,0.00326,-0.00504,0.00054,-0.00225
1786676934867696640,-0.06036,-0.02083,-0.01878,0.99993,-0.00207,0.01075,0.00330,0.00333,-0.00085,0.00070
1786676935067616768,-0.06030,-0.02093,-0.01829,0.99993,-0.00215,0.01083,0.00330,0.00030,-0.00054,0.00244
1786676935267395072,-0.06071,-0.02092,-0.01880,0.99993,-0.00207,0.01089,0.00314,-0.00204,0.00007,-0.00252
1786676935401425152,-0.06066,-0.02081,-0.01851,0.99993,-0.00207,0.01089,0.00324,0.00033,0.00079,0.00213
1786676935601119232,-0.06103,-0.02077,-0.01847,0.99993,-0.00226,0.01089,0.00322,-0.00183,0.00020,0.00024
1786676935801181440,-0.06122,-0.02052,-0.01844,0.99993,-0.00203,0.01097,0.00319,-0.00098,0.00126,0.00011
1786676935967626240,-0.06047,-0.02096,-0.01845,0.99994,-0.00192,0.01081,0.00305,0.00452,-0.00263,-0.00007
1786676936234482176,-0.06020,-0.02080,-0.01837,0.99993,-0.00223,0.01073,0.00321,0.00102,0.00060,0.00030
1786676936401095168,-0.05983,-0.02116,-0.01832,0.99993,-0.00204,0.01074,0.00324,0.00219,-0.00218,0.00031
1786676936568557312,-0.06043,-0.02093,-0.01863,0.99993,-0.00199,0.01078,0.00321,-0.00357,0.00141,-0.00185
1786676936834362624,-0.06021,-0.02112,-0.01906,0.99994,-0.00201,0.01075,0.00323,0.00084,-0.00071,-0.00162
1786676936967596288,-0.06082,-0.02102,-0.01892,0.99993,-0.00214,0.01084,0.00324,-0.00455,0.00073,0.00104
1786676937200785408,-0.06084,-0.02039,-0.01862,0.99993,-0.00208,0.01089,0.00340,-0.00011,0.00269,0.00129
1786676937401468672,-0.06001,-0.02118,-0.01887,0.99993,-0.00215,0.01073,0.00330,0.00415,-0.00393,-0.00122
1786676937535252480,-0.06033,-0.02068,-0.01892,0.99993,-0.00204,0.01082,0.00324,-0.00242,0.00372,-0.00036
1786676937600927232,-0.06057,-0.02067,-0.01868,0.99993,-0.00208,0.01090,0.00325,-0.00362,0.00028,0.00362
