364000000,-0.00046,0.00003,-0.00005,1.00000,-0.00003,-0.00055,0.00005,-0.00287,0.00033,-0.00074
397000000,0.00077,0.00064,-0.00068,1.00000,0.00035,-0.00123,-0.00002,-0.00195,0.00143,-0.00022
430000000,0.00061,0.00061,-0.00063,1.00000,0.00043,-0.00124,-0.00002,-0.00238,0.00138,0.00063
463000000,0.00047,0.00059,-0.00060,1.00000,0.00044,-0.00118,-0.00002,-0.00288,0.00198,0.00053
496000000,0.00047,0.00063,-0.00065,1.00000,0.00045,-0.00103,-0.00002,-0.00379,0.00179,0.00066
529000000,0.00041,0.00064,-0.00064,1.00000,0.00056,-0.00102,-0.00000,-0.00317,0.00144,0.00130
562000000,0.00037,0.00064,-0.00063,1.00000,0.00066,-0.00108,-0.00001,-0.00396,0.00096,0.00114
595000000,0.00030,0.00065,-0.00065,1.00000,0.00067,-0.00108,-0.00001,-0.00551,0.00091,0.00087
628000000,0.00032,0.00068,-0.00067,1.00000,0.00058,-0.00090,-0.00008,-0.00401,0.00035,0.00018
661000000,0.00034,0.00070,-0.00069,1.00000,0.00056,-0.00079,-0.00003,-0.00443,0.00025,0.00097
694000000,0.00028,0.00077,-0.00075,1.00000,0.00061,-0.00083,-0.00002,-0.00407,0.00116,0.00160
727000000,0.00026,0.00078,-0.00075,1.00000,0.00062,-0.00080,-0.00005,-0.00465,0.00107,0.00196
760000000,0.00027,0.00073,-0.00072,1.00000,0.00060,-0.00072,-0.00001,-0.00293,0.00067,0.00144
793000000,0.00025,0.00073,-0.00073,1.00000,0.00059,-0.00069,-0.00003,-0.00354,0.00078,0.00153
826000000,0.00019,0.00074,-0.00074,1.00000,0.00065,-0.00070,-0.00002,-0.00456,-0.00000,0.00027
859000000,0.00014,0.00072,-0.00075,1.00000,0.00063,-0.00066,-0.00005,-0.00493,-0.00069,0.00021
892000000,0.00011,0.00071,-0.00073,1.00000,0.00059,-0.00062,-0.00004,-0.00555,-0.00068,0.00000
925000000,0.00001,0.00077,-0.00076,1.00000,0.00066,-0.00068,-0.00002,-0.00745,-0.00084,0.00070
958000000,0.00001,0.00075,-0.00075,1.00000,0.00062,-0.00066,-0.00003,-0.00679,-0.00134,0.00124
991000000,0.00003,0.00074,-0.00075,1.00000,0.00063,-0.00064,-0.00005,-0.00601,-0.00238,0.00130
1024000000,-0.00001,0.00072,-0.00074,1.00000,0.00060,-0.00060,-0.00002,-0.00616,-0.00241,0.00098
1057000000,-0.00003,0.00072,-0.00076,1.00000,0.00061,-0.00058,-0.00004,-0.00625,-0.00301,0.00081
1090000000,-0.00003,0.00074,-0.00077,1.00000,0.00062,-0.00053,-0.00005,-0.00600,-0.00168,0.00057
1123000000,-0.00002,0.00074,-0.00077,1.00000,0.00060,-0.00050,-0.00004,-0.00452,-0.00267,0.00062
1156000000,0.00002,0.00077,-0.00080,1.00000,0.00060,-0.00049,-0.00002,-0.00467,-0.00263,0.00069
1189000000,0.00001,0.00079,-0.00082,1.00000,0.00059,-0.00048,-0.00005,-0.00513,-0.00338,0.00100
1222000000,-0.00020,0.00070,-0.00073,1.00000,0.00062,-0.00057,-0.00002,-0.00613,-0.00439,0.00220
1255000000,-0.00019,0.00070,-0.00072,1.00000,0.00061,-0.00055,-0.00002,-0.00597,-0.00390,0.00207
1288000000,0.00001,0.00082,-0.00085,1.00000,0.00055,-0.00043,-0.00007,-0.00409,-0.00267,0.00240
1321000000,0.00003,0.00079,-0.00080,1.00000,0.00054,-0.00044,-0.00004,-0.00354,-0.00259,0.00246
1354000000,0.00003,0.00081,-0.00080,1.00000,0.00053,-0.00039,-0.00006,-0.00473,-0.00134,0.00347
1387000000,-0.00011,0.00077,-0.00075,1.00000,0.00052,-0.00038,-0.00003,-0.00534,-0.00084,0.00223
1420000000,-0.00006,0.00077,-0.00076,1.00000,0.00055,-0.00037,-0.00005,-0.00546,-0.00092,0.00218
1453000000,-0.00003,0.00080,-0.00080,1.00000,0.00058,-0.00035,-0.00003,-0.00562,-0.00115,0.00185
1486000000,-0.00003,0.00079,-0.00080,1.00000,0.00056,-0.00033,-0.00004,-0.00536,-0.00138,0.00265
1519000000,-0.00004,0.00080,-0.00080,1.00000,0.00057,-0.00034,-0.00004,-0.00484,-0.00104,0.00199
1552000000,-0.00006,0.00080,-0.00080,1.00000,0.00056,-0.00035,-0.00003,-0.00509,-0.00099,0.00166
1585000000,-0.00009,0.00079,-0.00079,1.00000,0.00058,-0.00034,-0.00004,-0.00433,-0.00029,0.00168
1618000000,-0.00013,0.00081,-0.00078,1.00000,0.00060,-0.00040,-0.00002,-0.00400,-0.00143,0.00136
1651000000,-0.00015,0.00077,-0.00078,1.00000,0.00052,-0.00033,-0.00004,-0.00247,-0.00077,0.00079
1684000000,-0.00014,0.00081,-0.00081,1.00000,0.00055,-0.00035,-0.00004,-0.00076,-0.00013,0.00097
1717000000,-0.00013,0.00080,-0.00079,1.00000,0.00053,-0.00035,-0.00004,-0.00090,-0.00053,0.00052
1750000000,-0.00016,0.00077,-0.00078,1.00000,0.00053,-0.00034,-0.00003,-0.00187,-0.00177,0.00044
1783000000,-0.00011,0.00075,-0.00081,1.00000,0.00051,-0.00030,-0.00002,-0.00161,-0.00231,-0.00035
1816000000,-0.00012,0.00078,-0.00085,1.00000,0.00057,-0.00031,-0.00001,-0.00186,-0.00142,-0.00177
1849000000,-0.00013,0.00081,-0.00088,1.00000,0.00059,-0.00028,-0.00004,-0.00125,-0.00095,-0.00215
1882000000,-0.00012,0.00081,-0.00089,1.00000,0.00058,-0.00030,-0.00004,-0.00129,-0.00104,-0.00292
1915000000,-0.00014,0.00080,-0.00090,1.00000,0.00059,-0.00027,-0.00001,-0.00122,-0.00258,-0.00247
1948000000,-0.00015,0.00080,-0.00092,1.00000,0.00059,-0.00028,-0.00003,-0.00170,-0.00483,-0.00262
1981000000,-0.00018,0.00078,-0.00093,1.00000,0.00058,-0.00031,-0.00001,-0.00105,-0.00580,-0.00299
2014000000,-0.00021,0.00076,-0.00092,1.00000,0.00059,-0.00032,-0.00002,-0.00095,-0.00516,-0.00312
2047000000,-0.00022,0.00076,-0.00090,1.00000,0.00060,-0.00030,-0.00003,-0.00082,-0.00370,-0.00233
2080000000,-0.00025,0.00072,-0.00086,1.00000,0.00065,-0.00034,0.00001,-0.00081,-0.00410,-0.00340
2113000000,-0.00025,0.00073,-0.00086,1.00000,0.00064,-0.00035,-0.00002,-0.00106,-0.00360,-0.00263
2146000000,-0.00024,0.00072,-0.00085,1.00000,0.00066,-0.00034,-0.00001,-0.00049,-0.00284,-0.00269
2179000000,-0.00024,0.00075,-0.00089,1.00000,0.00069,-0.00031,-0.00002,-0.00059,-0.00378,-0.00395
2212000000,-0.00025,0.00074,-0.00088,1.00000,0.00073,-0.00035,-0.00001,-0.00061,-0.00374,-0.00327
2245000000,-0.00025,0.00077,-0.00092,1.00000,0.00075,-0.00031,-0.00003,-0.00049,-0.00355,-0.00334
2278000000,-0.00025,0.00076,-0.00089,1.00000,0.00079,-0.00028,-0.00000,0.00005,-0.00307,-0.00215
2311000000,-0.00026,0.00075,-0.00086,1.00000,0.00081,-0.00029,-0.00001,-0.00179,-0.00270,-0.00212
2344000000,-0.00036,0.00075,-0.00088,1.00000,0.00080,-0.00031,0.00000,-0.00167,-0.00407,-0.00275
2377000000,-0.00039,0.00071,-0.00083,1.00000,0.00081,-0.00029,-0.00000,-0.00172,-0.00407,-0.00185
2410000000,-0.00039,0.00070,-0.00081,1.00000,0.00082,-0.00032,-0.00000,-0.00124,-0.00353,-0.00236
2443000000,-0.00047,0.00073,-0.00082,1.00000,0.00085,-0.00031,-0.00001,-0.00235,-0.00460,-0.00095
2476000000,-0.00040,0.00068,-0.00080,1.00000,0.00088,-0.00030,0.00001,-0.00194,-0.00423,-0.00206
2509000000,-0.00031,0.00074,-0.00087,1.00000,0.00094,-0.00030,0.00001,-0.00256,-0.00463,-0.00073
2542000000,-0.00031,0.00075,-0.00086,1.00000,0.00099,-0.00032,0.00000,-0.00160,-0.00354,-0.00008
2575000000,-0.00042,0.00076,-0.00082,1.00000,0.00101,-0.00036,0.00000,-0.00245,-0.00256,0.00080
2608000000,-0.00047,0.00069,-0.00073,1.00000,0.00098,-0.00033,0.00000,-0.00207,-0.00253,0.00142
2641000000,-0.00048,0.00070,-0.00072,1.00000,0.00098,-0.00031,-0.00001,-0.00226,-0.00266,0.00208
2674000000,-0.00053,0.00066,-0.00069,1.00000,0.00093,-0.00029,0.00000,-0.00247,-0.00361,0.00339
2707000000,-0.00053,0.00072,-0.00075,1.00000,0.00093,-0.00032,0.00001,-0.00297,-0.00574,0.00500
2740000000,-0.00042,0.00076,-0.00080,1.00000,0.00088,-0.00035,-0.00002,-0.00386,-0.00491,0.00489
2773000000,-0.00045,0.00075,-0.00080,1.00000,0.00087,-0.00039,0.00001,-0.00378,-0.00554,0.00458
2806000000,-0.00047,0.00074,-0.00079,1.00000,0.00082,-0.00044,-0.00002,-0.00394,-0.00521,0.00398
2839000000,-0.00043,0.00076,-0.00082,1.00000,0.00083,-0.00046,-0.00000,-0.00435,-0.00518,0.00363
2872000000,-0.00045,0.00076,-0.00079,1.00000,0.00083,-0.00049,-0.00002,-0.00558,-0.00431,0.00572
2905000000,-0.00050,0.00078,-0.00080,1.00000,0.00082,-0.00052,-0.00003,-0.00620,-0.00406,0.00484
2938000000,-0.00049,0.00078,-0.00080,1.00000,0.00083,-0.00052,0.00001,-0.00592,-0.00383,0.00501
2971000000,-0.00054,0.00075,-0.00076,1.00000,0.00076,-0.00052,0.00001,-0.00582,-0.00335,0.00400
3004000000,-0.00058,0.00073,-0.00075,1.00000,0.00075,-0.00046,0.00000,-0.00720,-0.00329,0.00305
3037000000,-0.00063,0.00070,-0.00073,1.00000,0.00072,-0.00044,0.00001,-0.00649,-0.00452,0.00340
3070000000,-0.00060,0.00073,-0.00077,1.00000,0.00071,-0.00043,0.00002,-0.00491,-0.00510,0.00318
3103000000,-0.00059,0.00079,-0.00085,1.00000,0.00066,-0.00046,-0.00003,-0.00603,-0.00717,0.00426
3136000000,-0.00062,0.00074,-0.00083,1.00000,0.00063,-0.00054,-0.00001,-0.00713,-0.00952,0.00488
3169000000,-0.00062,0.00075,-0.00087,1.00000,0.00059,-0.00077,-0.00002,-0.00694,-0.01036,0.00592
3202000000,-0.00061,0.00077,-0.00087,1.00000,0.00055,-0.00090,-0.00000,-0.00580,-0.01059,0.00684
3235000000,-0.00061,0.00081,-0.00091,1.00000,0.00056,-0.00097,-0.00001,-0.00509,-0.00999,0.00672
3268000000,-0.00059,0.00082,-0.00092,1.00000,0.00048,-0.00112,-0.00002,-0.00492,-0.01064,0.00683
3301000000,-0.00054,0.00084,-0.00094,1.00000,0.00043,-0.00125,-0.00002,-0.00468,-0.01115,0.00788
3334000000,-0.00057,0.00087,-0.00097,1.00000,0.00034,-0.00144,-0.00003,-0.00391,-0.01179,0.00810
3367000000,-0.00061,0.00084,-0.00093,1.00000,0.00032,-0.00162,-0.00003,-0.00418,-0.01227,0.00885
3400000000,-0.00059,0.00090,-0.00099,1.00000,0.00027,-0.00180,-0.00004,-0.00345,-0.01107,0.00859
3433000000,-0.00057,0.00091,-0.00099,1.00000,0.00022,-0.00195,-0.00002,-0.00336,-0.01067,0.00792
3466000000,-0.00060,0.00091,-0.00099,1.00000,0.00018,-0.00214,-0.00005,-0.00213,-0.01049,0.00776
3499000000,-0.00061,0.00088,-0.00096,1.00000,0.00010,-0.00233,-0.00002,-0.00274,-0.01052,0.00828
3532000000,-0.00062,0.00093,-0.00100,1.00000,0.00000,-0.00250,-0.00002,-0.00345,-0.00948,0.00905
3565000000,-0.00066,0.00088,-0.00091,1.00000,-0.00008,-0.00265,-0.00002,-0.00406,-0.00923,0.00974
3598000000,-0.00064,0.00090,-0.00095,1.00000,-0.00024,-0.00285,0.00001,-0.00348,-0.00993,0.00975
3631000000,-0.00065,0.00085,-0.00090,1.00000,-0.00036,-0.00303,-0.00001,-0.00346,-0.01025,0.00944
3664000000,-0.00069,0.00095,-0.00100,0.99999,-0.00043,-0.00324,-0.00004,-0.00460,-0.01023,0.00960
3697000000,-0.00071,0.00083,-0.00089,0.99999,-0.00056,-0.00337,0.00002,-0.00467,-0.01022,0.01004
3730000000,-0.00077,0.00086,-0.00091,0.99999,-0.00078,-0.00368,0.00003,-0.00608,-0.01039,0.01041
3763000000,-0.00076,0.00091,-0.00096,0.99999,-0.00095,-0.00394,-0.00003,-0.00592,-0.01032,0.00974
3796000000,-0.00080,0.00077,-0.00081,0.99999,-0.00100,-0.00413,-0.00003,-0.00593,-0.00975,0.01005
3829000000,-0.00077,0.00089,-0.00094,0.99999,-0.00114,-0.00433,-0.00001,-0.00692,-0.00971,0.01042
3862000000,-0.00081,0.00082,-0.00085,0.99999,-0.00130,-0.00450,-0.00004,-0.00678,-0.00980,0.01129
3895000000,-0.00083,0.00089,-0.00092,0.99999,-0.00147,-0.00477,-0.00004,-0.00664,-0.01063,0.01189
3928000000,-0.00090,0.00084,-0.00086,0.99999,-0.00157,-0.00496,-0.00006,-0.00548,-0.01194,0.01267
3961000000,-0.00093,0.00085,-0.00088,0.99998,-0.00175,-0.00533,-0.00004,-0.00612,-0.01130,0.01155
3994000000,-0.00093,0.00075,-0.00079,0.99998,-0.00188,-0.00553,0.00001,-0.00561,-0.01134,0.01113
4027000000,-0.00103,0.00080,-0.00084,0.99998,-0.00197,-0.00569,-0.00003,-0.00570,-0.01084,0.01130
4060000000,-0.00105,0.00082,-0.00085,0.99998,-0.00211,-0.00597,-0.00003,-0.00499,-0.01090,0.01174
4093000000,-0.00102,0.00085,-0.00089,0.99998,-0.00225,-0.00619,-0.00001,-0.00502,-0.01065,0.01112
4126000000,-0.00104,0.00090,-0.00092,0.99998,-0.00246,-0.00658,-0.00002,-0.00434,-0.01047,0.01180
4159000000,-0.00102,0.00089,-0.00090,0.99997,-0.00258,-0.00681,-0.00000,-0.00391,-0.00913,0.01121
4192000000,-0.00102,0.00091,-0.00092,0.99997,-0.00268,-0.00695,-0.00002,-0.00323,-0.00908,0.01207
4225000000,-0.00100,0.00095,-0.00093,0.99997,-0.00284,-0.00715,-0.00002,-0.00252,-0.00886,0.01212
4258000000,-0.00106,0.00086,-0.00084,0.99997,-0.00301,-0.00736,-0.00003,-0.00247,-0.00767,0.01229
4291000000,-0.00130,0.00062,-0.00054,0.99997,-0.00303,-0.00742,0.00001,-0.00084,-0.00952,0.01298
4324000000,-0.00122,0.00070,-0.00066,0.99997,-0.00322,-0.00759,-0.00002,-0.00161,-0.00891,0.01258
4357000000,-0.00125,0.00068,-0.00065,0.99996,-0.00341,-0.00784,-0.00004,-0.00051,-0.00922,0.01236
4390000000,-0.00125,0.00070,-0.00069,0.99996,-0.00372,-0.00827,-0.00002,-0.00061,-0.00952,0.01159
4423000000,-0.00130,0.00074,-0.00075,0.99995,-0.00396,-0.00869,-0.00006,-0.00086,-0.00938,0.01086
4456000000,-0.00129,0.00069,-0.00069,0.99995,-0.00412,-0.00895,-0.00001,-0.00182,-0.00932,0.01219
4489000000,-0.00136,0.00071,-0.00068,0.99995,-0.00448,-0.00937,-0.00007,-0.00115,-0.00960,0.01282
4522000000,-0.00133,0.00073,-0.00071,0.99994,-0.00456,-0.00954,0.00000,-0.00120,-0.00999,0.01320
4555000000,-0.00134,0.00073,-0.00069,0.99994,-0.00474,-0.00978,-0.00005,-0.00255,-0.01005,0.01459
4588000000,-0.00134,0.00075,-0.00070,0.99994,-0.00497,-0.01007,-0.00002,-0.00330,-0.01164,0.01582
4621000000,-0.00140,0.00074,-0.00070,0.99993,-0.00532,-0.01050,-0.00003,-0.00379,-0.01152,0.01519
4654000000,-0.00143,0.00072,-0.00068,0.99993,-0.00559,-0.01082,-0.00003,-0.00582,-0.01122,0.01580
4687000000,-0.00140,0.00072,-0.00066,0.99992,-0.00586,-0.01106,-0.00003,-0.00491,-0.01136,0.01600
4720000000,-0.00139,0.00069,-0.00064,0.99992,-0.00601,-0.01121,-0.00008,-0.00350,-0.01213,0.01515
4753000000,-0.00143,0.00073,-0.00072,0.99992,-0.00621,-0.01143,-0.00006,-0.00315,-0.01183,0.01571
4786000000,-0.00140,0.00061,-0.00055,0.99991,-0.00636,-0.01160,-0.00002,-0.00252,-0.01186,0.01648
4819000000,-0.00149,0.00063,-0.00057,0.99991,-0.00651,-0.01176,-0.00008,-0.00176,-0.01278,0.01729
4852000000,-0.00151,0.00080,-0.00075,0.99991,-0.00659,-0.01196,-0.00009,-0.00165,-0.01232,0.01718
4885000000,-0.00144,0.00071,-0.00064,0.99991,-0.00664,-0.01205,-0.00006,-0.00039,-0.01264,0.01753
4918000000,-0.00154,0.00074,-0.00068,0.99990,-0.00690,-0.01230,-0.00007,0.00011,-0.01221,0.01618
4951000000,-0.00157,0.00053,-0.00047,0.99990,-0.00707,-0.01245,-0.00008,0.00119,-0.01239,0.01729
4984000000,-0.00168,0.00063,-0.00056,0.99990,-0.00712,-0.01258,-0.00011,0.00118,-0.01307,0.01719
5017000000,-0.00159,0.00075,-0.00070,0.99989,-0.00734,-0.01281,-0.00008,0.00290,-0.01329,0.01740
5050000000,-0.00159,0.00075,-0.00071,0.99989,-0.00752,-0.01303,-0.00008,0.00318,-0.01381,0.01663
5083000000,-0.00161,0.00066,-0.00062,0.99988,-0.00765,-0.01316,-0.00006,0.00457,-0.01309,0.01564
5116000000,-0.00166,0.00071,-0.00067,0.99988,-0.00796,-0.01352,-0.00009,0.00573,-0.01083,0.01585
5149000000,-0.00162,0.00077,-0.00069,0.99987,-0.00827,-0.01390,-0.00008,0.00641,-0.01054,0.01704
5182000000,-0.00163,0.00070,-0.00058,0.99986,-0.00859,-0.01420,-0.00010,0.00667,-0.00993,0.01837
5215000000,-0.00169,0.00068,-0.00051,0.99986,-0.00887,-0.01444,-0.00011,0.00848,-0.01028,0.01849
5248000000,-0.00167,0.00078,-0.00061,0.99985,-0.00920,-0.01475,-0.00007,0.00763,-0.00999,0.01957
5281000000,-0.00169,0.00081,-0.00065,0.99984,-0.00968,-0.01517,-0.00015,0.00585,-0.00944,0.01934
5314000000,-0.00170,0.00083,-0.00064,0.99983,-0.01009,-0.01551,-0.00013,0.00394,-0.00956,0.02137
5347000000,-0.00175,0.00078,-0.00057,0.99982,-0.01049,-0.01583,-0.00013,0.00317,-0.01012,0.02164
5380000000,-0.00181,0.00076,-0.00055,0.99981,-0.01107,-0.01628,-0.00018,0.00406,-0.01148,0.02249
5413000000,-0.00184,0.00081,-0.00063,0.99979,-0.01171,-0.01677,-0.00017,0.00428,-0.01238,0.02233
5446000000,-0.00183,0.00079,-0.00065,0.99978,-0.01218,-0.01719,-0.00018,0.00502,-0.01401,0.02203
5479000000,-0.00187,0.00071,-0.00059,0.99977,-0.01250,-0.01754,-0.00019,0.00581,-0.01419,0.02140
5512000000,-0.00191,0.00080,-0.00066,0.99976,-0.01291,-0.01795,-0.00022,0.00667,-0.01352,0.02342
5545000000,-0.00191,0.00072,-0.00058,0.99974,-0.01327,-0.01831,-0.00022,0.00726,-0.01500,0.02308
5578000000,-0.00190,0.00072,-0.00059,0.99973,-0.01367,-0.01873,-0.00022,0.00744,-0.01475,0.02332
5611000000,-0.00188,0.00075,-0.00059,0.99971,-0.01416,-0.01924,-0.00024,0.00791,-0.01470,0.02431
5644000000,-0.00186,0.00074,-0.00061,0.99970,-0.01456,-0.01967,-0.00023,0.00773,-0.01517,0.02359
5677000000,-0.00185,0.00075,-0.00064,0.99968,-0.01510,-0.02019,-0.00027,0.00826,-0.01496,0.02290
5710000000,-0.00187,0.00075,-0.00067,0.99966,-0.01558,-0.02074,-0.00028,0.00863,-0.01584,0.02284
5743000000,-0.00192,0.00074,-0.00069,0.99964,-0.01605,-0.02129,-0.00032,0.00873,-0.01563,0.02182
5776000000,-0.00194,0.00066,-0.00062,0.99962,-0.01658,-0.02188,-0.00033,0.00825,-0.01532,0.02201
5809000000,-0.00199,0.00072,-0.00069,0.99961,-0.01698,-0.02234,-0.00035,0.00800,-0.01524,0.02140
5842000000,-0.00202,0.00070,-0.00066,0.99958,-0.01765,-0.02310,-0.00039,0.00727,-0.01509,0.02291
5875000000,-0.00207,0.00069,-0.00066,0.99955,-0.01816,-0.02367,-0.00038,0.00691,-0.01618,0.02245
5908000000,-0.00206,0.00070,-0.00071,0.99953,-0.01870,-0.02431,-0.00038,0.00640,-0.01723,0.02308
5941000000,-0.00206,0.00064,-0.00062,0.99952,-0.01899,-0.02460,-0.00044,0.00662,-0.01726,0.02274
5974000000,-0.00209,0.00068,-0.00070,0.99949,-0.01951,-0.02528,-0.00046,0.00574,-0.01719,0.02119
6007000000,-0.00209,0.00061,-0.00064,0.99946,-0.02005,-0.02588,-0.00047,0.00684,-0.01713,0.02094
6040000000,-0.00219,0.00057,-0.00062,0.99944,-0.02050,-0.02641,-0.00050,0.00826,-0.01654,0.02186
6073000000,-0.00221,0.00063,-0.00068,0.99941,-0.02104,-0.02709,-0.00052,0.00857,-0.01753,0.02203
6106000000,-0.00226,0.00067,-0.00072,0.99938,-0.02155,-0.02774,-0.00057,0.00932,-0.01645,0.02263
6139000000,-0.00225,0.00062,-0.00064,0.99936,-0.02193,-0.02818,-0.00062,0.00924,-0.01601,0.02277
6172000000,-0.00221,0.00047,-0.00048,0.99933,-0.02241,-0.02877,-0.00057,0.00911,-0.01678,0.02229
6205000000,-0.00225,0.00057,-0.00063,0.99932,-0.02261,-0.02909,-0.00059,0.00818,-0.01784,0.02263
6238000000,-0.00223,0.00061,-0.00064,0.99929,-0.02312,-0.02965,-0.00061,0.00807,-0.01611,0.02234
6271000000,-0.00222,0.00066,-0.00069,0.99926,-0.02378,-0.03038,-0.00067,0.00817,-0.01570,0.02220
6304000000,-0.00226,0.00064,-0.00064,0.99922,-0.02435,-0.03103,-0.00069,0.00804,-0.01355,0.02257
6337000000,-0.00254,0.00026,-0.00019,0.99920,-0.02472,-0.03132,-0.00066,0.00886,-0.01445,0.02275
6370000000,-0.00244,0.00038,-0.00035,0.99919,-0.02495,-0.03165,-0.00071,0.00896,-0.01560,0.02492
6403000000,-0.00253,0.00040,-0.00036,0.99917,-0.02527,-0.03193,-0.00072,0.00766,-0.01652,0.02498
6436000000,-0.00254,0.00034,-0.00034,0.99915,-0.02564,-0.03233,-0.00076,0.00775,-0.01821,0.02510
6469000000,-0.00251,0.00034,-0.00034,0.99912,-0.02612,-0.03289,-0.00076,0.00720,-0.01815,0.02444
6502000000,-0.00251,0.00036,-0.00039,0.99909,-0.02654,-0.03340,-0.00081,0.00765,-0.01825,0.02445
6535000000,-0.00248,0.00033,-0.00036,0.99906,-0.02693,-0.03389,-0.00081,0.00881,-0.01896,0.02532
6568000000,-0.00253,0.00028,-0.00026,0.99903,-0.02742,-0.03446,-0.00087,0.01044,-0.01803,0.02689
6601000000,-0.00247,0.00046,-0.00046,0.99901,-0.02767,-0.03480,-0.00088,0.01037,-0.01888,0.02728
6634000000,-0.00255,0.00038,-0.00035,0.99897,-0.02828,-0.03543,-0.00092,0.00985,-0.01687,0.02712
6667000000,-0.00255,0.00040,-0.00032,0.99894,-0.02875,-0.03602,-0.00096,0.00980,-0.01597,0.02805
6700000000,-0.00257,0.00041,-0.00031,0.99890,-0.02927,-0.03655,-0.00102,0.01056,-0.01587,0.02800
6733000000,-0.00255,0.00041,-0.00033,0.99887,-0.02980,-0.03713,-0.00102,0.01086,-0.01646,0.02794
6766000000,-0.00256,0.00040,-0.00033,0.99883,-0.03038,-0.03768,-0.00104,0.01157,-0.01596,0.02743
6799000000,-0.00259,0.00040,-0.00033,0.99879,-0.03086,-0.03821,-0.00108,0.01151,-0.01562,0.02713
6832000000,-0.00261,0.00040,-0.00035,0.99875,-0.03147,-0.03882,-0.00113,0.01126,-0.01562,0.02551
6865000000,-0.00260,0.00040,-0.00036,0.99870,-0.03209,-0.03947,-0.00116,0.01282,-0.01586,0.02560
6898000000,-0.00262,0.00032,-0.00029,0.99867,-0.03252,-0.03994,-0.00118,0.01408,-0.01629,0.02629
6931000000,-0.00258,0.00049,-0.00046,0.99864,-0.03285,-0.04034,-0.00124,0.01578,-0.01608,0.02703
6964000000,-0.00264,0.00039,-0.00034,0.99859,-0.03358,-0.04103,-0.00125,0.01653,-0.01462,0.02638
6997000000,-0.00265,0.00041,-0.00036,0.99855,-0.03421,-0.04160,-0.00130,0.01632,-0.01455,0.02698
7030000000,-0.00281,0.00010,0.00001,0.99851,-0.03466,-0.04203,-0.00134,0.01605,-0.01432,0.02735
7063000000,-0.00285,0.00011,-0.00001,0.99848,-0.03507,-0.04243,-0.00140,0.01710,-0.01431,0.02751
7096000000,-0.00297,-0.00017,0.00035,0.99847,-0.03522,-0.04267,-0.00135,0.01827,-0.01553,0.02769
7129000000,-0.00342,-0.00034,0.00068,0.99847,-0.03520,-0.04272,-0.00135,0.01444,-0.01955,0.02968
7162000000,-0.00446,-0.00050,0.00063,0.99845,-0.03536,-0.04289,-0.00133,0.01390,-0.02002,0.02857
7195000000,-0.00414,-0.00035,0.00046,0.99842,-0.03569,-0.04328,-0.00140,0.01435,-0.01905,0.02908
7228000000,-0.00405,-0.00032,0.00041,0.99838,-0.03619,-0.04387,-0.00137,0.01405,-0.01913,0.02754
7261000000,-0.00408,-0.00029,0.00039,0.99833,-0.03669,-0.04449,-0.00145,0.01367,-0.01615,0.02704
7294000000,-0.00409,-0.00033,0.00046,0.99829,-0.03718,-0.04500,-0.00151,0.01352,-0.01492,0.02600
7327000000,-0.00410,-0.00036,0.00049,0.99826,-0.03760,-0.04547,-0.00152,0.01354,-0.01478,0.02624
7360000000,-0.00413,-0.00027,0.00039,0.99820,-0.03819,-0.04615,-0.00161,0.01440,-0.01512,0.02582
7393000000,-0.00414,-0.00035,0.00045,0.99814,-0.03893,-0.04697,-0.00164,0.01585,-0.01524,0.02522
7426000000,-0.00412,-0.00027,0.00034,0.99808,-0.03946,-0.04762,-0.00172,0.01720,-0.01359,0.02511
7459000000,-0.00413,-0.00031,0.00042,0.99804,-0.03995,-0.04815,-0.00175,0.01601,-0.01269,0.02506
7492000000,-0.00418,-0.00034,0.00049,0.99799,-0.04047,-0.04870,-0.00181,0.01674,-0.01320,0.02602
7525000000,-0.00422,-0.00026,0.00040,0.99794,-0.04105,-0.04936,-0.00186,0.01624,-0.01351,0.02693
7558000000,-0.00421,-0.00032,0.00046,0.99786,-0.04187,-0.05019,-0.00190,0.01520,-0.01419,0.02645
7591000000,-0.00438,-0.00035,0.00044,0.99781,-0.04240,-0.05080,-0.00198,0.01548,-0.01391,0.02575
7624000000,-0.00435,-0.00029,0.00038,0.99773,-0.04315,-0.05159,-0.00205,0.01345,-0.01302,0.02471
7657000000,-0.00436,-0.00035,0.00047,0.99765,-0.04406,-0.05249,-0.00210,0.01594,-0.01166,0.02521
7690000000,-0.00432,-0.00035,0.00047,0.99757,-0.04488,-0.05328,-0.00220,0.01816,-0.01175,0.02471
7723000000,-0.00463,-0.00045,0.00057,0.99751,-0.04553,-0.05382,-0.00223,0.01876,-0.01053,0.02389
7756000000,-0.00463,-0.00046,0.00059,0.99746,-0.04612,-0.05430,-0.00229,0.01794,-0.00947,0.02432
7789000000,-0.00449,-0.00037,0.00057,0.99740,-0.04674,-0.05479,-0.00239,0.01807,-0.00782,0.02544
7822000000,-0.00447,-0.00032,0.00050,0.99733,-0.04760,-0.05541,-0.00242,0.01775,-0.00781,0.02479
7855000000,-0.00453,-0.00035,0.00055,0.99724,-0.04856,-0.05613,-0.00252,0.01804,-0.00641,0.02369
7888000000,-0.00452,-0.00030,0.00048,0.99714,-0.04966,-0.05692,-0.00259,0.01924,-0.00581,0.02295
7921000000,-0.00456,-0.00032,0.00052,0.99708,-0.05030,-0.05735,-0.00268,0.02014,-0.00552,0.02302
7954000000,-0.00460,-0.00030,0.00050,0.99704,-0.05079,-0.05768,-0.00273,0.02074,-0.00477,0.02336
7987000000,-0.00461,-0.00029,0.00052,0.99696,-0.05162,-0.05823,-0.00279,0.02193,-0.00438,0.02314
8020000000,-0.00461,-0.00032,0.00052,0.99691,-0.05223,-0.05861,-0.00285,0.02145,-0.00398,0.02258
8053000000,-0.00465,-0.00030,0.00053,0.99682,-0.05322,-0.05928,-0.00292,0.02081,-0.00386,0.02285
8086000000,-0.00467,-0.00028,0.00049,0.99674,-0.05409,-0.05976,-0.00298,0.02248,-0.00348,0.02150
8119000000,-0.00475,-0.00030,0.00050,0.99666,-0.05495,-0.06029,-0.00312,0.02320,-0.00281,0.02155
8152000000,-0.00470,-0.00027,0.00046,0.99659,-0.05574,-0.06081,-0.00314,0.02186,-0.00316,0.02122
8185000000,-0.00472,-0.00027,0.00046,0.99647,-0.05698,-0.06156,-0.00327,0.02297,-0.00296,0.02138
8218000000,-0.00476,-0.00033,0.00056,0.99634,-0.05836,-0.06234,-0.00338,0.02536,-0.00077,0.02118
8251000000,-0.00475,-0.00031,0.00056,0.99624,-0.05954,-0.06292,-0.00348,0.02580,-0.00030,0.02119
8284000000,-0.00478,-0.00031,0.00055,0.99613,-0.06067,-0.06351,-0.00359,0.02524,-0.00173,0.02177
8317000000,-0.00480,-0.00032,0.00056,0.99601,-0.06184,-0.06420,-0.00372,0.02576,-0.00165,0.02261
8350000000,-0.00485,-0.00030,0.00059,0.99590,-0.06296,-0.06483,-0.00384,0.02754,-0.00081,0.02362
8383000000,-0.00487,-0.00023,0.00051,0.99577,-0.06428,-0.06548,-0.00396,0.02743,0.00039,0.02378
8416000000,-0.00493,-0.00020,0.00053,0.99566,-0.06543,-0.06606,-0.00408,0.02599,0.00193,0.02387
8449000000,-0.00495,-0.00020,0.00057,0.99557,-0.06636,-0.06645,-0.00417,0.02468,0.00319,0.02355
8482000000,-0.00493,-0.00019,0.00055,0.99548,-0.06734,-0.06680,-0.00426,0.02347,0.00327,0.02262
8515000000,-0.00490,-0.00018,0.00054,0.99538,-0.06835,-0.06724,-0.00434,0.02409,0.00261,0.02293
8548000000,-0.00491,-0.00019,0.00050,0.99525,-0.06975,-0.06780,-0.00450,0.02590,0.00242,0.02222
8581000000,-0.00494,-0.00026,0.00059,0.99513,-0.07089,-0.06831,-0.00459,0.02539,0.00260,0.02273
8614000000,-0.00492,-0.00022,0.00053,0.99503,-0.07190,-0.06870,-0.00467,0.02503,0.00197,0.02191
8647000000,-0.00492,-0.00017,0.00045,0.99488,-0.07333,-0.06933,-0.00482,0.02396,0.00264,0.02230
8680000000,-0.00530,-0.00026,0.00059,0.99474,-0.07476,-0.06985,-0.00496,0.02546,0.00411,0.02323
8713000000,-0.00528,-0.00026,0.00064,0.99456,-0.07658,-0.07041,-0.00510,0.02533,0.00454,0.02359
8746000000,-0.00529,-0.00023,0.00058,0.99436,-0.07862,-0.07095,-0.00527,0.02446,0.00480,0.02087
8779000000,-0.00528,-0.00023,0.00057,0.99417,-0.08060,-0.07144,-0.00547,0.02274,0.00547,0.02013
8812000000,-0.00528,-0.00026,0.00056,0.99396,-0.08259,-0.07199,-0.00564,0.02428,0.00512,0.01886
8845000000,-0.00497,-0.00014,0.00043,0.99375,-0.08463,-0.07257,-0.00587,0.02354,0.00710,0.01829
8878000000,-0.00495,-0.00014,0.00042,0.99353,-0.08680,-0.07304,-0.00603,0.02362,0.00733,0.01659
8911000000,-0.00494,-0.00016,0.00042,0.99329,-0.08908,-0.07346,-0.00622,0.02303,0.00749,0.01486
8944000000,-0.00493,-0.00013,0.00036,0.99305,-0.09144,-0.07387,-0.00642,0.02437,0.00885,0.01323
8977000000,-0.00491,-0.00011,0.00031,0.99282,-0.09358,-0.07420,-0.00667,0.02463,0.00930,0.01146
9010000000,-0.00481,-0.00012,0.00026,0.99259,-0.09579,-0.07451,-0.00680,0.02336,0.00765,0.01071
9043000000,-0.00477,-0.00013,0.00025,0.99233,-0.09809,-0.07493,-0.00704,0.02412,0.00817,0.00922
9076000000,-0.00472,-0.00014,0.00021,0.99215,-0.09961,-0.07521,-0.00718,0.02337,0.00806,0.00681
9109000000,-0.00466,-0.00017,0.00020,0.99197,-0.10124,-0.07541,-0.00729,0.02452,0.00767,0.00632
9142000000,-0.00462,-0.00018,0.00019,0.99178,-0.10292,-0.07560,-0.00746,0.02483,0.00853,0.00505
9175000000,-0.00453,-0.00013,0.00008,0.99149,-0.10540,-0.07604,-0.00771,0.02405,0.00805,0.00346
9208000000,-0.00448,-0.00017,0.00009,0.99122,-0.10758,-0.07641,-0.00792,0.02490,0.00831,0.00184
9241000000,-0.00434,-0.00020,0.00010,0.99101,-0.10934,-0.07662,-0.00803,0.02540,0.00740,0.00068
9274000000,-0.00424,-0.00012,-0.00003,0.99079,-0.11117,-0.07688,-0.00823,0.02660,0.00900,-0.00054
9307000000,-0.00420,-0.00018,0.00006,0.99056,-0.11310,-0.07706,-0.00840,0.02719,0.00831,-0.00047
9340000000,-0.00417,-0.00013,0.00000,0.99028,-0.11530,-0.07729,-0.00859,0.02764,0.00959,-0.00045
9373000000,-0.00419,-0.00010,-0.00002,0.98998,-0.11765,-0.07756,-0.00885,0.02868,0.01071,-0.00248
9406000000,-0.00397,-0.00018,0.00002,0.98972,-0.11991,-0.07750,-0.00891,0.02940,0.00787,-0.00336
9439000000,-0.00386,-0.00011,-0.00010,0.98938,-0.12263,-0.07754,-0.00916,0.03123,0.00986,-0.00497
9472000000,-0.00395,-0.00013,-0.00004,0.98914,-0.12459,-0.07747,-0.00930,0.03175,0.01070,-0.00553
9505000000,-0.00391,-0.00010,-0.00007,0.98891,-0.12646,-0.07725,-0.00943,0.03400,0.01113,-0.00609
9538000000,-0.00380,-0.00006,-0.00015,0.98874,-0.12798,-0.07691,-0.00948,0.03369,0.00987,-0.00737
9571000000,-0.00367,-0.00013,-0.00008,0.98854,-0.12980,-0.07643,-0.00955,0.03404,0.00987,-0.00818
9604000000,-0.00350,-0.00005,-0.00023,0.98839,-0.13132,-0.07584,-0.00960,0.03410,0.00983,-0.00884
9637000000,-0.00344,-0.00004,-0.00024,0.98820,-0.13310,-0.07524,-0.00966,0.03596,0.01020,-0.00964
9670000000,-0.00354,-0.00006,-0.00019,0.98812,-0.13399,-0.07461,-0.00964,0.03662,0.01064,-0.01107
9703000000,-0.00343,-0.00005,-0.00021,0.98815,-0.13446,-0.07337,-0.00948,0.03769,0.01001,-0.01213
9736000000,-0.00348,-0.00004,-0.00021,0.98820,-0.13478,-0.07212,-0.00936,0.03727,0.01127,-0.01245
9769000000,-0.00356,-0.00003,-0.00020,0.98837,-0.13461,-0.07011,-0.00907,0.03633,0.00993,-0.01243
9802000000,-0.00401,-0.00019,0.00002,0.98845,-0.13462,-0.06897,-0.00887,0.03759,0.00958,-0.01229
9835000000,-0.00363,-0.00008,-0.00012,0.98857,-0.13447,-0.06766,-0.00872,0.03804,0.01064,-0.01406
9868000000,-0.00374,-0.00010,-0.00009,0.98868,-0.13424,-0.06652,-0.00855,0.03882,0.01121,-0.01450
9901000000,-0.00365,-0.00005,-0.00014,0.98881,-0.13397,-0.06516,-0.00835,0.04004,0.01185,-0.01480
9934000000,-0.00369,-0.00009,-0.00008,0.98899,-0.13350,-0.06333,-0.00801,0.03892,0.01094,-0.01482
9967000000,-0.00370,-0.00008,-0.00006,0.98920,-0.13299,-0.06118,-0.00771,0.04441,0.01144,-0.01489
10000000000,-0.00345,0.00005,-0.00022,0.98904,-0.13455,-0.06038,-0.00770,0.06326,0.01526,-0.01605
10033000000,-0.00368,0.00016,-0.00002,0.98879,-0.13648,-0.06010,-0.00778,0.09366,0.02319,-0.01518
10066000000,-0.00317,0.00054,-0.00028,0.98854,-0.13827,-0.06012,-0.00792,0.12198,0.02960,-0.01405
10099000000,-0.00201,0.00086,-0.00061,0.98838,-0.13934,-0.06024,-0.00799,0.15092,0.03353,-0.01303
10132000000,-0.00021,0.00132,-0.00115,0.98821,-0.14041,-0.06045,-0.00811,0.17466,0.03828,-0.01104
10165000000,0.00187,0.00190,-0.00201,0.98812,-0.14103,-0.06047,-0.00810,0.20069,0.03868,-0.00782
10198000000,0.00728,0.00256,-0.00298,0.98808,-0.14132,-0.06047,-0.00819,0.22840,0.03937,-0.00542
10231000000,0.02502,0.00205,0.01296,0.98810,-0.14148,-0.05972,-0.00861,0.28886,0.05076,0.00008
10264000000,0.03151,0.00175,0.01400,0.98813,-0.14132,-0.05956,-0.00858,0.31505,0.05246,0.00198
10297000000,0.03877,0.00131,0.01525,0.98818,-0.14109,-0.05929,-0.00848,0.34705,0.05398,0.00480
10330000000,0.04600,0.00112,0.01687,0.98792,-0.14184,-0.06180,-0.00901,0.25904,0.01087,0.02407
10363000000,0.05463,0.00159,0.01824,0.98790,-0.14202,-0.06170,-0.00905,0.26876,0.01302,0.04025
10396000000,0.06299,0.00108,0.02010,0.98791,-0.14198,-0.06158,-0.00898,0.26950,-0.00810,0.05584
10429000000,0.07163,-0.00018,0.02104,0.98794,-0.14176,-0.06172,-0.00885,0.27673,-0.03235,0.03322
10462000000,0.08420,0.00074,0.02228,0.98793,-0.14183,-0.06167,-0.00897,0.38934,0.02065,0.04631
10495000000,0.09507,0.00051,0.02400,0.98793,-0.14184,-0.06158,-0.00892,0.32234,-0.00858,0.05916
10528000000,0.10838,0.00102,0.02506,0.98792,-0.14184,-0.06176,-0.00896,0.41293,0.01804,0.03272
10561000000,0.12173,0.00103,0.02665,0.98790,-0.14191,-0.06184,-0.00901,0.41554,-0.00475,0.05886
10594000000,0.13580,0.00115,0.02854,0.98791,-0.14192,-0.06171,-0.00898,0.43858,0.00422,0.06384
10627000000,0.15102,0.00178,0.03032,0.98792,-0.14197,-0.06152,-0.00903,0.47094,0.01493,0.05312
10660000000,0.16687,0.00175,0.03255,0.98791,-0.14204,-0.06139,-0.00901,0.49038,-0.00188,0.06771
10693000000,0.18313,0.00179,0.03455,0.98792,-0.14206,-0.06129,-0.00900,0.50535,0.00023,0.06593
10726000000,0.20150,0.00218,0.03636,0.98791,-0.14213,-0.06122,-0.00900,0.56063,0.00843,0.05887
10759000000,0.22065,0.00280,0.03824,0.98792,-0.14222,-0.06091,-0.00904,0.58112,0.01181,0.06634
10792000000,0.23936,0.00298,0.04162,0.98791,-0.14234,-0.06073,-0.00904,0.59246,0.00999,0.07776
10825000000,0.25874,0.00293,0.04448,0.98791,-0.14237,-0.06063,-0.00904,0.61027,0.00804,0.08500
10858000000,0.27915,0.00303,0.04746,0.98792,-0.14238,-0.06054,-0.00904,0.63252,0.00844,0.09047
10891000000,0.30108,0.00353,0.05008,0.98791,-0.14250,-0.06042,-0.00908,0.66052,0.01092,0.09444
10924000000,0.32328,0.00371,0.05302,0.98795,-0.14208,-0.06064,-0.00908,0.68118,0.00573,0.09540
10957000000,0.34689,0.00422,0.05551,0.98794,-0.14236,-0.06021,-0.00910,0.70114,0.01042,0.09519
10990000000,0.39161,-0.00591,0.01384,0.98782,-0.15527,-0.00989,-0.00043,1.20636,0.03546,-0.01451
11023000000,0.40116,0.00546,0.05575,0.98795,-0.14523,-0.05282,-0.00809,0.90824,0.04477,0.09541
11056000000,0.42198,0.00474,0.05934,0.98793,-0.14491,-0.05408,-0.00827,0.81657,0.01701,0.09300
11089000000,0.44799,0.00472,0.06215,0.98795,-0.14492,-0.05370,-0.00823,0.82883,0.01410,0.09594
11122000000,0.47394,0.00425,0.06564,0.98796,-0.14478,-0.05387,-0.00820,0.84861,0.00934,0.09931
11155000000,0.50277,0.00455,0.06867,0.98798,-0.14470,-0.05371,-0.00818,0.87139,0.00867,0.10012
11188000000,0.53031,0.00447,0.07195,0.98797,-0.14470,-0.05385,-0.00823,0.88841,0.00609,0.10128
11221000000,0.55903,0.00425,0.07502,0.98797,-0.14468,-0.05400,-0.00819,0.91242,0.00449,0.10143
11254000000,0.58902,0.00432,0.07814,0.98796,-0.14478,-0.05393,-0.00817,0.94055,0.00568,0.10212
11287000000,0.62096,0.00431,0.08108,0.98798,-0.14476,-0.05356,-0.00806,0.96255,0.00472,0.10150
11320000000,0.65188,0.00399,0.08448,0.98798,-0.14478,-0.05353,-0.00805,0.98143,0.00305,0.10369
11353000000,0.68413,0.00374,0.08797,0.98799,-0.14476,-0.05354,-0.00803,0.99791,0.00020,0.10561
11386000000,0.71748,0.00385,0.09113,0.98800,-0.14478,-0.05317,-0.00799,1.02073,0.00097,0.10647
11419000000,0.75096,0.00359,0.09428,0.98799,-0.14495,-0.05292,-0.00797,1.04121,-0.00017,0.10726
11452000000,0.78623,0.00341,0.09746,0.98800,-0.14501,-0.05260,-0.00788,1.05607,0.00043,0.10839
11485000000,0.82116,0.00352,0.10054,0.98799,-0.14526,-0.05205,-0.00780,1.09287,0.00061,0.11153
11518000000,0.85770,0.00359,0.10409,0.98799,-0.14538,-0.05174,-0.00774,1.11762,0.00047,0.11485
11551000000,0.89580,0.00380,0.10735,0.98797,-0.14572,-0.05119,-0.00769,1.14189,0.00196,0.11501
11584000000,0.93306,0.00369,0.11015,0.98797,-0.14596,-0.05062,-0.00761,1.16068,0.00088,0.11701
11617000000,0.97210,0.00322,0.11355,0.98796,-0.14619,-0.05010,-0.00750,1.19001,-0.00021,0.11880
11650000000,1.01133,0.00291,0.11699,0.98799,-0.14613,-0.04972,-0.00743,1.21622,-0.00236,0.12117
11683000000,1.05264,0.00314,0.12165,0.98795,-0.14639,-0.04975,-0.00759,1.23736,-0.00210,0.12384
11716000000,1.09370,0.00321,0.12556,0.98793,-0.14653,-0.04966,-0.00755,1.25764,-0.00188,0.12604
11749000000,1.13530,0.00257,0.12950,0.98795,-0.14646,-0.04941,-0.00754,1.27788,-0.00149,0.12793
11782000000,1.17878,0.00241,0.13274,0.98797,-0.14653,-0.04887,-0.00743,1.30593,-0.00191,0.12911
11815000000,1.22313,0.00233,0.13592,0.98799,-0.14665,-0.04821,-0.00729,1.33218,-0.00143,0.13005
11848000000,1.26843,0.00221,0.13886,0.98803,-0.14668,-0.04718,-0.00714,1.34752,-0.00150,0.12986
11881000000,1.31271,0.00252,0.14106,0.98807,-0.14682,-0.04604,-0.00700,1.37415,-0.00089,0.12900
11914000000,1.36001,0.00259,0.13954,0.98818,-0.14702,-0.04281,-0.00650,1.40208,-0.00116,0.12301
11947000000,1.40767,0.00242,0.13465,0.98837,-0.14712,-0.03812,-0.00580,1.42138,-0.00241,0.11311
11980000000,1.45666,0.00242,0.11725,0.98873,-0.14734,-0.02620,-0.00402,1.45049,-0.00304,0.08156
12013000000,1.50682,0.00202,0.09445,0.98898,-0.14752,-0.01246,-0.00190,1.47474,-0.00432,0.04619
12046000000,1.55590,0.00091,0.08430,0.98904,-0.14750,-0.00626,-0.00096,1.47502,-0.00631,0.03084
12079000000,1.60608,0.00144,0.08435,0.98902,-0.14763,-0.00578,-0.00093,1.47947,-0.00362,0.02981
12112000000,1.65500,0.00148,0.08391,0.98903,-0.14762,-0.00499,-0.00074,1.48094,-0.00335,0.02853
12145000000,1.70321,0.00135,0.08612,0.98903,-0.14763,-0.00570,-0.00087,1.46157,-0.00408,0.03151
12178000000,1.75290,0.00188,0.08903,0.98902,-0.14762,-0.00682,-0.00106,1.47879,-0.00276,0.03513
12211000000,1.80114,0.00166,0.09119,0.98902,-0.14757,-0.00733,-0.00107,1.47858,-0.00354,0.03714
12244000000,1.85003,0.00160,0.09307,0.98902,-0.14755,-0.00769,-0.00114,1.47907,-0.00325,0.03787
12277000000,1.89950,0.00201,0.09603,0.98901,-0.14755,-0.00878,-0.00128,1.48095,-0.00313,0.04131
12310000000,1.94793,0.00181,0.09889,0.98901,-0.14752,-0.00951,-0.00137,1.48123,-0.00290,0.04444
12343000000,1.99690,0.00155,0.10117,0.98902,-0.14747,-0.00992,-0.00139,1.48173,-0.00489,0.04582
12376000000,2.04714,0.00198,0.10678,0.98899,-0.14750,-0.01216,-0.00180,1.48627,-0.00570,0.05022
12409000000,2.09609,0.00184,0.10910,0.98898,-0.14753,-0.01246,-0.00183,1.48801,-0.00558,0.05064
12442000000,2.14505,0.00184,0.11070,0.98898,-0.14754,-0.01237,-0.00180,1.48899,-0.00594,0.05075
12475000000,2.19403,0.00135,0.11258,0.98898,-0.14751,-0.01252,-0.00184,1.48894,-0.00724,0.05142
12508000000,2.24466,0.00223,0.11695,0.98897,-0.14741,-0.01398,-0.00217,1.49239,-0.00557,0.05393
12541000000,2.29397,0.00245,0.11982,0.98896,-0.14745,-0.01457,-0.00221,1.49311,-0.00480,0.05529
12574000000,2.34324,0.00253,0.12259,0.98895,-0.14744,-0.01508,-0.00233,1.46628,-0.00450,0.05504
12607000000,2.39280,0.00310,0.12630,0.98893,-0.14747,-0.01625,-0.00259,1.45100,-0.00310,0.05505
12640000000,2.44021,0.00310,0.12824,0.98892,-0.14750,-0.01635,-0.00266,1.41663,-0.00305,0.05334
12673000000,2.48718,0.00288,0.13016,0.98892,-0.14751,-0.01647,-0.00266,1.41916,-0.00383,0.05264
12706000000,2.53617,0.00335,0.13276,0.98890,-0.14760,-0.01696,-0.00279,1.44083,-0.00254,0.05491
12739000000,2.58358,0.00305,0.13428,0.98890,-0.14765,-0.01671,-0.00273,1.47375,-0.00332,0.05661
12772000000,2.63238,0.00310,0.13622,0.98889,-0.14768,-0.01674,-0.00275,1.49890,-0.00334,0.05816
12805000000,2.68237,0.00313,0.13856,0.98888,-0.14767,-0.01713,-0.00283,1.50155,-0.00292,0.05864
12838000000,2.73236,0.00294,0.14050,0.98888,-0.14769,-0.01705,-0.00282,1.50312,-0.00221,0.05833
12871000000,2.78193,0.00282,0.14238,0.98888,-0.14769,-0.01699,-0.00277,1.50377,-0.00148,0.05825
12904000000,2.83184,0.00313,0.14476,0.98887,-0.14769,-0.01758,-0.00292,1.50410,-0.00031,0.05891
12937000000,2.88125,0.00296,0.14658,0.98888,-0.14766,-0.01749,-0.00287,1.50415,-0.00120,0.05820
12970000000,2.93077,0.00284,0.14836,0.98888,-0.14766,-0.01745,-0.00284,1.50573,-0.00028,0.05642
13003000000,2.98013,0.00275,0.15023,0.98888,-0.14762,-0.01769,-0.00289,1.50726,-0.00032,0.05526
13036000000,3.02921,0.00292,0.15204,0.98888,-0.14760,-0.01769,-0.00290,1.50720,0.00059,0.05557
13069000000,3.07888,0.00323,0.15390,0.98888,-0.14763,-0.01773,-0.00298,1.50918,0.00080,0.05421
13102000000,3.12719,0.00331,0.15556,0.98889,-0.14757,-0.01784,-0.00302,1.50852,0.00084,0.05217
13135000000,3.17752,0.00338,0.15727,0.98889,-0.14758,-0.01773,-0.00302,1.51095,0.00062,0.05214
13168000000,3.22624,0.00368,0.15932,0.98888,-0.14760,-0.01799,-0.00307,1.51052,-0.00080,0.05198
13201000000,3.27589,0.00341,0.16110,0.98890,-0.14746,-0.01791,-0.00310,1.51156,-0.00160,0.05139
13234000000,3.32531,0.00329,0.16301,0.98893,-0.14725,-0.01794,-0.00305,1.51155,-0.00267,0.05245
13267000000,3.37505,0.00325,0.16483,0.98898,-0.14693,-0.01790,-0.00310,1.51184,-0.00233,0.05293
13300000000,3.42309,0.00288,0.16723,0.98911,-0.14602,-0.01812,-0.00306,1.51047,-0.00175,0.05343
13333000000,3.47320,0.00248,0.16993,0.98959,-0.14270,-0.01849,-0.00302,1.51173,-0.00253,0.05506
13366000000,3.52166,0.00214,0.17531,0.99120,-0.13081,-0.01996,-0.00300,1.51005,-0.00282,0.06268
13399000000,3.57007,0.00235,0.17848,0.99201,-0.12448,-0.02034,-0.00299,1.50778,-0.00357,0.06584
13432000000,3.61891,0.00228,0.18091,0.99214,-0.12339,-0.02052,-0.00298,1.50686,-0.00389,0.06661
13465000000,3.66872,0.00203,0.18313,0.99216,-0.12328,-0.02052,-0.00296,1.50892,-0.00485,0.06690
13498000000,3.71800,0.00193,0.18537,0.99222,-0.12271,-0.02064,-0.00295,1.50855,-0.00560,0.06776
13531000000,3.76768,0.00190,0.18755,0.99210,-0.12368,-0.02081,-0.00298,1.50916,-0.00622,0.06756
13564000000,3.81673,0.00214,0.19044,0.99213,-0.12336,-0.02115,-0.00299,1.50846,-0.00580,0.06869
13597000000,3.86633,0.00191,0.19288,0.99216,-0.12312,-0.02116,-0.00299,1.50868,-0.00679,0.06991
13630000000,3.91592,0.00176,0.19507,0.99213,-0.12339,-0.02119,-0.00301,1.50743,-0.00710,0.06984
13663000000,3.96464,0.00204,0.19755,0.99214,-0.12330,-0.02127,-0.00305,1.50461,-0.00690,0.06980
13696000000,4.01415,0.00183,0.19989,0.99213,-0.12331,-0.02129,-0.00308,1.50417,-0.00698,0.06980
13729000000,4.06379,0.00172,0.20198,0.99210,-0.12362,-0.02117,-0.00312,1.50528,-0.00746,0.06956
13762000000,4.11258,0.00196,0.20338,0.99197,-0.12471,-0.02096,-0.00310,1.50400,-0.00577,0.06889
13795000000,4.16247,0.00155,0.20549,0.99190,-0.12526,-0.02090,-0.00319,1.50552,-0.00607,0.06933
13828000000,4.21098,0.00174,0.20702,0.99178,-0.12623,-0.02071,-0.00322,1.50462,-0.00525,0.06786
13861000000,4.26068,0.00152,0.20944,0.99184,-0.12579,-0.02068,-0.00319,1.50615,-0.00576,0.06861
13894000000,4.30929,0.00155,0.21137,0.99179,-0.12619,-0.02062,-0.00321,1.50548,-0.00518,0.06829
13927000000,4.35893,0.00123,0.21365,0.99176,-0.12642,-0.02067,-0.00319,1.50589,-0.00569,0.06833
13960000000,4.40793,0.00119,0.21549,0.99167,-0.12712,-0.02065,-0.00312,1.50439,-0.00644,0.06706
13993000000,4.45708,0.00109,0.21762,0.99168,-0.12703,-0.02058,-0.00312,1.50258,-0.00555,0.06806
14026000000,4.50716,0.00126,0.21965,0.99171,-0.12684,-0.02040,-0.00310,1.50422,-0.00508,0.06776
14059000000,4.55671,0.00105,0.22216,0.99177,-0.12638,-0.02041,-0.00302,1.50463,-0.00460,0.06895
14092000000,4.60674,0.00085,0.22453,0.99177,-0.12637,-0.02040,-0.00300,1.50519,-0.00434,0.06951
14125000000,4.65599,0.00093,0.22643,0.99174,-0.12660,-0.02031,-0.00297,1.50539,-0.00373,0.06828
14158000000,4.70575,0.00080,0.22840,0.99171,-0.12688,-0.02023,-0.00299,1.50681,-0.00388,0.06759
14191000000,4.75567,0.00088,0.23037,0.99169,-0.12702,-0.02015,-0.00299,1.50670,-0.00368,0.06711
14224000000,4.80545,0.00096,0.23218,0.99168,-0.12711,-0.01998,-0.00293,1.50807,-0.00362,0.06562
14257000000,4.85556,0.00133,0.23351,0.99163,-0.12753,-0.01971,-0.00284,1.50907,-0.00296,0.06534
14290000000,4.90489,0.00120,0.23589,0.99170,-0.12702,-0.01968,-0.00281,1.50980,-0.00402,0.06491
14323000000,4.95467,0.00114,0.23796,0.99171,-0.12695,-0.01962,-0.00280,1.51004,-0.00326,0.06391
14356000000,5.00462,0.00116,0.23996,0.99172,-0.12689,-0.01953,-0.00282,1.51158,-0.00280,0.06372
14389000000,5.05437,0.00214,0.24071,0.99176,-0.12669,-0.01892,-0.00273,1.51270,-0.00125,0.06307
14422000000,5.10403,0.00186,0.24291,0.99177,-0.12661,-0.01900,-0.00274,1.51333,-0.00215,0.06375
14455000000,5.15425,0.00154,0.24518,0.99175,-0.12669,-0.01915,-0.00273,1.51402,-0.00312,0.06403
14488000000,5.20467,0.00226,0.24669,0.99177,-0.12661,-0.01891,-0.00270,1.51579,-0.00120,0.06314
14521000000,5.25461,0.00220,0.24832,0.99175,-0.12676,-0.01879,-0.00272,1.51586,-0.00299,0.06308
14554000000,5.30492,0.00232,0.25004,0.99175,-0.12683,-0.01864,-0.00275,1.51758,-0.00258,0.06180
14587000000,5.35542,0.00242,0.25162,0.99174,-0.12689,-0.01847,-0.00272,1.51892,-0.00279,0.06224
14620000000,5.40596,0.00313,0.25287,0.99173,-0.12700,-0.01812,-0.00268,1.51961,-0.00079,0.06166
14653000000,5.45565,0.00304,0.25437,0.99177,-0.12675,-0.01786,-0.00263,1.52007,-0.00128,0.06117
14686000000,5.50587,0.00312,0.25609,0.99178,-0.12670,-0.01773,-0.00260,1.52062,-0.00033,0.06065
14719000000,5.55560,0.00352,0.25779,0.99175,-0.12692,-0.01767,-0.00264,1.52035,-0.00021,0.05985
14752000000,5.60506,0.00335,0.25996,0.99176,-0.12686,-0.01772,-0.00266,1.52031,-0.00073,0.06045
14785000000,5.65517,0.00327,0.26198,0.99177,-0.12675,-0.01769,-0.00264,1.52097,-0.00130,0.06051
14818000000,5.70560,0.00314,0.26411,0.99177,-0.12678,-0.01773,-0.00268,1.52086,-0.00163,0.06146
14851000000,5.75618,0.00332,0.26644,0.99171,-0.12723,-0.01795,-0.00276,1.52219,-0.00166,0.06286
14884000000,5.80617,0.00324,0.26850,0.99172,-0.12714,-0.01793,-0.00275,1.52110,-0.00201,0.06281
14917000000,5.85710,0.00338,0.27032,0.99173,-0.12707,-0.01781,-0.00276,1.52339,-0.00129,0.06264
14950000000,5.90744,0.00343,0.27223,0.99172,-0.12714,-0.01776,-0.00279,1.52363,-0.00118,0.06340
14983000000,5.95826,0.00379,0.27433,0.99167,-0.12755,-0.01785,-0.00284,1.52467,-0.00134,0.06438
15016000000,6.00884,0.00361,0.27664,0.99166,-0.12764,-0.01788,-0.00292,1.52592,-0.00246,0.06514
15049000000,6.05902,0.00352,0.27892,0.99165,-0.12767,-0.01796,-0.00294,1.52573,-0.00066,0.06537
15082000000,6.11007,0.00372,0.28090,0.99163,-0.12784,-0.01797,-0.00299,1.52788,-0.00030,0.06358
15115000000,6.16058,0.00392,0.28292,0.99162,-0.12791,-0.01793,-0.00300,1.52840,0.00101,0.06415
15148000000,6.21067,0.00386,0.28505,0.99163,-0.12785,-0.01794,-0.00294,1.52841,0.00068,0.06452
15181000000,6.26097,0.00380,0.28727,0.99163,-0.12786,-0.01791,-0.00289,1.52928,-0.00061,0.06400
15214000000,6.31263,0.00434,0.28934,0.99158,-0.12823,-0.01798,-0.00296,1.53136,0.00153,0.06369
15247000000,6.36233,0.00428,0.29156,0.99158,-0.12820,-0.01802,-0.00299,1.53079,0.00086,0.06330
15280000000,6.41289,0.00434,0.29364,0.99157,-0.12827,-0.01805,-0.00302,1.53059,0.00120,0.06256
15313000000,6.46336,0.00429,0.29579,0.99158,-0.12818,-0.01804,-0.00298,1.53092,0.00187,0.06362
15346000000,6.51395,0.00441,0.29787,0.99158,-0.12822,-0.01805,-0.00303,1.53254,0.00222,0.06345
15379000000,6.56386,0.00495,0.29996,0.99149,-0.12883,-0.01835,-0.00310,1.53311,0.00251,0.06247
15412000000,6.61368,0.00484,0.30233,0.99150,-0.12874,-0.01841,-0.00311,1.53287,0.00203,0.06232
15445000000,6.66434,0.00494,0.30434,0.99153,-0.12858,-0.01833,-0.00306,1.53361,0.00334,0.06197
15478000000,6.71561,0.00498,0.30637,0.99154,-0.12846,-0.01825,-0.00308,1.53490,0.00346,0.06138
15511000000,6.76645,0.00598,0.30813,0.99151,-0.12873,-0.01825,-0.00308,1.53447,0.00520,0.06138
15544000000,6.81551,0.00601,0.31026,0.99151,-0.12871,-0.01825,-0.00314,1.53465,0.00526,0.06205
15577000000,6.86565,0.00617,0.31232,0.99152,-0.12859,-0.01825,-0.00321,1.53456,0.00624,0.06191
15610000000,6.91636,0.00659,0.31423,0.99150,-0.12877,-0.01835,-0.00320,1.53430,0.00657,0.06211
15643000000,6.96896,0.00783,0.31576,0.99145,-0.12918,-0.01838,-0.00322,1.53605,0.00850,0.06096
15676000000,7.01982,0.00770,0.31801,0.99149,-0.12889,-0.01826,-0.00316,1.53629,0.00869,0.06187
15709000000,7.07023,0.00828,0.31977,0.99145,-0.12915,-0.01836,-0.00318,1.53652,0.00936,0.06167
15742000000,7.12091,0.00846,0.32186,0.99144,-0.12920,-0.01841,-0.00323,1.53736,0.00881,0.06230
15775000000,7.17154,0.00865,0.32403,0.99144,-0.12924,-0.01844,-0.00326,1.53919,0.00928,0.06426
15808000000,7.22229,0.00925,0.32606,0.99143,-0.12928,-0.01838,-0.00327,1.54121,0.00961,0.06453
15841000000,7.27312,0.00947,0.32819,0.99143,-0.12927,-0.01841,-0.00328,1.54327,0.01032,0.06453
15874000000,7.32391,0.00990,0.33032,0.99143,-0.12929,-0.01839,-0.00333,1.54429,0.01172,0.06533
15907000000,7.37271,0.00841,0.33337,0.99142,-0.12931,-0.01871,-0.00337,1.54234,0.00868,0.06681
15940000000,7.42390,0.00861,0.33585,0.99143,-0.12922,-0.01871,-0.00337,1.54243,0.00871,0.06702
15973000000,7.47459,0.00964,0.33780,0.99143,-0.12925,-0.01866,-0.00341,1.54259,0.00945,0.06673
16006000000,7.52567,0.01005,0.34002,0.99144,-0.12918,-0.01860,-0.00340,1.54499,0.00918,0.06681
16039000000,7.57653,0.00901,0.34306,0.99143,-0.12920,-0.01879,-0.00341,1.54479,0.00764,0.06807
16072000000,7.62611,0.00941,0.34502,0.99142,-0.12929,-0.01881,-0.00343,1.54518,0.00764,0.06777
16105000000,7.67747,0.01013,0.34704,0.99142,-0.12934,-0.01882,-0.00341,1.54642,0.00827,0.06775
16138000000,7.72850,0.01005,0.34928,0.99140,-0.12944,-0.01888,-0.00340,1.54699,0.00820,0.06710
16171000000,7.77694,0.00951,0.35164,0.99135,-0.12977,-0.01913,-0.00345,1.54415,0.00712,0.06843
16204000000,7.82741,0.01061,0.35361,0.99136,-0.12976,-0.01908,-0.00352,1.54445,0.00779,0.06817
16237000000,7.87883,0.01291,0.35522,0.99136,-0.12979,-0.01889,-0.00354,1.54564,0.00979,0.06843
16270000000,7.93008,0.01341,0.35745,0.99136,-0.12980,-0.01883,-0.00354,1.54530,0.01123,0.06832
16303000000,7.97915,0.01293,0.35940,0.99131,-0.13014,-0.01905,-0.00357,1.54227,0.01029,0.06754
16336000000,8.02869,0.01332,0.36144,0.99130,-0.13020,-0.01908,-0.00363,1.54040,0.01179,0.06824
16369000000,8.07951,0.01367,0.36354,0.99129,-0.13028,-0.01907,-0.00361,1.54012,0.01099,0.06875
16402000000,8.13051,0.01426,0.36574,0.99129,-0.13026,-0.01907,-0.00358,1.53941,0.01102,0.06963
16435000000,8.18054,0.01412,0.36858,0.99127,-0.13037,-0.01929,-0.00370,1.53824,0.01093,0.07118
16468000000,8.23010,0.01472,0.37088,0.99128,-0.13033,-0.01925,-0.00368,1.53733,0.01081,0.07252
16501000000,8.28157,0.01534,0.37326,0.99128,-0.13031,-0.01920,-0.00366,1.53811,0.01102,0.07261
16534000000,8.33269,0.01547,0.37574,0.99129,-0.13026,-0.01922,-0.00364,1.54059,0.01146,0.07423
16567000000,8.37953,0.01451,0.37719,0.99123,-0.13068,-0.01941,-0.00367,1.53683,0.01095,0.07264
16600000000,8.43018,0.01466,0.37942,0.99123,-0.13066,-0.01937,-0.00368,1.53694,0.01074,0.07167
16633000000,8.48098,0.01505,0.38167,0.99123,-0.13066,-0.01940,-0.00370,1.53602,0.01065,0.07131
16666000000,8.53237,0.01518,0.38394,0.99122,-0.13074,-0.01946,-0.00367,1.53681,0.01034,0.07232
16699000000,8.58267,0.01429,0.38572,0.99118,-0.13103,-0.01964,-0.00367,1.53604,0.00781,0.07182
16732000000,8.63189,0.01531,0.38788,0.99118,-0.13101,-0.01962,-0.00371,1.53562,0.00902,0.07217
16765000000,8.68296,0.01689,0.38992,0.99117,-0.13106,-0.01956,-0.00378,1.53673,0.01125,0.07241
16798000000,8.73310,0.01675,0.39238,0.99117,-0.13110,-0.01955,-0.00378,1.53631,0.01058,0.07357
16831000000,8.78409,0.01680,0.39472,0.99117,-0.13108,-0.01961,-0.00374,1.53838,0.01199,0.07406
16864000000,8.83346,0.01581,0.39589,0.99112,-0.13147,-0.01979,-0.00372,1.53703,0.01042,0.07231
16897000000,8.88358,0.01662,0.39871,0.99113,-0.13138,-0.01973,-0.00372,1.53723,0.01055,0.07280
16930000000,8.93503,0.01697,0.40091,0.99113,-0.13139,-0.01974,-0.00369,1.53784,0.01118,0.07379
16963000000,8.98700,0.01753,0.40319,0.99112,-0.13146,-0.01973,-0.00367,1.53961,0.01168,0.07466
16996000000,9.03517,0.01514,0.40438,0.99107,-0.13179,-0.01990,-0.00368,1.53676,0.00862,0.07441
17029000000,9.08544,0.01521,0.40662,0.99107,-0.13182,-0.01988,-0.00372,1.53644,0.00845,0.07298
17062000000,9.13660,0.01597,0.40847,0.99105,-0.13198,-0.01989,-0.00369,1.53610,0.00913,0.07197
17095000000,9.18774,0.01623,0.41060,0.99103,-0.13208,-0.01989,-0.00370,1.53798,0.01009,0.07183
17128000000,9.23608,0.01378,0.41153,0.99100,-0.13234,-0.01999,-0.00373,1.53532,0.00785,0.06998
17161000000,9.28567,0.01382,0.41370,0.99099,-0.13239,-0.01998,-0.00371,1.53493,0.00822,0.07099
17194000000,9.33643,0.01387,0.41567,0.99099,-0.13237,-0.01999,-0.00370,1.53533,0.00677,0.06998
17227000000,9.38664,0.01400,0.41750,0.99098,-0.13242,-0.02002,-0.00373,1.53330,0.00659,0.06888
17260000000,9.43470,0.01181,0.41845,0.99096,-0.13257,-0.01999,-0.00376,1.53004,0.00417,0.06895
17293000000,9.48583,0.01230,0.42096,0.99097,-0.13255,-0.01994,-0.00378,1.52984,0.00401,0.06975
17326000000,9.53616,0.01219,0.42317,0.99097,-0.13254,-0.01998,-0.00378,1.52970,0.00382,0.06930
17359000000,9.58655,0.01197,0.42522,0.99097,-0.13256,-0.01998,-0.00379,1.52907,0.00320,0.06972
17392000000,9.63304,0.01086,0.42566,0.99094,-0.13276,-0.01993,-0.00387,1.52354,0.00249,0.06813
17425000000,9.68301,0.01086,0.42798,0.99095,-0.13273,-0.01989,-0.00388,1.52382,0.00345,0.06891
17458000000,9.73389,0.01093,0.43031,0.99095,-0.13272,-0.01990,-0.00390,1.52409,0.00257,0.06878
17491000000,9.78495,0.01110,0.43256,0.99094,-0.13276,-0.01991,-0.00390,1.52515,0.00156,0.06820
17524000000,9.83331,0.01013,0.43330,0.99092,-0.13288,-0.01985,-0.00393,1.52397,0.00077,0.06738
17557000000,9.88286,0.01054,0.43534,0.99092,-0.13289,-0.01980,-0.00395,1.52415,0.00163,0.06847
17590000000,9.93277,0.01085,0.43746,0.99092,-0.13291,-0.01977,-0.00394,1.50803,0.00140,0.06736
17623000000,9.98221,0.01108,0.43946,0.99092,-0.13291,-0.01975,-0.00396,1.49193,0.00132,0.06872
17656000000,10.02923,0.01073,0.44074,0.99092,-0.13296,-0.01971,-0.00403,1.47772,0.00172,0.06682
17689000000,10.07688,0.01075,0.44306,0.99092,-0.13295,-0.01967,-0.00407,1.45965,0.00006,0.06690
17722000000,10.12471,0.01069,0.44530,0.99092,-0.13292,-0.01971,-0.00419,1.44666,-0.00352,0.06823
17755000000,10.17231,0.01062,0.44741,0.99092,-0.13293,-0.01971,-0.00438,1.43042,-0.00731,0.06767
17788000000,10.21896,0.01008,0.44887,0.99091,-0.13303,-0.01967,-0.00481,1.41702,-0.01261,0.06867
17821000000,10.26170,0.00908,0.45125,0.99090,-0.13304,-0.01979,-0.00533,1.39275,-0.02086,0.07043
17854000000,10.30714,0.00827,0.45358,0.99089,-0.13304,-0.01983,-0.00605,1.36215,-0.02928,0.07065
17887000000,10.35275,0.00687,0.45614,0.99089,-0.13303,-0.01999,-0.00696,1.33811,-0.03919,0.07343
17920000000,10.39554,0.00515,0.45827,0.99088,-0.13298,-0.02013,-0.00818,1.32818,-0.05055,0.07577
17953000000,10.43855,0.00343,0.46066,0.99086,-0.13299,-0.02025,-0.00963,1.30867,-0.06365,0.07859
17986000000,10.48166,0.00085,0.46346,0.99084,-0.13297,-0.02052,-0.01144,1.29528,-0.07698,0.08232
18019000000,10.52387,-0.00217,0.46613,0.99081,-0.13295,-0.02081,-0.01354,1.26647,-0.09032,0.08475
18052000000,10.56521,-0.00576,0.46911,0.99078,-0.13284,-0.02117,-0.01601,1.24849,-0.10752,0.08815
18085000000,10.60423,-0.00958,0.47204,0.99073,-0.13277,-0.02160,-0.01880,1.21301,-0.12343,0.09139
18118000000,10.64442,-0.01416,0.47499,0.99066,-0.13274,-0.02203,-0.02197,1.21298,-0.14404,0.09609
18151000000,10.68468,-0.01975,0.47848,0.99058,-0.13266,-0.02257,-0.02552,1.21306,-0.16682,0.10208
18184000000,10.72316,-0.02610,0.48219,0.99046,-0.13259,-0.02329,-0.02959,1.21216,-0.19165,0.10929
18217000000,10.76344,-0.03324,0.48651,0.99031,-0.13245,-0.02417,-0.03415,1.21348,-0.21858,0.11656
18250000000,10.80276,-0.04064,0.49040,0.99011,-0.13235,-0.02481,-0.03926,1.21344,-0.24677,0.12450
18283000000,10.84307,-0.04940,0.49488,0.98988,-0.13218,-0.02576,-0.04484,1.21245,-0.27841,0.13215
18316000000,10.88354,-0.05908,0.49929,0.98959,-0.13195,-0.02658,-0.05092,1.21288,-0.30912,0.14107
18349000000,10.92649,-0.06986,0.50337,0.98928,-0.13155,-0.02714,-0.05737,1.21579,-0.34052,0.14815
18382000000,10.96402,-0.08160,0.50873,0.98885,-0.13140,-0.02823,-0.06412,1.21078,-0.37083,0.15753
18415000000,11.00634,-0.09426,0.51296,0.98842,-0.13094,-0.02870,-0.07110,1.21195,-0.40092,0.16341
18448000000,11.04782,-0.10807,0.51623,0.98779,-0.13154,-0.02952,-0.07806,1.22580,-0.45827,0.10988
18481000000,11.09104,-0.12635,0.51193,0.98714,-0.13211,-0.03006,-0.08481,1.25828,-0.63393,-0.16787
18514000000,11.13525,-0.14737,0.50240,0.98710,-0.12897,-0.02552,-0.09142,1.28970,-0.67606,-0.17687
18547000000,11.18268,-0.16641,0.49137,0.98671,-0.12778,-0.02152,-0.09803,1.39783,-0.58864,-0.19954
18580000000,11.23230,-0.18466,0.47402,0.98641,-0.12658,-0.01160,-0.10408,1.43015,-0.61380,-0.21849
18613000000,11.27980,-0.20423,0.45841,0.98572,-0.12675,-0.00543,-0.11077,1.44183,-0.63628,-0.23066
18646000000,11.33188,-0.21842,0.41827,0.98508,-0.12598,0.02653,-0.11422,1.44048,-0.61319,-0.30395
18679000000,11.38176,-0.23160,0.37804,0.98315,-0.12557,0.06305,-0.11693,1.42533,-0.57660,-0.36632
18712000000,11.42866,-0.24589,0.33993,0.97966,-0.12351,0.10453,-0.11867,1.39016,-0.53523,-0.40315
18745000000,11.47400,-0.26538,0.30530,0.97451,-0.11760,0.14839,-0.12032,1.37605,-0.52567,-0.40365
18778000000,11.51981,-0.28683,0.28520,0.97148,-0.11223,0.16728,-0.12514,1.35090,-0.52674,-0.37717
18811000000,11.56425,-0.30926,0.26977,0.96939,-0.10668,0.17853,-0.13051,1.32297,-0.52151,-0.33460
18844000000,11.60721,-0.32768,0.25926,0.96898,-0.10646,0.17651,-0.13635,1.29646,-0.50673,-0.30154
18877000000,11.65210,-0.35030,0.24918,0.96844,-0.10318,0.17684,-0.14214,1.28042,-0.50594,-0.26798
18910000000,11.69363,-0.36799,0.24091,0.96804,-0.10366,0.17458,-0.14722,1.25457,-0.48607,-0.23597
18943000000,11.73742,-0.39163,0.23294,0.96807,-0.10095,0.17121,-0.15276,1.23550,-0.48599,-0.21077
18976000000,11.77607,-0.40727,0.22722,0.96727,-0.10215,0.17042,-0.15781,1.14689,-0.46173,-0.15252
19009000000,11.81473,-0.43026,0.22135,0.96719,-0.10162,0.16536,-0.16394,1.12597,-0.46562,-0.13406
19042000000,11.85420,-0.44645,0.21636,0.96677,-0.10148,0.16380,-0.16799,1.15773,-0.42869,-0.12743
