35938000000,0.09360,0.24750,-0.15800,0.50000,0.50000,-0.50000,0.50000,0.00000,0.00000,0.00000
36334000000,0.09360,0.24750,-0.15800,-0.50000,-0.50000,0.50000,-0.50000,0.00000,-0.00000,-0.00000
36433000000,0.09360,0.24750,-0.15800,0.50000,0.50000,-0.50000,0.50000,-0.00000,-0.00000,-0.00000
36532000000,0.09360,0.24750,-0.15800,-0.50000,-0.50000,0.50000,-0.50000,0.00000,0.00000,0.00000
36598000000,0.09360,0.24750,-0.15800,0.50000,0.50000,-0.50000,0.50000,0.00001,0.00000,0.00001
36631000000,0.09360,0.24750,-0.15800,0.50000,0.50000,-0.50000,0.50000,-0.00005,-0.00001,-0.00004
36697000000,0.09360,0.24750,-0.15800,0.50000,0.50000,-0.50000,0.50000,0.00000,0.00000,0.00000
36763000000,0.09360,0.24750,-0.15800,0.50000,0.50000,-0.50000,0.50000,0.00000,0.00000,0.00000
36796000000,0.09360,0.24750,-0.15800,0.50000,0.50000,-0.50000,0.50000,-0.00000,0.00000,-0.00000
36862000000,0.09360,0.24750,-0.15800,0.50000,0.50000,-0.50000,0.50000,-0.00000,-0.00000,0.00000
36961000000,0.09360,0.24750,-0.15800,0.50000,0.50000,-0.50000,0.50000,0.00001,0.00000,0.00000
36994000000,0.09360,0.24750,-0.15800,0.50000,0.50000,-0.50000,0.50000,0.00000,0.00000,-0.00000
37027000000,0.09360,0.24750,-0.15800,0.50000,0.50000,-0.50000,0.50000,-0.00000,0.00000,0.00000
37093000000,0.09360,0.24750,-0.15800,0.50000,0.50000,-0.50000,0.50000,0.00000,0.00000,-0.00000
37159000000,0.09360,0.24750,-0.15800,0.50000,0.50000,-0.50000,0.50000,-0.00000,0.00000,0.00000
37225000000,0.09360,0.24750,-0.15800,0.50000,0.50000,-0.50000,0.50000,0.00000,0.00000,-0.00000
37291000000,0.09360,0.24750,-0.15800,0.50000,0.50000,-0.50000,0.50000,0.00000,-0.00000,-0.00000
37423000000,0.09332,0.24726,-0.15297,0.50006,0.49999,-0.49999,0.49996,-0.00212,-0.00180,0.03813
37456000000,0.09327,0.24721,-0.15003,0.50007,0.50000,-0.49999,0.49995,-0.00152,-0.00150,0.08909
37555000000,0.09329,0.24738,-0.13402,0.50009,0.50002,-0.49994,0.49995,0.00023,0.00164,0.16168
37588000000,0.09318,0.24719,-0.12725,0.50013,0.49997,-0.49995,0.49995,-0.00327,-0.00575,0.20516
37654000000,0.09364,0.24706,-0.11247,0.50003,0.49995,-0.49998,0.50004,0.00691,-0.00191,0.22395
37687000000,0.09369,0.24731,-0.10280,0.50003,0.49999,-0.50000,0.49997,0.00135,0.00751,0.29314
37720000000,0.09337,0.24723,-0.09277,0.50006,0.50002,-0.49994,0.49998,-0.00947,-0.00250,0.30370
37753000000,0.09343,0.24719,-0.08229,0.50006,0.49998,-0.49997,0.49998,0.00174,-0.00117,0.31766
37852000000,0.09357,0.24742,-0.04508,0.49997,0.50004,-0.49996,0.50003,0.00136,0.00235,0.37588
37918000000,0.09311,0.24725,-0.01558,0.50004,0.50009,-0.49987,0.50001,-0.00683,-0.00260,0.44700
37984000000,0.09349,0.24696,0.01559,0.50007,0.49999,-0.49991,0.50003,0.00563,-0.00443,0.47222
38050000000,0.09315,0.24666,0.05014,0.50016,0.49997,-0.49986,0.50001,-0.00515,-0.00451,0.52350
38149000000,0.09339,0.24700,0.09692,0.50005,0.49996,-0.49994,0.50005,0.00246,0.00347,0.47248
38248000000,0.09295,0.24747,0.14810,0.50004,0.50006,-0.49999,0.49991,-0.00443,0.00472,0.51697
38314000000,0.09257,0.24713,0.18639,0.50017,0.50001,-0.49994,0.49988,-0.00572,-0.00517,0.58027
38347000000,0.09304,0.24672,0.20601,0.50020,0.50003,-0.49990,0.49987,0.01409,-0.01240,0.59436
38380000000,0.09311,0.24670,0.22658,0.50019,0.50002,-0.49994,0.49985,0.00223,-0.00041,0.62355
38479000000,0.09312,0.24674,0.29497,0.50026,0.50002,-0.49991,0.49981,0.00010,0.00031,0.69078
38512000000,0.09299,0.24668,0.31926,0.50020,0.50005,-0.49991,0.49984,-0.00388,-0.00156,0.73596
38611000000,0.09294,0.24677,0.39738,0.50016,0.50011,-0.49988,0.49985,-0.00053,0.00092,0.78912
38644000000,0.09145,0.42598,-0.24599,0.70590,-0.00202,-0.00136,0.70831,-0.04510,5.43045,-19.49609
38710000000,0.09128,0.47629,-0.24631,0.70596,-0.00192,-0.00144,0.70825,-0.00264,0.76225,-0.00477
38743000000,0.09093,0.49974,-0.24634,0.70602,-0.00190,-0.00144,0.70819,-0.01039,0.71069,-0.00117
38842000000,0.09029,0.57101,-0.24623,0.70606,-0.00197,-0.00149,0.70815,-0.00654,0.71987,0.00119
38875000000,0.09028,0.59499,-0.24574,0.70609,-0.00213,-0.00144,0.70812,-0.00035,0.72669,0.01483
38974000000,0.12705,0.70821,-0.22715,0.70512,-0.00186,-0.00132,0.70908,0.37147,1.14365,0.18778
39040000000,0.12681,0.76537,-0.22724,0.70511,-0.00188,-0.00138,0.70909,-0.00358,0.86604,-0.00134
39106000000,0.12606,0.82671,-0.22743,0.70517,-0.00179,-0.00136,0.70903,-0.01147,0.92940,-0.00302
39172000000,0.12668,0.88906,-0.22771,0.70509,-0.00187,-0.00127,0.70912,0.00936,0.94472,-0.00419
39271000000,0.12645,0.99059,-0.22745,0.70507,-0.00174,-0.00123,0.70913,-0.00228,1.02559,0.00266
39304000000,0.12621,1.02429,-0.22746,0.70504,-0.00178,-0.00120,0.70917,-0.00722,1.02124,-0.00037
39370000000,0.12626,1.08884,-0.22761,0.70500,-0.00176,-0.00120,0.70921,0.00070,0.97795,-0.00225
39436000000,0.12473,1.15032,-0.22775,0.70508,-0.00166,-0.00117,0.70913,-0.02313,0.93146,-0.00218
39469000000,0.12481,1.18458,-0.22793,0.70504,-0.00154,-0.00114,0.70917,0.00225,1.03831,-0.00540
39535000000,0.12448,1.25486,-0.22808,0.70507,-0.00154,-0.00117,0.70914,-0.00489,1.06488,-0.00223
39601000000,0.12375,1.32891,-0.22849,0.70512,-0.00154,-0.00122,0.70909,-0.01115,1.12197,-0.00628
39634000000,0.12351,1.36653,-0.22851,0.70517,-0.00164,-0.00133,0.70903,-0.00728,1.13986,-0.00045
39700000000,0.12419,1.44570,-0.22852,0.70497,-0.00152,-0.00109,0.70923,0.01036,1.19953,-0.00017
39733000000,0.12371,1.48596,-0.22849,0.70498,-0.00157,-0.00118,0.70922,-0.01445,1.22011,0.00072
39799000000,0.12298,1.56988,-0.22867,0.70499,-0.00156,-0.00113,0.70922,-0.01108,1.27156,-0.00268
39865000000,0.12249,1.65662,-0.22911,0.70494,-0.00153,-0.00119,0.70927,-0.00745,1.31424,-0.00663
39898000000,0.12210,1.70072,-0.22910,0.70505,-0.00149,-0.00118,0.70916,-0.01188,1.33639,0.00030
39964000000,0.12262,1.78174,-0.22969,0.70502,-0.00168,-0.00133,0.70918,0.00784,1.22748,-0.00897
39997000000,0.12231,1.82427,-0.22926,0.70510,-0.00181,-0.00129,0.70911,-0.00914,1.28876,0.01296
40063000000,0.12188,1.90611,-0.22916,0.70504,-0.00183,-0.00130,0.70916,-0.00663,1.24004,0.00150
40096000000,0.12160,1.94860,-0.22932,0.70501,-0.00177,-0.00129,0.70919,-0.00847,1.28768,-0.00465
40162000000,0.12145,2.03551,-0.22950,0.70502,-0.00181,-0.00138,0.70919,-0.00223,1.31675,-0.00277
40228000000,0.11944,2.12956,-0.22862,0.70502,-0.00207,-0.00139,0.70918,-0.03044,1.42506,0.01330
40294000000,0.11904,2.22260,-0.22891,0.70504,-0.00211,-0.00141,0.70916,-0.00614,1.40966,-0.00440
40327000000,0.11861,2.27035,-0.22892,0.70506,-0.00214,-0.00142,0.70914,-0.01293,1.44688,-0.00013
40393000000,0.11794,2.36842,-0.22927,0.70509,-0.00203,-0.00146,0.70911,-0.01015,1.48589,-0.00537
40426000000,0.11858,2.41312,-0.22954,0.70493,-0.00180,-0.00136,0.70927,0.01935,1.35462,-0.00814
40459000000,0.11838,2.46408,-0.22963,0.70493,-0.00172,-0.00138,0.70928,-0.00612,1.54419,-0.00270
40558000000,0.11835,2.61723,-0.22999,0.70477,-0.00164,-0.00144,0.70943,-0.00029,1.54705,-0.00362
40624000000,0.11756,2.71641,-0.22982,0.70483,-0.00173,-0.00138,0.70937,-0.01195,1.50268,0.00257
40657000000,0.11407,2.76724,-0.22896,0.70513,-0.00221,-0.00152,0.70907,-0.10560,1.54015,0.02616
40690000000,0.11379,2.81436,-0.22905,0.70515,-0.00219,-0.00148,0.70906,-0.00861,1.42784,-0.00287
40789000000,0.11294,2.95846,-0.22909,0.70512,-0.00237,-0.00157,0.70908,-0.00856,1.45556,-0.00045
40855000000,0.11250,3.06216,-0.22970,0.70505,-0.00203,-0.00154,0.70916,-0.00672,1.57130,-0.00924
40888000000,0.11226,3.11314,-0.22959,0.70505,-0.00207,-0.00154,0.70915,-0.00729,1.54489,0.00335
40921000000,0.11187,3.16550,-0.22975,0.70511,-0.00206,-0.00150,0.70909,-0.01165,1.58660,-0.00467
41020000000,0.11456,3.32683,-0.23015,0.70496,-0.00189,-0.00132,0.70924,0.02710,1.62961,-0.00410
41086000000,0.11374,3.43943,-0.23021,0.70493,-0.00200,-0.00153,0.70927,-0.01243,1.70599,-0.00085
41119000000,0.11334,3.49671,-0.23039,0.70495,-0.00196,-0.00155,0.70925,-0.01204,1.73571,-0.00539
41185000000,0.11268,3.61408,-0.23061,0.70496,-0.00205,-0.00143,0.70924,-0.00997,1.77845,-0.00336
41251000000,0.11305,3.73259,-0.23037,0.70479,-0.00199,-0.00141,0.70941,0.00566,1.79547,0.00359
41317000000,0.11146,3.85134,-0.23027,0.70474,-0.00211,-0.00141,0.70946,-0.02417,1.79933,0.00163
41350000000,0.11036,3.90951,-0.23025,0.70483,-0.00213,-0.00147,0.70937,-0.03333,1.76274,0.00062
41416000000,0.10943,4.02425,-0.23054,0.70483,-0.00205,-0.00136,0.70938,-0.01401,1.73841,-0.00449
41515000000,0.10890,4.20065,-0.23066,0.70479,-0.00222,-0.00140,0.70941,-0.00543,1.78182,-0.00124
41581000000,0.25517,4.60820,-0.16837,0.70438,-0.00200,-0.00173,0.70982,2.21624,6.17512,0.94380
41614000000,0.25456,4.67022,-0.16833,0.70441,-0.00205,-0.00164,0.70979,-0.01841,1.87939,0.00122
41647000000,0.25405,4.73310,-0.16821,0.70438,-0.00200,-0.00163,0.70982,-0.01551,1.90540,0.00360
41746000000,0.24736,4.92734,-0.16896,0.70449,-0.00195,-0.00176,0.70971,-0.06755,1.96203,-0.00752
41812000000,0.24609,5.06059,-0.16844,0.70451,-0.00203,-0.00174,0.70969,-0.01926,2.01887,0.00793
41878000000,0.24507,5.19774,-0.16832,0.70451,-0.00189,-0.00166,0.70969,-0.01543,2.07800,0.00171
41944000000,0.25230,5.33082,-0.16597,0.70412,-0.00195,-0.00159,0.71008,0.10947,2.01639,0.03567
42010000000,0.25113,5.47194,-0.16593,0.70420,-0.00194,-0.00162,0.71000,-0.01766,2.13826,0.00060
42076000000,0.25007,5.60949,-0.16624,0.70417,-0.00186,-0.00163,0.71003,-0.01616,2.08409,-0.00470
42109000000,0.24918,5.67883,-0.16588,0.70421,-0.00195,-0.00145,0.70999,-0.02699,2.10125,0.01096
42175000000,0.24967,5.81260,-0.16921,0.70422,-0.00230,-0.00192,0.70997,0.00754,2.02676,-0.05042
42241000000,0.24770,5.95778,-0.16857,0.70435,-0.00266,-0.00180,0.70985,-0.02987,2.19974,0.00958
42274000000,0.24703,6.03203,-0.16853,0.70440,-0.00282,-0.00182,0.70980,-0.02037,2.24973,0.00123
42340000000,0.24556,6.18085,-0.16854,0.70435,-0.00273,-0.00186,0.70985,-0.02223,2.25488,-0.00007
42373000000,0.24569,6.26931,-0.16736,0.70460,-0.00268,-0.00199,0.70960,0.00399,2.68053,0.03572
42472000000,0.24479,6.50204,-0.16735,0.70452,-0.00258,-0.00190,0.70968,-0.00912,2.35084,0.00011
42505000000,0.24398,6.58152,-0.16751,0.70454,-0.00254,-0.00191,0.70966,-0.02466,2.40839,-0.00505
42571000000,0.24278,6.74285,-0.16741,0.70456,-0.00246,-0.00183,0.70964,-0.01816,2.44445,0.00158
42604000000,0.23765,6.81177,-0.16422,0.70451,-0.00279,-0.00179,0.70969,-0.15539,2.08856,0.09654
42670000000,0.23670,6.97757,-0.16433,0.70456,-0.00275,-0.00175,0.70964,-0.01447,2.51204,-0.00154
42703000000,0.23648,7.06031,-0.16456,0.70453,-0.00268,-0.00178,0.70967,-0.00655,2.50731,-0.00714
42769000000,0.23506,7.22205,-0.16441,0.70458,-0.00260,-0.00176,0.70962,-0.02143,2.45060,0.00232
42802000000,0.23442,7.30220,-0.16456,0.70460,-0.00263,-0.00173,0.70960,-0.01961,2.42889,-0.00457
42835000000,0.24171,7.37343,-0.16537,0.70432,-0.00230,-0.00170,0.70988,0.22111,2.15857,-0.02447
42901000000,0.24116,7.52945,-0.16556,0.70440,-0.00231,-0.00169,0.70979,-0.00844,2.36390,-0.00285
43000000000,0.24118,7.75858,-0.16679,0.70531,-0.00213,-0.00171,0.70889,0.00027,2.31448,-0.01249
43066000000,0.24280,7.90548,-0.16687,0.70618,-0.00210,-0.00167,0.70803,0.02446,2.22570,-0.00115
43099000000,0.23819,7.99066,-0.16604,0.70683,-0.00235,-0.00180,0.70738,-0.13974,2.58126,0.02506
43165000000,0.23906,8.13599,-0.16596,0.70764,-0.00229,-0.00177,0.70657,0.01316,2.20197,0.00126
43198000000,0.23980,8.20992,-0.16623,0.70805,-0.00229,-0.00184,0.70616,0.02269,2.24012,-0.00815
43297000000,0.24575,8.41991,-0.17139,0.70912,-0.00199,-0.00204,0.70509,0.06005,2.12120,-0.05218
43330000000,0.24694,8.49399,-0.17115,0.70941,-0.00201,-0.00195,0.70479,0.03618,2.24463,0.00729
43429000000,0.25040,8.72043,-0.17085,0.71037,-0.00195,-0.00199,0.70383,0.03487,2.28731,0.00305
43462000000,0.24585,8.81386,-0.16764,0.71113,-0.00304,-0.00208,0.70305,-0.13772,2.83105,0.09729
43528000000,0.24910,8.96806,-0.16784,0.71160,-0.00306,-0.00205,0.70257,0.04930,2.33650,-0.00309
43594000000,0.25214,9.11835,-0.16781,0.71211,-0.00307,-0.00205,0.70206,0.04594,2.27713,0.00046
43660000000,0.25211,9.24931,-0.16441,0.71258,-0.00238,-0.00168,0.70158,-0.00037,1.98412,0.05158
43693000000,0.25446,9.32280,-0.16429,0.71301,-0.00241,-0.00162,0.70114,0.07104,2.22715,0.00358
43759000000,0.25890,9.46641,-0.16376,0.71435,-0.00255,-0.00152,0.69978,0.06729,2.17582,0.00806
43792000000,0.26180,9.53684,-0.16395,0.71537,-0.00252,-0.00159,0.69874,0.08812,2.13427,-0.00576
43858000000,0.26977,9.67612,-0.16425,0.71815,-0.00232,-0.00152,0.69588,0.12067,2.11041,-0.00452
43891000000,0.27466,9.74500,-0.16403,0.72001,-0.00235,-0.00150,0.69396,0.14836,2.08728,0.00652
43957000000,0.29091,9.88486,-0.16719,0.72501,-0.00231,-0.00196,0.68873,0.24618,2.11904,-0.04788
44023000000,0.30797,10.01714,-0.16691,0.73163,-0.00209,-0.00185,0.68169,0.25841,2.00423,0.00431
44089000000,0.33046,10.14843,-0.16698,0.74043,-0.00226,-0.00200,0.67212,0.34078,1.98929,-0.00109
44122000000,0.34437,10.21345,-0.16716,0.74569,-0.00223,-0.00200,0.66628,0.42146,1.97032,-0.00544
44155000000,0.35980,10.27652,-0.17201,0.75119,-0.00135,-0.00176,0.66008,0.46760,1.91119,-0.14692
44254000000,0.41488,10.45908,-0.17124,0.77086,-0.00154,-0.00204,0.63700,0.55634,1.84401,0.00776
44320000000,0.45894,10.57003,-0.17074,0.78411,-0.00145,-0.00196,0.62062,0.66760,1.68108,0.00754
44353000000,0.48172,10.62243,-0.17076,0.79058,-0.00141,-0.00203,0.61235,0.69028,1.58793,-0.00059
44386000000,0.50553,10.67307,-0.17054,0.79682,-0.00136,-0.00201,0.60421,0.72153,1.53446,0.00668
44452000000,0.55906,10.77501,-0.16555,0.80822,-0.00116,-0.00156,0.58887,0.81115,1.54446,0.07563
44485000000,0.58384,10.82021,-0.16585,0.81360,-0.00110,-0.00168,0.58142,0.75078,1.36971,-0.00922
44518000000,0.60899,10.86391,-0.16600,0.81858,-0.00102,-0.00175,0.57439,0.76219,1.32425,-0.00440
44584000000,0.65889,10.94854,-0.16622,0.82712,-0.00093,-0.00175,0.56202,0.75597,1.28236,-0.00341
44650000000,0.71093,11.02815,-0.16604,0.83603,-0.00087,-0.00183,0.54868,0.78863,1.20621,0.00271
44716000000,0.76398,11.10400,-0.16597,0.84512,-0.00084,-0.00191,0.53457,0.80365,1.14915,0.00108
44782000000,0.80963,11.15653,-0.16870,0.85260,-0.00095,-0.00212,0.52257,0.69166,0.79597,-0.04125
44848000000,0.86343,11.22833,-0.16872,0.85884,-0.00087,-0.00215,0.51223,0.81515,1.08782,-0.00043
44914000000,0.91826,11.30104,-0.16825,0.86392,-0.00114,-0.00230,0.50362,0.83079,1.10171,0.00720
44980000000,0.97427,11.37472,-0.16723,0.86865,-0.00132,-0.00224,0.49543,0.84867,1.11633,0.01539
45013000000,1.00407,11.41292,-0.16723,0.87171,-0.00138,-0.00229,0.49001,0.90302,1.15776,0.00002
45046000000,1.03314,11.44834,-0.16678,0.87467,-0.00152,-0.00224,0.48471,0.88088,1.07337,0.01380
45079000000,1.06221,11.48221,-0.16658,0.87731,-0.00140,-0.00226,0.47991,0.88109,1.02624,0.00611
45145000000,1.12123,11.55608,-0.16158,0.88210,-0.00184,-0.00197,0.47105,0.89413,1.11919,0.07570
45211000000,1.17748,11.61628,-0.16152,0.88715,-0.00176,-0.00211,0.46148,0.85225,0.91219,0.00095
45244000000,1.20470,11.64510,-0.16134,0.88983,-0.00171,-0.00207,0.45629,0.82489,0.87319,0.00525
45310000000,1.25908,11.69922,-0.16133,0.89538,-0.00160,-0.00215,0.44530,0.82401,0.82010,0.00012
45376000000,1.31289,11.74894,-0.16149,0.90118,-0.00155,-0.00229,0.43343,0.81530,0.75326,-0.00233
45409000000,1.33905,11.77141,-0.16103,0.90414,-0.00168,-0.00231,0.42723,0.79281,0.68087,0.01380
45442000000,1.36570,11.79474,-0.16119,0.90720,-0.00169,-0.00238,0.42069,0.80747,0.70693,-0.00473
45475000000,1.39115,11.81471,-0.16074,0.91030,-0.00175,-0.00239,0.41394,0.77118,0.60518,0.01370
45508000000,1.41735,11.83489,-0.16115,0.91338,-0.00164,-0.00245,0.40709,0.79402,0.61157,-0.01247
45541000000,1.44287,11.85346,-0.16083,0.91655,-0.00172,-0.00245,0.39992,0.77339,0.56278,0.00977
45574000000,1.46821,11.87116,-0.16048,0.91974,-0.00174,-0.00246,0.39252,0.76785,0.53643,0.01050
45640000000,1.51777,11.90235,-0.15994,0.92611,-0.00151,-0.00238,0.37725,0.75092,0.47249,0.00823
45673000000,1.54690,11.92761,-0.16698,0.92920,-0.00187,-0.00286,0.36956,0.88252,0.76563,-0.21331
45706000000,1.57079,11.94060,-0.16651,0.93237,-0.00188,-0.00288,0.36149,0.72391,0.39343,0.01400
45772000000,1.61944,11.96408,-0.16621,0.93878,-0.00185,-0.00289,0.34450,0.73720,0.35585,0.00454
45838000000,1.67206,11.98450,-0.16588,0.94578,-0.00171,-0.00292,0.32478,0.79728,0.30935,0.00510
45904000000,1.72861,12.00209,-0.16582,0.95310,-0.00156,-0.00287,0.30264,0.85674,0.26660,0.00083
45970000000,1.78945,12.01752,-0.16534,0.96061,-0.00146,-0.00285,0.27788,0.92192,0.23371,0.00730
46036000000,1.84970,12.02777,-0.16519,0.96742,-0.00139,-0.00302,0.25314,0.91286,0.15532,0.00222
46069000000,1.87862,12.03103,-0.16469,0.97051,-0.00133,-0.00286,0.24105,0.87617,0.09889,0.01539
46102000000,1.89954,12.03041,-0.16196,0.97338,-0.00113,-0.00228,0.22919,0.63405,-0.01902,0.08272
46168000000,1.95385,12.03220,-0.16191,0.97850,-0.00099,-0.00247,0.20624,0.82283,0.02725,0.00077
46234000000,2.00535,12.03006,-0.16171,0.98291,-0.00089,-0.00240,0.18409,0.78041,-0.03247,0.00296
46267000000,2.03150,12.02820,-0.16151,0.98487,-0.00079,-0.00236,0.17327,0.79235,-0.05638,0.00620
46333000000,2.08739,12.02134,-0.16057,0.98856,-0.00064,-0.00227,0.15083,0.84674,-0.10401,0.01418
46366000000,2.11688,12.01770,-0.16015,0.99018,-0.00072,-0.00212,0.13979,0.89375,-0.11005,0.01265
46432000000,2.17731,12.00937,-0.16003,0.99295,-0.00063,-0.00219,0.11851,0.91558,-0.12628,0.00183
46465000000,2.20807,12.00402,-0.15981,0.99416,-0.00057,-0.00215,0.10790,0.93218,-0.16221,0.00666
46564000000,2.29769,11.98985,-0.15626,0.99707,-0.00112,-0.00250,0.07647,0.90522,-0.14308,0.03583
46630000000,2.35851,11.97715,-0.15508,0.99833,-0.00099,-0.00231,0.05771,0.92157,-0.19240,0.01787
46696000000,2.42030,11.96340,-0.15433,0.99917,-0.00098,-0.00218,0.04055,0.93617,-0.20835,0.01139
46762000000,2.48192,11.94960,-0.15403,0.99970,-0.00099,-0.00220,0.02424,0.93375,-0.20919,0.00459
46828000000,2.53998,11.93536,-0.15368,0.99996,-0.00094,-0.00233,0.00914,0.87965,-0.21578,0.00538
46861000000,2.56864,11.92802,-0.15391,0.99999,-0.00103,-0.00237,0.00208,0.86849,-0.22218,-0.00717
46894000000,2.59579,11.92076,-0.15384,0.99999,-0.00098,-0.00234,-0.00437,0.82265,-0.22018,0.00221
46993000000,2.67019,11.90057,-0.15377,0.99978,-0.00093,-0.00242,-0.02101,0.75156,-0.20391,0.00070
47026000000,2.70114,11.89244,-0.15583,0.99969,-0.00025,-0.00149,-0.02478,0.93773,-0.24645,-0.06254
47092000000,2.75003,11.87993,-0.15552,0.99942,-0.00015,-0.00149,-0.03406,0.74085,-0.18952,0.00468
47158000000,2.79865,11.86585,-0.15494,0.99911,-0.00011,-0.00139,-0.04224,0.73666,-0.21335,0.00889
47191000000,2.82282,11.85893,-0.15507,0.99894,0.00005,-0.00142,-0.04609,0.73231,-0.20958,-0.00405
47257000000,2.87014,11.84503,-0.15441,0.99854,-0.00008,-0.00141,-0.05402,0.71703,-0.21059,0.00996
47323000000,2.91681,11.83264,-0.15352,0.99811,-0.00006,-0.00111,-0.06146,0.70701,-0.18782,0.01356
47389000000,2.96023,11.81996,-0.15340,0.99770,0.00002,-0.00118,-0.06775,0.65791,-0.19209,0.00181
47455000000,2.99906,11.80862,-0.15333,0.99732,0.00008,-0.00122,-0.07313,0.58833,-0.17182,0.00110
47488000000,3.01614,11.80328,-0.15310,0.99714,0.00002,-0.00119,-0.07555,0.51779,-0.16186,0.00677
47521000000,3.02329,11.80132,-0.15224,0.99700,-0.00004,-0.00128,-0.07742,0.21639,-0.05924,0.02618
47587000000,3.05334,11.79151,-0.15182,0.99661,-0.00009,-0.00112,-0.08225,0.45544,-0.14864,0.00629
47620000000,3.06761,11.78621,-0.15144,0.99640,-0.00011,-0.00107,-0.08474,0.43235,-0.16071,0.01178
47719000000,3.11524,11.76822,-0.15115,0.99569,-0.00005,-0.00103,-0.09276,0.48110,-0.18173,0.00285
47752000000,3.13247,11.76226,-0.15061,0.99547,0.00003,-0.00094,-0.09506,0.52202,-0.18053,0.01634
47818000000,3.16876,11.74976,-0.15020,0.99507,0.00012,-0.00092,-0.09920,0.54994,-0.18939,0.00626
47851000000,3.18775,11.74302,-0.14999,0.99486,0.00016,-0.00095,-0.10127,0.57533,-0.20429,0.00655
47884000000,3.20761,11.73611,-0.14986,0.99465,0.00006,-0.00092,-0.10329,0.60197,-0.20949,0.00379
47950000000,3.25113,11.72103,-0.14976,0.99421,0.00009,-0.00083,-0.10745,0.65936,-0.22846,0.00145
47983000000,3.27372,11.71372,-0.14954,0.99398,0.00005,-0.00080,-0.10959,0.68450,-0.22131,0.00675
48049000000,3.32024,11.69727,-0.14979,0.99351,0.00003,-0.00087,-0.11373,0.70483,-0.24933,-0.00374
48115000000,3.37631,11.68389,-0.14882,0.99292,-0.00003,-0.00048,-0.11874,0.84951,-0.20277,0.01475
48214000000,3.43869,11.66148,-0.14878,0.99223,-0.00003,-0.00045,-0.12444,0.63009,-0.22628,0.00037
48247000000,3.45684,11.65500,-0.14853,0.99202,-0.00011,-0.00038,-0.12609,0.55023,-0.19640,0.00754
48313000000,3.49081,11.64211,-0.14833,0.99160,0.00019,-0.00042,-0.12935,0.51468,-0.19540,0.00306
48346000000,3.50609,11.63598,-0.14846,0.99138,0.00013,-0.00050,-0.13098,0.46289,-0.18568,-0.00397
48412000000,3.53489,11.62450,-0.14830,0.99091,0.00008,-0.00049,-0.13453,0.43642,-0.17387,0.00246
48445000000,3.54855,11.61924,-0.14838,0.99073,0.00006,-0.00051,-0.13588,0.41378,-0.15947,-0.00257
48511000000,3.57707,11.60461,-0.14859,0.99046,-0.00030,-0.00061,-0.13784,0.43222,-0.22166,-0.00311
48577000000,3.60863,11.59249,-0.14838,0.99017,-0.00040,-0.00053,-0.13988,0.47820,-0.18364,0.00313
48643000000,3.64326,11.57982,-0.14827,0.98986,-0.00044,-0.00050,-0.14203,0.52461,-0.19199,0.00167
48709000000,3.68059,11.56596,-0.14769,0.98955,-0.00047,-0.00042,-0.14419,0.56569,-0.21001,0.00885
48775000000,3.72151,11.55107,-0.14729,0.98921,-0.00055,-0.00028,-0.14649,0.62000,-0.22552,0.00603
48841000000,3.76569,11.53412,-0.14769,0.98891,-0.00055,-0.00047,-0.14853,0.66936,-0.25690,-0.00613
48907000000,3.81266,11.51639,-0.14782,0.98858,-0.00055,-0.00052,-0.15068,0.71165,-0.26866,-0.00196
48973000000,3.86024,11.49115,-0.14902,0.98840,-0.00028,-0.00082,-0.15187,0.72083,-0.38238,-0.01806
49006000000,3.88639,11.48171,-0.14858,0.98821,-0.00037,-0.00068,-0.15311,0.79243,-0.28610,0.01314
49039000000,3.91261,11.47205,-0.14830,0.98802,-0.00038,-0.00060,-0.15435,0.79474,-0.29284,0.00845
49072000000,3.93773,11.46240,-0.14840,0.98783,-0.00035,-0.00067,-0.15551,0.76117,-0.29223,-0.00293
49138000000,3.98473,11.44444,-0.14823,0.98748,-0.00038,-0.00057,-0.15775,0.71210,-0.27216,0.00261
49171000000,4.00715,11.43594,-0.14826,0.98726,-0.00030,-0.00067,-0.15909,0.67930,-0.25746,-0.00104
49204000000,4.02841,11.42728,-0.14831,0.98705,-0.00038,-0.00055,-0.16038,0.64424,-0.26255,-0.00159
49303000000,4.08650,11.40211,-0.14821,0.98634,-0.00034,-0.00061,-0.16471,0.58685,-0.25426,0.00101
49336000000,4.10425,11.39431,-0.14850,0.98606,-0.00031,-0.00072,-0.16641,0.53784,-0.23640,-0.00866
49402000000,4.13928,11.37852,-0.14865,0.98545,-0.00026,-0.00075,-0.16999,0.53076,-0.23924,-0.00229
49435000000,4.15629,11.36933,-0.14929,0.98498,-0.00067,-0.00125,-0.17266,0.51524,-0.27833,-0.01935
49468000000,4.17423,11.36080,-0.14910,0.98465,-0.00077,-0.00116,-0.17454,0.54378,-0.25856,0.00581
49567000000,4.22916,11.33373,-0.14893,0.98348,-0.00091,-0.00116,-0.18104,0.55482,-0.27343,0.00168
49600000000,4.24867,11.32350,-0.14872,0.98300,-0.00090,-0.00113,-0.18361,0.59115,-0.31015,0.00635
49666000000,4.29097,11.30008,-0.14874,0.98199,-0.00082,-0.00126,-0.18891,0.64103,-0.35484,-0.00028
49732000000,4.33707,11.27592,-0.14842,0.98113,-0.00085,-0.00115,-0.19332,0.69842,-0.36599,0.00489
49798000000,4.38426,11.25038,-0.14842,0.98037,-0.00098,-0.00123,-0.19715,0.71495,-0.38703,-0.00006
49864000000,4.43031,11.22580,-0.14816,0.97952,-0.00097,-0.00111,-0.20134,0.69783,-0.37241,0.00396
49930000000,4.47287,11.20362,-0.15084,0.97876,-0.00100,-0.00173,-0.20499,0.64478,-0.33610,-0.04061
49963000000,4.49415,11.19228,-0.15014,0.97846,-0.00108,-0.00150,-0.20643,0.64487,-0.34335,0.02123
49996000000,4.51616,11.18074,-0.14968,0.97815,-0.00112,-0.00146,-0.20787,0.66702,-0.34974,0.01391
50062000000,4.56283,11.15550,-0.14921,0.97738,-0.00121,-0.00132,-0.21146,0.70706,-0.38244,0.00706
50128000000,4.61146,11.12802,-0.14874,0.97636,-0.00120,-0.00133,-0.21615,0.73692,-0.41641,0.00717
50161000000,4.63687,11.11311,-0.14874,0.97576,-0.00125,-0.00130,-0.21885,0.76999,-0.45181,-0.00002
50194000000,4.66168,11.09823,-0.14919,0.97510,-0.00130,-0.00144,-0.22174,0.75157,-0.45077,-0.01353
50227000000,4.68547,11.08287,-0.14932,0.97439,-0.00115,-0.00148,-0.22485,0.72108,-0.46557,-0.00394
50293000000,4.72966,11.05368,-0.14944,0.97286,-0.00110,-0.00164,-0.23140,0.66946,-0.44222,-0.00176
50359000000,4.77151,11.02509,-0.14938,0.97111,-0.00101,-0.00164,-0.23860,0.63422,-0.43329,0.00090
50425000000,4.80951,10.99920,-0.14965,0.96918,-0.00120,-0.00150,-0.24636,0.57567,-0.39216,-0.00409
50458000000,4.82640,10.98657,-0.14871,0.96810,-0.00122,-0.00124,-0.25056,0.51199,-0.38274,0.02849
50524000000,4.85838,10.95962,-0.14840,0.96592,-0.00102,-0.00126,-0.25885,0.48451,-0.40836,0.00468
50557000000,4.87320,10.94703,-0.14809,0.96474,-0.00113,-0.00114,-0.26319,0.44915,-0.38159,0.00934
50590000000,4.88640,10.93472,-0.14793,0.96352,-0.00097,-0.00116,-0.26763,0.39989,-0.37306,0.00473
50656000000,4.91110,10.91150,-0.14730,0.96103,-0.00109,-0.00105,-0.27644,0.37429,-0.35185,0.00964
51151000000,5.06546,10.68001,-0.14605,0.92569,-0.00126,-0.00104,-0.37829,0.31183,-0.46766,0.00251
51184000000,5.07426,10.65635,-0.14600,0.92149,-0.00123,-0.00110,-0.38840,0.26661,-0.71682,0.00169
51217000000,5.08333,10.63166,-0.14615,0.91691,-0.00121,-0.00117,-0.39910,0.27487,-0.74811,-0.00450
51283000000,5.09916,10.57246,-0.15168,0.90715,-0.00085,-0.00183,-0.42081,0.23981,-0.89702,-0.08377
51349000000,5.11330,10.51516,-0.15901,0.89670,-0.00093,-0.00101,-0.44264,0.21424,-0.86818,-0.11117
51415000000,5.12522,10.45895,-0.15799,0.88679,-0.00086,-0.00079,-0.46217,0.18061,-0.85173,0.01555
51448000000,5.13106,10.43252,-0.15733,0.88236,-0.00083,-0.00056,-0.47058,0.17718,-0.80097,0.01979
51481000000,5.14210,10.41291,-0.16178,0.87779,-0.00129,0.00006,-0.47905,0.33439,-0.59423,-0.13479
51514000000,5.14650,10.38763,-0.16141,0.87393,-0.00128,0.00006,-0.48605,0.13337,-0.76600,0.01121
51580000000,5.15561,10.33935,-0.16122,0.86748,-0.00117,-0.00003,-0.49746,0.13809,-0.73151,0.00290
51646000000,5.16449,10.29412,-0.16080,0.86234,-0.00121,0.00014,-0.50633,0.13450,-0.68529,0.00634
51679000000,5.16882,10.27283,-0.16083,0.86002,-0.00118,0.00007,-0.51026,0.13132,-0.64497,-0.00089
51745000000,5.17684,10.23792,-0.16017,0.85560,-0.00193,0.00004,-0.51764,0.12146,-0.52900,0.01009
51811000000,5.18334,10.20262,-0.15973,0.85173,-0.00188,0.00013,-0.52398,0.09847,-0.53482,0.00660
51844000000,5.18621,10.18651,-0.15974,0.84988,-0.00192,0.00011,-0.52697,0.08699,-0.48811,-0.00016
51910000000,5.19152,10.15673,-0.15967,0.84635,-0.00183,0.00009,-0.53263,0.08047,-0.45126,0.00096
51943000000,5.19416,10.14203,-0.15958,0.84453,-0.00189,0.00019,-0.53550,0.08008,-0.44548,0.00278
51976000000,5.19704,10.12703,-0.15967,0.84257,-0.00190,0.00008,-0.53858,0.08703,-0.45444,-0.00272
52009000000,5.19944,10.11054,-0.15984,0.84043,-0.00188,0.00006,-0.54192,0.07296,-0.49970,-0.00524
52075000000,5.20359,10.07553,-0.15986,0.83562,-0.00181,-0.00001,-0.54930,0.06275,-0.53058,-0.00027
52108000000,5.20523,10.05715,-0.16003,0.83281,-0.00187,-0.00015,-0.55356,0.04972,-0.55683,-0.00508
52141000000,5.20698,10.03749,-0.16013,0.82971,-0.00184,-0.00016,-0.55819,0.05307,-0.59570,-0.00300
52174000000,5.20845,10.01760,-0.15979,0.82638,-0.00183,-0.00006,-0.56311,0.04474,-0.60272,0.01037
52207000000,5.20707,9.99783,-0.15995,0.82325,-0.00155,0.00002,-0.56768,-0.04201,-0.59928,-0.00490
52306000000,5.21098,9.94310,-0.15936,0.81581,-0.00148,0.00011,-0.57831,0.03948,-0.55284,0.00589
52339000000,5.21231,9.92616,-0.15926,0.81400,-0.00144,0.00012,-0.58087,0.04029,-0.51331,0.00314
52405000000,5.21483,9.89242,-0.15905,0.81050,-0.00141,0.00003,-0.58574,0.03823,-0.51114,0.00321
52438000000,5.21630,9.87426,-0.15917,0.80874,-0.00144,0.00001,-0.58816,0.04469,-0.55027,-0.00377
52504000000,5.21972,9.83517,-0.15905,0.80494,-0.00141,0.00000,-0.59335,0.05179,-0.59226,0.00179
52537000000,5.22207,9.81451,-0.15900,0.80301,-0.00140,-0.00003,-0.59597,0.07116,-0.62604,0.00180
52603000000,5.22628,9.77050,-0.15867,0.79913,-0.00127,0.00001,-0.60115,0.06377,-0.66681,0.00498
52669000000,5.23128,9.72328,-0.15818,0.79503,-0.00124,0.00003,-0.60657,0.07571,-0.71554,0.00733
52702000000,5.23319,9.69896,-0.15808,0.79309,-0.00124,0.00004,-0.60910,0.05791,-0.73705,0.00300
52768000000,5.23807,9.64730,-0.15791,0.78896,-0.00123,0.00006,-0.61444,0.07404,-0.78268,0.00262
52867000000,5.24231,9.56444,-0.15721,0.78277,-0.00105,0.00003,-0.62231,0.04275,-0.83691,0.00705
52933000000,5.24727,9.50378,-0.15730,0.77859,-0.00118,-0.00001,-0.62753,0.07528,-0.91918,-0.00125
52999000000,5.25181,9.44108,-0.15746,0.77448,-0.00119,-0.00005,-0.63259,0.06874,-0.94995,-0.00257
53032000000,5.25403,9.40827,-0.15745,0.77240,-0.00119,-0.00016,-0.63514,0.06725,-0.99431,0.00038
53065000000,5.25641,9.37520,-0.15739,0.77038,-0.00125,-0.00005,-0.63758,0.07202,-1.00205,0.00176
53131000000,5.26073,9.31225,-0.15755,0.76663,-0.00120,-0.00013,-0.64209,0.06546,-0.95382,-0.00238
53164000000,5.26298,9.28291,-0.15757,0.76485,-0.00123,-0.00013,-0.64421,0.06835,-0.88900,-0.00055
53230000000,5.26601,9.22813,-0.15732,0.76137,-0.00126,-0.00011,-0.64831,0.04584,-0.83012,0.00381
53263000000,5.26720,9.20237,-0.15719,0.75955,-0.00124,-0.00009,-0.65045,0.03601,-0.78045,0.00387
53329000000,5.26649,9.15251,-0.15688,0.75558,-0.00116,-0.00001,-0.65506,-0.01072,-0.75541,0.00469
53395000000,5.26633,9.10613,-0.15686,0.75167,-0.00114,-0.00006,-0.65954,-0.00242,-0.70274,0.00035
53428000000,5.26598,9.08417,-0.15684,0.74970,-0.00117,-0.00004,-0.66177,-0.01066,-0.66540,0.00058
53461000000,5.26558,9.06339,-0.15679,0.74779,-0.00124,-0.00006,-0.66393,-0.01194,-0.62995,0.00139
53527000000,5.26421,9.02261,-0.15649,0.74426,-0.00114,-0.00001,-0.66789,-0.02081,-0.61784,0.00451
53593000000,5.26370,8.97875,-0.15640,0.74100,-0.00118,0.00000,-0.67151,-0.00770,-0.66458,0.00145
53626000000,5.26296,8.95525,-0.15654,0.73944,-0.00112,-0.00006,-0.67322,-0.02253,-0.71190,-0.00417
53692000000,5.26155,8.90718,-0.15655,0.73622,-0.00109,-0.00017,-0.67674,-0.02130,-0.72840,-0.00014
53725000000,5.26094,8.88189,-0.15672,0.73459,-0.00114,-0.00017,-0.67851,-0.01842,-0.76641,-0.00532
53791000000,5.25893,8.83025,-0.15678,0.73144,-0.00109,-0.00027,-0.68191,-0.03053,-0.78235,-0.00081
53857000000,5.25962,8.77472,-0.15649,0.72779,-0.00109,-0.00008,-0.68580,0.01044,-0.84137,0.00434
53890000000,5.25840,8.74642,-0.15632,0.72618,-0.00104,-0.00003,-0.68751,-0.03698,-0.85756,0.00501
53956000000,5.25582,8.68708,-0.15642,0.72301,-0.00105,-0.00017,-0.69083,-0.03911,-0.89916,-0.00151
53989000000,5.25416,8.65533,-0.15624,0.72146,-0.00097,-0.00013,-0.69245,-0.05027,-0.96206,0.00567
54022000000,5.25277,8.62304,-0.15621,0.71987,-0.00098,-0.00016,-0.69411,-0.04205,-0.97861,0.00082
54088000000,5.25003,8.55762,-0.15627,0.71672,-0.00099,-0.00024,-0.69736,-0.04157,-0.99114,-0.00092
54121000000,5.24832,8.52330,-0.15623,0.71510,-0.00101,-0.00017,-0.69902,-0.05187,-1.04005,0.00112
54154000000,5.24655,8.48832,-0.15613,0.71358,-0.00102,-0.00016,-0.70057,-0.05343,-1.06008,0.00309
54220000000,5.24264,8.41612,-0.15592,0.71057,-0.00108,-0.00013,-0.70362,-0.05927,-1.09391,0.00318
54286000000,5.24110,8.34143,-0.15636,0.70772,-0.00058,-0.00001,-0.70649,-0.02329,-1.13166,-0.00672
54319000000,5.23875,8.30651,-0.15650,0.70643,-0.00063,-0.00002,-0.70779,-0.07134,-1.05829,-0.00425
54385000000,5.23436,8.23936,-0.15682,0.70408,-0.00064,-0.00007,-0.71012,-0.06653,-1.01732,-0.00479
54418000000,5.23176,8.20657,-0.15671,0.70303,-0.00062,-0.00003,-0.71116,-0.07866,-0.99370,0.00345
54451000000,5.22985,8.17356,-0.15660,0.70200,-0.00057,-0.00006,-0.71218,-0.05809,-1.00043,0.00337
54484000000,5.22822,8.13922,-0.15667,0.70101,-0.00064,-0.00011,-0.71315,-0.04920,-1.04055,-0.00216
54550000000,5.22457,8.06910,-0.15619,0.69945,-0.00060,-0.00005,-0.71468,-0.05533,-1.06234,0.00726
54616000000,5.22146,7.99639,-0.15634,0.69858,-0.00062,-0.00008,-0.71553,-0.04708,-1.10165,-0.00238
54649000000,5.21901,7.96033,-0.15678,0.69867,-0.00038,-0.00047,-0.71544,-0.07440,-1.09277,-0.01312
54682000000,5.21820,7.92249,-0.15663,0.69877,-0.00040,-0.00037,-0.71535,-0.02455,-1.14676,0.00456
54781000000,5.21777,7.80468,-0.15662,0.70069,-0.00046,-0.00042,-0.71347,-0.00432,-1.19001,0.00002
54847000000,5.22070,7.72271,-0.15669,0.70312,-0.00053,-0.00030,-0.71107,0.04441,-1.24191,-0.00093
54880000000,5.22307,7.68090,-0.15685,0.70467,-0.00062,-0.00030,-0.70953,0.07187,-1.26704,-0.00497
54913000000,5.22533,7.63922,-0.15682,0.70645,-0.00059,-0.00043,-0.70776,0.06825,-1.26291,0.00095
54979000000,5.23116,7.55874,-0.15678,0.71012,-0.00066,-0.00042,-0.70408,0.08842,-1.21940,0.00058
55045000000,5.23727,7.47761,-0.15667,0.71337,-0.00054,-0.00044,-0.70079,0.09249,-1.22937,0.00162
55111000000,5.24413,7.39478,-0.15588,0.71585,-0.00017,-0.00052,-0.69825,0.10396,-1.25492,0.01206
55177000000,5.25047,7.30856,-0.15524,0.71841,-0.00019,-0.00036,-0.69562,0.09605,-1.30642,0.00973
55210000000,5.25394,7.26433,-0.15518,0.71960,-0.00017,-0.00030,-0.69439,0.10542,-1.34036,0.00171
55243000000,5.25711,7.21944,-0.15506,0.72081,-0.00012,-0.00041,-0.69313,0.09582,-1.36027,0.00362
55309000000,5.26445,7.12645,-0.15439,0.72307,-0.00002,-0.00047,-0.69077,0.11121,-1.40894,0.01010
55375000000,5.27284,7.03059,-0.15426,0.72525,-0.00004,-0.00049,-0.68848,0.12715,-1.45235,0.00202
55441000000,5.28199,6.93145,-0.15421,0.72739,-0.00008,-0.00044,-0.68623,0.13868,-1.50212,0.00071
55474000000,5.28599,6.88150,-0.15249,0.72841,-0.00011,-0.00007,-0.68514,0.12123,-1.51361,0.05214
55507000000,5.29085,6.83015,-0.15218,0.72939,-0.00014,-0.00008,-0.68410,0.14708,-1.55612,0.00933
55540000000,5.29601,6.77782,-0.15221,0.73037,-0.00014,-0.00006,-0.68305,0.15650,-1.58589,-0.00068
55573000000,5.30135,6.72455,-0.15239,0.73128,-0.00023,0.00013,-0.68208,0.16195,-1.61408,-0.00555
55606000000,5.30698,6.67019,-0.15241,0.73222,-0.00026,0.00017,-0.68107,0.17035,-1.64726,-0.00048
55639000000,5.31272,6.61545,-0.15221,0.73308,-0.00023,0.00024,-0.68015,0.17392,-1.65897,0.00586
55672000000,5.31867,6.55969,-0.15245,0.73398,-0.00029,0.00014,-0.67917,0.18039,-1.68969,-0.00713
55771000000,5.33478,6.38860,-0.15200,0.73656,-0.00013,0.00006,-0.67637,0.16276,-1.72814,0.00449
55837000000,5.34748,6.27085,-0.15167,0.73830,-0.00023,0.00023,-0.67447,0.19235,-1.78401,0.00510
55903000000,5.36069,6.14889,-0.15170,0.73991,-0.00026,0.00020,-0.67271,0.20018,-1.84792,-0.00057
55936000000,5.36755,6.08720,-0.15163,0.74072,-0.00026,0.00021,-0.67181,0.20799,-1.86959,0.00217
55969000000,5.37458,6.02437,-0.15167,0.74153,-0.00019,0.00017,-0.67092,0.21310,-1.90387,-0.00116
56002000000,5.38546,5.96098,-0.14978,0.74181,-0.00004,0.00035,-0.67061,0.32947,-1.92086,0.05735
56068000000,5.40057,5.83184,-0.14986,0.74301,-0.00003,0.00039,-0.66929,0.22903,-1.95660,-0.00124
56134000000,5.41591,5.70303,-0.14951,0.74352,-0.00002,0.00053,-0.66871,0.23238,-1.95175,0.00530
56167000000,5.42348,5.63772,-0.14980,0.74346,-0.00011,0.00051,-0.66878,0.22946,-1.97912,-0.00887
56200000000,5.43065,5.57179,-0.14976,0.74306,-0.00010,0.00053,-0.66923,0.21735,-1.99793,0.00117
56299000000,5.44907,5.37244,-0.14974,0.74033,-0.00003,0.00053,-0.67224,0.18598,-2.01358,0.00019
56332000000,5.45216,5.30521,-0.14987,0.73914,-0.00023,0.00054,-0.67355,0.09388,-2.03722,-0.00379
56398000000,5.45889,5.17224,-0.15062,0.73567,-0.00019,0.00033,-0.67734,0.10195,-2.01474,-0.01131
56431000000,5.46123,5.10598,-0.15077,0.73371,-0.00011,0.00029,-0.67946,0.07090,-2.00774,-0.00464
56497000000,5.46491,4.97438,-0.15082,0.72950,-0.00022,0.00039,-0.68398,0.05574,-1.99408,-0.00084
56530000000,5.46571,4.90678,-0.15077,0.72728,-0.00012,0.00030,-0.68634,0.02425,-2.04828,0.00173
56563000000,5.46707,4.83842,-0.15080,0.72492,-0.00041,0.00045,-0.68883,0.04122,-2.07166,-0.00112
56596000000,5.46692,4.76720,-0.15074,0.72278,-0.00034,0.00036,-0.69108,-0.00445,-2.15825,0.00201
56695000000,5.46720,4.54933,-0.15138,0.71758,-0.00041,0.00026,-0.69648,0.00278,-2.20066,-0.00648
56761000000,5.46553,4.40089,-0.15164,0.71426,-0.00047,0.00028,-0.69988,-0.02523,-2.24905,-0.00392
56827000000,5.46339,4.24940,-0.15209,0.71106,-0.00054,0.00017,-0.70313,-0.03248,-2.29541,-0.00689
56893000000,5.45910,4.09563,-0.15325,0.70795,-0.00043,-0.00004,-0.70626,-0.06508,-2.32978,-0.01749
56959000000,5.45423,3.93792,-0.15314,0.70504,-0.00042,-0.00000,-0.70917,-0.07366,-2.38952,0.00169
56992000000,5.45127,3.85843,-0.15328,0.70369,-0.00037,-0.00015,-0.71051,-0.08993,-2.40878,-0.00441
57025000000,5.44818,3.77796,-0.15320,0.70238,-0.00040,-0.00017,-0.71180,-0.09353,-2.43864,0.00260
57190000000,5.42714,3.35832,-0.15652,0.69615,-0.00076,-0.00038,-0.71789,-0.12752,-2.54323,-0.02018
57223000000,5.42210,3.27331,-0.15620,0.69477,-0.00070,-0.00036,-0.71923,-0.15257,-2.57630,0.00980
57289000000,5.41194,3.09799,-0.15636,0.69247,-0.00086,-0.00041,-0.72144,-0.15400,-2.65630,-0.00233
57322000000,5.40514,3.00899,-0.15660,0.69126,-0.00087,-0.00140,-0.72260,-0.20605,-2.69712,-0.00748
57355000000,5.39997,2.92240,-0.15667,0.69014,-0.00086,-0.00154,-0.72367,-0.15656,-2.62370,-0.00195
57421000000,5.38756,2.74992,-0.15581,0.68822,-0.00104,-0.00114,-0.72550,-0.18805,-2.61347,0.01305
57487000000,5.37593,2.57769,-0.15456,0.68682,-0.00086,-0.00101,-0.72683,-0.17627,-2.60946,0.01893
57520000000,5.37030,2.49202,-0.15396,0.68649,-0.00080,-0.00099,-0.72714,-0.17066,-2.59601,0.01816
57586000000,5.36203,2.32623,-0.14904,0.68708,-0.00049,0.00008,-0.72658,-0.12528,-2.51202,0.07450
57652000000,5.35446,2.15508,-0.14849,0.68832,-0.00035,0.00011,-0.72541,-0.11465,-2.59319,0.00835
57685000000,5.35233,2.07144,-0.14833,0.68952,-0.00013,-0.00008,-0.72426,-0.06449,-2.53440,0.00467
57718000000,5.35048,1.98884,-0.14841,0.69119,-0.00019,-0.00012,-0.72268,-0.05617,-2.50297,-0.00233
57751000000,5.34996,1.90760,-0.14821,0.69306,-0.00017,-0.00008,-0.72088,-0.01578,-2.46196,0.00599
57784000000,5.35078,1.82789,-0.14819,0.69499,-0.00016,-0.00009,-0.71902,0.02485,-2.41531,0.00079
57850000000,5.35821,1.67787,-0.14635,0.69864,-0.00040,0.00122,-0.71547,0.11258,-2.27318,0.02779
57916000000,5.36446,1.52807,-0.14735,0.70335,-0.00056,0.00113,-0.71084,0.09476,-2.26963,-0.01504
57949000000,5.36710,1.45596,-0.14823,0.70582,-0.00064,0.00093,-0.70839,0.07999,-2.18506,-0.02679
57982000000,5.36994,1.38531,-0.14859,0.70784,-0.00063,0.00084,-0.70637,0.08596,-2.14107,-0.01106
58114000000,5.38566,1.10629,-0.14909,0.71503,-0.00077,0.00081,-0.69909,0.11911,-2.11376,-0.00374
58147000000,5.38714,1.03340,-0.15381,0.71710,-0.00101,-0.00014,-0.69697,0.04481,-2.20887,-0.14315
58180000000,5.39089,0.96601,-0.15304,0.71867,-0.00084,0.00003,-0.69535,0.11363,-2.04200,0.02328
58213000000,5.39578,0.89947,-0.15310,0.72011,-0.00086,-0.00005,-0.69386,0.14809,-2.01641,-0.00153
58279000000,5.40587,0.76820,-0.15282,0.72276,-0.00080,-0.00004,-0.69110,0.15286,-1.98889,0.00423
58312000000,5.41081,0.70390,-0.15287,0.72404,-0.00085,-0.00007,-0.68976,0.14990,-1.94863,-0.00156
58378000000,5.41867,0.57767,-0.15491,0.72657,-0.00108,-0.00072,-0.68709,0.11901,-1.91261,-0.03091
58477000000,5.43405,0.39560,-0.15390,0.72927,-0.00084,-0.00076,-0.68423,0.15537,-1.83907,0.01012
58510000000,5.43987,0.33666,-0.15348,0.73004,-0.00074,-0.00067,-0.68340,0.17637,-1.78613,0.01278
58543000000,5.44560,0.27827,-0.15334,0.73090,-0.00075,-0.00063,-0.68249,0.17360,-1.76917,0.00442
58609000000,5.45712,0.16437,-0.15177,0.73260,-0.00064,0.00035,-0.68066,0.17464,-1.72580,0.02372
58642000000,5.46215,0.10850,-0.15161,0.73352,-0.00043,0.00040,-0.67967,0.15218,-1.69303,0.00496
58675000000,5.46752,0.05386,-0.15123,0.73419,-0.00030,0.00047,-0.67895,0.16273,-1.65591,0.01141
58774000000,5.48315,-0.09478,-0.15115,0.73597,-0.00026,0.00054,-0.67701,0.15793,-1.50143,0.00084
58807000000,5.48771,-0.13746,-0.15092,0.73646,-0.00024,0.00063,-0.67648,0.13820,-1.29327,0.00676
58840000000,5.49262,-0.17651,-0.15128,0.73693,-0.00063,-0.00017,-0.67597,0.14864,-1.18334,-0.01067
58873000000,5.49664,-0.21217,-0.15095,0.73727,-0.00064,-0.00013,-0.67559,0.12203,-1.08053,0.00977
58939000000,5.50356,-0.27509,-0.15108,0.73787,-0.00067,-0.00006,-0.67494,0.10478,-0.95329,-0.00185
59005000000,5.50828,-0.32514,-0.15092,0.73850,-0.00056,-0.00006,-0.67426,0.07147,-0.75834,0.00237
59038000000,5.51067,-0.34479,-0.15090,0.73860,-0.00056,-0.00007,-0.67414,0.07241,-0.59548,0.00062
59104000000,5.51203,-0.37347,-0.15026,0.73991,-0.00032,0.00003,-0.67270,0.02066,-0.43455,0.00974
59137000000,5.51305,-0.38324,-0.15041,0.73999,-0.00037,-0.00006,-0.67262,0.03082,-0.29624,-0.00479
59170000000,5.51420,-0.39030,-0.15037,0.74001,-0.00048,-0.00002,-0.67259,0.03481,-0.21391,0.00129
59236000000,5.51463,-0.39422,-0.15037,0.74002,-0.00044,-0.00001,-0.67259,0.00653,-0.05932,0.00008
59269000000,5.51460,-0.39121,-0.15045,0.73991,-0.00050,-0.00001,-0.67271,-0.00095,0.09102,-0.00264
59302000000,5.51375,-0.38516,-0.15078,0.73996,-0.00062,-0.00011,-0.67265,-0.02575,0.18355,-0.00998
59368000000,5.51131,-0.36393,-0.15058,0.73928,-0.00040,0.00003,-0.67340,-0.03693,0.32167,0.00308
59401000000,5.50974,-0.34846,-0.15062,0.73916,-0.00043,0.00005,-0.67353,-0.04760,0.46875,-0.00113
59434000000,5.50766,-0.32982,-0.15058,0.73907,-0.00038,0.00010,-0.67363,-0.06290,0.56466,0.00115
59467000000,5.50577,-0.30763,-0.15071,0.73885,-0.00045,0.00016,-0.67387,-0.05734,0.67250,-0.00392
59500000000,5.50318,-0.28217,-0.15063,0.73870,-0.00046,0.00022,-0.67403,-0.07846,0.77170,0.00230
59533000000,5.50004,-0.25335,-0.15056,0.73858,-0.00044,0.00022,-0.67416,-0.09505,0.87311,0.00230
59566000000,5.49662,-0.22114,-0.15058,0.73843,-0.00052,0.00021,-0.67433,-0.10389,0.97602,-0.00076
59599000000,5.49304,-0.18597,-0.15053,0.73826,-0.00048,0.00023,-0.67452,-0.10833,1.06575,0.00166
59632000000,5.48958,-0.14752,-0.15025,0.73794,-0.00039,0.00029,-0.67486,-0.10489,1.16539,0.00837
59698000000,5.48191,-0.06688,-0.15054,0.73749,-0.00035,0.00011,-0.67536,-0.11622,1.22182,-0.00436
59731000000,5.47860,-0.02727,-0.15040,0.73720,-0.00040,0.00021,-0.67567,-0.10034,1.20007,0.00423
59764000000,5.47472,0.01113,-0.15038,0.73708,-0.00046,0.00027,-0.67581,-0.11737,1.16387,0.00050
59830000000,5.46775,0.08589,-0.14975,0.73674,-0.00027,0.00039,-0.67617,-0.10571,1.13274,0.00966
59896000000,5.46064,0.15687,-0.15065,0.73656,-0.00056,0.00015,-0.67638,-0.10776,1.07543,-0.01377
59962000000,5.45418,0.22392,-0.15078,0.73639,-0.00059,0.00017,-0.67656,-0.09785,1.01584,-0.00185
59995000000,5.45157,0.25636,-0.15101,0.73618,-0.00072,0.00018,-0.67678,-0.07888,0.98316,-0.00709
60061000000,5.44587,0.31874,-0.15140,0.73605,-0.00080,0.00011,-0.67692,-0.08643,0.94514,-0.00595
60127000000,5.44008,0.37526,-0.15228,0.73612,-0.00078,-0.00016,-0.67685,-0.08775,0.85634,-0.01324
60160000000,5.43781,0.40356,-0.15252,0.73602,-0.00081,-0.00022,-0.67696,-0.06888,0.85763,-0.00735
60193000000,5.43540,0.43111,-0.15273,0.73586,-0.00090,-0.00020,-0.67713,-0.07297,0.83478,-0.00656
60226000000,5.43287,0.45772,-0.15338,0.73589,-0.00106,-0.00044,-0.67710,-0.07658,0.80643,-0.01963
60259000000,5.43070,0.48317,-0.15334,0.73576,-0.00097,-0.00043,-0.67724,-0.06575,0.77107,0.00118
60292000000,5.43017,0.50773,-0.15287,0.73547,-0.00099,-0.00028,-0.67756,-0.01621,0.74446,0.01422
60325000000,5.42809,0.53192,-0.15289,0.73541,-0.00102,-0.00026,-0.67762,-0.06290,0.73279,-0.00043
60391000000,5.42418,0.57829,-0.15288,0.73529,-0.00097,-0.00022,-0.67775,-0.05930,0.70265,0.00020
60655000000,5.41246,0.72570,-0.15230,0.73490,-0.00088,-0.00022,-0.67818,-0.04437,0.55836,0.00218
60688000000,5.41094,0.74124,-0.15231,0.73488,-0.00087,-0.00027,-0.67819,-0.04612,0.47084,-0.00022
60721000000,5.40946,0.75536,-0.15256,0.73493,-0.00094,-0.00030,-0.67814,-0.04489,0.42798,-0.00774
60787000000,5.40741,0.78145,-0.15242,0.73482,-0.00081,-0.00031,-0.67827,-0.03110,0.39536,0.00218
60820000000,5.40659,0.79324,-0.15238,0.73477,-0.00086,-0.00023,-0.67832,-0.02467,0.35712,0.00116
60853000000,5.40546,0.80394,-0.15273,0.73480,-0.00084,-0.00038,-0.67828,-0.03426,0.32430,-0.01068
60886000000,5.40482,0.81407,-0.15307,0.73478,-0.00095,-0.00048,-0.67831,-0.01959,0.30685,-0.01022
60919000000,5.40401,0.82327,-0.15283,0.73479,-0.00089,-0.00039,-0.67829,-0.02439,0.27888,0.00726
60952000000,5.40343,0.83151,-0.15284,0.73475,-0.00087,-0.00041,-0.67833,-0.01760,0.24976,-0.00022
60985000000,5.40365,0.83983,-0.15400,0.73476,-0.00096,-0.00033,-0.67832,0.00662,0.25196,-0.03516
61018000000,5.40308,0.84634,-0.15370,0.73475,-0.00093,-0.00030,-0.67833,-0.01717,0.19741,0.00908
61117000000,5.40234,0.86060,-0.15360,0.73465,-0.00092,-0.00027,-0.67845,-0.00751,0.14400,0.00098
61150000000,5.40190,0.86360,-0.15363,0.73471,-0.00088,-0.00027,-0.67838,-0.01341,0.09117,-0.00092
61216000000,5.40156,0.86698,-0.15358,0.73469,-0.00091,-0.00021,-0.67840,-0.00503,0.05120,0.00079
61249000000,5.40175,0.86736,-0.15369,0.73465,-0.00095,-0.00020,-0.67845,0.00568,0.01128,-0.00337
61282000000,5.40187,0.86733,-0.15376,0.73463,-0.00097,-0.00021,-0.67847,0.00364,-0.00089,-0.00219
61348000000,5.40195,0.86728,-0.15378,0.73461,-0.00098,-0.00020,-0.67849,0.00113,-0.00074,-0.00031
61414000000,5.40197,0.86727,-0.15380,0.73461,-0.00098,-0.00020,-0.67849,0.00030,-0.00013,-0.00026
61513000000,5.40188,0.86728,-0.15385,0.73463,-0.00099,-0.00023,-0.67847,-0.00086,0.00013,-0.00052
61546000000,5.40096,0.86788,-0.15331,0.73454,-0.00106,-0.00054,-0.67857,-0.02780,0.01813,0.01628
61612000000,5.40102,0.86784,-0.15313,0.73452,-0.00102,-0.00048,-0.67858,0.00092,-0.00067,0.00280
61678000000,5.40104,0.86785,-0.15306,0.73452,-0.00101,-0.00046,-0.67859,0.00031,0.00018,0.00113
61744000000,5.40102,0.86785,-0.15305,0.73452,-0.00100,-0.00046,-0.67858,-0.00030,0.00009,0.00015
61777000000,5.40102,0.86786,-0.15309,0.73453,-0.00102,-0.00047,-0.67858,-0.00016,0.00028,-0.00121
61810000000,5.40102,0.86787,-0.15310,0.73453,-0.00102,-0.00047,-0.67858,0.00012,0.00007,-0.00040
61843000000,5.40102,0.86786,-0.15313,0.73453,-0.00103,-0.00048,-0.67858,-0.00013,-0.00025,-0.00093
61876000000,5.40103,0.86785,-0.15313,0.73452,-0.00102,-0.00048,-0.67858,0.00033,-0.00019,-0.00002
61942000000,5.40102,0.86784,-0.15313,0.73453,-0.00102,-0.00048,-0.67858,-0.00021,-0.00012,-0.00003
61975000000,5.40097,0.86786,-0.15312,0.73454,-0.00101,-0.00048,-0.67856,-0.00143,0.00058,0.00053
62041000000,5.40093,0.86786,-0.15313,0.73455,-0.00101,-0.00049,-0.67855,-0.00058,0.00002,-0.00017
