1786676806671225344,-0.00579,0.00016,0.00225,0.68247,-0.73084,-0.00701,-0.00783,-0.06510,0.00105,0.02646
1786676806704567552,-0.00410,0.00011,0.00178,0.68259,-0.73076,-0.00509,-0.00590,-0.02015,0.00082,0.01030
1786676806738351104,-0.00469,0.00014,0.00205,0.68243,-0.73090,-0.00529,-0.00621,-0.02055,0.00071,0.01006
1786676806771296000,-0.00516,0.00012,0.00221,0.68228,-0.73104,-0.00514,-0.00616,-0.02035,0.00026,0.00858
1786676806804532480,-0.00892,0.00113,0.00324,0.68325,-0.73014,-0.00541,-0.00634,-0.03962,0.03650,0.00565
1786676806838465280,-0.00595,0.00004,0.00166,0.68221,-0.73111,-0.00569,-0.00682,-0.01765,-0.00067,0.00179
1786676806875392768,-0.00642,-0.00012,0.00133,0.68205,-0.73125,-0.00576,-0.00691,-0.01765,-0.00141,-0.00041
1786676806904720896,-0.00667,-0.00023,0.00121,0.68200,-0.73129,-0.00584,-0.00703,-0.01700,-0.00225,-0.00094
1786676806937987584,-0.00692,-0.00017,0.00101,0.68240,-0.73091,-0.00649,-0.00734,-0.01615,-0.00132,-0.00240
1786676806971371776,-0.00706,-0.00024,0.00047,0.68147,-0.73177,-0.00676,-0.00801,-0.01533,-0.00129,-0.00370
1786676807005225984,-0.00742,-0.00023,0.00060,0.68149,-0.73176,-0.00669,-0.00794,-0.01545,-0.00020,-0.00182
1786676807039028736,-0.00750,-0.00028,0.00034,0.68145,-0.73179,-0.00678,-0.00808,-0.01352,-0.00052,-0.00324
1786676807071423488,-0.00172,-0.00028,-0.00001,0.68223,-0.73109,-0.00619,-0.00649,0.01612,-0.00206,-0.00653
1786676807105553920,-0.00694,-0.00034,0.00039,0.68140,-0.73184,-0.00663,-0.00790,-0.00916,-0.00077,-0.00225
1786676807137854464,-0.00693,-0.00035,0.00033,0.68137,-0.73187,-0.00657,-0.00786,-0.00818,-0.00023,-0.00232
1786676807171905792,-0.00696,-0.00042,0.00027,0.68138,-0.73186,-0.00654,-0.00778,-0.00737,-0.00071,-0.00206
1786676807204740096,-0.00368,-0.00042,-0.00061,0.68166,-0.73161,-0.00606,-0.00687,0.00932,-0.00263,-0.01141
1786676807238188544,-0.00682,-0.00048,-0.00000,0.68133,-0.73191,-0.00624,-0.00749,-0.00559,-0.00018,-0.00325
1786676807273828352,-0.00701,-0.00053,-0.00003,0.68132,-0.73192,-0.00628,-0.00754,-0.00561,-0.00011,-0.00264
1786676807304469248,-0.00701,-0.00060,-0.00013,0.68127,-0.73196,-0.00644,-0.00772,-0.00477,-0.00031,-0.00306
1786676807342433024,-0.00837,-0.00057,0.00070,0.68114,-0.73209,-0.00598,-0.00739,-0.01108,0.00186,0.00348
1786676807374893056,-0.00712,-0.00061,-0.00036,0.68122,-0.73201,-0.00648,-0.00780,-0.00390,0.00029,-0.00280
1786676807404624640,-0.00714,-0.00070,-0.00002,0.68115,-0.73207,-0.00643,-0.00773,-0.00281,-0.00081,0.00024
1786676807438266880,-0.00756,-0.00077,-0.00002,0.68114,-0.73209,-0.00618,-0.00757,-0.00401,-0.00045,-0.00019
1786676807471225856,-0.00700,-0.00078,-0.00023,0.68100,-0.73222,-0.00602,-0.00726,-0.00155,-0.00085,0.00049
1786676807506175744,-0.00748,-0.00084,-0.00081,0.68107,-0.73216,-0.00630,-0.00766,-0.00308,0.00019,-0.00282
1786676807538286336,-0.00770,-0.00092,-0.00051,0.68100,-0.73222,-0.00637,-0.00780,-0.00320,-0.00030,0.00016
1786676807571269376,-0.00778,-0.00099,-0.00058,0.68100,-0.73222,-0.00622,-0.00761,-0.00281,-0.00020,-0.00015
1786676807604493312,-0.00738,-0.00082,-0.00083,0.68062,-0.73257,-0.00599,-0.00748,-0.00108,0.00093,-0.00043
1786676807637940992,-0.00811,-0.00101,-0.00139,0.68092,-0.73228,-0.00642,-0.00788,-0.00349,0.00080,-0.00359
1786676807671199744,-0.00806,-0.00107,-0.00156,0.68093,-0.73228,-0.00628,-0.00774,-0.00255,0.00080,-0.00407
1786676807704390400,-0.00821,-0.00108,-0.00158,0.68092,-0.73229,-0.00618,-0.00765,-0.00313,0.00015,-0.00307
1786676807737878784,-0.00734,0.00051,-0.00350,0.68065,-0.73255,-0.00578,-0.00795,-0.00089,0.05845,-0.02946
1786676807771816704,-0.00852,-0.00119,-0.00192,0.68085,-0.73236,-0.00617,-0.00771,-0.00280,0.00107,-0.00255
1786676807804418048,-0.00824,-0.00123,-0.00214,0.68076,-0.73244,-0.00635,-0.00789,-0.00133,0.00135,-0.00310
1786676807838403328,-0.00854,-0.00125,-0.00216,0.68070,-0.73250,-0.00634,-0.00792,-0.00271,0.00136,-0.00190
1786676807871520768,-0.00859,-0.00101,-0.00218,0.68186,-0.73144,-0.00480,-0.00568,-0.00170,0.00505,-0.00098
1786676807904727552,-0.00865,-0.00128,-0.00245,0.68055,-0.73263,-0.00634,-0.00801,-0.00164,0.00278,-0.00197
1786676807938176768,-0.00871,-0.00122,-0.00243,0.68053,-0.73265,-0.00627,-0.00795,-0.00079,0.00169,-0.00186
1786676807971214080,-0.00871,-0.00138,-0.00231,0.68053,-0.73265,-0.00614,-0.00783,-0.00063,0.00001,-0.00097
1786676808004555776,-0.00761,-0.00043,-0.00218,0.68178,-0.73150,-0.00541,-0.00656,0.01322,0.01206,-0.00914
1786676808038189568,-0.00935,-0.00135,-0.00187,0.68046,-0.73271,-0.00608,-0.00784,-0.00229,0.00138,0.00048
1786676808071556352,-0.00957,-0.00145,-0.00177,0.68045,-0.73273,-0.00601,-0.00781,-0.00247,0.00043,0.00036
1786676808104434944,-0.00969,-0.00149,-0.00177,0.68042,-0.73275,-0.00607,-0.00788,-0.00235,0.00027,0.00030
1786676808138180352,-0.00971,-0.00017,-0.00024,0.68097,-0.73227,-0.00442,-0.00664,-0.00006,0.00070,-0.00033
1786676808171354112,-0.00942,-0.00129,-0.00153,0.68039,-0.73279,-0.00588,-0.00778,0.00125,0.00124,0.00071
1786676808204634624,-0.00942,-0.00130,-0.00154,0.68039,-0.73279,-0.00570,-0.00756,0.00151,-0.00004,-0.00040
1786676808238252800,-0.00935,-0.00134,-0.00153,0.68039,-0.73279,-0.00557,-0.00745,0.00055,-0.00052,0.00025
1786676808271549440,-0.00945,-0.00121,-0.00115,0.68145,-0.73183,-0.00383,-0.00558,-0.00007,0.00036,-0.00016
1786676808304663040,-0.00940,-0.00128,-0.00139,0.68030,-0.73288,-0.00538,-0.00729,-0.00002,-0.00134,-0.00115
1786676808338977536,-0.00943,-0.00131,-0.00140,0.68032,-0.73286,-0.00552,-0.00742,0.00088,0.00207,-0.00038
1786676808371369472,-0.00952,-0.00144,-0.00156,0.68025,-0.73292,-0.00567,-0.00755,0.00104,0.00028,0.00027
1786676808404751616,-0.00952,-0.00144,-0.00146,0.68113,-0.73214,-0.00368,-0.00548,-0.00078,0.00085,-0.00067
1786676808438169856,-0.00951,-0.00148,-0.00149,0.68006,-0.73310,-0.00560,-0.00751,0.00116,-0.00029,0.00081
1786676808471254528,-0.00947,-0.00150,-0.00147,0.68005,-0.73311,-0.00552,-0.00748,0.00142,0.00044,0.00143
1786676808505424896,-0.00948,-0.00150,-0.00148,0.68006,-0.73309,-0.00562,-0.00753,0.00105,0.00052,0.00127
1786676808538116608,-0.00966,-0.00146,-0.00164,0.68002,-0.73314,-0.00554,-0.00749,0.00044,0.00008,0.00021
1786676808571165184,-0.00964,-0.00147,-0.00157,0.68068,-0.73254,-0.00435,-0.00624,-0.00080,0.00086,0.00019
1786676808604448000,-0.00972,-0.00146,-0.00169,0.67997,-0.73318,-0.00536,-0.00742,0.00024,0.00036,0.00024
1786676808638849024,-0.00975,-0.00145,-0.00172,0.67997,-0.73318,-0.00532,-0.00735,0.00011,0.00024,-0.00001
1786676808671694080,-0.00981,-0.00144,-0.00177,0.67995,-0.73320,-0.00535,-0.00740,-0.00012,-0.00027,-0.00033
1786676808704571392,-0.00959,-0.00147,-0.00158,0.68071,-0.73252,-0.00403,-0.00590,0.00034,0.00041,0.00042
1786676808737988864,-0.00985,-0.00142,-0.00180,0.67983,-0.73331,-0.00536,-0.00744,0.00060,0.00018,0.00044
1786676808775251456,-0.00995,-0.00141,-0.00189,0.67983,-0.73331,-0.00534,-0.00742,0.00006,-0.00005,-0.00015
1786676808804951552,-0.00998,-0.00140,-0.00192,0.67975,-0.73339,-0.00531,-0.00743,0.00072,0.00028,0.00012
1786676808838008832,-0.00978,-0.00143,-0.00174,0.68051,-0.73270,-0.00403,-0.00601,0.00032,0.00048,0.00001
1786676808871257600,-0.01013,-0.00138,-0.00206,0.67979,-0.73335,-0.00533,-0.00743,-0.00102,0.00043,-0.00114
1786676808906210304,-0.01024,-0.00136,-0.00215,0.67976,-0.73337,-0.00531,-0.00744,-0.00088,0.00048,-0.00074
1786676808938031360,-0.01033,-0.00133,-0.00223,0.67969,-0.73344,-0.00530,-0.00747,-0.00124,0.00041,-0.00073
1786676808971196416,-0.01024,-0.00136,-0.00209,0.68022,-0.73297,-0.00428,-0.00638,-0.00073,0.00039,-0.00025
1786676809104486656,-0.01038,-0.00132,-0.00227,0.67963,-0.73350,-0.00525,-0.00742,-0.00041,0.00011,-0.00092
1786676809171101440,-0.01036,-0.00133,-0.00225,0.67962,-0.73351,-0.00523,-0.00742,-0.00020,0.00096,-0.00087
1786676809238609408,-0.01035,-0.00132,-0.00225,0.67960,-0.73353,-0.00524,-0.00741,0.00061,0.00027,0.00035
1786676809304988160,-0.01067,-0.00132,-0.00206,0.68005,-0.73312,-0.00410,-0.00628,-0.00342,-0.00094,0.00113
1786676809374074880,-0.01033,-0.00129,-0.00235,0.67948,-0.73363,-0.00521,-0.00745,0.00098,0.00065,0.00078
1786676809471550464,-0.01004,-0.00113,-0.00222,0.67959,-0.73353,-0.00530,-0.00750,0.00366,0.00302,0.00259
1786676809604269824,-0.01057,-0.00174,-0.00238,0.67964,-0.73349,-0.00552,-0.00767,0.00216,0.00361,0.00222
1786676809670962688,-0.01056,-0.00157,-0.00242,0.67972,-0.73341,-0.00546,-0.00753,0.00208,0.00086,0.00635
1786676809871258880,-0.00967,-0.00141,-0.00289,0.67942,-0.73368,-0.00563,-0.00783,0.00371,0.00271,0.00076
1786676810037846016,-0.00985,-0.00159,-0.00292,0.67936,-0.73373,-0.00587,-0.00810,0.00334,0.00271,0.00103
1786676810071160832,-0.01016,-0.00167,-0.00330,0.67932,-0.73378,-0.00597,-0.00818,0.00155,0.00109,-0.00015
1786676810137714432,-0.00671,-0.00015,-0.00487,0.68067,-0.73254,-0.00538,-0.00652,0.03973,0.02690,-0.03602
1786676810204642048,-0.01049,-0.00145,-0.00360,0.67916,-0.73391,-0.00621,-0.00860,0.00192,0.00404,-0.00115
1786676810237875712,-0.01062,-0.00146,-0.00379,0.67912,-0.73395,-0.00619,-0.00857,0.00112,0.00411,-0.00113
1786676810271328768,-0.01087,-0.00174,-0.00365,0.67907,-0.73400,-0.00618,-0.00856,0.00082,0.00118,0.00022
1786676810338078208,-0.00780,-0.00017,-0.00525,0.68038,-0.73280,-0.00593,-0.00706,0.03471,0.02165,-0.02245
1786676810404665600,-0.01106,-0.00184,-0.00462,0.67901,-0.73406,-0.00579,-0.00817,0.00118,0.00269,-0.00173
1786676810504677120,-0.01099,-0.00195,-0.00456,0.67896,-0.73410,-0.00599,-0.00843,0.00105,0.00272,-0.00070
1786676810671119872,-0.01107,-0.00208,-0.00502,0.67889,-0.73417,-0.00604,-0.00849,0.00104,0.00325,0.00002
1786676810838022144,0.00177,-0.00053,-0.01036,0.67950,-0.73361,-0.00631,-0.00807,0.02222,0.00912,-0.00736
1786676810871329792,-0.01053,-0.00231,-0.00520,0.67883,-0.73422,-0.00588,-0.00823,0.00261,0.00335,0.00053
1786676810904780032,-0.01058,-0.00224,-0.00532,0.67879,-0.73427,-0.00589,-0.00824,0.00213,0.00437,0.00037
1786676810937860864,-0.01067,-0.00229,-0.00545,0.67878,-0.73428,-0.00580,-0.00813,0.00191,0.00435,0.00017
1786676811071255808,0.00811,-0.00137,-0.00958,0.67954,-0.73357,-0.00646,-0.00748,0.07553,-0.00695,-0.02098
1786676811104574720,-0.01094,-0.00227,-0.00585,0.67863,-0.73441,-0.00592,-0.00830,0.00050,0.00409,-0.00144
1786676811171125248,-0.01088,-0.00237,-0.00596,0.67860,-0.73444,-0.00601,-0.00840,0.00077,0.00377,-0.00072
1786676811204954624,-0.01076,-0.00250,-0.00616,0.67856,-0.73447,-0.00586,-0.00825,0.00132,0.00332,-0.00122
1786676811271005952,0.00409,-0.00194,-0.00933,0.67921,-0.73387,-0.00676,-0.00791,0.06854,-0.00217,-0.01810
1786676811338394880,-0.01184,-0.00273,-0.00663,0.67852,-0.73451,-0.00578,-0.00824,0.00095,0.00362,-0.00158
1786676811404635648,-0.01168,-0.00282,-0.00684,0.67847,-0.73456,-0.00570,-0.00815,0.00167,0.00464,-0.00185
1786676811437832960,-0.01171,-0.00291,-0.00698,0.67840,-0.73462,-0.00606,-0.00849,0.00154,0.00405,-0.00183
1786676811471210752,-0.00395,-0.00209,-0.00760,0.67853,-0.73450,-0.00643,-0.00823,0.03975,0.00480,-0.00296
1786676811570950144,-0.01145,-0.00291,-0.00700,0.67834,-0.73467,-0.00596,-0.00842,0.00307,0.00416,-0.00045
1786676811637766400,-0.01153,-0.00307,-0.00724,0.67832,-0.73470,-0.00591,-0.00835,0.00218,0.00361,-0.00021
1786676811737580800,-0.01128,-0.00314,-0.00737,0.67826,-0.73475,-0.00592,-0.00834,0.00272,0.00431,-0.00017
1786676811771086592,-0.01106,-0.00120,-0.00781,0.67869,-0.73436,-0.00602,-0.00837,0.00205,0.00168,0.00794
1786676811805169152,-0.01155,-0.00323,-0.00776,0.67826,-0.73476,-0.00566,-0.00805,0.00081,0.00536,-0.00045
1786676811937582848,-0.01155,-0.00318,-0.00790,0.67823,-0.73478,-0.00586,-0.00826,0.00073,0.00329,0.00012
1786676811971031552,-0.01163,-0.00339,-0.00802,0.67818,-0.73482,-0.00586,-0.00828,0.00017,0.00258,0.00022
1786676812037778432,0.00776,-0.00175,-0.01219,0.67894,-0.73412,-0.00717,-0.00806,0.08246,0.01019,-0.02217
1786676812071098112,-0.01140,-0.00353,-0.00855,0.67810,-0.73490,-0.00577,-0.00817,0.00194,0.00315,-0.00159
1786676812104655360,-0.01105,-0.00354,-0.00863,0.67806,-0.73494,-0.00589,-0.00825,0.00329,0.00345,-0.00109
1786676812171114752,-0.01087,-0.00354,-0.00884,0.67801,-0.73498,-0.00591,-0.00825,0.00341,0.00412,-0.00072
1786676812237861888,0.01481,-0.00428,-0.01978,0.67931,-0.73380,-0.00606,-0.00637,0.12077,0.00187,-0.07475
1786676812304858624,-0.01122,-0.00365,-0.00867,0.67789,-0.73509,-0.00601,-0.00843,0.00301,0.00418,-0.00176
1786676812371077888,-0.01090,-0.00367,-0.00870,0.67783,-0.73514,-0.00628,-0.00870,0.00284,0.00502,-0.00091
1786676812470993664,-0.01021,-0.00367,-0.00870,0.67778,-0.73519,-0.00640,-0.00873,0.00464,0.00475,-0.00018
1786676812504797696,0.00202,-0.00237,-0.01109,0.67838,-0.73464,-0.00669,-0.00789,0.05554,0.01125,-0.01295
1786676812537751552,-0.01079,-0.00393,-0.00903,0.67774,-0.73523,-0.00596,-0.00833,0.00291,0.00362,-0.00157
1786676812604553728,-0.01140,-0.00395,-0.00922,0.67772,-0.73525,-0.00584,-0.00830,0.00137,0.00478,-0.00137
1786676812704610304,-0.01160,-0.00396,-0.00945,0.67768,-0.73528,-0.00618,-0.00870,0.00086,0.00532,-0.00161
1786676812737737472,-0.00304,-0.00273,-0.01119,0.67823,-0.73478,-0.00636,-0.00814,0.03842,0.01036,-0.01158
1786676812805260288,-0.01168,-0.00415,-0.00958,0.67764,-0.73532,-0.00606,-0.00855,0.00069,0.00464,-0.00088
1786676812837814528,-0.01153,-0.00412,-0.00964,0.67763,-0.73533,-0.00600,-0.00845,0.00110,0.00487,-0.00064
1786676812871139072,-0.01161,-0.00419,-0.00969,0.67760,-0.73535,-0.00593,-0.00844,0.00058,0.00440,-0.00071
1786676812937740800,0.00818,-0.00358,-0.01466,0.67823,-0.73477,-0.00682,-0.00796,0.08749,-0.00582,-0.02931
1786676812971172608,-0.01219,-0.00432,-0.00994,0.67751,-0.73544,-0.00609,-0.00862,0.00065,0.00465,-0.00129
1786676813037571840,-0.01194,-0.00434,-0.00996,0.67745,-0.73549,-0.00616,-0.00867,0.00193,0.00506,-0.00033
1786676813071039232,-0.01192,-0.00440,-0.01000,0.67741,-0.73553,-0.00605,-0.00859,0.00156,0.00516,-0.00007
1786676813104773376,-0.00747,-0.00303,-0.01327,0.67764,-0.73533,-0.00585,-0.00776,0.02689,0.05497,-0.03025
1786676813171173120,-0.01159,-0.00442,-0.01033,0.67733,-0.73561,-0.00592,-0.00843,0.00237,0.00588,-0.00121
1786676813305487360,-0.01153,-0.00438,-0.01044,0.67730,-0.73564,-0.00602,-0.00856,0.00253,0.00580,-0.00048
1786676813372226304,-0.01154,-0.00450,-0.01063,0.67729,-0.73565,-0.00601,-0.00853,0.00202,0.00565,-0.00100
1786676813437527296,0.08400,-0.00531,-0.04480,0.68082,-0.73203,-0.01923,-0.01580,0.43566,0.00939,-0.09128
1786676813537727232,-0.01223,-0.00302,-0.01099,0.67691,-0.73596,-0.00708,-0.00974,0.00023,0.01524,-0.00267
1786676813604576512,-0.01218,-0.00189,-0.01108,0.67687,-0.73600,-0.00731,-0.01001,0.00052,0.01925,-0.00243
1786676813637767680,-0.01223,-0.00122,-0.01127,0.67682,-0.73604,-0.00737,-0.01011,0.00079,0.02135,-0.00295
1786676813705546240,0.07094,-0.00215,-0.04804,0.67940,-0.73368,-0.00855,-0.00713,0.20977,-0.00781,-0.11242
1786676813771270400,-0.01221,0.00109,-0.01225,0.67680,-0.73606,-0.00754,-0.00996,-0.00138,0.02618,-0.00442
1786676813837771776,-0.01218,0.00298,-0.01224,0.67675,-0.73610,-0.00768,-0.01000,-0.00113,0.03026,-0.00439
1786676813904773376,-0.01288,0.00434,-0.01288,0.67673,-0.73612,-0.00778,-0.00994,-0.00262,0.03214,-0.00577
1786676814005253376,0.05763,-0.00162,-0.03956,0.67828,-0.73472,-0.00776,-0.00811,0.11683,0.00323,-0.04896
1786676814037965824,-0.00589,0.00574,-0.01348,0.67694,-0.73593,-0.00725,-0.01010,0.00646,0.03094,-0.00437
1786676814070933504,-0.00447,0.00726,-0.01251,0.67696,-0.73592,-0.00697,-0.01013,0.00938,0.03452,-0.00193
1786676814104493824,-0.00427,0.00719,-0.01270,0.67701,-0.73588,-0.00680,-0.01005,0.00981,0.03281,-0.00175
1786676814270968320,-0.00104,0.02278,-0.01457,0.67338,-0.73919,-0.00487,-0.01181,0.01700,0.12183,-0.01618
1786676814304641024,-0.00725,0.02305,-0.01562,0.67649,-0.73635,-0.00724,-0.00998,0.00282,0.06026,-0.00517
1786676814371121408,-0.00597,0.03150,-0.01449,0.67634,-0.73648,-0.00720,-0.01007,0.00475,0.07290,-0.00315
1786676814471024640,-0.00662,0.03875,-0.01524,0.67631,-0.73651,-0.00715,-0.01001,0.00446,0.07988,-0.00364
1786676814504646912,-0.00528,0.04043,-0.01589,0.67630,-0.73654,-0.00634,-0.00963,0.00669,0.07573,-0.00429
1786676814570981376,-0.00888,0.04110,-0.01742,0.67643,-0.73641,-0.00696,-0.01006,-0.00086,0.07478,-0.00722
1786676814671302912,-0.01044,0.05442,-0.01636,0.67625,-0.73658,-0.00684,-0.01008,-0.00428,0.09213,-0.00502
1786676814840041472,-0.01498,0.06934,-0.01867,0.67614,-0.73667,-0.00694,-0.01024,-0.00922,0.10730,-0.00691
1786676815070924800,0.08633,0.03232,-0.04055,0.67748,-0.73548,-0.00789,-0.00579,0.11962,0.06961,-0.01617
1786676815237614336,0.00687,0.03043,-0.02858,0.67751,-0.73541,-0.00699,-0.01006,0.01895,0.03537,-0.01339
1786676815337696000,0.00065,0.01678,-0.01755,0.67783,-0.73511,-0.00699,-0.01040,0.01162,0.00777,0.00237
1786676815371084032,-0.00148,0.01608,-0.01826,0.67772,-0.73521,-0.00690,-0.01035,0.00824,0.00964,0.00089
1786676815404539648,-0.00127,0.01594,-0.01778,0.67783,-0.73511,-0.00681,-0.01056,0.00595,-0.00212,0.00110
1786676815437473024,-0.00612,0.01556,-0.01874,0.67825,-0.73473,-0.00638,-0.01024,0.00030,0.00260,-0.00108
1786676815504236032,-0.00592,0.01585,-0.01943,0.67772,-0.73523,-0.00618,-0.01017,0.00135,0.00050,-0.00351
1786676815637643264,-0.00573,0.01619,-0.02050,0.67778,-0.73517,-0.00614,-0.01027,0.00306,0.00426,-0.00498
1786676815704393472,-0.00988,0.01697,-0.02884,0.67674,-0.73612,-0.00536,-0.01088,-0.00917,0.00737,-0.06687
1786676815738341120,-0.01014,0.01518,-0.02781,0.67894,-0.73410,-0.00576,-0.00998,-0.00192,0.00004,-0.00876
1786676815771062528,-0.00954,0.01698,-0.02694,0.67850,-0.73452,-0.00522,-0.00946,0.00027,0.00586,-0.00573
1786676815971159040,-0.00966,0.01695,-0.02754,0.67852,-0.73450,-0.00535,-0.00973,0.00117,0.00589,-0.00500
1786676816004425984,-0.01220,0.01727,-0.02864,0.67891,-0.73413,-0.00546,-0.01010,-0.01712,-0.02208,-0.00134
1786676816037793792,-0.01030,0.01614,-0.02743,0.67857,-0.73446,-0.00516,-0.00943,0.00143,0.00870,-0.00438
1786676816070969344,-0.01030,0.01640,-0.02772,0.67822,-0.73478,-0.00537,-0.00966,0.00142,0.00675,-0.00468
1786676816137628928,-0.00992,0.01638,-0.02808,0.67824,-0.73475,-0.00548,-0.00985,0.00188,0.00273,-0.00410
1786676816237698816,-0.00328,0.01625,-0.03004,0.67831,-0.73469,-0.00546,-0.00957,0.02981,-0.00758,-0.00907
1786676816337798144,-0.00957,0.01576,-0.02804,0.67825,-0.73475,-0.00551,-0.00967,0.00273,0.00293,-0.00182
1786676816371588608,-0.00953,0.01555,-0.02826,0.67833,-0.73467,-0.00549,-0.00968,0.00284,0.00343,-0.00109
1786676816404289024,-0.00973,0.01545,-0.02879,0.67830,-0.73470,-0.00554,-0.00978,0.00247,0.00361,-0.00173
1786676816471002368,-0.00958,0.01617,-0.02889,0.67822,-0.73477,-0.00545,-0.00974,0.00199,0.00820,-0.00343
1786676816537643776,-0.01037,0.01602,-0.02930,0.67826,-0.73474,-0.00518,-0.00965,-0.00010,0.00638,-0.00394
1786676816670931968,-0.01048,0.01627,-0.03035,0.67824,-0.73475,-0.00558,-0.01018,0.00102,0.00738,-0.00555
1786676816771267328,-0.01055,0.01606,-0.03063,0.67819,-0.73480,-0.00573,-0.01029,0.00033,0.00693,-0.00581
1786676816871069952,-0.01024,0.01683,-0.03137,0.67814,-0.73484,-0.00568,-0.01030,0.00052,0.00647,-0.00532
1786676816904290560,-0.01098,0.01571,-0.03172,0.67809,-0.73489,-0.00558,-0.01015,-0.00018,0.00594,-0.00558
1786676817004227584,-0.01080,0.01597,-0.03292,0.67799,-0.73498,-0.00566,-0.01041,0.00075,0.00607,-0.00723
1786676817037685248,-0.01113,0.01579,-0.03319,0.67802,-0.73494,-0.00570,-0.01050,-0.00027,0.00273,-0.00747
1786676817137595136,-0.00736,0.01862,-0.04524,0.67750,-0.73543,-0.00508,-0.01009,0.00757,0.00954,-0.01475
1786676817171217152,-0.01159,0.01670,-0.03481,0.67771,-0.73522,-0.00592,-0.01095,-0.00014,0.00946,-0.00890
1786676817271196672,-0.01180,0.01791,-0.03562,0.67765,-0.73528,-0.00605,-0.01114,-0.00101,0.01348,-0.00840
1786676817304132608,-0.01201,0.01830,-0.03592,0.67763,-0.73529,-0.00616,-0.01129,-0.00176,0.01419,-0.00863
1786676817337387008,-0.00685,0.01661,-0.03698,0.67804,-0.73493,-0.00583,-0.01002,0.01492,0.00937,-0.01325
1786676817437371648,-0.01136,0.01880,-0.03707,0.67776,-0.73518,-0.00566,-0.01072,0.00108,0.01386,-0.00907
1786676817471085056,-0.01140,0.01839,-0.03666,0.67786,-0.73509,-0.00554,-0.01059,0.00119,0.01245,-0.00743
1786676817504344832,-0.01130,0.01781,-0.03688,0.67791,-0.73505,-0.00572,-0.01080,0.00136,0.01108,-0.00768
1786676817537759744,-0.01091,0.01610,-0.03530,0.67810,-0.73489,-0.00488,-0.00971,0.00714,0.00313,-0.00613
1786676817704358144,-0.01196,0.01493,-0.03787,0.67818,-0.73481,-0.00521,-0.01007,0.00107,0.00147,-0.00592
1786676817771088640,-0.01266,0.01477,-0.03702,0.67819,-0.73480,-0.00539,-0.01017,-0.00056,0.00235,-0.00304
1786676817804061952,-0.01285,0.01473,-0.03667,0.67815,-0.73483,-0.00563,-0.01045,-0.00143,0.00247,-0.00174
1786676817871001088,-0.01397,0.01487,-0.03578,0.67801,-0.73497,-0.00500,-0.01010,-0.01112,0.00253,-0.00114
1786676817937428992,-0.01298,0.01476,-0.03651,0.67811,-0.73487,-0.00527,-0.01025,-0.00051,0.00284,-0.00052
1786676818038595328,-0.01310,0.01477,-0.03633,0.67812,-0.73487,-0.00490,-0.00988,0.00103,0.00352,0.00063
1786676818071101184,-0.01266,0.01469,-0.03637,0.67817,-0.73483,-0.00473,-0.00964,0.00257,0.00348,0.00089
1786676818104225792,-0.01306,0.01444,-0.03479,0.67813,-0.73486,-0.00451,-0.00942,0.00083,0.00286,0.01202
1786676818204100864,-0.01259,0.01489,-0.03678,0.67806,-0.73492,-0.00523,-0.01025,0.00228,0.00339,0.00029
1786676818237530112,-0.01237,0.01469,-0.03686,0.67809,-0.73489,-0.00530,-0.01024,0.00227,0.00271,0.00013
1786676818271293440,-0.01281,0.01454,-0.03726,0.67810,-0.73488,-0.00515,-0.01004,0.00136,0.00257,-0.00079
1786676818337584384,-0.01231,0.01482,-0.03788,0.67792,-0.73505,-0.00494,-0.00998,0.00455,0.00488,-0.00485
1786676818404202240,-0.01273,0.01446,-0.03764,0.67800,-0.73496,-0.00545,-0.01048,0.00174,0.00219,-0.00176
1786676818471170304,-0.01324,0.01431,-0.03787,0.67806,-0.73491,-0.00553,-0.01050,0.00040,0.00246,-0.00170
1786676818537724672,-0.01313,0.01425,-0.03810,0.67806,-0.73492,-0.00511,-0.01015,0.00147,0.00323,-0.00261
1786676818637391872,-0.01280,0.01437,-0.03869,0.67821,-0.73479,-0.00466,-0.00959,0.00497,0.00367,-0.01299
1786676818704051968,-0.01376,0.01416,-0.03858,0.67801,-0.73496,-0.00534,-0.01045,0.00007,0.00248,-0.00251
1786676818737441792,-0.01380,0.01407,-0.03836,0.67801,-0.73496,-0.00527,-0.01043,0.00084,0.00211,-0.00157
1786676818837481728,-0.01424,0.01406,-0.03856,0.67800,-0.73497,-0.00543,-0.01059,0.00008,0.00299,-0.00162
1786676818937676288,-0.01625,0.01432,-0.03735,0.67790,-0.73507,-0.00480,-0.01009,-0.00544,0.00533,0.00069
1786676818971295744,-0.01417,0.01391,-0.03857,0.67796,-0.73500,-0.00541,-0.01055,0.00039,0.00300,-0.00065
1786676819004449792,-0.01409,0.01389,-0.03863,0.67803,-0.73495,-0.00508,-0.01016,0.00081,0.00290,-0.00062
1786676819037579008,-0.01434,0.01382,-0.03874,0.67803,-0.73494,-0.00498,-0.01010,0.00061,0.00272,-0.00096
1786676819171101696,-0.01320,0.01400,-0.03912,0.67811,-0.73489,-0.00440,-0.00947,0.00510,0.00393,-0.00232
1786676819304345344,-0.01418,0.01359,-0.03918,0.67802,-0.73496,-0.00519,-0.01029,0.00118,0.00247,-0.00105
1786676819337475840,-0.01440,0.01354,-0.03921,0.67802,-0.73496,-0.00503,-0.01019,0.00114,0.00317,-0.00089
1786676819437553152,-0.01462,0.01364,-0.03940,0.67803,-0.73495,-0.00495,-0.01019,0.00154,0.00354,-0.00111
1786676819470998528,-0.01089,0.01454,-0.04008,0.67806,-0.73493,-0.00470,-0.00954,0.01640,0.00409,-0.00284
1786676819504137728,-0.01449,0.01346,-0.03965,0.67797,-0.73501,-0.00499,-0.01018,0.00186,0.00318,-0.00121
1786676819671354880,-0.01423,0.01343,-0.03980,0.67800,-0.73497,-0.00503,-0.01018,0.00219,0.00356,-0.00059
1786676819837567744,-0.01408,0.01343,-0.03982,0.67800,-0.73497,-0.00496,-0.01011,0.00282,0.00373,-0.00047
1786676820037671680,0.00797,0.01440,-0.04979,0.67843,-0.73459,-0.00511,-0.00875,0.09140,0.01782,-0.04331
1786676820104173056,-0.01937,0.00072,-0.03761,0.67716,-0.73573,-0.00542,-0.01112,-0.01031,-0.04970,0.01014
1786676820204005632,-0.06923,-0.03751,-0.03920,0.67649,-0.73634,-0.00541,-0.01161,-0.13481,-0.15714,0.00640
1786676820237430272,-0.03623,-0.00908,-0.04227,0.67782,-0.73512,-0.00501,-0.01121,-0.05510,-0.07899,0.00288
1786676820271058432,-0.03526,0.01720,-0.06701,0.67813,-0.73492,-0.00065,-0.00592,-0.07243,0.08273,-0.10693
1786676820304004864,-0.01670,0.00638,-0.04400,0.67789,-0.73507,-0.00510,-0.01069,-0.00185,-0.02384,-0.00446
1786676820437549568,-0.01599,0.01025,-0.04775,0.67772,-0.73523,-0.00503,-0.01057,-0.00033,-0.00203,-0.01388
1786676820604199680,-0.01382,0.01266,-0.04646,0.67773,-0.73522,-0.00521,-0.01049,0.00551,0.00634,-0.00672
1786676820837714944,-0.01806,0.01170,-0.04459,0.67755,-0.73539,-0.00459,-0.01024,0.00073,0.00333,-0.00030
1786676820937552896,-0.01567,0.01174,-0.04632,0.67775,-0.73519,-0.00533,-0.01086,0.00314,0.00538,-0.00128
1786676821004131840,-0.01466,0.01210,-0.04504,0.67772,-0.73522,-0.00533,-0.01073,0.00563,0.00698,0.00240
1786676821037549056,-0.01721,0.01137,-0.04582,0.67784,-0.73513,-0.00443,-0.01003,0.00036,0.00064,0.00024
1786676821070969856,-0.01726,0.01131,-0.04593,0.67770,-0.73526,-0.00438,-0.00994,-0.00028,-0.00048,-0.00107
1786676821171110400,-0.01632,0.01153,-0.04539,0.67780,-0.73516,-0.00483,-0.01037,0.00244,0.00387,0.00235
1786676821204199424,-0.01643,0.01139,-0.04575,0.67778,-0.73518,-0.00489,-0.01042,0.00318,0.00341,-0.00007
1786676821270941184,-0.01702,0.01126,-0.04558,0.67791,-0.73507,-0.00435,-0.00986,-0.00222,0.00100,-0.00185
1786676821372054272,-0.01653,0.01125,-0.04565,0.67779,-0.73516,-0.00528,-0.01081,0.00072,0.00122,0.00022
1786676821437518592,-0.01721,0.01129,-0.04586,0.67764,-0.73530,-0.00504,-0.01069,-0.00191,0.00301,-0.00013
1786676821471142656,-0.01619,0.01134,-0.04580,0.67779,-0.73516,-0.00511,-0.01063,0.00300,0.00343,-0.00077
1786676821571026688,-0.01629,0.01129,-0.04590,0.67781,-0.73514,-0.00537,-0.01090,0.00168,0.00305,-0.00014
1786676821638907392,-0.01693,0.01097,-0.04636,0.67787,-0.73508,-0.00537,-0.01102,-0.00050,0.00028,0.00006
1786676821671023872,-0.01622,0.01094,-0.04634,0.67785,-0.73511,-0.00501,-0.01053,0.00212,0.00046,0.00040
1786676821771455744,-0.01693,0.01086,-0.04687,0.67768,-0.73527,-0.00466,-0.01028,0.00148,0.00163,0.00041
1786676821804136192,-0.01655,0.01093,-0.04693,0.67778,-0.73517,-0.00513,-0.01073,0.00254,0.00258,-0.00017
1786676821837776640,-0.01659,0.01085,-0.04723,0.67779,-0.73516,-0.00482,-0.01040,0.00223,0.00359,-0.00039
1786676821870925568,-0.01709,0.01058,-0.04750,0.67789,-0.73508,-0.00472,-0.01031,-0.00117,-0.00015,-0.00128
1786676821970800896,-0.01623,0.01070,-0.04747,0.67778,-0.73517,-0.00497,-0.01054,0.00376,0.00244,-0.00065
1786676822037357312,-0.01752,0.01070,-0.04789,0.67765,-0.73529,-0.00497,-0.01067,-0.00105,0.00440,-0.00022
1786676822137302016,-0.01598,0.01265,-0.04769,0.67828,-0.73470,-0.00530,-0.01080,0.01121,0.09143,0.00047
1786676822237485824,-0.01601,0.02775,-0.04761,0.67879,-0.73423,-0.00502,-0.01104,0.00008,0.24702,0.00575
1786676822271008512,0.00127,0.04012,-0.05287,0.67855,-0.73446,-0.00526,-0.01028,0.06733,0.34282,-0.01980
1786676822304243200,-0.01584,0.03586,-0.05062,0.67921,-0.73387,-0.00422,-0.01006,0.01048,0.27176,-0.00460
1786676822404079616,-0.01032,0.07807,-0.04845,0.67864,-0.73439,-0.00364,-0.01020,0.02235,0.34978,0.01783
1786676822637641728,-0.00625,0.14409,-0.05617,0.67774,-0.73523,-0.00260,-0.00970,0.01865,0.23525,-0.01568
1786676822771116544,0.00615,0.16663,-0.05136,0.67548,-0.73732,-0.00276,-0.00872,0.05962,0.21268,-0.01266
1786676823037470976,-0.00611,0.18016,-0.05551,0.67202,-0.74051,-0.00262,-0.00491,0.05275,0.41109,-0.02573
1786676823203960576,0.00687,0.27759,-0.06786,0.67611,-0.73673,-0.00143,-0.01038,0.02788,0.29657,-0.03251
1786676823304170240,-0.00032,0.28132,-0.07452,0.67664,-0.73625,-0.00161,-0.00976,0.03111,0.23948,-0.05438
1786676823370665472,0.00588,0.31491,-0.08078,0.67582,-0.73700,-0.00132,-0.00995,0.02963,0.24824,-0.05410
1786676823437516544,-0.04556,0.32671,-0.05444,0.69199,-0.72169,-0.01107,-0.01400,-0.02753,0.38883,-0.02591
1786676823470952960,-0.01875,0.34004,-0.06846,0.69881,-0.71498,-0.01259,-0.01755,0.01427,0.23119,-0.03749
1786676823570818048,-0.01955,0.35539,-0.07097,0.69663,-0.71707,-0.01319,-0.01869,0.00285,0.22089,-0.03252
1786676823670817792,-0.02740,0.38454,-0.07490,0.69818,-0.71560,-0.01219,-0.01739,-0.00644,0.23282,-0.02647
1786676823837425408,-0.02517,0.44710,-0.08209,0.70042,-0.71362,-0.00525,-0.01163,-0.00834,0.28884,-0.02530
1786676823938433024,-0.01563,0.35889,-0.06955,0.70061,-0.71354,0.00005,-0.00169,0.00121,0.31934,-0.01675
1786676824038139136,-0.04654,0.49426,-0.09342,0.69613,-0.71766,-0.01097,-0.01566,-0.04550,0.27743,-0.03263
1786676824170754560,-0.04579,0.51236,-0.09502,0.69252,-0.72097,-0.01465,-0.02027,-0.04922,0.28081,-0.02704
1786676824374093056,-0.04932,0.56056,-0.10023,0.68955,-0.72371,-0.01604,-0.02239,-0.04864,0.28608,-0.01357
1786676824503972864,-0.06227,0.60253,-0.10647,0.69080,-0.72260,-0.01454,-0.02099,-0.05004,0.28116,-0.00798
1786676824637608192,-0.08212,0.64338,-0.10413,0.69356,-0.72005,-0.01237,-0.01872,-0.06161,0.26259,-0.00418
1786676824770722816,-0.08701,0.65915,-0.09203,0.70128,-0.71284,0.00720,0.00129,-0.05096,0.32680,-0.00092
1786676824870779136,-0.10312,0.73178,-0.10645,0.69759,-0.71648,-0.00088,-0.00544,-0.05720,0.29251,-0.00844
1786676825004094720,-0.12020,0.76729,-0.11169,0.69580,-0.71821,-0.00161,-0.00557,-0.06428,0.30748,-0.01368
1786676825170729216,-0.09947,0.79614,-0.11409,0.69167,-0.72215,-0.00429,-0.00857,-0.03959,0.28823,-0.00085
1786676825406049024,-0.12361,0.87097,-0.12066,0.69126,-0.72254,-0.00382,-0.00918,-0.05893,0.28289,-0.01673
1786676825637597952,-0.13178,0.94035,-0.12595,0.69074,-0.72305,-0.00147,-0.00802,-0.06791,0.29031,-0.02787
1786676825870870272,-0.14736,1.02829,-0.13766,0.68891,-0.72442,-0.01339,-0.02088,-0.06007,0.31363,-0.03569
1786676825970911744,-0.11900,1.04114,-0.14607,0.68670,-0.72690,-0.00128,-0.00719,-0.03340,0.31648,-0.04237
1786676826137719552,-0.10343,1.07988,-0.15491,0.68521,-0.72833,0.00227,-0.00327,-0.02782,0.29870,-0.04148
1786676826370571520,-0.11081,1.14488,-0.16597,0.68509,-0.72845,0.00204,-0.00372,-0.03440,0.25099,-0.05300
1786676826504008960,-0.11263,1.18109,-0.17255,0.68494,-0.72858,0.00243,-0.00339,-0.03405,0.25057,-0.05037
1786676826803854080,-0.12561,1.26695,-0.18425,0.68441,-0.72909,0.00150,-0.00402,-0.05721,0.30982,-0.03872
1786676826970732800,-0.13103,1.31866,-0.18952,0.68708,-0.72653,0.00442,-0.00723,-0.05408,0.29774,-0.04606
1786676827137561856,-0.10556,1.36820,-0.18218,0.68240,-0.73093,0.00835,0.00230,-0.03803,0.29227,-0.04047
1786676827237810688,-0.10488,1.40020,-0.18308,0.68114,-0.73208,0.00942,0.00408,-0.02250,0.27611,-0.03798
1786676827537573120,-0.10820,1.48375,-0.19210,0.68119,-0.73203,0.00936,0.00391,-0.02213,0.28552,-0.03976
1786676827770590976,-0.09323,1.55363,-0.19759,0.68029,-0.73287,0.00971,0.00426,-0.02603,0.28342,-0.03408
1786676828004471040,-0.07861,1.65343,-0.20783,0.68066,-0.73251,-0.00480,-0.00999,0.03471,0.35722,-0.01040
1786676828170937344,-0.07892,1.70525,-0.21044,0.68098,-0.73229,-0.00004,-0.00532,0.02720,0.35301,-0.01003
1786676828303931648,-0.07746,1.72627,-0.21430,0.68028,-0.73281,0.01192,0.00740,-0.00757,0.32068,-0.02614
1786676828637656832,-0.08348,1.82854,-0.22772,0.67906,-0.73394,0.00209,0.01463,-0.02924,0.32537,-0.02417
1786676828870635520,-0.08715,1.89346,-0.24018,0.67860,-0.73421,-0.00536,0.02029,-0.05863,0.28631,-0.05168
1786676829070623744,-0.08557,1.96678,-0.25099,0.68448,-0.72861,-0.01440,0.02020,-0.05579,0.31337,-0.05600
1786676829237356032,-0.10328,2.01579,-0.25899,0.68028,-0.73229,-0.01634,0.02662,-0.06570,0.33145,-0.06412
1786676829504139776,-0.12903,2.10228,-0.26674,0.67011,-0.74096,-0.01917,0.03956,-0.07240,0.36476,-0.05270
1786676829670559232,-0.13809,2.16540,-0.27306,0.66768,-0.74269,-0.02387,0.04531,-0.05824,0.35628,-0.05283
1786676829837255424,-0.16808,2.23017,-0.28029,0.65808,-0.75093,-0.03420,0.04312,-0.06874,0.36655,-0.03660
1786676830037716224,-0.17313,2.29427,-0.28553,0.66222,-0.74625,-0.03419,0.05833,-0.06572,0.30522,-0.02605
1786676830170576384,-0.18337,2.33327,-0.28988,0.66291,-0.74528,-0.03574,0.06187,-0.06367,0.33099,-0.03121
1786676830303733760,-0.19334,2.38008,-0.29637,0.66332,-0.74451,-0.03759,0.06553,-0.07052,0.33789,-0.03494
1786676830537321216,-0.16808,2.48200,-0.30747,0.66045,-0.74583,-0.06344,0.05931,0.00773,0.41475,-0.04024
1786676830603942656,-0.22481,2.48436,-0.30110,0.65801,-0.74818,-0.04850,0.07003,-0.06745,0.39220,-0.01259
1786676830803800064,-0.24298,2.56593,-0.30811,0.65890,-0.74630,-0.05094,0.07936,-0.06891,0.41768,-0.00905
1786676831004285696,-0.25620,2.65067,-0.30666,0.65797,-0.74610,-0.05610,0.08524,-0.05906,0.42796,0.01649
1786676831303922688,-0.26512,2.78490,-0.30707,0.65215,-0.74939,-0.06699,0.09288,-0.00472,0.45781,0.01975
1786676831504129536,-0.29675,2.79294,-0.33476,0.65699,-0.74383,-0.06861,0.10188,-0.03297,0.34847,-0.02879
1786676831637128192,-0.24186,2.60592,-0.30906,0.66031,-0.73921,-0.06240,0.11689,0.00165,0.20614,0.00153
1786676831837235712,-0.24102,2.65913,-0.30954,0.65892,-0.73854,-0.07043,0.12417,0.00844,0.24568,0.00925
1786676832004587264,-0.20208,2.69738,-0.29789,0.65259,-0.74286,-0.10086,0.11012,0.03063,0.34806,-0.00139
1786676832137227776,-0.28982,2.83528,-0.32313,0.65223,-0.74257,-0.09399,0.11980,-0.02524,0.35624,-0.00249
1786676832304065792,-0.36391,2.95220,-0.36042,0.65538,-0.73887,-0.09036,0.12795,-0.06682,0.32884,-0.04973
1786676832437123328,-0.33208,2.94822,-0.34263,0.66173,-0.73256,-0.11847,0.10690,-0.04168,0.36937,-0.03743
1786676832604047104,-0.35024,3.05711,-0.34230,0.65279,-0.73787,-0.13476,0.10613,-0.06546,0.52585,-0.05916
1786676832770497280,-0.42570,3.07156,-0.36879,0.65285,-0.73679,-0.10198,0.14327,-0.06961,0.30976,-0.03672
1786676832904053248,-0.44551,3.14392,-0.37611,0.65393,-0.73532,-0.10485,0.14383,-0.08732,0.42143,-0.03559
1786676833070499584,-0.48005,3.27029,-0.38960,0.66023,-0.72796,-0.10208,0.15410,-0.11916,0.52416,-0.04176
1786676833204107008,-0.51331,3.33780,-0.37205,0.67182,-0.71783,-0.12808,0.13025,-0.18533,0.56493,-0.03914
1786676833304434432,-0.43428,3.02097,-0.34608,0.65542,-0.72958,-0.11418,0.15842,-0.07724,0.22763,0.00312
1786676833404128512,-0.50640,3.22231,-0.37617,0.65041,-0.73297,-0.11432,0.16328,-0.07806,0.31876,-0.01605
1786676833540537600,-0.51822,3.28587,-0.37711,0.64653,-0.73339,-0.12263,0.17059,-0.03474,0.32501,0.00495
1786676833770338560,-0.48321,3.40798,-0.40032,0.67369,-0.70142,-0.12183,0.19825,0.05227,0.34552,-0.00715
1786676833870398720,-0.55514,3.41279,-0.39497,0.65168,-0.72692,-0.13158,0.17200,-0.06843,0.38281,-0.00188
1786676834004353024,-0.57332,3.45824,-0.39686,0.64920,-0.72811,-0.13386,0.17460,-0.06812,0.39751,-0.00601
1786676834170525440,-0.51796,3.38430,-0.39348,0.66823,-0.70805,-0.13330,0.18537,-0.05826,0.26705,-0.01837
1786676834303963648,-0.53556,3.23953,-0.38926,0.63711,-0.73408,-0.13475,0.19254,-0.02034,0.07754,-0.00159
1786676834470490880,-0.62533,3.00981,-0.42060,0.67410,-0.70150,-0.13604,0.18705,-0.07653,-0.22468,-0.02178
1786676834603927040,-0.28138,3.29842,-0.31940,0.65209,-0.72174,-0.12676,0.19444,0.47180,0.06108,0.08063
1786676834770446080,-0.21859,3.39348,-0.40232,0.64357,-0.73452,-0.12276,0.17673,0.52811,0.17501,-0.01766
1786676834937114112,-0.12703,3.41710,-0.40254,0.64404,-0.73874,-0.11115,0.16473,0.58874,0.11482,-0.00062
1786676835103979520,-0.53315,3.73022,-0.43750,0.66070,-0.72996,-0.10435,0.14051,0.12113,0.31272,-0.04450
1786676835304877056,-0.55724,3.71105,-0.40264,0.65802,-0.73706,-0.09193,0.12371,0.07507,0.27013,0.00357
1786676835403912192,-0.59481,3.83151,-0.43078,0.65566,-0.74091,-0.08739,0.11627,0.04713,0.39809,-0.02199
1786676835504109824,-0.62805,3.52446,-0.38630,0.66231,-0.73900,-0.05704,0.10943,0.02146,0.11378,0.01099
1786676835670549760,-0.44222,3.72852,-0.47260,0.66978,-0.73398,-0.04604,0.10269,0.19437,0.38997,-0.07828
1786676835837071616,-1.57141,3.52813,-0.35523,0.69891,-0.71113,-0.04986,0.05778,-0.89607,-0.08694,0.10430
1786676835937161472,-1.50567,3.45360,-0.60154,0.67524,-0.73495,-0.04531,0.04286,-0.78491,-0.20484,-0.18632
1786676836070832640,-0.66993,3.38244,-0.44734,0.64915,-0.75857,-0.02125,0.05214,-0.04006,0.07426,0.03481
1786676836203879680,-0.40835,3.30106,-0.48871,0.65534,-0.75377,0.00843,0.04778,0.22411,0.14142,-0.02121
1786676836336999424,-0.30757,4.04450,-0.39473,0.66444,-0.74669,0.01750,0.02578,0.32873,0.49871,0.06306
1786676836436935168,-0.67109,3.31455,-0.46836,0.67771,-0.73303,0.04561,0.03590,-0.01272,0.12409,0.00665
1786676836603685376,-0.31668,3.77833,-0.45747,0.66580,-0.74488,0.04323,0.00102,0.26743,0.26212,0.00027
1786676836770384640,0.05295,3.78092,-0.39265,0.65170,-0.75749,0.03801,-0.00768,0.53713,0.23633,0.05927
1786676836870415616,-0.18343,4.03414,-0.36731,0.66567,-0.74282,0.06761,-0.02316,0.33410,0.43425,0.06723
1786676837037206784,-0.68855,3.50398,-0.45663,0.68584,-0.72158,0.09046,-0.02761,0.01444,0.09089,0.00138
1786676837171913984,0.37163,4.44798,-0.44173,0.66474,-0.73885,0.10850,-0.02114,0.91585,0.89128,0.00178
1786676837370276096,1.28983,3.73978,-0.51490,0.67336,-0.72660,0.12753,-0.04871,1.64792,0.08766,-0.07083
1786676837472558080,-0.01629,4.00474,-0.42678,0.66147,-0.73754,0.11358,-0.07481,0.29289,0.27082,0.02379
1786676837570825728,0.02266,4.06437,-0.47558,0.66167,-0.73539,0.11927,-0.08462,0.28817,0.25429,-0.03086
1786676837703581696,0.12142,4.19054,-0.49128,0.65962,-0.73444,0.12852,-0.09479,0.34802,0.31570,-0.04397
1786676837903735552,0.08672,4.25230,-0.48575,0.66055,-0.72842,0.14857,-0.10488,0.33117,0.38313,-0.01350
1786676838070576384,0.06641,4.14748,-0.45813,0.65570,-0.72907,0.15182,-0.12437,0.20913,0.20302,0.03071
1786676838170547968,0.13743,4.20108,-0.48826,0.65471,-0.72687,0.16111,-0.13061,0.25051,0.25034,0.01718
1786676838371106816,0.17895,4.23797,-0.49388,0.65162,-0.72274,0.17514,-0.14952,0.21688,0.23043,-0.00173
1786676838503638272,0.13030,4.21664,-0.46849,0.65104,-0.71934,0.18632,-0.15485,0.17547,0.16455,0.00065
1786676838603722496,0.17768,4.25259,-0.46561,0.65020,-0.71648,0.19449,-0.16148,0.21275,0.19044,-0.00264
1786676838737223680,0.20518,4.27858,-0.46644,0.64879,-0.71230,0.20565,-0.17147,0.19730,0.19200,-0.00056
1786676838936812288,0.28466,4.35819,-0.46508,0.64527,-0.70652,0.22616,-0.18248,0.26656,0.26333,-0.00925
1786676839136781056,0.32320,4.31988,-0.44583,0.64166,-0.70547,0.23300,-0.19051,0.06421,-0.00713,0.00053
1786676839303428352,0.34721,4.13500,-0.40647,0.65132,-0.70260,0.22213,-0.18108,0.16732,-0.24289,0.04014
1786676839503982848,0.42881,4.15590,-0.41693,0.65503,-0.69558,0.22597,-0.18985,0.28821,-0.15191,0.00595
1786676839539090176,0.42980,4.15538,-0.41692,0.65503,-0.69556,0.22597,-0.18994,0.28724,-0.15267,0.00437
1786676839570560000,0.43941,4.15071,-0.41657,0.65278,-0.69713,0.22768,-0.18990,0.32397,-0.14688,0.01356
1786676839603512576,0.45009,4.14584,-0.41633,0.65407,-0.69520,0.22820,-0.19188,0.34030,-0.13780,0.01190
1786676839703609600,0.48559,4.13225,-0.41732,0.65316,-0.69328,0.23297,-0.19610,0.39400,-0.12672,-0.02058
1786676839903800064,0.57562,4.10809,-0.42045,0.64736,-0.68918,0.24925,-0.20936,0.50922,-0.13180,-0.01497
1786676840036777728,0.64804,4.08962,-0.42258,0.64343,-0.68389,0.26276,-0.22193,0.56619,-0.15326,-0.02187
1786676840237002240,0.75856,4.05315,-0.43078,0.63686,-0.67651,0.28198,-0.23922,0.55656,-0.20651,-0.04643
1786676840370475776,0.83393,4.02307,-0.43715,0.63370,-0.67042,0.29367,-0.25045,0.57712,-0.23762,-0.03826
1786676840503652608,0.91145,3.98880,-0.44323,0.62893,-0.66574,0.30572,-0.26032,0.60348,-0.27133,-0.05197
1786676840603571712,0.97263,3.96115,-0.44795,0.62545,-0.66202,0.31424,-0.26796,0.60860,-0.28622,-0.05908
1786676840770676736,1.07442,3.90854,-0.45838,0.62084,-0.65539,0.32671,-0.27978,0.59805,-0.33743,-0.06209
1786676840903540480,1.15672,3.86095,-0.46518,0.61623,-0.65152,0.33598,-0.28791,0.62777,-0.37547,-0.04135
1786676841070435584,1.26409,3.79558,-0.47075,0.61171,-0.64512,0.34712,-0.29856,0.67089,-0.40732,-0.01033
1786676841236989440,1.37742,3.72633,-0.47213,0.60644,-0.63915,0.35825,-0.30883,0.70217,-0.43158,0.00418
1786676841403485184,1.49676,3.65178,-0.47488,0.60127,-0.63257,0.36950,-0.31905,0.72881,-0.46258,-0.02754
1786676841503522304,1.57018,3.60428,-0.47678,0.59813,-0.62842,0.37624,-0.32524,0.74071,-0.49143,-0.00872
1786676841737022976,1.74609,3.48335,-0.48180,0.59015,-0.61883,0.39183,-0.33948,0.76672,-0.53730,-0.03321
1786676841970577664,1.93020,3.35254,-0.48868,0.58192,-0.60876,0.40762,-0.35302,0.81440,-0.57553,-0.04023
1786676842103656960,2.04128,3.27395,-0.49425,0.57705,-0.60257,0.41692,-0.36070,0.84749,-0.60483,-0.04044
1786676842203907072,2.12708,3.21188,-0.49863,0.57323,-0.59788,0.42386,-0.36644,0.86401,-0.63581,-0.04938
1786676842370309120,2.27254,3.10395,-0.50863,0.56631,-0.59039,0.43483,-0.37637,0.88354,-0.66707,-0.07329
1786676842470323456,2.36024,3.03684,-0.51676,0.56183,-0.58571,0.44168,-0.38238,0.88355,-0.68743,-0.08038
1786676842670237184,2.53727,2.89552,-0.53379,0.55310,-0.57637,0.45458,-0.39400,0.88386,-0.72528,-0.09608
1786676842937266944,2.77834,2.68684,-0.55503,0.54131,-0.56402,0.47127,-0.40836,0.89643,-0.82647,-0.09182
1786676843103756544,2.93196,2.54531,-0.56858,0.53422,-0.55576,0.48146,-0.41706,0.93195,-0.87391,-0.07090
1786676843237118464,3.05688,2.42711,-0.57854,0.52797,-0.54914,0.48987,-0.42393,0.94456,-0.90300,-0.08360
1786676843370195200,3.18363,2.30547,-0.58940,0.52148,-0.54218,0.49810,-0.43127,0.96555,-0.93781,-0.07592
1786676843503503872,3.31266,2.17966,-0.60250,0.51505,-0.53564,0.50606,-0.43785,0.95587,-0.95266,-0.12917
1786676843637103360,3.44039,2.05071,-0.62187,0.50853,-0.52896,0.51337,-0.44503,0.96381,-0.97610,-0.15235
1786676843837046272,3.63634,1.84865,-0.65296,0.49815,-0.51830,0.52483,-0.45581,1.00195,-1.05471,-0.15504
1786676844003573504,3.80219,1.67087,-0.68016,0.48934,-0.50951,0.53450,-0.46395,0.99114,-1.09319,-0.17229
1786676844203718656,4.00353,1.44876,-0.71545,0.47884,-0.49884,0.54575,-0.47332,1.02029,-1.13547,-0.18748
1786676844437248768,4.23795,1.17708,-0.76252,0.46666,-0.48659,0.55754,-0.48435,0.99605,-1.19323,-0.21665
1786676844570185984,4.37082,1.01644,-0.79215,0.45977,-0.47956,0.56419,-0.49023,1.00934,-1.22342,-0.22349
1786676844670267136,4.47297,0.89200,-0.81382,0.45430,-0.47413,0.56913,-0.49488,1.01965,-1.26658,-0.21712
1786676844837740800,4.64850,0.67419,-0.84977,0.44454,-0.46396,0.57758,-0.50352,1.06193,-1.32433,-0.21670
1786676844903430912,4.71868,0.58643,-0.86441,0.44051,-0.45969,0.58113,-0.50687,1.07480,-1.35282,-0.21597
1786676845103526912,4.93146,0.30969,-0.91130,0.42806,-0.44734,0.59135,-0.51668,1.05714,-1.40383,-0.23215
1786676845270328576,5.10429,0.07188,-0.95014,0.41859,-0.43772,0.59918,-0.52361,1.02658,-1.44899,-0.23539
1786676845470183424,5.31311,-0.22508,-0.99674,0.40776,-0.42620,0.60744,-0.53208,1.05976,-1.52215,-0.23480
1786676845569947392,5.41953,-0.37794,-1.02120,0.40185,-0.42006,0.61187,-0.53636,1.06508,-1.54909,-0.25385
1786676845703505920,5.56281,-0.58755,-1.05505,0.39394,-0.41194,0.61799,-0.54149,1.08520,-1.58636,-0.26413
1786676845837445888,5.70967,-0.80400,-1.09024,0.38596,-0.40295,0.62389,-0.54720,1.09510,-1.63613,-0.27304
1786676846003342592,5.89422,-1.08240,-1.13524,0.37594,-0.39168,0.63070,-0.55451,1.12778,-1.70955,-0.26957
1786676846103506688,6.00782,-1.25527,-1.16255,0.36973,-0.38510,0.63514,-0.55821,1.13204,-1.74789,-0.27695
1786676846237077504,6.16027,-1.49200,-1.19920,0.36162,-0.37618,0.64025,-0.56373,1.13718,-1.78918,-0.27531
1786676846403406080,6.35202,-1.79295,-1.24415,0.35141,-0.36512,0.64708,-0.56964,1.15985,-1.82957,-0.27320
1786676846570168576,6.54430,-2.10469,-1.28974,0.34090,-0.35381,0.65341,-0.57590,1.15299,-1.89768,-0.27643
1786676846737194240,6.73677,-2.42833,-1.33570,0.33037,-0.34194,0.65956,-0.58216,1.15913,-1.97705,-0.26953
1786676846903594240,6.93117,-2.76208,-1.38159,0.31961,-0.32984,0.66606,-0.58772,1.17230,-2.02433,-0.27144
1786676847070183168,7.12724,-3.10358,-1.42670,0.30897,-0.31851,0.67162,-0.59331,1.18409,-2.08988,-0.27285
1786676847203414272,7.28601,-3.38639,-1.46272,0.30021,-0.30898,0.67650,-0.59729,1.19869,-2.16583,-0.25078
1786676847270192384,7.36626,-3.53315,-1.47838,0.29585,-0.30402,0.67878,-0.59942,1.20311,-2.22580,-0.22757
1786676847503379200,7.64815,-4.05893,-1.53896,0.27997,-0.28673,0.68684,-0.60634,1.21477,-2.29726,-0.27105
1786676847703663616,7.89101,-4.52565,-1.59331,0.26681,-0.27268,0.69305,-0.61167,1.21514,-2.36994,-0.27093
1786676847870177280,8.09308,-4.92212,-1.64279,0.25565,-0.26089,0.69777,-0.61619,1.21268,-2.39896,-0.32189
1786676848037059840,8.29480,-5.32692,-1.69689,0.24479,-0.24931,0.70230,-0.62024,1.20194,-2.44811,-0.32727
1786676848136792320,8.41454,-5.57328,-1.72931,0.23829,-0.24232,0.70479,-0.62272,1.20460,-2.48592,-0.32819
1786676848271001088,8.57528,-5.91191,-1.77218,0.22926,-0.23262,0.70818,-0.62595,1.19022,-2.55722,-0.31316
1786676848436757504,8.77319,-6.33973,-1.82480,0.21775,-0.22072,0.71193,-0.63010,1.19638,-2.60554,-0.32477
1786676848570192896,8.93308,-6.69145,-1.86609,0.20857,-0.21108,0.71524,-0.63275,1.20525,-2.66927,-0.30620
1786676848703436032,9.09231,-7.04922,-1.90625,0.19914,-0.20132,0.71802,-0.63581,1.19546,-2.70118,-0.30394
1786676848870258432,9.29122,-7.50443,-1.95780,0.18798,-0.18921,0.72141,-0.63909,1.18081,-2.76439,-0.30247
1786676849036780288,9.48707,-7.97146,-2.00441,0.17663,-0.17676,0.72452,-0.64235,1.17117,-2.81877,-0.27824
1786676849170132736,9.64251,-8.35220,-2.04215,0.16752,-0.16647,0.72723,-0.64449,1.16295,-2.88234,-0.27651
1786676849270208000,9.75821,-8.64263,-2.06949,0.16088,-0.15882,0.72877,-0.64636,1.15861,-2.91237,-0.27646
1786676849470155520,9.99172,-9.23165,-2.12520,0.14693,-0.14367,0.73203,-0.64954,1.17596,-2.98393,-0.28638
1786676849636700672,10.18706,-9.73267,-2.17310,0.13566,-0.13114,0.73476,-0.65156,1.16934,-3.03095,-0.30182
1786676849836737536,10.41761,-10.34999,-2.23050,0.12158,-0.11574,0.73723,-0.65445,1.10852,-3.14151,-0.24868
1786676850036631296,10.63850,-10.98584,-2.28101,0.10700,-0.10004,0.74034,-0.65608,1.08629,-3.22192,-0.26415
1786676850236679936,10.85599,-11.63759,-2.33312,0.09256,-0.08478,0.74312,-0.65729,1.08105,-3.30068,-0.25226
1786676850370185472,10.99937,-12.08101,-2.36676,0.08316,-0.07427,0.74492,-0.65777,1.06500,-3.34086,-0.25773
1786676850536644352,11.17659,-12.64175,-2.40815,0.07160,-0.06137,0.74646,-0.65871,1.05513,-3.38923,-0.23354
1786676850703614208,11.35110,-13.21418,-2.44470,0.06031,-0.04842,0.74808,-0.65909,1.04172,-3.45450,-0.21632
1786676850870203648,11.52300,-13.79317,-2.48228,0.04846,-0.03492,0.74908,-0.65979,1.02158,-3.51450,-0.22311
1786676851003691520,11.65781,-14.26597,-2.51075,0.03894,-0.02376,0.75005,-0.65980,1.00406,-3.56655,-0.20808
1786676851136498944,11.79148,-14.74169,-2.53818,0.02840,-0.01233,0.75062,-0.66001,1.00872,-3.58948,-0.20491
1786676851270063104,11.92536,-15.22507,-2.56664,0.01793,-0.00052,0.75069,-0.66041,0.99386,-3.64366,-0.22742
1786676851436735488,12.08871,-15.83675,-2.60531,0.00496,0.01371,0.75067,-0.66052,0.95756,-3.70855,-0.23234
1786676851569996288,12.21381,-16.33571,-2.63475,-0.00643,0.02586,0.75031,-0.66055,0.93050,-3.77190,-0.23146
1786676851703598592,12.33673,-16.84252,-2.66463,-0.01826,0.03797,0.74945,-0.66072,0.91753,-3.81606,-0.22260
1786676851836776192,12.45816,-17.35162,-2.69446,-0.02937,0.04974,0.74836,-0.66077,0.91018,-3.84785,-0.22447
1786676852003601152,12.60851,-17.99437,-2.73339,-0.04221,0.06337,0.74740,-0.66000,0.89783,-3.87104,-0.23950
1786676852136623616,12.72679,-18.51182,-2.76552,-0.05212,0.07387,0.74633,-0.65941,0.87596,-3.91392,-0.24471
1786676852336448256,12.89892,-19.30005,-2.81264,-0.06679,0.08858,0.74483,-0.65797,0.85163,-3.97952,-0.23139
1786676852503419904,13.03879,-19.96956,-2.85101,-0.07904,0.10127,0.74318,-0.65664,0.81758,-4.03338,-0.21633
1786676852603478528,13.12097,-20.37465,-2.87290,-0.08602,0.10906,0.74269,-0.65507,0.81341,-4.06098,-0.21722
1786676852736578048,13.22875,-20.91747,-2.90291,-0.09532,0.11884,0.74126,-0.65370,0.80755,-4.09935,-0.24201
1786676852903470848,13.36018,-21.60511,-2.94218,-0.10715,0.13155,0.73906,-0.65192,0.77145,-4.15518,-0.23103
1786676853036639744,13.46201,-22.16210,-2.97277,-0.11689,0.14153,0.73732,-0.65012,0.75584,-4.20807,-0.22176
1786676853203338496,13.58436,-22.86743,-3.01012,-0.12934,0.15434,0.73475,-0.64776,0.72648,-4.25445,-0.21688
1786676853303394560,13.65707,-23.29343,-3.03185,-0.13678,0.16163,0.73274,-0.64673,0.71261,-4.27634,-0.21066
1786676853503455488,13.79690,-24.15441,-3.07541,-0.15043,0.17648,0.72962,-0.64333,0.69524,-4.33142,-0.21089
1786676853703395840,13.93094,-25.02610,-3.11634,-0.16467,0.19140,0.72526,-0.64051,0.64102,-4.39130,-0.20140
1786676853836618752,14.01393,-25.61327,-3.14352,-0.17422,0.20065,0.72192,-0.63892,0.61229,-4.41339,-0.21044
1786676853969779712,14.09380,-26.20317,-3.17181,-0.18328,0.21034,0.71876,-0.63683,0.57577,-4.44984,-0.20866
1786676854069754112,14.15083,-26.64881,-3.19224,-0.19005,0.21776,0.71675,-0.63462,0.56154,-4.46502,-0.20738
1786676854304142592,14.27834,-27.70286,-3.24159,-0.20694,0.23478,0.71019,-0.63062,0.52934,-4.53032,-0.22658
1786676854469859584,14.36738,-28.45562,-3.28142,-0.21861,0.24613,0.70548,-0.62764,0.52473,-4.56169,-0.24946
1786676854669947392,14.46838,-29.37429,-3.33106,-0.23271,0.26019,0.69951,-0.62356,0.49250,-4.61945,-0.24629
1786676854871075840,14.56108,-30.31040,-3.38144,-0.24656,0.27429,0.69324,-0.61918,0.44322,-4.68329,-0.24569
1786676855070103552,14.64453,-31.24438,-3.42993,-0.26014,0.28874,0.68666,-0.61438,0.40909,-4.71819,-0.26537
1786676855270073600,14.72434,-32.19091,-3.48157,-0.27344,0.30209,0.68030,-0.60924,0.38734,-4.75183,-0.26207
1786676855403374336,14.77569,-32.82687,-3.51778,-0.28226,0.31139,0.67579,-0.60554,0.36543,-4.79823,-0.27206
1786676855436574208,14.78788,-32.98616,-3.52693,-0.28420,0.31368,0.67481,-0.60455,0.36665,-4.79866,-0.28251
1786676855470221056,14.80002,-33.14802,-3.53636,-0.28647,0.31608,0.67366,-0.60350,0.35460,-4.81578,-0.27426
1786676855503203328,14.81172,-33.30683,-3.54526,-0.28877,0.31835,0.67235,-0.60268,0.36160,-4.82013,-0.27101
1786676855536657664,14.82395,-33.46806,-3.55457,-0.29074,0.32047,0.67127,-0.60180,0.36968,-4.82142,-0.28956
1786676855736439040,14.89719,-34.43508,-3.61498,-0.30349,0.33449,0.66399,-0.59592,0.35624,-4.85964,-0.30758
1786676855903174144,14.95481,-35.24928,-3.66706,-0.31525,0.34554,0.65712,-0.59111,0.33877,-4.90029,-0.32425
1786676856036670208,14.99764,-35.90556,-3.71002,-0.32339,0.35466,0.65231,-0.58663,0.31340,-4.92977,-0.34395
1786676856136346880,15.02675,-36.39777,-3.74229,-0.32984,0.36127,0.64827,-0.58347,0.28299,-4.94475,-0.31659
1786676856336657408,15.08024,-37.39226,-3.80724,-0.34193,0.37479,0.64054,-0.57648,0.24982,-4.98564,-0.32993
1786676856470142464,15.11274,-38.05939,-3.85025,-0.34946,0.38306,0.63546,-0.57213,0.24605,-5.00553,-0.31875
1786676856570007552,15.13560,-38.55948,-3.88203,-0.35522,0.38920,0.63136,-0.56896,0.21193,-5.00702,-0.31892
1786676856702995200,15.16306,-39.22885,-3.92739,-0.36287,0.39836,0.62570,-0.56403,0.19197,-5.05187,-0.34423
1786676856936612352,15.20126,-40.41366,-4.00593,-0.37668,0.41379,0.61509,-0.55548,0.13539,-5.08763,-0.32082
1786676857036389632,15.21476,-40.92363,-4.03946,-0.38292,0.41986,0.61056,-0.55164,0.13502,-5.12273,-0.35185
1786676857203098368,15.23370,-41.77823,-4.09629,-0.39316,0.43115,0.60252,-0.54453,0.09033,-5.14256,-0.34271
1786676857370052608,15.24696,-42.63886,-4.15583,-0.40315,0.44263,0.59422,-0.53708,0.06857,-5.17646,-0.35695
1786676857536475648,15.25794,-43.50281,-4.21554,-0.41308,0.45409,0.58586,-0.52909,0.06523,-5.20992,-0.37507
1786676857669943296,15.26498,-44.19981,-4.26462,-0.42064,0.46251,0.57925,-0.52309,0.03697,-5.23264,-0.36602
1786676857836634112,15.26968,-45.07495,-4.32587,-0.43014,0.47287,0.57070,-0.51544,0.02681,-5.27726,-0.39147
1786676858003388672,15.27167,-45.95895,-4.39091,-0.43915,0.48339,0.56211,-0.50746,0.00400,-5.32268,-0.38246
1786676858036422656,15.27194,-46.13483,-4.40377,-0.44093,0.48539,0.56045,-0.50584,0.01027,-5.32720,-0.39440
1786676858103239424,15.27250,-46.49081,-4.42993,-0.44427,0.48964,0.55687,-0.50276,0.01151,-5.33379,-0.39277
1786676858136476928,15.27271,-46.66825,-4.44300,-0.44625,0.49163,0.55502,-0.50112,-0.00737,-5.34145,-0.39029
1786676858169994752,15.27227,-46.84749,-4.45617,-0.44792,0.49380,0.55338,-0.49929,-0.01493,-5.35334,-0.40065
1786676858203133184,15.27169,-47.02509,-4.46928,-0.44972,0.49586,0.55153,-0.49769,-0.01828,-5.36110,-0.39375
1786676858436302080,15.26590,-48.27838,-4.56400,-0.46205,0.51027,0.53867,-0.48577,-0.03417,-5.39640,-0.41922
1786676858603037440,15.25666,-49.17861,-4.63339,-0.47061,0.51988,0.52935,-0.47753,-0.07724,-5.41152,-0.43497
1786676858869851136,15.23278,-50.62832,-4.74974,-0.48425,0.53480,0.51387,-0.46415,-0.10881,-5.45366,-0.45047
1786676859036671488,15.21171,-51.53846,-4.82462,-0.49302,0.54370,0.50409,-0.45521,-0.14221,-5.45624,-0.46205
1786676859169608704,15.19141,-52.26540,-4.88551,0.50064,-0.55120,-0.49546,0.44728,-0.15487,-5.47903,-0.46224
1786676859336544256,15.16442,-53.18274,-4.96414,0.50961,-0.56025,-0.48462,0.43768,-0.17738,-5.50417,-0.47834
1786676859403242240,15.15288,-53.55108,-4.99630,0.51280,-0.56373,-0.48054,0.43397,-0.17536,-5.52078,-0.47655
1786676859536566528,15.13046,-54.29053,-5.05992,0.51912,-0.57029,-0.47244,0.42672,-0.16691,-5.56564,-0.47752
1786676859669541376,15.10769,-55.03196,-5.12354,0.52513,-0.57629,-0.46444,0.42003,-0.18193,-5.59108,-0.47197
1786676859836609280,15.07441,-55.96632,-5.20281,0.53283,-0.58311,-0.45415,0.41210,-0.21115,-5.57995,-0.44734
1786676859936851456,15.05211,-56.52498,-5.24679,0.53722,-0.58753,-0.44787,0.40697,-0.23142,-5.57320,-0.43814
1786676860103052288,15.01223,-57.45447,-5.31883,0.54490,-0.59532,-0.43659,0.39758,-0.24636,-5.60425,-0.43541
1786676860336559360,14.95195,-58.76573,-5.42267,0.55527,-0.60643,-0.42011,0.38396,-0.26519,-5.64017,-0.44825
1786676860536730880,14.89725,-59.89371,-5.50781,0.56359,-0.61538,-0.40584,0.37278,-0.28227,-5.65380,-0.42626
1786676860669528320,14.85943,-60.64543,-5.56500,0.56886,-0.62091,-0.39664,0.36544,-0.29709,-5.66665,-0.43049
1786676860836527104,14.81004,-61.59371,-5.63678,0.57575,-0.62772,-0.38456,0.35579,-0.29645,-5.70260,-0.43599
1786676860969710336,14.76942,-62.35360,-5.69533,0.58122,-0.63281,-0.37510,0.34791,-0.32001,-5.70705,-0.43511
1786676861169903872,14.70343,-63.49638,-5.78396,0.58953,-0.64064,-0.36041,0.33488,-0.32890,-5.73128,-0.44552
1786676861269751808,14.67016,-64.06800,-5.82822,0.59349,-0.64441,-0.35323,0.32823,-0.33854,-5.72321,-0.43562
1786676861502964224,14.59129,-65.40627,-5.93463,0.60136,-0.65316,-0.33672,0.31364,-0.34611,-5.76316,-0.47513
1786676861669782528,14.53345,-66.36820,-6.01486,0.60690,-0.65923,-0.32453,0.30293,-0.34637,-5.78546,-0.49992
1786676861802871040,14.48765,-67.13996,-6.08104,0.61074,-0.66396,-0.31506,0.29478,-0.34766,-5.80322,-0.49776
1786676861902856704,14.45432,-67.72069,-6.12986,0.61400,-0.66683,-0.30810,0.28883,-0.33049,-5.81933,-0.48174
1786676862037061888,14.41002,-68.50163,-6.19417,0.61798,-0.67105,-0.29856,0.28046,-0.33318,-5.81441,-0.47828
1786676862136538880,14.37683,-69.08172,-6.24298,0.62071,-0.67415,-0.29157,0.27426,-0.33895,-5.83537,-0.49539
1786676862336591360,14.30914,-70.25077,-6.34187,0.62625,-0.68001,-0.27721,0.26184,-0.34841,-5.84388,-0.50219
1786676862503164928,14.25114,-71.22564,-6.42493,0.63069,-0.68479,-0.26499,0.25114,-0.35740,-5.85939,-0.49876
1786676862603015680,14.21500,-71.81003,-6.47438,0.63353,-0.68737,-0.25747,0.24467,-0.36814,-5.85779,-0.50150
1786676862737396992,14.16649,-72.59971,-6.54345,0.63694,-0.69073,-0.24787,0.23616,-0.36393,-5.88495,-0.51918
1786676862869724416,14.11786,-73.37903,-6.61146,0.63998,-0.69425,-0.23811,0.22746,-0.37038,-5.90337,-0.50454
1786676863006010880,14.06609,-74.18411,-6.68127,0.64320,-0.69762,-0.22786,0.21840,-0.38995,-5.91370,-0.52466
1786676863137153024,14.01480,-74.96090,-6.75054,0.64635,-0.70050,-0.21831,0.20945,-0.39056,-5.92403,-0.51838
1786676863336371200,13.93660,-76.14541,-6.85515,0.65074,-0.70492,-0.20329,0.19570,-0.39680,-5.96510,-0.53383
1786676863502912768,13.87080,-77.14014,-6.94340,0.65423,-0.70829,-0.19083,0.18410,-0.39946,-5.97234,-0.54639
1786676863669483264,13.80727,-78.13384,-7.03029,0.65747,-0.71151,-0.17820,0.17242,-0.37099,-5.97766,-0.50431
1786676863802804480,13.75831,-78.93186,-7.09845,0.65975,-0.71394,-0.16856,0.16312,-0.36334,-6.01235,-0.52096
1786676863936526848,13.71125,-79.73554,-7.16599,0.66264,-0.71548,-0.15907,0.15391,-0.35105,-6.01299,-0.49041
1786676864069664512,13.66455,-80.53824,-7.23330,0.66472,-0.71747,-0.14950,0.14505,-0.34443,-6.03127,-0.49910
1786676864203286272,13.61779,-81.34601,-7.30144,0.66648,-0.71960,-0.13945,0.13614,-0.35797,-6.05401,-0.51268
1786676864436367872,13.53487,-82.76014,-7.42315,0.66993,-0.72250,-0.12146,0.12018,-0.35717,-6.08753,-0.51920
1786676864603121664,13.47575,-83.77688,-7.50991,0.67207,-0.72432,-0.10882,0.10885,-0.35553,-6.10901,-0.52692
1786676864736523520,13.42812,-84.59169,-7.57931,0.67342,-0.72584,-0.09854,0.09975,-0.35106,-6.11564,-0.51795
1786676864869635072,13.38167,-85.40633,-7.64714,0.67508,-0.72687,-0.08808,0.09037,-0.34699,-6.11429,-0.49765
1786676865036487680,13.32386,-86.42881,-7.73371,0.67676,-0.72828,-0.07410,0.07823,-0.34053,-6.13735,-0.53262
1786676865169869312,13.27968,-87.24771,-7.80469,0.67800,-0.72916,-0.06315,0.06827,-0.32626,-6.14661,-0.53452
1786676865203199232,13.26875,-87.45285,-7.82271,0.67829,-0.72933,-0.06047,0.06592,-0.32701,-6.15994,-0.54730
1786676865336376320,13.22549,-88.27390,-7.89279,0.67942,-0.72989,-0.04966,0.05642,-0.32391,-6.17765,-0.51983
1786676865503104768,13.17188,-89.30452,-7.97989,0.68069,-0.73028,-0.03662,0.04498,-0.31675,-6.18890,-0.52828
1786676865669772800,13.12100,-90.33655,-8.06479,0.68167,-0.73052,-0.02337,0.03362,-0.30464,-6.20852,-0.50491
1786676865769602048,13.08500,-90.95992,-8.11497,0.68099,-0.73135,-0.02001,0.03145,-0.40157,-6.28909,-0.49701
1786676865903183104,13.03169,-91.81280,-8.18089,0.67584,-0.73597,-0.02131,0.03371,-0.40074,-6.47652,-0.49230
1786676866070166784,12.96798,-92.89537,-8.26129,0.67953,-0.73257,-0.02141,0.03352,-0.37310,-6.46360,-0.47690
1786676866203654400,12.91810,-93.76126,-8.32532,0.67997,-0.73216,-0.02107,0.03376,-0.37365,-6.48684,-0.47837
1786676866336182784,12.86896,-94.62093,-8.38866,0.67922,-0.73286,-0.02095,0.03356,-0.36472,-6.49064,-0.47583
1786676866469593600,12.82029,-95.48643,-8.45169,0.67901,-0.73304,-0.02149,0.03364,-0.36160,-6.48280,-0.47040
1786676866569651968,12.78421,-96.13651,-8.49895,0.67995,-0.73217,-0.02119,0.03385,-0.36255,-6.50145,-0.47326
1786676866604064512,12.77173,-96.36023,-8.51527,0.68006,-0.73207,-0.02142,0.03375,-0.36125,-6.50063,-0.47493
1786676866636286976,12.76013,-96.56964,-8.53053,0.67939,-0.73269,-0.02153,0.03365,-0.35908,-6.49982,-0.47337
1786676866673587200,12.74673,-96.81233,-8.54821,0.67992,-0.73220,-0.02140,0.03366,-0.36012,-6.51209,-0.47469
1786676866703425792,12.73600,-97.00645,-8.56228,0.67997,-0.73216,-0.02126,0.03379,-0.36015,-6.50671,-0.47277
1786676867036142592,12.61696,-99.17288,-8.71870,0.68011,-0.73202,-0.02148,0.03381,-0.35527,-6.51774,-0.46950
1786676867069697024,12.60507,-99.39156,-8.73446,0.68020,-0.73193,-0.02149,0.03382,-0.35471,-6.51815,-0.47037
1786676867103113216,12.59321,-99.60941,-8.75015,0.68023,-0.73191,-0.02153,0.03379,-0.35552,-6.52069,-0.46928
1786676867303119872,12.51917,-100.91512,-8.84441,0.67988,-0.73200,-0.02403,0.03698,-0.39361,-6.54745,-0.47503
1786676867369432320,12.49322,-101.34977,-8.87592,0.67959,-0.73206,-0.02621,0.03959,-0.37400,-6.54101,-0.47395
1786676867403059968,12.48088,-101.56972,-8.89187,0.67963,-0.73195,-0.02678,0.04033,-0.35615,-6.53601,-0.47559
1786676867436195840,12.46947,-101.78610,-8.90764,0.67973,-0.73187,-0.02671,0.04021,-0.33897,-6.52521,-0.47508
1786676867469575168,12.45781,-102.00395,-8.92349,0.67966,-0.73193,-0.02674,0.04021,-0.35734,-6.53633,-0.47452
1786676867569431296,12.42269,-102.65719,-8.97071,0.67953,-0.73205,-0.02678,0.04030,-0.34550,-6.53875,-0.47204
1786676867803138816,12.34101,-104.18805,-9.08141,0.67957,-0.73200,-0.02687,0.04035,-0.34906,-6.55774,-0.47304
1786676867836089344,12.32950,-104.40419,-9.09699,0.67956,-0.73201,-0.02686,0.04035,-0.34903,-6.56080,-0.47277
1786676867869483008,12.31785,-104.62331,-9.11277,0.67952,-0.73205,-0.02689,0.04035,-0.34899,-6.56254,-0.47267
1786676867903211264,12.30610,-104.84469,-9.12872,0.67956,-0.73201,-0.02695,0.04035,-0.34806,-6.56489,-0.47316
1786676868203278848,12.20178,-106.81729,-9.27055,0.67963,-0.73194,-0.02702,0.04046,-0.34797,-6.58250,-0.47263
1786676868303104512,12.16709,-107.47475,-9.31770,0.67964,-0.73193,-0.02703,0.04053,-0.34757,-6.58914,-0.47239
1786676868369652224,12.14397,-107.91340,-9.34914,0.67964,-0.73193,-0.02706,0.04056,-0.34742,-6.59419,-0.47227
1786676868403682304,12.13214,-108.13783,-9.36521,0.67959,-0.73197,-0.02704,0.04055,-0.34763,-6.59604,-0.47234
1786676868436154624,12.12086,-108.35205,-9.38056,0.67963,-0.73193,-0.02705,0.04056,-0.34724,-6.59785,-0.47300
1786676868536232192,12.08617,-109.01268,-9.42789,0.67964,-0.73192,-0.02709,0.04057,-0.34679,-6.60405,-0.47271
1786676868570238976,12.07437,-109.23729,-9.44398,0.67963,-0.73192,-0.02713,0.04060,-0.34677,-6.60580,-0.47330
1786676868603300096,12.06292,-109.45572,-9.45962,0.67967,-0.73189,-0.02716,0.04059,-0.34626,-6.60792,-0.47312
1786676868703351296,12.02829,-110.11719,-9.50692,0.67969,-0.73187,-0.02718,0.04066,-0.34632,-6.61425,-0.47303
1786676868803315968,11.99369,-110.77871,-9.55419,0.67970,-0.73185,-0.02726,0.04073,-0.34580,-6.62110,-0.47271
1786676868869604352,11.97076,-111.21773,-9.58554,0.67974,-0.73181,-0.02728,0.04076,-0.34639,-6.62458,-0.47292
1786676868903058944,11.95917,-111.43939,-9.60136,0.67973,-0.73182,-0.02731,0.04077,-0.34590,-6.62673,-0.47261
1786676868935936512,11.94781,-111.65731,-9.61689,0.67971,-0.73183,-0.02733,0.04081,-0.34556,-6.62958,-0.47254
1786676869002969600,11.92464,-112.10183,-9.64858,0.67976,-0.73178,-0.02734,0.04086,-0.34609,-6.63312,-0.47281
1786676869136257280,11.87852,-112.98646,-9.71155,0.67977,-0.73177,-0.02740,0.04091,-0.34541,-6.64130,-0.47245
1786676869203093504,11.85546,-113.43050,-9.74313,0.67979,-0.73175,-0.02742,0.04095,-0.34469,-6.64585,-0.47239
1786676869269758208,11.83248,-113.87384,-9.77465,0.67982,-0.73172,-0.02757,0.04100,-0.34110,-6.65307,-0.47264
1786676869303015680,11.82106,-114.09516,-9.79032,0.67980,-0.73173,-0.02758,0.04102,-0.34483,-6.65693,-0.47089
1786676869369700096,11.79803,-114.53883,-9.82156,0.67982,-0.73172,-0.02753,0.04102,-0.34758,-6.65232,-0.46530
1786676869436147456,11.77500,-114.98096,-9.85241,0.67986,-0.73167,-0.02762,0.04099,-0.34816,-6.65510,-0.46604
1786676869502823424,11.75185,-115.42486,-9.88339,0.67984,-0.73169,-0.02763,0.04107,-0.34714,-6.65960,-0.46114
1786676869569562368,11.72877,-115.86946,-9.91395,0.67981,-0.73171,-0.02769,0.04110,-0.34741,-6.66506,-0.45700
1786676869636207872,11.70573,-116.31409,-9.94440,0.67975,-0.73177,-0.02773,0.04115,-0.34382,-6.67818,-0.45949
1786676869703365376,11.68275,-116.76271,-9.97520,0.67983,-0.73170,-0.02755,0.04097,-0.34464,-6.68176,-0.46002
1786676869769605376,11.65983,-117.20532,-10.00547,0.67985,-0.73169,-0.02753,0.04093,-0.34694,-6.67968,-0.45313
1786676869836050944,11.63676,-117.64941,-10.03558,0.67986,-0.73168,-0.02760,0.04092,-0.34740,-6.69339,-0.45748
1786676869903022336,11.61366,-118.09783,-10.06628,0.67979,-0.73174,-0.02758,0.04100,-0.34321,-6.69633,-0.46088
1786676869969499904,11.59088,-118.54323,-10.09709,0.67979,-0.73175,-0.02750,0.04082,-0.34045,-6.70862,-0.46488
1786676870036217856,11.56875,-118.99211,-10.12823,0.67971,-0.73190,-0.02677,0.04012,-0.31664,-6.75085,-0.46687
1786676870069638912,11.55832,-119.21831,-10.14384,0.67982,-0.73186,-0.02603,0.03932,-0.30947,-6.77772,-0.46563
1786676870175143168,11.52735,-119.93733,-10.19359,0.67982,-0.73217,-0.02221,0.03574,-0.27930,-6.84560,-0.47086
1786676870269519872,11.50253,-120.58640,-10.23783,0.67985,-0.73253,-0.01661,0.03042,-0.26195,-6.89584,-0.46894
1786676870303311872,11.49386,-120.81968,-10.25368,0.68011,-0.73242,-0.01446,0.02842,-0.24557,-6.90882,-0.46803
1786676870336168192,11.48567,-121.04692,-10.26920,0.68002,-0.73262,-0.01189,0.02622,-0.25236,-6.92489,-0.46715
1786676870436090368,11.46073,-121.73999,-10.31666,0.68003,-0.73291,-0.00405,0.01942,-0.25612,-6.95812,-0.48009
1786676870503098368,11.44330,-122.20601,-10.34885,0.68036,-0.73273,0.00088,0.01454,-0.24927,-6.94814,-0.48332
1786676870669562112,11.39900,-123.36178,-10.42892,0.67994,-0.73313,0.01393,0.00305,-0.27817,-6.93165,-0.47855
1786676870870299648,11.34153,-124.75341,-10.52643,0.67998,-0.73267,0.02718,-0.00895,-0.29127,-6.93981,-0.48549
1786676871002996480,11.30256,-125.67319,-10.59009,0.68006,-0.73213,0.03522,-0.01637,-0.28666,-6.92896,-0.47006
1786676871203198976,11.24049,-127.06008,-10.68557,0.67949,-0.73172,0.04667,-0.02641,-0.30200,-6.93033,-0.47045
1786676871271142912,11.21869,-127.53224,-10.71823,0.67926,-0.73156,0.05044,-0.02965,-0.30811,-6.94409,-0.47845
1786676871436109824,11.16560,-128.68030,-10.79710,0.67856,-0.73115,0.05947,-0.03791,-0.32680,-6.97068,-0.48293
1786676871603124224,11.11258,-129.84568,-10.87762,0.67771,-0.73066,0.06851,-0.04634,-0.31528,-6.97459,-0.49233
1786676871702734848,11.08159,-130.54102,-10.92602,0.67736,-0.73016,0.07358,-0.05123,-0.30680,-6.97382,-0.48581
1786676871769520384,11.06116,-131.00695,-10.95835,0.67705,-0.72987,0.07701,-0.05438,-0.30030,-6.98858,-0.48681
1786676871902674176,11.02173,-131.93705,-11.02175,0.67709,-0.72846,0.08432,-0.06155,-0.28430,-6.99944,-0.47687
1786676871969470976,11.00342,-132.40471,-11.05318,0.67612,-0.72838,0.08917,-0.06612,-0.25575,-7.01801,-0.46600
1786676872036202240,10.98544,-132.87294,-11.08403,0.67609,-0.72731,0.09433,-0.07089,-0.27586,-7.01916,-0.45692
1786676872204275968,10.92942,-134.05480,-11.16129,0.67579,-0.72672,0.09782,-0.07498,-0.37331,-7.02866,-0.45733
1786676872502584576,10.81823,-136.13234,-11.29785,0.67624,-0.72882,0.08589,-0.06431,-0.37079,-6.93137,-0.45789
1786676872635963904,10.77272,-137.05853,-11.35877,0.67704,-0.72896,0.08140,-0.05999,-0.32754,-6.93766,-0.46860
1786676872802789120,10.71594,-138.21927,-11.43671,0.67717,-0.72989,0.07548,-0.05478,-0.35985,-6.96599,-0.46297
1786676873002784512,10.64558,-139.61644,-11.53118,0.67768,-0.73087,0.06631,-0.04671,-0.34813,-6.99931,-0.46397
1786676873102524160,10.61227,-140.31501,-11.57712,0.67763,-0.73156,0.06171,-0.04279,-0.32270,-6.98521,-0.45615
1786676873269355776,10.56285,-141.47873,-11.65451,0.67824,-0.73151,0.05772,-0.03934,-0.27092,-6.94157,-0.46626
1786676873402678272,10.52907,-142.40267,-11.71689,0.67816,-0.73163,0.05752,-0.03887,-0.25301,-6.92419,-0.46757
1786676873469403904,10.51264,-142.86474,-11.74808,0.67760,-0.73216,0.05727,-0.03897,-0.24249,-6.92524,-0.46508
1786676873569399296,10.48855,-143.55829,-11.79481,0.67810,-0.73169,0.05737,-0.03884,-0.23929,-6.93788,-0.46785
1786676873602658816,10.48066,-143.78903,-11.81033,0.67819,-0.73162,0.05725,-0.03893,-0.23544,-6.93725,-0.46569
1786676873636040960,10.47284,-144.02063,-11.82586,0.67786,-0.73193,0.05725,-0.03888,-0.23419,-6.94073,-0.46606
1786676873669407488,10.46503,-144.25229,-11.84142,0.67781,-0.73197,0.05726,-0.03885,-0.23397,-6.94483,-0.46672
1786676873702739200,10.45726,-144.48379,-11.85697,0.67800,-0.73180,0.05724,-0.03886,-0.23242,-6.94623,-0.46662
1786676873736027648,10.44954,-144.71507,-11.87250,0.67815,-0.73166,0.05723,-0.03889,-0.23128,-6.94904,-0.46659
1786676873869620480,10.41893,-145.64389,-11.93485,0.67779,-0.73200,0.05714,-0.03885,-0.22536,-6.95786,-0.46647
1786676873969529344,10.39657,-146.33932,-11.98146,0.67804,-0.73177,0.05716,-0.03879,-0.22271,-6.96350,-0.46676
1786676874002671360,10.38923,-146.57012,-11.99691,0.67784,-0.73196,0.05709,-0.03879,-0.22058,-6.96444,-0.46580
1786676874069334784,10.37462,-147.03459,-12.02799,0.67787,-0.73193,0.05712,-0.03871,-0.21834,-6.97023,-0.46641
1786676874136007168,10.36010,-147.49943,-12.05908,0.67805,-0.73177,0.05705,-0.03874,-0.21660,-6.97361,-0.46612
1786676874236004608,10.33861,-148.19711,-12.10568,0.67792,-0.73190,0.05700,-0.03864,-0.21295,-6.98118,-0.46662
1786676874269223936,10.33156,-148.42904,-12.12117,0.67804,-0.73179,0.05698,-0.03864,-0.21135,-6.98239,-0.46616
1786676874335765504,10.31758,-148.89380,-12.15218,0.67804,-0.73180,0.05699,-0.03861,-0.20941,-6.98688,-0.46594
1786676874436013824,10.29683,-149.59452,-12.19889,0.67798,-0.73185,0.05693,-0.03858,-0.20456,-6.99314,-0.46593
1786676874469492992,10.29000,-149.82868,-12.21449,0.67802,-0.73182,0.05695,-0.03856,-0.20378,-6.99535,-0.46637
1786676874502883840,10.28320,-150.06229,-12.23007,0.67806,-0.73179,0.05690,-0.03855,-0.20335,-6.99726,-0.46658
1786676874536005376,10.27649,-150.29406,-12.24551,0.67798,-0.73186,0.05686,-0.03857,-0.20225,-6.99837,-0.46618
1786676874636188672,10.25644,-150.99553,-12.29220,0.67806,-0.73180,0.05680,-0.03845,-0.19834,-7.00498,-0.46618
1786676874702978304,10.24326,-151.46350,-12.32333,0.67806,-0.73180,0.05676,-0.03842,-0.19641,-7.00832,-0.46597
1786676874736301312,10.23674,-151.69709,-12.33886,0.67798,-0.73188,0.05677,-0.03842,-0.19512,-7.01131,-0.46596
1786676874869544704,10.21104,-152.63188,-12.40095,0.67811,-0.73178,0.05666,-0.03828,-0.19116,-7.01965,-0.46601
1786676874902867712,10.20468,-152.86582,-12.41648,0.67807,-0.73182,0.05662,-0.03825,-0.18974,-7.02141,-0.46576
1786676874936403968,10.19835,-153.10131,-12.43209,0.67805,-0.73184,0.05658,-0.03824,-0.18811,-7.02323,-0.46521
1786676874969475328,10.19215,-153.33362,-12.44748,0.67809,-0.73180,0.05657,-0.03820,-0.18661,-7.02557,-0.46549
1786676875002875136,10.18593,-153.56830,-12.46302,0.67813,-0.73176,0.05658,-0.03818,-0.18602,-7.02749,-0.46529
1786676875069247488,10.17364,-154.03487,-12.49392,0.67813,-0.73177,0.05650,-0.03817,-0.18411,-7.03160,-0.46571
1786676875269298432,10.13741,-155.44297,-12.58702,0.67815,-0.73176,0.05642,-0.03805,-0.17867,-7.04488,-0.46504
1786676875302701056,10.13147,-155.67833,-12.60255,0.67816,-0.73176,0.05639,-0.03801,-0.17729,-7.04742,-0.46522
1786676875336017408,10.12559,-155.91316,-12.61805,0.67820,-0.73172,0.05638,-0.03801,-0.17592,-7.04942,-0.46498
1786676875369326080,10.11975,-156.14801,-12.63353,0.67823,-0.73169,0.05637,-0.03799,-0.17462,-7.05169,-0.46463
1786676875535977728,10.09116,-157.32416,-12.71092,0.67826,-0.73168,0.05629,-0.03790,-0.16835,-7.06331,-0.46399
1786676875569354240,10.08555,-157.55994,-12.72641,0.67828,-0.73167,0.05627,-0.03786,-0.16755,-7.06576,-0.46417
1786676875636037632,10.07446,-158.03127,-12.75738,0.67824,-0.73171,0.05624,-0.03783,-0.16500,-7.07036,-0.46464
1786676875702956800,10.06350,-158.50457,-12.78849,0.67828,-0.73167,0.05622,-0.03781,-0.16231,-7.07524,-0.46509
1786676875769469696,10.05276,-158.97532,-12.81940,0.67831,-0.73165,0.05618,-0.03775,-0.16054,-7.07980,-0.46485
1786676875835775232,10.04220,-159.44489,-12.85023,0.67830,-0.73167,0.05615,-0.03769,-0.15803,-7.08431,-0.46505
1786676875869108992,10.03695,-159.68108,-12.86573,0.67833,-0.73164,0.05614,-0.03766,-0.15699,-7.08655,-0.46498
1786676875902457344,10.03173,-159.91744,-12.88122,0.67834,-0.73163,0.05614,-0.03766,-0.15612,-7.08858,-0.46460
1786676876002657024,10.01624,-160.62811,-12.92775,0.67833,-0.73164,0.05608,-0.03765,-0.15292,-7.09601,-0.46426
1786676876069386752,10.00610,-161.10178,-12.95872,0.67838,-0.73161,0.05607,-0.03761,-0.15079,-7.10064,-0.46416
1786676876135969792,9.99613,-161.57474,-12.98961,0.67840,-0.73159,0.05601,-0.03758,-0.14887,-7.10587,-0.46394
1786676876169392640,9.99118,-161.81228,-13.00512,0.67837,-0.73162,0.05600,-0.03758,-0.14768,-7.10825,-0.46402
1786676876202600704,9.98629,-162.04837,-13.02053,0.67836,-0.73163,0.05598,-0.03756,-0.14665,-7.11057,-0.46414
1786676876335963904,9.96703,-162.99726,-13.08245,0.67838,-0.73162,0.05588,-0.03745,-0.14205,-7.11956,-0.46430
1786676876436009216,9.95298,-163.70995,-13.12892,0.67842,-0.73160,0.05584,-0.03740,-0.13893,-7.12746,-0.46459
1786676876536054528,9.93923,-164.42337,-13.17540,0.67844,-0.73159,0.05577,-0.03735,-0.13560,-7.13475,-0.46439
1786676876569302272,9.93474,-164.66062,-13.19085,0.67846,-0.73157,0.05577,-0.03737,-0.13427,-7.13707,-0.46462
1786676876602716928,9.93027,-164.89915,-13.20637,0.67848,-0.73155,0.05578,-0.03738,-0.13338,-7.13937,-0.46444
1786676876636040192,9.92584,-165.13708,-13.22184,0.67849,-0.73154,0.05577,-0.03737,-0.13250,-7.14111,-0.46450
1786676876769408000,9.90847,-166.09011,-13.28377,0.67852,-0.73151,0.05571,-0.03731,-0.12799,-7.15079,-0.46439
1786676876802839040,9.90421,-166.32921,-13.29929,0.67853,-0.73151,0.05569,-0.03728,-0.12689,-7.15306,-0.46419
1786676876836019968,9.90002,-166.56659,-13.31469,0.67854,-0.73150,0.05570,-0.03728,-0.12586,-7.15540,-0.46403
1786676876871539200,9.89556,-166.82079,-13.33118,0.67854,-0.73150,0.05568,-0.03724,-0.12593,-7.15801,-0.46525
1786676876903639296,9.89138,-167.05041,-13.34638,0.67831,-0.73172,0.05571,-0.03708,-0.13822,-7.14920,-0.47803
1786676877071461376,9.86520,-168.25041,-13.42496,0.67880,-0.73176,0.05163,-0.03294,-0.12247,-7.15784,-0.46535
1786676877137518848,9.85731,-168.72246,-13.45570,0.67939,-0.73121,0.05172,-0.03300,-0.11707,-7.13704,-0.46535
1786676877179096576,9.85241,-169.01919,-13.47499,0.67940,-0.73119,0.05171,-0.03306,-0.11877,-7.14096,-0.46446
1786676877369580544,9.82998,-170.38432,-13.56352,0.67922,-0.73137,0.05170,-0.03289,-0.11385,-7.17129,-0.46586
1786676877402624000,9.82623,-170.62126,-13.57889,0.67893,-0.73165,0.05151,-0.03304,-0.11166,-7.16917,-0.46362
1786676877435780864,9.82256,-170.85911,-13.59427,0.67805,-0.73247,0.05143,-0.03294,-0.11000,-7.17977,-0.46419
1786676877536090368,9.81163,-171.58014,-13.64083,0.67920,-0.73139,0.05166,-0.03281,-0.10881,-7.18945,-0.46559
1786676877569509632,9.80799,-171.82041,-13.65640,0.67927,-0.73134,0.05150,-0.03289,-0.10853,-7.18941,-0.46564
1786676877669436928,9.79725,-172.53960,-13.70291,0.67889,-0.73170,0.05147,-0.03274,-0.10688,-7.20627,-0.46611
1786676877702398208,9.79370,-172.77718,-13.71831,0.67921,-0.73140,0.05152,-0.03279,-0.10776,-7.20928,-0.46799
1786676877736044032,9.79008,-173.01976,-13.73407,0.67927,-0.73134,0.05149,-0.03283,-0.10763,-7.21072,-0.46850
1786676877769433600,9.78649,-173.26054,-13.74969,0.67914,-0.73147,0.05144,-0.03283,-0.10714,-7.21218,-0.46776
1786676877802425600,9.78299,-173.49859,-13.76512,0.67874,-0.73184,0.05137,-0.03280,-0.10548,-7.21848,-0.46764
1786676877902550016,9.77264,-174.22175,-13.81189,0.67912,-0.73149,0.05147,-0.03281,-0.10209,-7.22405,-0.46699
1786676878002597888,9.76246,-174.94495,-13.85874,0.67866,-0.73193,0.05123,-0.03278,-0.09936,-7.23448,-0.46817
1786676878102567424,9.75270,-175.66865,-13.90553,0.67914,-0.73148,0.05136,-0.03273,-0.09709,-7.24278,-0.46857
1786676878135845888,9.74948,-175.90970,-13.92112,0.67909,-0.73153,0.05127,-0.03278,-0.09683,-7.24358,-0.46832
1786676878235951616,9.74000,-176.63544,-13.96793,0.67909,-0.73153,0.05124,-0.03272,-0.09280,-7.25579,-0.46765
1786676878270698496,9.73681,-176.88755,-13.98417,0.67913,-0.73150,0.05125,-0.03270,-0.09162,-7.25644,-0.46737
1786676878369522688,9.72781,-177.60503,-14.03038,0.67877,-0.73184,0.05113,-0.03269,-0.08959,-7.26547,-0.46773
1786676878402603264,9.72487,-177.84544,-14.04585,0.67892,-0.73170,0.05113,-0.03265,-0.08841,-7.26906,-0.46790
1786676878435877888,9.72194,-178.08733,-14.06142,0.67912,-0.73151,0.05119,-0.03265,-0.08744,-7.26921,-0.46736
1786676878502585088,9.71613,-178.57237,-14.09262,0.67913,-0.73150,0.05115,-0.03266,-0.08674,-7.27340,-0.46765
1786676878535889152,9.71327,-178.81464,-14.10819,0.67888,-0.73174,0.05110,-0.03265,-0.08541,-7.27643,-0.46787
1786676878569419264,9.71044,-179.05870,-14.12387,0.67888,-0.73175,0.05109,-0.03262,-0.08370,-7.28122,-0.46730
1786676878702567936,9.69953,-180.02891,-14.18605,0.67907,-0.73157,0.05103,-0.03258,-0.08045,-7.29119,-0.46716
1786676878735922176,9.69688,-180.27218,-14.20163,0.67892,-0.73171,0.05103,-0.03258,-0.07908,-7.29559,-0.46704
1786676878802740736,9.69228,-180.76001,-14.23287,0.67916,-0.73144,0.05141,-0.03306,-0.03710,-7.30126,-0.46874
1786676878869340160,9.68982,-181.24671,-14.26403,0.67900,-0.73134,0.05346,-0.03535,-0.03793,-7.31378,-0.46795
1786676878935847424,9.68657,-181.73357,-14.29510,0.67923,-0.73092,0.05494,-0.03711,-0.06919,-7.31884,-0.46918
1786676878969322240,9.68407,-181.97847,-14.31078,0.67925,-0.73091,0.05496,-0.03708,-0.07764,-7.31393,-0.46979
1786676879135826688,9.67275,-183.19675,-14.38879,0.67927,-0.73089,0.05492,-0.03709,-0.06762,-7.32725,-0.46751
1786676879169483264,9.67049,-183.44336,-14.40453,0.67933,-0.73084,0.05483,-0.03708,-0.06538,-7.32702,-0.46800
1786676879202601728,9.66836,-183.68598,-14.42003,0.67910,-0.73106,0.05477,-0.03711,-0.06378,-7.32513,-0.46769
1786676879235890432,9.66619,-183.92993,-14.43562,0.67890,-0.73125,0.05476,-0.03711,-0.06512,-7.33123,-0.46809
1786676879269388800,9.66401,-184.17563,-14.45130,0.67907,-0.73109,0.05479,-0.03706,-0.06580,-7.33754,-0.46850
1786676879302594816,9.66182,-184.41935,-14.46687,0.67927,-0.73090,0.05483,-0.03702,-0.06575,-7.34125,-0.46908
1786676879469278208,9.65133,-185.64392,-14.54507,0.67927,-0.73091,0.05472,-0.03696,-0.06049,-7.35567,-0.46934
1786676879502471936,9.64934,-185.88811,-14.56064,0.67929,-0.73089,0.05471,-0.03693,-0.05969,-7.35738,-0.46920
1786676879535893760,9.64735,-186.13405,-14.57633,0.67930,-0.73089,0.05469,-0.03695,-0.05934,-7.36010,-0.46929
1786676879569347072,9.64537,-186.38032,-14.59202,0.67915,-0.73103,0.05465,-0.03695,-0.05873,-7.36354,-0.46904
1786676879602457600,9.64345,-186.62419,-14.60754,0.67903,-0.73114,0.05463,-0.03692,-0.05696,-7.36724,-0.46856
1786676879802288896,9.63260,-188.09834,-14.70112,0.67914,-0.73105,0.05454,-0.03684,-0.05177,-7.38704,-0.46825
1786676879836031232,9.63088,-188.34766,-14.71692,0.67928,-0.73093,0.05453,-0.03682,-0.05035,-7.39012,-0.46838
1786676879869628672,9.62920,-188.59600,-14.73266,0.67934,-0.73087,0.05452,-0.03679,-0.04988,-7.39335,-0.46843
1786676879935836672,9.62592,-189.08569,-14.76369,0.67924,-0.73097,0.05449,-0.03676,-0.04851,-7.39927,-0.46856
1786676879969695744,9.62430,-189.33629,-14.77955,0.67916,-0.73105,0.05446,-0.03674,-0.04730,-7.40329,-0.46872
1786676880002589184,9.62277,-189.57986,-14.79496,0.67925,-0.73097,0.05444,-0.03670,-0.04628,-7.40668,-0.46864
1786676880035876864,9.62123,-189.82646,-14.81056,0.67932,-0.73090,0.05446,-0.03668,-0.04595,-7.41011,-0.46887
1786676880069248512,9.61971,-190.07380,-14.82621,0.67934,-0.73088,0.05443,-0.03666,-0.04544,-7.41290,-0.46901
1786676880336512512,9.60849,-192.05830,-14.95145,0.67927,-0.73096,0.05431,-0.03660,-0.03792,-7.43731,-0.46798
1786676880369067264,9.60727,-192.30048,-14.96669,0.67935,-0.73089,0.05428,-0.03659,-0.03725,-7.44059,-0.46808
1786676880402377216,9.60604,-192.54837,-14.98228,0.67939,-0.73086,0.05428,-0.03657,-0.03628,-7.44314,-0.46797
1786676880502339072,9.60252,-193.29282,-15.02902,0.67927,-0.73097,0.05421,-0.03652,-0.03356,-7.45172,-0.46723
1786676880535744768,9.60142,-193.54180,-15.04462,0.67932,-0.73093,0.05420,-0.03649,-0.03256,-7.45507,-0.46710
1786676880636257536,9.59824,-194.29154,-15.09155,0.67939,-0.73086,0.05420,-0.03647,-0.03071,-7.46280,-0.46678
1786676880669397248,9.59724,-194.53892,-15.10702,0.67931,-0.73094,0.05416,-0.03642,-0.02974,-7.46642,-0.46707
1786676880702461440,9.59627,-194.78585,-15.12247,0.67932,-0.73094,0.05415,-0.03639,-0.02891,-7.46984,-0.46702
1786676880736053248,9.59530,-195.03683,-15.13816,0.67938,-0.73088,0.05415,-0.03638,-0.02828,-7.47297,-0.46736
1786676880836185344,9.59259,-195.78553,-15.18497,0.67936,-0.73091,0.05411,-0.03633,-0.02570,-7.48207,-0.46770
1786676880935906304,9.59019,-196.53213,-15.23157,0.67941,-0.73086,0.05409,-0.03629,-0.02235,-7.49111,-0.46723
1786676880969113600,9.58946,-196.78093,-15.24709,0.67942,-0.73085,0.05407,-0.03626,-0.02164,-7.49366,-0.46760
1786676881002374144,9.58875,-197.03022,-15.26265,0.67940,-0.73087,0.05404,-0.03624,-0.02059,-7.49647,-0.46762
1786676881102526976,9.58685,-197.78146,-15.30947,0.67942,-0.73086,0.05402,-0.03621,-0.01769,-7.50545,-0.46764
1786676881136007424,9.58626,-198.03279,-15.32513,0.67944,-0.73084,0.05400,-0.03621,-0.01746,-7.50851,-0.46749
1786676881236203008,9.58462,-198.78557,-15.37196,0.67942,-0.73087,0.05394,-0.03616,-0.01510,-7.51759,-0.46719
1786676881269231872,9.58414,-199.03392,-15.38738,0.67946,-0.73083,0.05394,-0.03615,-0.01419,-7.52034,-0.46692
1786676881302593024,9.58368,-199.28485,-15.40296,0.67949,-0.73080,0.05395,-0.03614,-0.01338,-7.52299,-0.46670
1786676881335988736,9.58325,-199.53615,-15.41855,0.67950,-0.73080,0.05392,-0.03612,-0.01259,-7.52662,-0.46671
1786676881369103616,9.58284,-199.78545,-15.43400,0.67948,-0.73082,0.05391,-0.03611,-0.01170,-7.53005,-0.46666
1786676881402513408,9.58246,-200.03709,-15.44959,0.67945,-0.73085,0.05386,-0.03609,-0.01125,-7.53401,-0.46672
1786676881436299008,9.58207,-200.29175,-15.46537,0.67943,-0.73088,0.05383,-0.03605,-0.01203,-7.54179,-0.46705
1786676881469166848,9.58167,-200.53971,-15.48071,0.67951,-0.73081,0.05376,-0.03598,-0.01241,-7.54660,-0.46674
1786676881669367040,9.57805,-202.05603,-15.57398,0.67909,-0.73143,0.05174,-0.03417,-0.04103,-7.64310,-0.46672
1786676881702447616,9.57653,-202.30870,-15.58933,0.67909,-0.73155,0.05074,-0.03316,-0.05021,-7.64756,-0.46659
1786676881802472704,9.56976,-203.07721,-15.63553,0.67926,-0.73186,0.04607,-0.02924,-0.07998,-7.71373,-0.45763
1786676881969196032,9.54690,-204.36678,-15.71169,0.68037,-0.73170,0.03612,-0.02011,-0.12856,-7.74148,-0.45100
1786676882102282496,9.52929,-205.39607,-15.77119,0.68066,-0.73188,0.02923,-0.01397,-0.12015,-7.72730,-0.44218
1786676882269046272,9.50947,-206.68300,-15.84614,0.68029,-0.73256,0.02245,-0.00776,-0.11367,-7.72457,-0.45408
1786676882302348288,9.50576,-206.93974,-15.86122,0.68093,-0.73200,0.02132,-0.00706,-0.10757,-7.68991,-0.45505
1786676882336025856,9.50252,-207.19925,-15.87645,0.68060,-0.73235,0.02030,-0.00597,-0.09486,-7.71886,-0.45037
1786676882802375680,9.45449,-210.81800,-16.08574,0.68047,-0.73269,0.00224,0.01118,-0.08787,-7.82806,-0.44183
1786676883036046336,9.43263,-212.64703,-16.18784,0.68026,-0.73264,-0.00784,0.02079,-0.09838,-7.82323,-0.43340
1786676883236006144,9.41544,-214.21665,-16.27461,0.67978,-0.73266,-0.01647,0.02892,-0.08709,-7.87691,-0.43687
1786676883436208384,9.40100,-215.79388,-16.36102,0.67936,-0.73242,-0.02516,0.03731,-0.06098,-7.88032,-0.43043
1786676883469168896,9.39917,-216.05376,-16.37494,0.67950,-0.73219,-0.02654,0.03843,-0.05708,-7.87978,-0.42296
1786676883536012032,9.39539,-216.58163,-16.40273,0.67899,-0.73238,-0.02964,0.04138,-0.07044,-7.90521,-0.41622
1786676883902303232,9.37089,-219.49717,-16.55553,0.67592,-0.73293,-0.04911,0.05954,-0.10074,-8.04243,-0.43191
1786676884102424320,9.35153,-221.11078,-16.64150,0.67487,-0.73202,-0.06045,0.07095,-0.05706,-8.08389,-0.42738
1786676884336201984,9.34325,-223.00174,-16.74038,0.67483,-0.73198,-0.06060,0.07165,-0.05789,-8.07996,-0.42834
1786676884502514944,9.33512,-224.34128,-16.81132,0.67543,-0.73147,-0.06038,0.07143,-0.06952,-8.02566,-0.42430
1786676884535974656,9.33291,-224.60978,-16.82546,0.67527,-0.73153,-0.06085,0.07193,-0.05639,-8.02723,-0.41840
1786676884902669312,9.30885,-227.55437,-16.98369,0.67530,-0.73166,-0.05992,0.07111,-0.06424,-8.08075,-0.42444
1786676884935793408,9.30692,-227.82266,-16.99768,0.67486,-0.73203,-0.06012,0.07129,-0.04979,-8.11409,-0.42134
1786676885135841536,9.29229,-229.45253,-17.08386,0.67521,-0.73178,-0.05993,0.07071,-0.09414,-8.16131,-0.43221
1786676885402538496,9.26847,-231.62894,-17.20095,0.67579,-0.73127,-0.05993,0.07037,-0.09294,-8.14137,-0.44228
1786676885602381824,9.24739,-233.25568,-17.29040,0.67519,-0.73192,-0.05946,0.06986,-0.12277,-8.15683,-0.44511
1786676885803465728,9.22480,-234.90139,-17.38043,0.67556,-0.73163,-0.05945,0.06924,-0.12822,-8.23249,-0.46125
1786676886003542784,9.20601,-236.54964,-17.47024,0.67515,-0.73197,-0.05979,0.06944,-0.10475,-8.24608,-0.43986
1786676886135784704,9.19253,-237.64180,-17.52986,0.67527,-0.73182,-0.06003,0.06960,-0.09817,-8.28048,-0.46068
1786676886302561792,9.17395,-239.01899,-17.60674,0.67574,-0.73144,-0.05974,0.06930,-0.12160,-8.23973,-0.46081
1786676886335817728,9.17007,-239.29313,-17.62202,0.67611,-0.73115,-0.05940,0.06905,-0.11393,-8.23224,-0.45957
1786676886403221248,9.16164,-239.84867,-17.65321,0.67635,-0.73095,-0.05918,0.06900,-0.12584,-8.23143,-0.46113
1786676886768837376,9.11135,-242.86959,-17.82138,0.67677,-0.73059,-0.05892,0.06899,-0.14947,-8.29545,-0.45963
1786676886935735552,9.08647,-244.25246,-17.89835,0.67720,-0.73021,-0.05871,0.06893,-0.15474,-8.27909,-0.45690
1786676887035693056,9.07115,-245.07868,-17.94442,0.67674,-0.73067,-0.05840,0.06878,-0.16650,-8.26916,-0.46217
1786676887202484480,9.04377,-246.45446,-18.02141,0.67742,-0.73005,-0.05856,0.06862,-0.15977,-8.23933,-0.46099
1786676887235775488,9.03836,-246.72863,-18.03679,0.67709,-0.73042,-0.05815,0.06827,-0.17825,-8.24713,-0.46203
1786676887635646464,8.97222,-250.05649,-18.22727,0.67752,-0.73022,-0.05767,0.06646,-0.16451,-8.46249,-0.48723
1786676887869259008,8.93314,-252.03860,-18.34150,0.67819,-0.72964,-0.05815,0.06559,-0.17753,-8.47528,-0.48204
1786676887935673088,8.92146,-252.60059,-18.37329,0.67823,-0.72964,-0.05798,0.06537,-0.17268,-8.44408,-0.47294
1786676888102731008,8.88909,-254.01281,-18.45302,0.67793,-0.72996,-0.05783,0.06494,-0.20796,-8.45045,-0.48257
1786676888135753984,8.88244,-254.29159,-18.46886,0.67796,-0.72994,-0.05775,0.06494,-0.21249,-8.44777,-0.48016
1786676888168955392,8.87577,-254.57183,-18.48473,0.67799,-0.72993,-0.05779,0.06478,-0.20481,-8.45064,-0.48339
1786676888235643136,8.86250,-255.13454,-18.51616,0.67802,-0.72993,-0.05758,0.06462,-0.20125,-8.44475,-0.46308
1786676888569008128,8.79421,-257.95514,-18.67503,0.67733,-0.73066,-0.05679,0.06434,-0.21615,-8.48257,-0.48492
1786676888635719936,8.78029,-258.52020,-18.70674,0.67766,-0.73039,-0.05660,0.06410,-0.20838,-8.46047,-0.47064
1786676888907156992,8.72019,-260.81302,-18.83616,0.67698,-0.73107,-0.05601,0.06392,-0.22961,-8.43682,-0.46683
1786676889069122560,8.68234,-262.17872,-18.91436,0.67639,-0.73155,-0.05687,0.06407,-0.30980,-8.46566,-0.48781
1786676889202734080,8.64142,-263.31070,-18.97813,0.67549,-0.73100,-0.06565,0.07098,-0.29784,-8.48507,-0.47231
1786676889370324992,8.58942,-264.73803,-19.05662,0.67260,-0.73146,-0.07713,0.08146,-0.30413,-8.55906,-0.47476
1786676889568995840,8.52802,-266.44027,-19.15020,0.67144,-0.72906,-0.09253,0.09522,-0.30318,-8.56721,-0.47026
1786676889735566592,8.47809,-267.86515,-19.22897,0.66948,-0.72759,-0.10535,0.10635,-0.30775,-8.54829,-0.47534
1786676889835688448,8.44762,-268.71978,-19.27616,0.66920,-0.72590,-0.11201,0.11270,-0.30904,-8.52785,-0.47058
1786676890002736896,8.39555,-270.14193,-19.35323,0.66690,-0.72478,-0.12219,0.12246,-0.31421,-8.51251,-0.45955
1786676890102655232,8.36375,-270.99117,-19.39854,0.66604,-0.72358,-0.12860,0.12762,-0.33314,-8.49826,-0.44855
1786676890268940032,8.31050,-272.40390,-19.47402,0.66322,-0.72284,-0.13818,0.13618,-0.33165,-8.48566,-0.44682
1786676890368899072,8.27781,-273.25238,-19.51891,0.66275,-0.72117,-0.14376,0.14148,-0.32614,-8.48936,-0.44812
1786676890502229504,8.23280,-274.38544,-19.57877,0.66110,-0.71961,-0.15182,0.14852,-0.34067,-8.49306,-0.44541
1786676890702392576,8.16311,-276.08483,-19.66718,0.65806,-0.71736,-0.16392,0.15963,-0.35366,-8.49950,-0.44442
1786676890835553280,8.11621,-277.21596,-19.72617,0.65623,-0.71552,-0.17182,0.16697,-0.35375,-8.49779,-0.44367
1786676891002499840,8.05620,-278.63536,-19.79757,0.65361,-0.71301,-0.18260,0.17626,-0.36696,-8.50480,-0.41816
1786676891102385408,8.01951,-279.48468,-19.83980,0.65201,-0.71140,-0.18913,0.18171,-0.37536,-8.49647,-0.41595
1786676891268734208,7.95746,-280.89703,-19.90887,0.64932,-0.70889,-0.19897,0.19048,-0.37291,-8.49223,-0.41215
