1789370615992872960,0.00000,0.00000,0.00000,1.00000,0.00000,0.00000,0.00000,0.99984,0.09360,-0.00101
1789370616092875264,-0.00011,0.00028,0.00002,1.00000,0.00000,0.00008,-0.00018,0.99984,0.09360,-0.00101
1789370616226120448,0.00002,0.00027,-0.00003,1.00000,0.00000,0.00003,-0.00011,0.99984,0.09360,-0.00101
1789370616326108672,0.00041,-0.00001,-0.00002,1.00000,-0.00001,-0.00016,0.00011,0.99984,0.09360,-0.00101
1789370616359494912,0.00028,-0.00004,0.00013,1.00000,-0.00002,-0.00011,0.00016,0.99984,0.09360,-0.00101
1789370616459464192,0.00044,-0.00054,0.00005,1.00000,-0.00009,-0.00013,0.00017,0.99984,0.09360,-0.00101
1789370616592792320,0.00048,-0.00034,-0.00011,1.00000,-0.00003,-0.00013,0.00019,0.99984,0.09360,-0.00101
1789370616825923328,-0.00006,-0.00028,0.00003,1.00000,0.00004,-0.00011,0.00009,0.99984,0.09360,-0.00101
1789370616925982720,0.00003,-0.00027,-0.00008,1.00000,0.00007,-0.00009,0.00011,0.99984,0.09360,-0.00101
1789370617059371520,0.00044,0.00022,-0.00012,1.00000,0.00017,-0.00012,0.00013,0.99984,0.09360,-0.00101
1789370617192817920,0.00048,0.00018,-0.00016,1.00000,0.00018,-0.00015,0.00020,0.99984,0.09360,-0.00101
1789370617326050304,0.00036,0.00029,0.00016,1.00000,0.00018,-0.00017,0.00009,0.99984,0.09360,-0.00101
1789370617559516928,0.00034,0.00026,-0.00010,1.00000,0.00017,-0.00017,0.00009,0.99984,0.09360,-0.00101
1789370617692607744,0.00014,-0.00005,-0.00021,1.00000,0.00012,-0.00010,0.00010,0.99984,0.09360,-0.00101
1789370617792724480,0.00034,0.00020,0.00013,1.00000,0.00017,-0.00010,0.00016,0.99984,0.09360,-0.00101
1789370617959388416,0.00048,0.00018,-0.00001,1.00000,0.00021,-0.00018,0.00014,0.99984,0.09360,-0.00101
1789370618092790016,0.00043,0.00013,-0.00008,1.00000,0.00017,-0.00016,0.00018,0.99984,0.09360,-0.00101
1789370618159599104,0.00040,0.00037,0.00009,1.00000,0.00025,-0.00015,0.00020,0.99984,0.09360,-0.00101
1789370618292849664,0.00040,0.00020,-0.00001,1.00000,0.00024,-0.00017,0.00018,0.99984,0.09360,-0.00101
1789370618426098944,0.00042,0.00039,0.00012,1.00000,0.00029,-0.00011,0.00022,0.99984,0.09360,-0.00101
1789370618626002176,0.00034,0.00055,0.00015,1.00000,0.00029,-0.00016,0.00014,0.99984,0.09360,-0.00101
1789370618725886208,0.00036,0.00020,-0.00019,1.00000,0.00021,-0.00015,0.00014,0.99984,0.09360,-0.00101
1789370618892867584,0.00050,0.00029,0.00014,1.00000,0.00018,-0.00013,0.00013,0.99984,0.09360,-0.00101
1789370618992630016,0.00036,0.00022,-0.00010,1.00000,0.00015,-0.00012,0.00013,0.99984,0.09360,-0.00101
1789370619126082560,0.00037,0.00012,0.00009,0.69519,-0.71864,-0.01632,-0.00006,0.99984,0.09360,-0.00101
1789370619292800512,0.00185,0.00599,-0.00364,0.69525,-0.71858,-0.01636,-0.00000,0.99984,0.09360,-0.00101
1789370619492781568,0.00218,0.00576,-0.00311,0.69499,-0.71883,-0.01651,0.00016,0.99984,0.09360,-0.00101
1789370619526193152,0.00249,0.00622,-0.00311,0.69502,-0.71881,-0.01649,0.00019,0.99984,0.09360,-0.00101
1789370619626116864,0.00000,0.00000,0.00000,1.00000,0.00000,0.00000,0.00000,0.99984,0.09360,-0.00101
1789370619859520256,0.00000,0.00000,0.00000,1.00000,0.00000,0.00000,0.00000,0.99984,0.09360,-0.00101
1789370619892820736,0.00042,-0.00044,-0.00021,1.00000,-0.00006,-0.00011,0.00008,0.99984,0.09360,-0.00101
1789370620026155776,0.00004,-0.00025,0.00010,1.00000,0.00002,-0.00001,0.00008,0.99984,0.09360,-0.00101
1789370620159466496,0.00024,-0.00004,0.00014,1.00000,0.00007,-0.00014,0.00014,0.99984,0.09360,-0.00101
1789370620525940480,0.00033,-0.00068,-0.00013,1.00000,-0.00007,-0.00018,0.00013,0.99984,0.09360,-0.00101
1789370620692775424,0.00054,0.00035,0.00030,1.00000,0.00028,-0.00024,0.00018,0.99984,0.09360,-0.00101
1789370620792777728,0.00060,0.00058,0.00033,1.00000,0.00027,-0.00019,0.00010,0.99984,0.09360,-0.00101
1789370620859450624,0.00068,0.00033,-0.00010,1.00000,0.00030,-0.00024,0.00027,0.99984,0.09360,-0.00101
1789370620992861440,0.00068,0.00045,0.00017,1.00000,0.00024,-0.00020,0.00021,0.99984,0.09360,-0.00101
1789370621126130688,0.00061,0.00048,0.00038,1.00000,0.00024,-0.00018,0.00011,0.99984,0.09360,-0.00101
1789370621226226944,0.00092,0.00045,0.00026,1.00000,0.00027,-0.00029,0.00023,0.99984,0.09360,-0.00101
1789370621326197504,0.00064,0.00051,0.00022,1.00000,0.00030,-0.00022,0.00022,0.99984,0.09360,-0.00101
1789370621392834304,0.00068,0.00066,0.00029,1.00000,0.00028,-0.00022,0.00020,0.99984,0.09360,-0.00101
1789370621492617984,0.00076,0.00016,-0.00003,1.00000,0.00016,-0.00029,0.00023,0.99984,0.09360,-0.00101
1789370621659462656,0.00068,0.00049,0.00001,1.00000,0.00020,-0.00025,0.00014,0.99984,0.09360,-0.00101
1789370621726148096,0.00087,0.00062,0.00034,1.00000,0.00031,-0.00030,0.00029,0.99984,0.09360,-0.00101
1789370621859440896,0.00059,0.00042,0.00008,1.00000,0.00027,-0.00020,0.00023,0.99984,0.09360,-0.00101
1789370622026243328,0.00097,0.00024,0.00028,1.00000,0.00022,-0.00030,0.00035,0.99984,0.09360,-0.00101
1789370622159374592,0.00064,0.00031,0.00016,1.00000,0.00022,-0.00019,0.00029,0.99984,0.09360,-0.00101
1789370622259484160,0.00056,0.00027,0.00014,1.00000,0.00021,-0.00017,0.00024,0.99984,0.09360,-0.00101
1789370622392837632,0.00067,0.00032,0.00027,1.00000,0.00022,-0.00022,0.00023,0.99984,0.09360,-0.00101
1789370622459472896,0.00091,0.00026,0.00012,1.00000,0.00024,-0.00024,0.00031,0.99984,0.09360,-0.00101
1789370622592839168,0.00098,0.00010,-0.00025,1.00000,0.00024,-0.00026,0.00026,0.99984,0.09360,-0.00101
1789370622659516928,0.00061,0.00014,-0.00003,1.00000,0.00023,-0.00019,0.00032,0.99984,0.09360,-0.00101
1789370622792819968,0.00035,-0.00014,0.00010,0.69530,-0.71853,-0.01667,0.00028,0.99984,0.09360,-0.00101
1789370622992858880,0.00323,0.00339,-0.00295,0.69544,-0.71839,-0.01696,0.00051,0.99984,0.09360,-0.00101
1789370623092603648,0.00326,0.00455,-0.00296,0.69527,-0.71854,-0.01704,0.00051,0.99984,0.09360,-0.00101
1789370623226404864,0.00303,0.00435,-0.00252,0.69520,-0.71862,-0.01700,0.00056,0.99984,0.09360,-0.00101
1789370623359390464,0.00000,0.00000,0.00000,1.00000,0.00000,0.00000,0.00000,0.99984,0.09360,-0.00101
1789370623593037824,0.00000,0.00000,0.00000,1.00000,0.00000,0.00000,0.00000,0.99984,0.09360,-0.00101
1789370623692889344,0.00059,0.00045,0.00008,1.00000,0.00011,-0.00011,0.00008,0.99984,0.09360,-0.00101
1789370623826124544,0.00020,0.00005,-0.00019,1.00000,0.00014,-0.00009,0.00018,0.99984,0.09360,-0.00101
1789370623926704640,0.00008,-0.00000,-0.00010,1.00000,0.00014,-0.00005,0.00015,0.99984,0.09360,-0.00101
1789370624026269952,0.00028,0.00001,-0.00016,1.00000,0.00013,-0.00015,0.00020,0.99984,0.09360,-0.00101
1789370624192948224,0.00053,0.00033,-0.00011,1.00000,0.00019,-0.00019,0.00023,0.99984,0.09360,-0.00101
1789370624292913408,0.00043,0.00068,-0.00013,1.00000,0.00031,-0.00008,0.00028,0.99984,0.09360,-0.00101
1789370624426136832,0.00044,0.00057,0.00009,1.00000,0.00026,-0.00016,0.00026,0.99984,0.09360,-0.00101
1789370624492622336,0.00041,0.00064,0.00014,1.00000,0.00025,-0.00013,0.00023,0.99984,0.09360,-0.00101
1789370624659300096,0.00012,0.00075,0.00018,1.00000,0.00032,-0.00006,0.00024,0.99984,0.09360,-0.00101
1789370624726083584,0.00067,0.00059,-0.00027,1.00000,0.00027,-0.00027,0.00028,0.99984,0.09360,-0.00101
1789370624859503872,0.00046,0.00070,-0.00024,1.00000,0.00029,-0.00013,0.00023,0.99984,0.09360,-0.00101
1789370624959548928,0.00061,0.00081,-0.00002,1.00000,0.00031,-0.00013,0.00033,0.99984,0.09360,-0.00101
1789370625092847616,0.00047,0.00070,-0.00003,1.00000,0.00029,-0.00011,0.00031,0.99984,0.09360,-0.00101
1789370625259520512,0.00066,0.00058,-0.00028,1.00000,0.00037,-0.00027,0.00041,0.99984,0.09360,-0.00101
1789370625359322880,0.00051,0.00056,0.00000,1.00000,0.00033,-0.00012,0.00028,0.99984,0.09360,-0.00101
1789370625459533568,0.00043,0.00051,-0.00032,1.00000,0.00030,-0.00008,0.00028,0.99984,0.09360,-0.00101
1789370625592714752,0.00046,0.00079,-0.00036,1.00000,0.00036,-0.00016,0.00031,0.99984,0.09360,-0.00101
1789370625659317248,0.00062,0.00083,-0.00000,1.00000,0.00039,-0.00017,0.00036,0.99984,0.09360,-0.00101
1789370625826044928,0.00051,0.00053,-0.00036,1.00000,0.00033,-0.00016,0.00036,0.99984,0.09360,-0.00101
1789370625926085888,0.00054,0.00077,-0.00026,1.00000,0.00036,-0.00016,0.00035,0.99984,0.09360,-0.00101
1789370626025999104,0.00046,0.00083,0.00029,1.00000,0.00037,-0.00008,0.00029,0.99984,0.09360,-0.00101
1789370626226274560,0.00145,0.00068,0.00487,1.00000,0.00093,0.00012,0.00095,0.99984,0.09360,-0.00101
1789370626326218496,0.00152,0.00056,0.01389,1.00000,0.00129,0.00020,0.00095,0.99984,0.09360,-0.00101
1789370626426231552,0.00012,-0.00001,0.02860,1.00000,0.00082,0.00140,0.00074,0.99984,0.09360,-0.00101
1789370626559501056,0.00110,0.00050,0.05192,1.00000,0.00073,0.00147,0.00173,0.99984,0.09360,-0.00101
1789370626693283584,-0.00135,0.07916,-0.00278,0.69546,-0.71843,-0.01388,-0.00039,0.99984,0.09360,-0.00101
1789370626793019392,-0.00379,0.09378,-0.00517,0.69570,-0.71817,-0.01495,-0.00219,0.99984,0.09360,-0.00101
1789370626859526144,-0.02336,0.14723,-0.04676,0.69678,-0.71717,-0.01248,-0.00407,0.99984,0.09360,-0.00101
1789370626892966144,-0.02117,0.17234,-0.05014,0.69740,-0.71658,-0.01161,-0.00356,0.99984,0.09360,-0.00101
1789370627093006336,-0.02193,0.19261,-0.04999,0.69716,-0.71682,-0.01089,-0.00326,0.99984,0.09360,-0.00101
1789370627259532544,-0.02202,0.20885,-0.04971,0.69672,-0.71726,-0.01052,-0.00266,0.99984,0.09360,-0.00101
1789370627359694592,-0.02244,0.22091,-0.05081,0.69756,-0.71642,-0.01166,-0.00437,0.99984,0.09360,-0.00101
1789370627526010112,-0.18337,0.27068,0.03142,0.70047,-0.71345,-0.01491,-0.01057,0.99984,0.09360,-0.00101
1789370627826001152,-0.54406,0.29875,-0.04427,0.69854,-0.71544,0.00206,-0.01308,0.99984,0.09360,-0.00101
1789370627926269952,-0.65766,0.30761,-0.07291,0.69790,-0.71600,0.01065,-0.01316,0.99984,0.09360,-0.00101
1789370627993072896,-0.73243,0.30272,-0.08428,0.69787,-0.71590,0.01804,-0.01173,0.99984,0.09360,-0.00101
1789370628126398208,-0.85201,0.31731,-0.11046,0.69917,-0.71435,0.02557,-0.01422,0.99984,0.09360,-0.00101
1789370628292833024,-0.97039,0.32989,-0.13931,0.69816,-0.71517,0.02849,-0.01697,0.99984,0.09360,-0.00101
1789370628426370304,-0.98021,0.35410,-0.14277,0.69891,-0.71441,0.02800,-0.01898,0.99984,0.09360,-0.00101
1789370628559610624,-0.84574,0.35467,-0.11503,0.69872,-0.71480,0.02438,-0.01607,0.99984,0.09360,-0.00101
1789370628693264384,-0.73441,0.33781,-0.18450,0.72318,-0.68809,0.03133,-0.05063,0.99984,0.09360,-0.00101
1789370628926213632,-0.48527,0.25939,-0.56572,0.71255,-0.69893,0.03489,-0.05061,0.99984,0.09360,-0.00101
1789370629126304000,-0.33088,0.10948,-0.86731,0.71930,-0.69178,0.03474,-0.05332,0.99984,0.09360,-0.00101
1789370629592957952,0.00000,0.00000,0.00000,1.00000,0.00000,0.00000,0.00000,0.99984,0.09360,-0.00101
1789370629693104384,0.00261,-0.00046,0.01071,0.99999,0.00141,0.00288,0.00202,0.99984,0.09360,-0.00101
1789370629726240512,0.00240,-0.00041,0.01533,0.99999,0.00044,0.00358,-0.00004,0.99984,0.09360,-0.00101
1789370629793067264,0.00421,-0.00255,0.02241,0.99999,0.00018,0.00510,0.00096,0.99984,0.09360,-0.00101
1789370629959817216,0.00766,0.00022,0.04040,0.99996,0.00154,0.00856,-0.00048,0.99984,0.09360,-0.00101
1789370630092945920,0.01148,-0.00049,0.05760,0.99992,0.00187,0.01270,-0.00114,0.99984,0.09360,-0.00101
1789370630159565568,0.01238,-0.00035,0.06745,0.99989,0.00044,0.01500,-0.00127,0.99984,0.09360,-0.00101
1789370630292950016,0.01645,-0.00125,0.08484,0.99982,0.00050,0.01874,-0.00278,0.99984,0.09360,-0.00101
1789370630526014208,0.00824,0.00085,0.11413,0.99991,0.00146,0.01349,-0.00115,0.99984,0.09360,-0.00101
1789370630692806912,0.00418,0.00283,0.13322,0.99996,0.00145,0.00849,-0.00277,0.99984,0.09360,-0.00101
1789370630726015232,0.00306,0.00242,0.13721,0.99997,0.00121,0.00820,0.00056,0.99984,0.09360,-0.00101
1789370630926044160,0.00128,0.00242,0.16180,0.99999,0.00153,0.00276,0.00204,0.99984,0.09360,-0.00101
1789370630959386880,0.00447,0.00233,0.16532,0.99999,0.00170,0.00159,0.00354,0.99984,0.09360,-0.00101
1789370631159409408,-0.00307,0.00298,0.18608,0.99999,0.00310,-0.00296,0.00311,0.99984,0.09360,-0.00101
1789370631259351296,-0.00744,0.00343,0.19769,0.99998,0.00171,-0.00597,-0.00014,0.99984,0.09360,-0.00101
1789370631426020608,-0.01053,0.00469,0.21998,0.99993,0.00178,-0.01156,0.00005,0.99984,0.09360,-0.00101
1789370631592942336,-0.01777,0.00536,0.24438,0.99985,0.00182,-0.01694,-0.00036,0.99984,0.09360,-0.00101
1789370631759533056,-0.02451,0.00819,0.26948,0.99975,-0.00019,-0.02236,-0.00083,0.99984,0.09360,-0.00101
1789370631926050304,-0.03103,0.00767,0.28164,0.99951,0.00068,-0.03121,0.00022,0.99984,0.09360,-0.00101
1789370632059372800,-0.03620,0.00647,0.29851,0.99921,0.00211,-0.03890,0.00808,0.99984,0.09360,-0.00101
1789370632192779520,-0.05129,0.00643,0.31304,0.99896,-0.00131,-0.04561,0.00141,0.99984,0.09360,-0.00101
1789370632326058752,-0.05802,0.00710,0.32472,0.99857,-0.00071,-0.05344,-0.00046,0.99984,0.09360,-0.00101
1789370632526029824,-0.08112,0.00854,0.35591,0.99748,-0.00065,-0.07095,-0.00031,0.99984,0.09360,-0.00101
1789370632726034688,-0.10621,0.01164,0.38799,0.99587,-0.00242,-0.09079,0.00042,0.99984,0.09360,-0.00101
1789370632892850688,-0.12058,0.01215,0.40492,0.99485,-0.00227,-0.10135,0.00035,0.99984,0.09360,-0.00101
1789370633059722496,-0.12577,0.01134,0.41581,0.99408,-0.00137,-0.10866,0.00122,0.99984,0.09360,-0.00101
1789370633292708864,-0.14470,0.01027,0.43634,0.99279,-0.00314,-0.11978,0.00421,0.99984,0.09360,-0.00101
1789370633359526144,-0.14849,0.01119,0.44318,0.99227,-0.00242,-0.12397,0.00482,0.99984,0.09360,-0.00101
1789370633592784128,-0.17185,0.01355,0.46966,0.99013,-0.00305,-0.14006,0.00272,0.99984,0.09360,-0.00101
1789370633826187264,-0.19236,0.01381,0.49135,0.98802,-0.00443,-0.15422,0.00367,0.99984,0.09360,-0.00101
1789370633960188160,-0.20424,0.01538,0.50319,0.98685,-0.00393,-0.16156,0.00401,0.99984,0.09360,-0.00101
1789370634159911936,-0.22304,0.01547,0.51804,0.98502,-0.00314,-0.17234,0.00499,0.99984,0.09360,-0.00101
1789370634326262016,-0.24084,0.01600,0.53189,0.98340,-0.00489,-0.18133,0.00357,0.99984,0.09360,-0.00101
1789370634559801856,-0.25771,0.01789,0.55131,0.98107,-0.00415,-0.19349,0.00711,0.99984,0.09360,-0.00101
1789370634692835072,-0.26971,0.01935,0.56240,0.97966,-0.00428,-0.20059,0.00338,0.99984,0.09360,-0.00101
1789370634826467328,-0.28227,0.02078,0.57291,0.97829,-0.00516,-0.20714,0.00490,0.99984,0.09360,-0.00101
1789370634959846912,-0.29458,0.01934,0.58484,0.97666,-0.00598,-0.21458,0.00706,0.99984,0.09360,-0.00101
1789370635192722176,-0.31550,0.02107,0.60113,0.97388,-0.00468,-0.22694,0.00582,0.99984,0.09360,-0.00101
1789370635326283776,-0.32799,0.02297,0.61057,0.97238,-0.00456,-0.23325,0.00643,0.99984,0.09360,-0.00101
1789370635492819712,-0.34345,0.02365,0.62148,0.97041,-0.00609,-0.24132,0.00534,0.99984,0.09360,-0.00101
1789370635592829184,-0.35294,0.02351,0.62748,0.96926,-0.00472,-0.24589,0.00680,0.99984,0.09360,-0.00101
1789370635759604480,-0.36874,0.02490,0.64037,0.96706,-0.00644,-0.25437,0.00691,0.99984,0.09360,-0.00101
1789370635893013760,-0.38117,0.02561,0.64856,0.96532,-0.00636,-0.26091,0.00638,0.99984,0.09360,-0.00101
1789370636059833088,-0.39706,0.02596,0.65939,0.96317,-0.00706,-0.26875,0.00598,0.99984,0.09360,-0.00101
1789370636292744960,-0.41949,0.02770,0.67341,0.95996,-0.00651,-0.27998,0.00646,0.99984,0.09360,-0.00101
1789370636459753984,-0.43861,0.02804,0.68405,0.95757,-0.00708,-0.28805,0.00632,0.99984,0.09360,-0.00101
1789370636626533376,-0.45523,0.02922,0.69542,0.95466,-0.00703,-0.29754,0.00720,0.99984,0.09360,-0.00101
1789370636859839232,-0.47779,0.02932,0.71071,0.95058,-0.00815,-0.31030,0.00691,0.99984,0.09360,-0.00101
1789370637026368000,-0.49281,0.02990,0.71948,0.94826,-0.00943,-0.31725,0.00754,0.99984,0.09360,-0.00101
1789370637192745728,-0.51120,0.02969,0.72890,0.94542,-0.00936,-0.32563,0.00798,0.99984,0.09360,-0.00101
1789370637359589888,-0.52636,0.02930,0.74119,0.94456,-0.00910,-0.32810,0.00889,0.99984,0.09360,-0.00101
1789370637459667968,-0.53496,0.03251,0.75185,0.94390,-0.00806,-0.33009,0.00474,0.99984,0.09360,-0.00101
1789370637627002112,-0.54643,0.03190,0.76794,0.94312,-0.00910,-0.33224,0.00778,0.99984,0.09360,-0.00101
1789370637992973312,-0.57855,0.03528,0.79495,0.94169,-0.00879,-0.33628,0.00753,0.99984,0.09360,-0.00101
1789370638159444480,-0.59117,0.03581,0.80927,0.94081,-0.00901,-0.33872,0.00811,0.99984,0.09360,-0.00101
1789370638326096384,-0.60623,0.03558,0.82113,0.94015,-0.00925,-0.34053,0.00847,0.99984,0.09360,-0.00101
1789370638459646976,-0.61971,0.03642,0.83040,0.93947,-0.00969,-0.34242,0.00748,0.99984,0.09360,-0.00101
1789370638626226432,-0.63371,0.03560,0.84305,0.93753,-0.01037,-0.34764,0.00852,0.99984,0.09360,-0.00101
1789370638959411456,-0.69548,0.83902,-0.07946,0.63505,-0.67513,-0.26593,0.26494,0.99984,0.09360,-0.00101
1789370639126344192,-0.71293,0.84981,-0.08109,0.63327,-0.67321,-0.27142,0.26851,0.99984,0.09360,-0.00101
1789370639226315520,-0.72155,0.85457,-0.08275,0.63191,-0.67213,-0.27365,0.27210,0.99984,0.09360,-0.00101
1789370639393031168,-0.73895,0.86099,-0.08436,0.62932,-0.67121,-0.27734,0.27661,0.99984,0.09360,-0.00101
1789370639659610880,-0.76404,0.86466,-0.08559,0.62652,-0.66912,-0.28416,0.28107,0.99984,0.09360,-0.00101
1789370639759641856,-0.77208,0.87069,-0.08680,0.62522,-0.66786,-0.28618,0.28491,0.99984,0.09360,-0.00101
1789370639926962432,-0.79183,0.87678,-0.08793,0.62351,-0.66615,-0.28923,0.28953,0.99984,0.09360,-0.00101
1789370640126190336,-0.80760,0.88220,-0.09034,0.62141,-0.66408,-0.29431,0.29364,0.99984,0.09360,-0.00101
1789370640293017600,-0.82477,0.88333,-0.09070,0.62051,-0.66185,-0.29662,0.29824,0.99984,0.09360,-0.00101
1789370640359754752,-0.98041,0.82386,-0.11095,0.62333,-0.66443,-0.28943,0.29365,0.99984,0.09360,-0.00101
1789370640592929536,-0.99652,0.83562,-0.10741,0.61993,-0.66112,-0.29430,0.30333,0.99984,0.09360,-0.00101
1789370640826344192,-1.01128,0.84133,-0.10826,0.61577,-0.65778,-0.30293,0.31046,0.99984,0.09360,-0.00101
1789370640892813568,-1.01969,0.84267,-0.11015,0.61530,-0.65605,-0.30581,0.31223,0.99984,0.09360,-0.00101
1789370641126264576,-1.04688,0.84576,-0.10800,0.61095,-0.65336,-0.31137,0.32081,0.99984,0.09360,-0.00101
1789370641259505152,-1.06342,0.84669,-0.11088,0.60969,-0.65041,-0.31597,0.32465,0.99984,0.09360,-0.00101
1789370641393049600,-1.07361,0.86153,-0.12163,0.61091,-0.64364,-0.32006,0.33179,0.99984,0.09360,-0.00101
1789370641559644416,-1.09097,0.86559,-0.12446,0.60832,-0.64015,-0.32678,0.33671,0.99984,0.09360,-0.00101
1789370641793033984,-1.11230,0.86480,-0.12417,0.60360,-0.63782,-0.33129,0.34510,0.99984,0.09360,-0.00101
1789370641959694080,-1.12775,0.87091,-0.12468,0.60048,-0.63543,-0.33674,0.34965,0.99984,0.09360,-0.00101
1789370642126507264,-1.14175,0.87209,-0.12504,0.59897,-0.63162,-0.34108,0.35491,0.99984,0.09360,-0.00101
1789370642293062656,-1.15672,0.87549,-0.12559,0.59511,-0.62939,-0.34705,0.35953,0.99984,0.09360,-0.00101
1789370643459692800,0.00000,0.00000,0.00000,1.00000,0.00000,0.00000,0.00000,0.99984,0.09360,-0.00101
1789370643526392576,-0.00259,0.00106,0.00538,0.99999,0.00149,-0.00348,-0.00115,0.99984,0.09360,-0.00101
1789370643659502592,-0.01158,0.00055,0.01696,0.99996,0.00074,-0.00875,-0.00094,0.99984,0.09360,-0.00101
1789370643759592192,-0.01671,0.00088,0.02748,0.99991,-0.00008,-0.01368,0.00017,0.99984,0.09360,-0.00101
1789370643859687680,-0.02481,0.00288,0.03706,0.99983,0.00050,-0.01855,-0.00165,0.99984,0.09360,-0.00101
1789370643993080576,-0.03284,0.00261,0.04820,0.99970,0.00080,-0.02464,0.00024,0.99984,0.09360,-0.00101
1789370644126426368,-0.04539,0.00465,0.06116,0.99950,-0.00006,-0.03149,-0.00068,0.99984,0.09360,-0.00101
1789370644259714560,-0.05192,0.00456,0.08090,0.99923,-0.00090,-0.03925,-0.00090,0.99984,0.09360,-0.00101
1789370644359682048,-0.06110,0.00613,0.08877,0.99907,-0.00141,-0.04319,0.00015,0.99984,0.09360,-0.00101
1789370644492803328,-0.06938,0.00653,0.10065,0.99880,-0.00190,-0.04884,-0.00082,0.99984,0.09360,-0.00101
1789370644693389568,-0.08033,0.00934,0.11765,0.99827,-0.00188,-0.05884,0.00007,0.99984,0.09360,-0.00101
1789370644859553792,-0.09369,0.01035,0.14194,0.99770,-0.00172,-0.06771,0.00074,0.99984,0.09360,-0.00101
1789370644959547136,-0.10023,0.01214,0.15286,0.99726,-0.00134,-0.07393,-0.00008,0.99984,0.09360,-0.00101
1789370645126152704,-0.11140,0.01351,0.17147,0.99662,-0.00138,-0.08210,0.00162,0.99984,0.09360,-0.00101
1789370645326149632,-0.12568,0.01420,0.19207,0.99575,-0.00100,-0.09208,0.00133,0.99984,0.09360,-0.00101
1789370645492953088,-0.13909,0.01566,0.20882,0.99495,-0.00259,-0.10034,0.00136,0.99984,0.09360,-0.00101
1789370645593201152,-0.14781,0.01605,0.21884,0.99450,-0.00260,-0.10470,0.00008,0.99984,0.09360,-0.00101
1789370645893268736,-0.16724,0.01886,0.24819,0.99271,-0.00333,-0.12047,0.00003,0.99984,0.09360,-0.00101
1789370645993109504,-0.17621,0.01875,0.25748,0.99212,-0.00306,-0.12521,0.00177,0.99984,0.09360,-0.00101
1789370646159750400,-0.18996,0.01815,0.27284,0.99103,-0.00456,-0.13354,0.00112,0.99984,0.09360,-0.00101
1789370646326364160,-0.20470,0.02119,0.28857,0.98989,-0.00439,-0.14176,0.00112,0.99984,0.09360,-0.00101
1789370646493383680,-0.21944,0.02230,0.30508,0.98858,-0.00629,-0.15056,0.00075,0.99984,0.09360,-0.00101
1789370646693468672,-0.23588,0.02289,0.32291,0.98698,-0.00510,-0.16072,0.00218,0.99984,0.09360,-0.00101
1789370646859612928,-0.24785,0.02418,0.33712,0.98547,-0.00543,-0.16977,0.00203,0.99984,0.09360,-0.00101
1789370647026358016,-0.25923,0.02729,0.34957,0.98416,-0.00529,-0.17718,0.00253,0.99984,0.09360,-0.00101
1789370647226177792,-0.27683,0.02628,0.36725,0.98241,-0.00780,-0.18657,0.00266,0.99984,0.09360,-0.00101
1789370647426457088,-0.29264,0.02997,0.38133,0.98046,-0.00629,-0.19658,0.00426,0.99984,0.09360,-0.00101
1789370647593248768,-0.31152,0.03182,0.39619,0.97846,-0.00808,-0.20626,0.00407,0.99984,0.09360,-0.00101
1789370647759738368,-0.32558,0.03158,0.40954,0.97665,-0.00868,-0.21464,0.00400,0.99984,0.09360,-0.00101
1789370648093117440,-0.35791,0.03432,0.43219,0.97331,-0.00776,-0.22932,0.00481,0.99984,0.09360,-0.00101
1789370648259642624,-0.37672,0.45207,-0.04839,0.67139,-0.69896,-0.17768,0.17062,0.99984,0.09360,-0.00101
1789370648427046912,-0.39383,0.46955,-0.05054,0.66917,-0.69811,-0.18432,0.17570,0.99984,0.09360,-0.00101
1789370648626238464,-0.52465,0.59640,0.01278,0.67857,-0.69076,-0.17113,0.18195,0.99984,0.09360,-0.00101
1789370648793383168,-0.53967,0.60967,0.01261,0.67614,-0.68993,-0.17706,0.18837,0.99984,0.09360,-0.00101
1789370648926355712,-0.55569,0.61828,0.01064,0.67522,-0.68830,-0.18198,0.19290,0.99984,0.09360,-0.00101
1789370649026298368,-0.56757,0.62510,0.01035,0.67420,-0.68766,-0.18394,0.19683,0.99984,0.09360,-0.00101
1789370649226546688,-0.58874,0.63665,0.00777,0.67306,-0.68529,-0.18961,0.20350,0.99984,0.09360,-0.00101
1789370649359920384,-0.60365,0.64503,0.00670,0.67111,-0.68457,-0.19407,0.20811,0.99984,0.09360,-0.00101
1789370649460244224,-0.61609,0.65094,0.00571,0.66999,-0.68408,-0.19775,0.20986,0.99984,0.09360,-0.00101
1789370649626192128,-0.63262,0.66097,0.00486,0.66809,-0.68289,-0.20192,0.21573,0.99984,0.09360,-0.00101
1789370650459856384,0.00000,0.00000,0.00000,1.00000,0.00000,0.00000,0.00000,0.99984,0.09360,-0.00101
1789370650526427648,-0.00564,-0.00186,0.00696,0.99999,0.00022,-0.00285,-0.00261,0.99984,0.09360,-0.00101
1789370650660214784,-0.01452,-0.00171,0.01900,0.99997,0.00091,-0.00779,-0.00055,0.99984,0.09360,-0.00101
1789370650893233152,-0.03081,-0.00063,0.04101,0.99986,-0.00134,-0.01658,-0.00147,0.99984,0.09360,-0.00101
1789370651059891968,-0.04291,0.00099,0.05762,0.99971,-0.00040,-0.02386,-0.00157,0.99984,0.09360,-0.00101
1789370651226576896,-0.05425,0.00314,0.07729,0.99947,-0.00030,-0.03261,-0.00112,0.99984,0.09360,-0.00101
1789370651392881664,-0.06646,0.00484,0.09548,0.99918,-0.00089,-0.04030,-0.00212,0.99984,0.09360,-0.00101
1789370651526234624,-0.07532,0.00502,0.11719,0.99899,-0.00027,-0.04497,-0.00016,0.99984,0.09360,-0.00101
1789370651659728128,-0.08413,0.00641,0.13145,0.99872,-0.00051,-0.05054,0.00133,0.99984,0.09360,-0.00101
1789370651726456320,-0.08231,0.00600,0.14079,0.99839,-0.00016,-0.05677,-0.00077,0.99984,0.09360,-0.00101
1789370651892955904,-0.09486,0.00757,0.15973,0.99786,-0.00031,-0.06531,0.00046,0.99984,0.09360,-0.00101
1789370652259861504,-0.11567,0.00872,0.19769,0.99637,-0.00066,-0.08506,0.00121,0.99984,0.09360,-0.00101
1789370652459899392,-0.12974,0.01010,0.21799,0.99548,-0.00092,-0.09492,-0.00026,0.99984,0.09360,-0.00101
1789370652592910848,-0.13234,0.00960,0.23297,0.99466,-0.00097,-0.10318,0.00167,0.99984,0.09360,-0.00101
1789370652693113344,-0.14117,0.00944,0.23980,0.99434,-0.00144,-0.10624,0.00231,0.99984,0.09360,-0.00101
1789370652859647232,-0.15107,0.01014,0.25365,0.99338,-0.00150,-0.11485,0.00202,0.99984,0.09360,-0.00101
1789370653059701504,-0.16629,0.01259,0.27419,0.99208,-0.00169,-0.12561,0.00183,0.99984,0.09360,-0.00101
1789370653226241280,-0.17781,0.01186,0.29179,0.99108,-0.00247,-0.13326,0.00131,0.99984,0.09360,-0.00101
1789370653426471168,-0.19307,0.01527,0.30831,0.98959,-0.00070,-0.14390,0.00188,0.99984,0.09360,-0.00101
1789370653526456064,-0.20084,0.01411,0.32010,0.98889,-0.00099,-0.14861,0.00175,0.99984,0.09360,-0.00101
1789370653693128192,-0.21411,0.01590,0.33637,0.98751,-0.00130,-0.15752,0.00120,0.99984,0.09360,-0.00101
1789370653926492416,-0.23453,0.01749,0.36052,0.98551,-0.00329,-0.16957,0.00190,0.99984,0.09360,-0.00101
1789370654093124864,-0.24385,0.37958,0.01390,0.73235,-0.65827,-0.14487,0.09669,0.99984,0.09360,-0.00101
1789370655459939840,0.00000,0.00000,0.00000,1.00000,0.00000,0.00000,0.00000,0.99984,0.09360,-0.00101
1789370655559913728,-0.00323,0.00088,0.01137,0.99998,0.00110,-0.00583,0.00156,0.99984,0.09360,-0.00101
1789370655693150464,-0.01425,0.00229,0.02594,0.99994,0.00081,-0.01080,0.00018,0.99984,0.09360,-0.00101
1789370655859791872,-0.02497,0.00119,0.04792,0.99979,-0.00149,-0.02022,0.00070,0.99984,0.09360,-0.00101
1789370655959915264,-0.02897,0.00157,0.06117,0.99965,-0.00105,-0.02624,0.00191,0.99984,0.09360,-0.00101
1789370656092968448,-0.03944,0.00154,0.07822,0.99946,-0.00138,-0.03284,0.00220,0.99984,0.09360,-0.00101
1789370656226478336,-0.04733,0.00116,0.09409,0.99917,-0.00217,-0.04070,0.00246,0.99984,0.09360,-0.00101
1789370656359635456,-0.05694,0.00274,0.11705,0.99890,-0.00231,-0.04692,0.00101,0.99984,0.09360,-0.00101
1789370656492956672,-0.06491,0.00284,0.13342,0.99859,-0.00262,-0.05291,0.00216,0.99984,0.09360,-0.00101
1789370656559603456,-0.07309,0.00510,0.13988,0.99846,-0.00384,-0.05540,0.00170,0.99984,0.09360,-0.00101
1789370656726251776,-0.08336,0.00598,0.16089,0.99794,-0.00432,-0.06398,0.00158,0.99984,0.09360,-0.00101
1789370657026795008,-0.10017,0.00720,0.19550,0.99688,-0.00532,-0.07866,0.00368,0.99984,0.09360,-0.00101
1789370657226637568,-0.11580,0.00875,0.21505,0.99610,-0.00407,-0.08806,0.00341,0.99984,0.09360,-0.00101
1789370657392945920,-0.12725,0.00986,0.23326,0.99524,-0.00560,-0.09720,0.00402,0.99984,0.09360,-0.00101
1789370657593230592,-0.14056,0.01025,0.25164,0.99432,-0.00500,-0.10628,0.00362,0.99984,0.09360,-0.00101
1789370657693170944,-0.14830,0.01037,0.25954,0.99375,-0.00468,-0.11149,0.00408,0.99984,0.09360,-0.00101
1789370657892957696,-0.16194,0.01199,0.27988,0.99256,-0.00713,-0.12148,0.00368,0.99984,0.09360,-0.00101
1789370658093158912,-0.17926,0.01358,0.29877,0.99118,-0.00493,-0.13239,0.00299,0.99984,0.09360,-0.00101
1789370658326824192,-0.19573,0.01435,0.32437,0.98952,-0.00612,-0.14424,0.00379,0.99984,0.09360,-0.00101
1789370658559845888,-0.21303,0.01695,0.34185,0.98787,-0.00728,-0.15510,0.00264,0.99984,0.09360,-0.00101
1789370658593251584,-0.21315,0.01675,0.34542,0.98766,-0.00847,-0.15635,0.00241,0.99984,0.09360,-0.00101
1789370658759879168,-0.21355,0.01663,0.34389,0.98766,-0.00615,-0.15642,0.00437,0.99984,0.09360,-0.00101
1789370659159607552,-0.21262,0.01674,0.34521,0.98755,-0.00604,-0.15714,0.00345,0.99984,0.09360,-0.00101
1789370659326332160,-0.21238,0.01640,0.34521,0.98754,-0.00655,-0.15718,0.00362,0.99984,0.09360,-0.00101
1789370659459783936,-0.21217,0.01629,0.34496,0.98756,-0.00664,-0.15705,0.00423,0.99984,0.09360,-0.00101
1789370659659686400,-0.20556,0.34794,-0.03392,0.68196,-0.71597,-0.11297,0.09779,0.99984,0.09360,-0.00101
1789370659759611648,-0.20634,0.34759,-0.03427,0.68189,-0.71605,-0.11305,0.09752,0.99984,0.09360,-0.00101
1789370659926504960,-0.21728,0.35139,-0.05640,0.68396,-0.71423,-0.11298,0.09646,0.99984,0.09360,-0.00101
1789370659993144832,-0.21757,0.35108,-0.05650,0.68385,-0.71440,-0.11261,0.09648,0.99984,0.09360,-0.00101
1789370660126863360,0.00000,0.00000,0.00000,1.00000,0.00000,0.00000,0.00000,0.99984,0.09360,-0.00101
1789370660893306880,0.00000,0.00000,0.00000,1.00000,0.00000,0.00000,0.00000,0.99984,0.09360,-0.00101
1789370660993142528,0.00074,0.00006,-0.00023,1.00000,-0.00012,-0.00016,-0.00006,0.99984,0.09360,-0.00101
1789370661092983296,0.00043,-0.00001,0.00017,1.00000,-0.00007,-0.00002,0.00001,0.99984,0.09360,-0.00101
1789370661226596864,0.00017,0.00091,0.00009,1.00000,0.00017,-0.00002,0.00001,0.99984,0.09360,-0.00101
1789370661326448640,-0.00024,0.00057,0.00009,1.00000,0.00006,0.00008,0.00011,0.99984,0.09360,-0.00101
1789370661526531584,-0.00038,0.00107,0.00024,1.00000,0.00015,0.00014,0.00005,0.99984,0.09360,-0.00101
1789370661626387200,0.00007,-0.00012,0.00032,1.00000,-0.00012,0.00012,0.00007,0.99984,0.09360,-0.00101
1789370661726468608,-0.00014,-0.00008,0.00013,1.00000,-0.00016,0.00016,0.00023,0.99984,0.09360,-0.00101
1789370661859974144,-0.00011,-0.00010,0.00026,1.00000,-0.00016,0.00015,0.00005,0.99984,0.09360,-0.00101
1789370662026360064,-0.00043,-0.00051,0.00034,1.00000,-0.00024,0.00029,0.00016,0.99984,0.09360,-0.00101
1789370662126405120,-0.00059,-0.00031,0.00020,1.00000,-0.00015,0.00030,0.00006,0.99984,0.09360,-0.00101
1789370662193023232,-0.00036,-0.00025,0.00034,1.00000,-0.00020,0.00017,0.00008,0.99984,0.09360,-0.00101
1789370662359703296,-0.00067,-0.00014,0.00033,1.00000,-0.00019,0.00023,0.00002,0.99984,0.09360,-0.00101
1789370662493027328,-0.00050,0.00009,0.00010,1.00000,-0.00007,0.00027,0.00005,0.99984,0.09360,-0.00101
1789370662659726336,-0.00026,-0.00013,0.00021,1.00000,-0.00008,0.00020,0.00011,0.99984,0.09360,-0.00101
1789370662759709696,0.00032,-0.00018,0.00007,1.00000,-0.00010,0.00016,0.00029,0.99984,0.09360,-0.00101
1789370662893499136,-0.00049,-0.00005,0.00013,1.00000,-0.00011,0.00030,0.00011,0.99984,0.09360,-0.00101
1789370663026732544,-0.00039,-0.00000,0.00021,1.00000,-0.00011,0.00027,0.00009,0.99984,0.09360,-0.00101
1789370663393034752,-0.00081,-0.00014,0.00040,1.00000,-0.00009,0.00039,0.00004,0.99984,0.09360,-0.00101
1789370663526382336,-0.00029,-0.00017,0.00030,1.00000,-0.00012,0.00022,0.00011,0.99984,0.09360,-0.00101
1789370663659650304,-0.00039,-0.00023,0.00023,1.00000,-0.00019,0.00023,0.00014,0.99984,0.09360,-0.00101
1789370663767263744,0.00013,0.00006,0.00013,0.69264,-0.72115,-0.01360,-0.00001,0.99984,0.09360,-0.00101
1789370663828301824,0.00022,0.00017,0.00025,0.69262,-0.72118,-0.01365,0.00003,0.99984,0.09360,-0.00101
1789370663964638464,0.01645,0.00041,0.00190,0.69278,-0.72098,-0.01533,0.00162,0.99984,0.09360,-0.00101
1789370664093262848,0.01375,0.00557,0.00249,0.69291,-0.72082,-0.01642,0.00377,0.99984,0.09360,-0.00101
1789370664226547200,0.00638,0.01993,0.00250,0.69235,-0.72123,-0.02013,0.00852,0.99984,0.09360,-0.00101
1789370664293422336,-0.00012,0.02895,0.00209,0.69260,-0.72086,-0.02346,0.01104,0.99984,0.09360,-0.00101
1789370664459912448,-0.01376,0.05407,0.00042,0.69149,-0.72143,-0.03172,0.01937,0.99984,0.09360,-0.00101
1789370664593290240,-0.02283,0.06815,-0.00055,0.69110,-0.72144,-0.03573,0.02519,0.99984,0.09360,-0.00101
1789370664726643200,-0.03090,0.08207,-0.00137,0.69157,-0.72067,-0.03896,0.02927,0.99984,0.09360,-0.00101
1789370664826548736,-0.03471,0.09257,-0.00127,0.69066,-0.72117,-0.04296,0.03249,0.99984,0.09360,-0.00101
1789370664859884032,-0.03704,0.09491,-0.00101,0.69047,-0.72127,-0.04351,0.03355,0.99984,0.09360,-0.00101
1789370664926556416,-0.03996,0.10131,-0.00266,0.69118,-0.72035,-0.04510,0.03658,0.99984,0.09360,-0.00101
1789370665159902720,-0.05161,0.12341,-0.00588,0.69085,-0.71962,-0.05364,0.04467,0.99984,0.09360,-0.00101
1789370665593133568,-0.13560,0.14289,0.00021,0.68805,-0.72082,-0.06300,0.05518,0.99984,0.09360,-0.00101
1789370665726408960,-0.14043,0.15297,-0.00042,0.68756,-0.72055,-0.06681,0.06003,0.99984,0.09360,-0.00101
1789370665859741696,-0.13510,0.16504,-0.00391,0.68739,-0.71974,-0.07192,0.06556,0.99984,0.09360,-0.00101
1789370665993301504,-0.12484,0.18129,-0.00992,0.68688,-0.71905,-0.07706,0.07229,0.99984,0.09360,-0.00101
1789370666060261888,-0.12595,0.19122,-0.01212,0.68705,-0.71833,-0.08030,0.07425,0.99984,0.09360,-0.00101
1789370666226588416,-0.13428,0.21343,-0.01599,0.68605,-0.71801,-0.08616,0.07985,0.99984,0.09360,-0.00101
1789370666359719936,-0.13349,0.22746,-0.01773,0.68558,-0.71697,-0.09159,0.08689,0.99984,0.09360,-0.00101
1789370666659963904,-0.15637,0.24683,-0.01961,0.68467,-0.71525,-0.10125,0.09693,0.99984,0.09360,-0.00101
1789370666826376448,-0.17596,0.26477,-0.02052,0.68358,-0.71465,-0.10649,0.10322,0.99984,0.09360,-0.00101
1789370666926525440,-0.18507,0.27305,-0.02252,0.68268,-0.71448,-0.11014,0.10648,0.99984,0.09360,-0.00101
1789370667126608128,-0.14504,0.32897,0.07052,0.70166,-0.69251,-0.12830,0.10792,0.99984,0.09360,-0.00101
1789370667326571264,0.05130,0.50746,0.49010,0.69954,-0.69220,-0.13581,0.11428,0.99984,0.09360,-0.00101
1789370668293154304,0.00000,0.00000,0.00000,1.00000,0.00000,0.00000,0.00000,0.99984,0.09360,-0.00101
1789370668326387968,-0.00246,0.00119,0.00171,1.00000,0.00065,-0.00172,0.00008,0.99984,0.09360,-0.00101
1789370668493080832,-0.00694,0.00053,0.01313,0.99995,-0.00146,-0.01015,0.00047,0.99984,0.09360,-0.00101
1789370668626608896,-0.01972,0.00044,0.01920,0.99988,-0.00124,-0.01560,-0.00055,0.99984,0.09360,-0.00101
1789370668726617856,-0.02501,0.00028,0.02789,0.99980,-0.00101,-0.02015,0.00111,0.99984,0.09360,-0.00101
1789370668860124416,-0.03125,-0.00163,0.04147,0.99964,-0.00228,-0.02661,0.00051,0.99984,0.09360,-0.00101
1789370669093449472,-0.04247,-0.00298,0.05837,0.99929,-0.00484,-0.03730,0.00117,0.99984,0.09360,-0.00101
1789370669226605824,-0.04669,-0.00164,0.08887,0.99901,-0.00503,-0.04408,0.00205,0.99984,0.09360,-0.00101
1789370669293296384,-0.04921,-0.00061,0.09488,0.99885,-0.00209,-0.04781,0.00183,0.99984,0.09360,-0.00101
1789370669460099840,-0.05863,-0.00103,0.11103,0.99846,-0.00339,-0.05525,0.00447,0.99984,0.09360,-0.00101
1789370669626572032,-0.07243,-0.00050,0.12777,0.99792,-0.00469,-0.06418,0.00340,0.99984,0.09360,-0.00101
1789370669760037120,-0.08507,0.00165,0.14717,0.99741,-0.00529,-0.07164,0.00165,0.99984,0.09360,-0.00101
1789370669893202432,-0.09172,0.00387,0.15909,0.99691,-0.00527,-0.07840,0.00165,0.99984,0.09360,-0.00101
1789370670093095424,-0.10695,0.00423,0.18391,0.99599,-0.00465,-0.08927,0.00230,0.99984,0.09360,-0.00101
1789370670293261312,-0.12342,0.00615,0.20202,0.99514,-0.00468,-0.09834,0.00272,0.99984,0.09360,-0.00101
1789370670426557184,-0.13034,0.00800,0.21267,0.99446,-0.00508,-0.10495,0.00427,0.99984,0.09360,-0.00101
1789370670626547200,-0.14516,0.00966,0.23038,0.99349,-0.00523,-0.11378,0.00326,0.99984,0.09360,-0.00101
1789370670793436160,-0.15675,0.00846,0.24463,0.99262,-0.00534,-0.12105,0.00386,0.99984,0.09360,-0.00101
1789370671060479232,-0.17879,0.01183,0.27304,0.99102,-0.00759,-0.13339,0.00467,0.99984,0.09360,-0.00101
1789370671226741248,-0.18898,0.01384,0.28435,0.98998,-0.00643,-0.14097,0.00459,0.99984,0.09360,-0.00101
1789370671359933440,-0.19866,0.01535,0.29424,0.98914,-0.00639,-0.14672,0.00516,0.99984,0.09360,-0.00101
1789370671593116928,-0.21687,0.01259,0.31021,0.98752,-0.00905,-0.15716,0.00476,0.99984,0.09360,-0.00101
1789370671726500096,-0.22533,0.01531,0.31948,0.98647,-0.00869,-0.16358,0.00620,0.99984,0.09360,-0.00101
1789370671893130240,-0.23920,0.01700,0.33374,0.98499,-0.00994,-0.17219,0.00621,0.99984,0.09360,-0.00101
1789370672059825152,-0.25406,0.01878,0.34738,0.98319,-0.01028,-0.18217,0.00606,0.99984,0.09360,-0.00101
1789370672226624768,-0.26854,0.02023,0.35833,0.98155,-0.01059,-0.19080,0.00590,0.99984,0.09360,-0.00101
1789370672359787520,-0.27566,0.01966,0.36970,0.98019,-0.01168,-0.19752,0.00874,0.99984,0.09360,-0.00101
1789370672459775488,-0.28613,0.02136,0.37489,0.97912,-0.01146,-0.20285,0.00697,0.99984,0.09360,-0.00101
1789370672659749632,-0.30586,0.02201,0.38690,0.97681,-0.01198,-0.21362,0.00832,0.99984,0.09360,-0.00101
1789370672893375744,-0.32926,0.40394,-0.03945,0.66994,-0.70371,-0.16992,0.16462,0.99984,0.09360,-0.00101
1789370673059709184,-0.34296,0.41726,-0.04256,0.66768,-0.70330,-0.17419,0.17096,0.99984,0.09360,-0.00101
1789370673259872000,-0.36150,0.42476,-0.04418,0.66586,-0.70113,-0.18333,0.17731,0.99984,0.09360,-0.00101
1789370673326536960,-0.64197,0.37623,-0.06265,0.66751,-0.70446,-0.17070,0.17035,0.99984,0.09360,-0.00101
1789370673493305856,-0.65373,0.38315,-0.06391,0.66591,-0.70345,-0.17588,0.17549,0.99984,0.09360,-0.00101
1789370673626612480,-0.66363,0.38987,-0.06458,0.66470,-0.70242,-0.18056,0.17936,0.99984,0.09360,-0.00101
1789370673793308672,-0.67611,0.40019,-0.06563,0.66202,-0.70204,-0.18639,0.18474,0.99984,0.09360,-0.00101
1789370673993344512,-0.69199,0.41019,-0.06711,0.66083,-0.69966,-0.19172,0.19244,0.99984,0.09360,-0.00101
1789370674126798080,-0.70189,0.41660,-0.06843,0.65946,-0.69856,-0.19642,0.19633,0.99984,0.09360,-0.00101
1789370674259972608,-0.77304,0.46939,-0.07547,0.65843,-0.69800,-0.19990,0.19828,0.99984,0.09360,-0.00101
1789370674427120384,-0.80343,0.51261,-0.07951,0.65568,-0.69610,-0.20832,0.20525,0.99984,0.09360,-0.00101
1789370674560123648,-0.81573,0.52261,-0.08076,0.65434,-0.69434,-0.21219,0.21144,0.99984,0.09360,-0.00101
1789370674693432832,-0.82864,0.53028,-0.08086,0.65232,-0.69320,-0.21548,0.21797,0.99984,0.09360,-0.00101
1789370674859778304,-0.84539,0.53955,-0.08127,0.64981,-0.69161,-0.22156,0.22433,0.99984,0.09360,-0.00101
1789370674960065280,-0.85802,0.54406,-0.08424,0.64855,-0.69039,-0.22759,0.22573,0.99984,0.09360,-0.00101
1789370675126603008,-0.87572,0.55331,-0.08597,0.64678,-0.68804,-0.23338,0.23197,0.99984,0.09360,-0.00101
1789370675293144576,-0.89126,0.56257,-0.08796,0.64435,-0.68674,-0.23726,0.23857,0.99984,0.09360,-0.00101
1789370675426817536,-0.90428,0.56963,-0.08805,0.64188,-0.68601,-0.24136,0.24316,0.99984,0.09360,-0.00101
1789370675559962624,-0.91822,0.57464,-0.08929,0.64003,-0.68463,-0.24634,0.24691,0.99984,0.09360,-0.00101
1789370675726772224,-0.93557,0.58250,-0.09215,0.63863,-0.68163,-0.25198,0.25307,0.99984,0.09360,-0.00101
1789370675859971840,-0.95123,0.58859,-0.09281,0.63621,-0.68039,-0.25583,0.25856,0.99984,0.09360,-0.00101
1789370676026657024,-0.97153,0.60226,-0.09629,0.63246,-0.67866,-0.26143,0.26659,0.99984,0.09360,-0.00101
1789370676327023616,-1.00521,0.61309,-0.10034,0.62729,-0.67498,-0.27385,0.27552,0.99984,0.09360,-0.00101
1789370676459881728,-1.01865,0.61877,-0.10024,0.62456,-0.67350,-0.27766,0.28147,0.99984,0.09360,-0.00101
1789370676593310720,-1.03241,0.62468,-0.10010,0.62219,-0.67199,-0.28119,0.28677,0.99984,0.09360,-0.00101
1789370676759958784,-1.04911,0.63066,-0.10298,0.61998,-0.66903,-0.28654,0.29312,0.99984,0.09360,-0.00101
1789370676926873856,-1.10631,0.62367,-0.10054,0.57135,-0.71499,-0.28542,0.28440,0.99984,0.09360,-0.00101
1789370677093258496,-1.24338,0.58121,-0.06149,0.57414,-0.70934,-0.29034,0.28793,0.99984,0.09360,-0.00101
1789370677226764800,-1.38528,0.57646,-0.06395,0.57679,-0.70172,-0.29404,0.29740,0.99984,0.09360,-0.00101
1789370677359810560,-1.52134,0.59443,-0.04184,0.57970,-0.69546,-0.29638,0.30403,0.99984,0.09360,-0.00101
1789370677526860800,-1.70084,0.65484,-0.01049,0.57916,-0.69011,-0.30198,0.31165,0.99984,0.09360,-0.00101
1789370677560042752,-1.70642,0.65609,-0.00966,0.57903,-0.68954,-0.30227,0.31288,0.99984,0.09360,-0.00101
1789370677759823616,-1.92717,0.79016,0.01660,0.57401,-0.68538,-0.31280,0.32082,0.99984,0.09360,-0.00101
1789370677859802368,-2.12210,0.85295,-0.00174,0.58018,-0.67919,-0.31240,0.32325,0.99984,0.09360,-0.00101
1789370678026504704,-2.13943,0.85858,-0.00273,0.57762,-0.67612,-0.31743,0.32932,0.99984,0.09360,-0.00101
1789370678126543872,-2.15527,0.85665,-0.00750,0.57510,-0.67617,-0.32183,0.32936,0.99984,0.09360,-0.00101
1789370678259992320,-2.16656,0.85905,-0.00917,0.57297,-0.67395,-0.32462,0.33484,0.99984,0.09360,-0.00101
1789370678426494720,-2.18611,0.86200,-0.01135,0.56953,-0.67093,-0.32889,0.34251,0.99984,0.09360,-0.00101
1789370678526510336,-2.19918,0.86323,-0.01135,0.56775,-0.66887,-0.33282,0.34570,0.99984,0.09360,-0.00101
1789370678626463744,-2.20912,0.86611,-0.01189,0.56577,-0.66685,-0.33682,0.34895,0.99984,0.09360,-0.00101
1789370678859784704,-2.20119,0.98678,-0.07439,0.56456,-0.65269,-0.34769,0.36658,0.99984,0.09360,-0.00101
1789370678993325824,-2.14723,1.18692,-0.21288,0.56547,-0.64734,-0.35170,0.37081,0.99984,0.09360,-0.00101
1789370679159948032,-2.08451,1.45305,-0.37766,0.56708,-0.63780,-0.35776,0.37899,0.99984,0.09360,-0.00101
1789370679293717504,-2.02782,1.68904,-0.50677,0.57331,-0.62149,-0.36574,0.38898,0.99984,0.09360,-0.00101
1789370679493387776,-1.98926,2.06968,-0.67583,0.57284,-0.60946,-0.37567,0.39910,0.99984,0.09360,-0.00101
1789370679560015616,-1.99526,2.07806,-0.68283,0.57197,-0.60728,-0.37725,0.40216,0.99984,0.09360,-0.00101
1789370679693620736,-1.99714,2.16718,-0.71560,0.57117,-0.60011,-0.38212,0.40941,0.99984,0.09360,-0.00101
1789370679959967488,-2.08784,2.06174,-0.73997,0.56343,-0.59584,-0.39091,0.41798,0.99984,0.09360,-0.00101
1789370680093295104,-2.08308,2.01801,-0.69990,0.55925,-0.59481,-0.39660,0.41970,0.99984,0.09360,-0.00101
1789370680226481408,-2.09990,2.01516,-0.69730,0.55629,-0.59255,-0.40008,0.42352,0.99984,0.09360,-0.00101
1789370680359823872,-2.11086,2.01664,-0.69825,0.55223,-0.58993,-0.40310,0.42958,0.99984,0.09360,-0.00101
1789370680526662400,-2.12716,2.01728,-0.69608,0.54784,-0.58653,-0.40869,0.43454,0.99984,0.09360,-0.00101
1789370680659932160,-2.14118,2.01521,-0.69550,0.54551,-0.58327,-0.41368,0.43713,0.99984,0.09360,-0.00101
1789370680826503680,-2.15843,2.01454,-0.69635,0.54199,-0.58010,-0.41808,0.44152,0.99984,0.09360,-0.00101
1789370680993548032,-2.17401,2.01343,-0.69619,0.53764,-0.57655,-0.42373,0.44607,0.99984,0.09360,-0.00101
1789370681060022272,-2.17716,2.01273,-0.69019,0.53606,-0.57431,-0.42573,0.44895,0.99984,0.09360,-0.00101
1789370681193412864,-2.19198,2.01307,-0.68983,0.53242,-0.57092,-0.43020,0.45334,0.99984,0.09360,-0.00101
1789370682293432064,0.00000,0.00000,0.00000,1.00000,0.00000,0.00000,0.00000,0.99984,0.09360,-0.00101
1789370682393325568,-0.00611,0.00156,0.00946,0.99999,-0.00020,-0.00454,0.00042,0.99984,0.09360,-0.00101
1789370682493402368,-0.01327,-0.00002,0.01874,0.99996,0.00031,-0.00906,-0.00032,0.99984,0.09360,-0.00101
1789370682626540288,-0.00698,0.00191,0.02926,0.99996,0.00042,-0.00883,-0.00032,0.99984,0.09360,-0.00101
1789370682726513664,-0.00117,0.00149,0.04536,0.99999,0.00023,-0.00139,-0.00367,0.99984,0.09360,-0.00101
1789370682826497536,0.01173,0.00083,0.05929,0.99996,0.00231,0.00833,-0.00004,0.99984,0.09360,-0.00101
1789370682959977984,0.01876,0.00046,0.07534,0.99983,0.00224,0.01783,-0.00449,0.99984,0.09360,-0.00101
1789370683093336064,0.02669,0.00033,0.10871,0.99964,0.00291,0.02655,-0.00249,0.99984,0.09360,-0.00101
1789370683226547968,0.03538,-0.00062,0.12052,0.99945,0.00370,0.03286,-0.00003,0.99984,0.09360,-0.00101
1789370683393303296,0.04412,0.00030,0.14004,0.99909,0.00349,0.04244,-0.00188,0.99984,0.09360,-0.00101
1789370683493579008,0.04751,0.00112,0.15378,0.99880,0.00519,0.04858,-0.00444,0.99984,0.09360,-0.00101
1789370683526771200,0.04899,0.00166,0.15835,0.99873,0.00346,0.04995,-0.00523,0.99984,0.09360,-0.00101
1789370683793491968,0.06778,0.00143,0.18943,0.99788,0.00612,0.06483,-0.00155,0.99984,0.09360,-0.00101
1789370684126885120,0.08783,0.00259,0.22393,0.99669,0.00615,0.08098,-0.00375,0.99984,0.09360,-0.00101
1789370684326752512,0.10565,0.00041,0.24732,0.99566,0.00727,0.09271,-0.00258,0.99984,0.09360,-0.00101
1789370684526823680,0.12264,0.00038,0.27152,0.99457,0.00738,0.10376,-0.00310,0.99984,0.09360,-0.00101
1789370684793621760,0.13741,-0.00018,0.29893,0.99302,0.00772,0.11761,-0.00490,0.99984,0.09360,-0.00101
1789370684960627456,0.15213,0.00093,0.31656,0.99187,0.00874,0.12681,-0.00546,0.99984,0.09360,-0.00101
1789370685126951936,0.16942,0.00043,0.33380,0.99052,0.00913,0.13696,-0.00518,0.99984,0.09360,-0.00101
1789370685360441088,0.18574,-0.00041,0.35644,0.98866,0.01033,0.14975,-0.00489,0.99984,0.09360,-0.00101
1789370685560195072,0.18921,0.00129,0.37518,0.98844,0.00985,0.15113,-0.00669,0.99984,0.09360,-0.00101
1789370685726772224,0.19920,-0.00122,0.39342,0.98850,0.00933,0.15089,-0.00390,0.99984,0.09360,-0.00101
1789370685926555392,0.20633,-0.00063,0.41754,0.98848,0.01043,0.15090,-0.00568,0.99984,0.09360,-0.00101
1789370686026746624,0.20743,-0.00009,0.43088,0.98838,0.01039,0.15162,-0.00297,0.99984,0.09360,-0.00101
1789370686226566144,0.21806,0.00062,0.45190,0.98837,0.01116,0.15164,-0.00274,0.99984,0.09360,-0.00101
1789370686360263936,0.22001,0.00234,0.46476,0.98835,0.01062,0.15171,-0.00621,0.99984,0.09360,-0.00101
1789370686526747904,0.22445,0.00218,0.47763,0.98835,0.00973,0.15173,-0.00703,0.99984,0.09360,-0.00101
1789370686693199104,0.23081,0.00095,0.49326,0.98823,0.01001,0.15251,-0.00706,0.99984,0.09360,-0.00101
1789370687026833664,0.24561,-0.00016,0.53142,0.98796,0.01333,0.15404,-0.00597,0.99984,0.09360,-0.00101
1789370687126570496,0.24384,0.55079,-0.02618,0.68955,-0.70816,0.09899,-0.11498,0.99984,0.09360,-0.00101
1789370687260252672,0.24965,0.56739,-0.02675,0.68951,-0.70820,0.09799,-0.11583,0.99984,0.09360,-0.00101
1789370687393681920,0.25470,0.57985,-0.02755,0.68953,-0.70810,0.09930,-0.11527,0.99984,0.09360,-0.00101
1789370687560372736,0.25971,0.59612,-0.02783,0.69016,-0.70741,0.10043,-0.11473,0.99984,0.09360,-0.00101
1789370687726664704,0.29689,0.65651,-0.02975,0.69166,-0.70659,0.09839,-0.11246,0.99984,0.09360,-0.00101
1789370687960237312,0.30572,0.67603,-0.02953,0.69135,-0.70682,0.09812,-0.11322,0.99984,0.09360,-0.00101
1789370688693575424,0.00000,0.00000,0.00000,1.00000,0.00000,0.00000,0.00000,0.99984,0.09360,-0.00101
1789370688726775040,0.00212,0.00125,0.00412,1.00000,-0.00031,-0.00133,0.00034,0.99984,0.09360,-0.00101
1789370688893590016,0.00291,-0.00070,0.01924,1.00000,-0.00005,-0.00009,0.00143,0.99984,0.09360,-0.00101
1789370688993658112,-0.00053,0.00007,0.02844,1.00000,0.00053,0.00029,-0.00166,0.99984,0.09360,-0.00101
1789370689126927104,0.00118,-0.00066,0.03709,1.00000,0.00003,-0.00031,-0.00053,0.99984,0.09360,-0.00101
1789370689260574720,0.00224,-0.00197,0.04117,1.00000,-0.00017,0.00028,0.00112,0.99984,0.09360,-0.00101
1789370689393648896,0.00118,-0.00163,0.04965,1.00000,-0.00044,0.00020,-0.00090,0.99984,0.09360,-0.00101
1789370689526914304,0.00045,-0.00003,0.06379,1.00000,0.00036,0.00119,-0.00079,0.99984,0.09360,-0.00101
1789370689627054080,0.00141,0.00075,0.08181,1.00000,-0.00085,0.00208,0.00073,0.99984,0.09360,-0.00101
1789370689726604288,-0.00252,0.00236,0.08650,1.00000,-0.00149,0.00189,-0.00179,0.99984,0.09360,-0.00101
1789370689860169216,-0.00520,0.00211,0.09795,1.00000,-0.00089,0.00251,0.00006,0.99984,0.09360,-0.00101
1789370689960167680,-0.00144,0.00313,0.12300,1.00000,0.00040,0.00276,-0.00114,0.99984,0.09360,-0.00101
1789370690260247040,0.00567,0.00251,0.15153,0.99993,-0.00121,0.01170,-0.00113,0.99984,0.09360,-0.00101
1789370690360272640,0.01054,0.00260,0.16221,0.99984,0.00063,0.01784,-0.00243,0.99984,0.09360,-0.00101
1789370690493471744,0.01842,0.00247,0.17874,0.99966,0.00102,0.02610,-0.00086,0.99984,0.09360,-0.00101
1789370690693570304,0.03487,0.00431,0.21322,0.99931,0.00064,0.03717,-0.00241,0.99984,0.09360,-0.00101
1789370690926865152,0.05231,0.00521,0.24480,0.99865,0.00123,0.05172,-0.00401,0.99984,0.09360,-0.00101
1789370691060174592,0.06246,0.00618,0.26130,0.99823,0.00160,0.05934,-0.00340,0.99984,0.09360,-0.00101
1789370691193446656,0.07512,0.00692,0.28196,0.99770,0.00228,0.06774,-0.00089,0.99984,0.09360,-0.00101
1789370691360066048,0.08778,0.00785,0.30530,0.99684,0.00185,0.07935,-0.00180,0.99984,0.09360,-0.00101
1789370691626792448,0.10737,0.00467,0.34104,0.99534,0.00186,0.09623,-0.00530,0.99984,0.09360,-0.00101
1789370691826836480,0.12448,0.00600,0.36531,0.99405,0.00297,0.10878,-0.00431,0.99984,0.09360,-0.00101
1789370691960055808,0.13895,0.00567,0.38265,0.99308,0.00325,0.11730,-0.00412,0.99984,0.09360,-0.00101
1789370692193491456,0.14504,0.41365,-0.01603,0.69371,-0.71002,0.07273,-0.09669,0.99984,0.09360,-0.00101
1789370692327019520,0.15695,0.42969,-0.01662,0.69379,-0.70857,0.07854,-0.10206,0.99984,0.09360,-0.00101
1789370692493489152,0.22359,0.46160,-0.03254,0.69395,-0.70723,0.08317,-0.10648,0.99984,0.09360,-0.00101
1789370692693903872,0.23970,0.48316,-0.03296,0.69432,-0.70423,0.09129,-0.11685,0.99984,0.09360,-0.00101
1789370692926909952,0.26092,0.51264,-0.03343,0.69105,-0.70377,0.10207,-0.12938,0.99984,0.09360,-0.00101
1789370692993490176,0.26941,0.51987,-0.03517,0.69273,-0.70097,0.10636,-0.13211,0.99984,0.09360,-0.00101
1789370693160216064,0.28612,0.53847,-0.03564,0.69095,-0.70017,0.11399,-0.13910,0.99984,0.09360,-0.00101
1789370693293523456,0.29641,0.55249,-0.03532,0.68937,-0.69941,0.11805,-0.14715,0.99984,0.09360,-0.00101
1789370693493479680,0.31491,0.57471,-0.03715,0.68852,-0.69655,0.12753,-0.15652,0.99984,0.09360,-0.00101
1789370693693518848,0.33369,0.59251,-0.03385,0.68799,-0.69357,0.13626,-0.16453,0.99984,0.09360,-0.00101
1789370693859991808,0.37387,0.65276,-0.04187,0.68785,-0.69115,0.14077,-0.17135,0.99984,0.09360,-0.00101
1789370694793501696,0.00000,0.00000,0.00000,1.00000,0.00000,0.00000,0.00000,0.99984,0.09360,-0.00101
1789370694860187392,0.00339,-0.00152,0.00741,1.00000,-0.00140,0.00231,0.00007,0.99984,0.09360,-0.00101
1789370694993529600,0.00918,-0.00262,0.02283,0.99996,-0.00119,0.00880,0.00096,0.99984,0.09360,-0.00101
1789370695126943488,0.01445,-0.00350,0.04077,0.99986,-0.00139,0.01673,-0.00009,0.99984,0.09360,-0.00101
1789370695260207104,0.01851,-0.00428,0.05942,0.99968,-0.00253,0.02529,-0.00104,0.99984,0.09360,-0.00101
1789370695393541632,0.02412,-0.00476,0.07353,0.99945,-0.00003,0.03329,-0.00089,0.99984,0.09360,-0.00101
1789370695493337856,0.03326,-0.00338,0.09175,0.99928,0.00061,0.03802,-0.00023,0.99984,0.09360,-0.00101
1789370695693491712,0.04187,-0.00316,0.11282,0.99889,0.00048,0.04700,-0.00141,0.99984,0.09360,-0.00101
1789370695927127808,0.05586,-0.00439,0.13903,0.99831,0.00393,0.05790,-0.00094,0.99984,0.09360,-0.00101
1789370696060067072,0.06195,-0.00080,0.16023,0.99785,0.00428,0.06539,-0.00148,0.99984,0.09360,-0.00101
1789370696260282880,0.07650,-0.00096,0.18793,0.99701,0.00307,0.07715,-0.00077,0.99984,0.09360,-0.00101
1789370696426915840,0.08698,-0.00286,0.21202,0.99637,0.00249,0.08512,-0.00191,0.99984,0.09360,-0.00101
1789370696626818304,0.09750,-0.00107,0.23146,0.99547,0.00493,0.09489,-0.00376,0.99984,0.09360,-0.00101
1789370696793477632,0.10708,0.00024,0.25146,0.99470,0.00242,0.10271,-0.00372,0.99984,0.09360,-0.00101
1789370696959967744,0.12446,-0.00096,0.27593,0.99385,0.00275,0.11067,-0.00394,0.99984,0.09360,-0.00101
1789370697160190208,0.13547,-0.00303,0.30073,0.99243,0.00524,0.12259,-0.00462,0.99984,0.09360,-0.00101
1789370697360147200,0.15272,0.00002,0.32105,0.99143,0.00627,0.13038,-0.00504,0.99984,0.09360,-0.00101
1789370697526836736,0.16431,-0.00197,0.33909,0.99038,0.00491,0.13822,-0.00455,0.99984,0.09360,-0.00101
1789370697760015104,0.18399,-0.00639,0.36607,0.98877,0.00825,0.14915,-0.00533,0.99984,0.09360,-0.00101
1789370697993623296,0.20347,-0.00201,0.39062,0.98693,0.00759,0.16094,-0.00286,0.99984,0.09360,-0.00101
1789370698059993600,0.20750,-0.00773,0.39855,0.98643,0.00766,0.16394,-0.00528,0.99984,0.09360,-0.00101
1789370698193673728,0.21889,-0.00659,0.40975,0.98542,0.00891,0.16988,-0.00292,0.99984,0.09360,-0.00101
1789370698426664448,0.23557,-0.00455,0.43453,0.98336,0.00836,0.18143,-0.00470,0.99984,0.09360,-0.00101
1789370699026669568,0.00000,0.00000,0.00000,1.00000,0.00000,0.00000,0.00000,0.99984,0.09360,-0.00101
1789370699126666240,0.00199,-0.00142,0.01297,0.99999,-0.00080,0.00524,-0.00127,0.99984,0.09360,-0.00101
1789370699260205824,0.01035,-0.00286,0.03025,0.99993,-0.00053,0.01169,0.00156,0.99984,0.09360,-0.00101
1789370699393444096,0.01845,-0.00313,0.04901,0.99984,0.00032,0.01807,0.00022,0.99984,0.09360,-0.00101
1789370699493756416,0.02337,-0.00109,0.06440,0.99971,-0.00101,0.02399,-0.00200,0.99984,0.09360,-0.00101
1789370699593689088,0.03135,-0.00156,0.07751,0.99956,0.00012,0.02952,0.00142,0.99984,0.09360,-0.00101
1789370699760066048,0.03685,-0.00158,0.09601,0.99929,-0.00100,0.03775,0.00033,0.99984,0.09360,-0.00101
1789370699960287232,0.04831,-0.00363,0.11852,0.99892,0.00193,0.04637,0.00098,0.99984,0.09360,-0.00101
1789370700126877184,0.05875,-0.00134,0.14215,0.99850,0.00393,0.05456,-0.00026,0.99984,0.09360,-0.00101
1789370700293521664,0.06987,0.00030,0.16562,0.99800,0.00309,0.06315,-0.00009,0.99984,0.09360,-0.00101
1789370700393753088,0.07539,0.00070,0.18308,0.99755,0.00261,0.06988,-0.00012,0.99984,0.09360,-0.00101
1789370700526909952,0.08461,0.00063,0.20032,0.99704,0.00254,0.07685,0.00147,0.99984,0.09360,-0.00101
1789370700826678272,0.10518,0.00175,0.23699,0.99602,0.00409,0.08900,0.00069,0.99984,0.09360,-0.00101
1789370700993526272,0.11640,0.00336,0.25593,0.99521,0.00550,0.09757,0.00015,0.99984,0.09360,-0.00101
1789370701160449280,0.13081,0.00446,0.28124,0.99428,0.00395,0.10674,-0.00050,0.99984,0.09360,-0.00101
1789370701326789376,0.14431,0.00476,0.30568,0.99326,0.00335,0.11582,-0.00120,0.99984,0.09360,-0.00101
1789370701493817088,0.15746,0.00299,0.32390,0.99236,0.00401,0.12332,-0.00157,0.99984,0.09360,-0.00101
1789370701693746944,0.16981,0.00397,0.34402,0.99125,0.00552,0.13188,-0.00153,0.99984,0.09360,-0.00101
1789370701793651712,0.17498,0.00424,0.35515,0.99063,0.00551,0.13648,-0.00188,0.99984,0.09360,-0.00101
1789370701960609792,0.19004,0.00329,0.37617,0.98949,0.00670,0.14441,-0.00232,0.99984,0.09360,-0.00101
1789370702126933248,0.20089,0.00369,0.39465,0.98824,0.00628,0.15279,-0.00290,0.99984,0.09360,-0.00101
1789370702360328192,0.22001,0.00427,0.41691,0.98655,0.00745,0.16327,-0.00146,0.99984,0.09360,-0.00101
1789370702660476160,0.24065,0.00330,0.44711,0.98444,0.00539,0.17561,-0.00261,0.99984,0.09360,-0.00101
1789370703326690560,0.00000,0.00000,0.00000,1.00000,0.00000,0.00000,0.00000,0.99984,0.09360,-0.00101
1789370703460115456,0.00436,0.00061,0.01701,0.99997,0.00013,0.00758,0.00155,0.99984,0.09360,-0.00101
1789370703526710528,0.01044,0.00143,0.02799,0.99995,-0.00232,0.00950,0.00155,0.99984,0.09360,-0.00101
1789370703660306688,0.01731,0.00198,0.04713,0.99984,-0.00220,0.01745,0.00132,0.99984,0.09360,-0.00101
1789370703793623040,0.02380,0.00222,0.06433,0.99972,-0.00225,0.02360,0.00192,0.99984,0.09360,-0.00101
1789370703926700032,0.03059,0.00176,0.07806,0.99959,-0.00147,0.02839,0.00211,0.99984,0.09360,-0.00101
1789370704093364224,0.03836,0.00107,0.10125,0.99935,-0.00125,0.03597,0.00104,0.99984,0.09360,-0.00101
1789370704226937856,0.04221,0.00047,0.11733,0.99911,-0.00194,0.04223,-0.00085,0.99984,0.09360,-0.00101
1789370704393586432,0.05124,0.00194,0.13792,0.99871,0.00067,0.05080,-0.00140,0.99984,0.09360,-0.00101
1789370704526809856,0.06042,0.00299,0.15932,0.99832,0.00041,0.05784,-0.00173,0.99984,0.09360,-0.00101
1789370704693513472,0.07257,0.00388,0.18017,0.99785,0.00085,0.06549,-0.00126,0.99984,0.09360,-0.00101
1789370704826680320,0.08624,0.00226,0.19945,0.99750,0.00006,0.07073,-0.00045,0.99984,0.09360,-0.00101
1789370705026709504,0.09694,0.00386,0.22180,0.99681,-0.00013,0.07979,-0.00026,0.99984,0.09360,-0.00101
1789370705226713856,0.10797,0.00461,0.24762,0.99591,0.00218,0.09026,-0.00159,0.99984,0.09360,-0.00101
1789370705360559104,0.11997,0.00487,0.26637,0.99527,0.00169,0.09713,-0.00197,0.99984,0.09360,-0.00101
1789370705526937600,0.13002,0.00537,0.28645,0.99442,0.00183,0.10547,-0.00295,0.99984,0.09360,-0.00101
1789370705660538880,0.13981,0.00437,0.30069,0.99379,0.00255,0.11124,-0.00314,0.99984,0.09360,-0.00101
1789370705793411072,0.14847,0.00368,0.31647,0.99306,0.00135,0.11759,-0.00250,0.99984,0.09360,-0.00101
1789370705960549888,0.16043,0.00450,0.33592,0.99198,0.00283,0.12629,-0.00295,0.99984,0.09360,-0.00101
1789370706093432576,0.17388,0.00552,0.35545,0.99098,0.00169,0.13397,-0.00331,0.99984,0.09360,-0.00101
1789370706226959104,0.18790,0.00604,0.37540,0.98996,-0.00076,0.14130,-0.00280,0.99984,0.09360,-0.00101
1789370706426986752,0.20326,0.00850,0.39678,0.98844,0.00226,0.15155,-0.00401,0.99984,0.09360,-0.00101
1789370706726944256,0.22431,0.42989,0.07909,0.69025,-0.70783,0.10121,-0.11084,0.99984,0.09360,-0.00101
1789370706860379904,0.19816,0.41188,0.01813,0.68908,-0.70740,0.10322,-0.11871,0.99984,0.09360,-0.00101
1789370706993627136,0.20760,0.42457,-0.02791,0.69072,-0.70407,0.10424,-0.12773,0.99984,0.09360,-0.00101
1789370707126801408,0.17374,0.49969,-0.06247,0.69193,-0.69954,0.11423,-0.13722,0.99984,0.09360,-0.00101
1789370707160214784,0.17364,0.50262,-0.06101,0.69133,-0.69952,0.11528,-0.13942,0.99984,0.09360,-0.00101
1789370707226960896,0.18041,0.50939,-0.06056,0.69097,-0.69917,0.11871,-0.14007,0.99984,0.09360,-0.00101
1789370707427027968,0.19815,0.52735,-0.06085,0.69046,-0.69742,0.12450,-0.14617,0.99984,0.09360,-0.00101
1789370708126898176,0.00000,0.00000,0.00000,1.00000,0.00000,0.00000,0.00000,0.99984,0.09360,-0.00101
1789370708193429248,0.00254,0.00213,0.00659,0.99999,0.00095,0.00304,-0.00158,0.99984,0.09360,-0.00101
1789370708393406976,0.01170,0.00038,0.03212,0.99993,-0.00051,0.01127,-0.00260,0.99984,0.09360,-0.00101
1789370708493422848,0.02091,0.00004,0.04549,0.99990,0.00085,0.01437,0.00013,0.99984,0.09360,-0.00101
1789370708626806528,0.02828,0.00086,0.06702,0.99976,0.00080,0.02201,-0.00093,0.99984,0.09360,-0.00101
1789370708726810112,0.03596,0.00096,0.08228,0.99962,0.00271,0.02703,-0.00359,0.99984,0.09360,-0.00101
1789370708860116480,0.04386,0.00028,0.10436,0.99942,0.00299,0.03384,-0.00142,0.99984,0.09360,-0.00101
1789370708960291328,0.04889,0.00101,0.11720,0.99926,0.00124,0.03836,-0.00353,0.99984,0.09360,-0.00101
1789370709093703680,0.05823,0.00142,0.13039,0.99910,0.00272,0.04226,-0.00298,0.99984,0.09360,-0.00101
1789370709293508096,0.06869,0.00034,0.15396,0.99865,0.00462,0.05162,-0.00355,0.99984,0.09360,-0.00101
1789370709426863360,0.07897,0.00019,0.17594,0.99824,0.00480,0.05901,-0.00159,0.99984,0.09360,-0.00101
1789370709560471296,0.08493,0.00093,0.19351,0.99768,0.00551,0.06782,-0.00372,0.99984,0.09360,-0.00101
1789370709727325696,0.09920,0.00124,0.21303,0.99728,0.00597,0.07342,-0.00293,0.99984,0.09360,-0.00101
1789370709893571584,0.10680,0.00155,0.23065,0.99668,0.00745,0.08102,-0.00358,0.99984,0.09360,-0.00101
1789370710127113216,0.12410,0.00053,0.25771,0.99578,0.00661,0.09157,-0.00119,0.99984,0.09360,-0.00101
1789370710326955520,0.13966,0.00018,0.28287,0.99476,0.01009,0.10172,-0.00161,0.99984,0.09360,-0.00101
1789370710727094272,0.16741,-0.00032,0.32745,0.99254,0.01163,0.12133,-0.00383,0.99984,0.09360,-0.00101
1789370710826952960,0.17539,-0.00008,0.33869,0.99192,0.01134,0.12637,-0.00121,0.99984,0.09360,-0.00101
1789370710993447936,0.18946,-0.00073,0.35892,0.99086,0.01263,0.13428,-0.00118,0.99984,0.09360,-0.00101
1789370711226908928,0.20620,-0.00614,0.38179,0.98954,0.01868,0.14293,0.00536,0.99984,0.09360,-0.00101
1789370711427150592,0.20712,-0.00346,0.39979,0.99030,0.02097,0.13715,0.00712,0.99984,0.09360,-0.00101
1789370711593678336,0.21594,-0.00488,0.42114,0.99016,0.02376,0.13766,0.00837,0.99984,0.09360,-0.00101
1789370711760121600,0.22598,-0.00653,0.44496,0.98995,0.02272,0.13912,0.01107,0.99984,0.09360,-0.00101
1789370711960496896,0.22922,-0.00470,0.47183,0.99009,0.02223,0.13847,0.00773,0.99984,0.09360,-0.00101
1789370712127216640,0.24006,-0.00740,0.49117,0.98922,0.02208,0.14457,0.00808,0.99984,0.09360,-0.00101
1789370712393497088,0.25422,0.00444,0.52914,0.98756,0.01228,0.15636,-0.01117,0.99984,0.09360,-0.00101
1789370712527251456,0.27103,0.00036,0.53816,0.98609,0.02224,0.16474,-0.00116,0.99984,0.09360,-0.00101
1789370712660385024,0.28255,-0.00280,0.55592,0.98488,0.01549,0.17257,0.00007,0.99984,0.09360,-0.00101
1789370712860166144,0.29734,-0.00371,0.57403,0.98303,0.01753,0.18262,0.00054,0.99984,0.09360,-0.00101
1789370713027109632,0.31053,-0.00140,0.59088,0.98129,0.01584,0.19187,-0.00371,0.99984,0.09360,-0.00101
1789370713193672960,0.32629,-0.00172,0.60634,0.97958,0.01589,0.20031,-0.00625,0.99984,0.09360,-0.00101
1789370713293666560,0.33336,0.00092,0.61124,0.97842,0.02132,0.20548,-0.00479,0.99984,0.09360,-0.00101
1789370713526982912,0.35688,-0.00013,0.63571,0.97590,0.01775,0.21738,-0.00749,0.99984,0.09360,-0.00101
1789370714060162560,0.40810,-0.00093,0.67398,0.96988,0.02057,0.24262,-0.00629,0.99984,0.09360,-0.00101
1789370714326961408,0.44955,0.71109,-0.03090,0.67822,-0.68842,0.17517,-0.18820,0.99984,0.09360,-0.00101
1789370714493491968,0.47286,0.73847,-0.03201,0.67644,-0.68669,0.18034,-0.19587,0.99984,0.09360,-0.00101
1789370714660172544,0.48397,0.74898,-0.03459,0.67602,-0.68457,0.18383,-0.20141,0.99984,0.09360,-0.00101
1789370714893845248,0.47314,0.74745,-0.03663,0.67272,-0.68332,0.19333,-0.20769,0.99984,0.09360,-0.00101
1789370715026824704,0.48667,0.76162,-0.03655,0.67039,-0.68263,0.19676,-0.21421,0.99984,0.09360,-0.00101
1789370715193661440,0.49679,0.76947,-0.03636,0.67015,-0.68213,0.19703,-0.21627,0.99984,0.09360,-0.00101
1789370715393776640,0.50934,0.77569,-0.03762,0.67064,-0.68167,0.19828,-0.21505,0.99984,0.09360,-0.00101
1789370715526998528,0.51931,0.78023,-0.03984,0.66985,-0.68190,0.19926,-0.21589,0.99984,0.09360,-0.00101
1789370715660129792,0.53331,0.78975,-0.03947,0.66848,-0.68133,0.20424,-0.21729,0.99984,0.09360,-0.00101
1789370715860135680,0.55649,0.80419,-0.03837,0.66653,-0.67960,0.21031,-0.22282,0.99984,0.09360,-0.00101
1789370716027083776,0.57525,0.81576,-0.03835,0.66458,-0.67733,0.21785,-0.22825,0.99984,0.09360,-0.00101
1789370716126990336,0.58555,0.82261,-0.03649,0.66323,-0.67611,0.22118,-0.23257,0.99984,0.09360,-0.00101
1789370716293770240,0.60328,0.83274,-0.03776,0.66224,-0.67188,0.22757,-0.24132,0.99984,0.09360,-0.00101
1789370716560365056,0.55791,0.79355,-0.07389,0.55212,-0.75827,0.28743,-0.19384,0.99984,0.09360,-0.00101
1789370717760224768,0.00000,0.00000,0.00000,1.00000,0.00000,0.00000,0.00000,0.99984,0.09360,-0.00101
1789370717793960704,0.00360,0.00036,0.00455,1.00000,-0.00039,0.00155,0.00153,0.99984,0.09360,-0.00101
1789370717960312320,0.01204,0.00113,0.02638,0.99993,-0.00097,0.01142,0.00104,0.99984,0.09360,-0.00101
1789370718193845248,0.02671,0.00032,0.04985,0.99975,0.00024,0.02227,0.00054,0.99984,0.09360,-0.00101
1789370718293751552,0.02949,0.00125,0.06123,0.99964,-0.00080,0.02689,-0.00096,0.99984,0.09360,-0.00101
1789370718426922240,0.03818,0.00167,0.07687,0.99943,-0.00003,0.03374,-0.00037,0.99984,0.09360,-0.00101
1789370718563132160,0.04446,-0.00015,0.09423,0.99912,0.00120,0.04193,-0.00095,0.99984,0.09360,-0.00101
1789370718726861824,0.05182,0.00178,0.11594,0.99864,0.00076,0.05219,-0.00129,0.99984,0.09360,-0.00101
1789370718860225536,0.06266,0.00219,0.13980,0.99832,0.00169,0.05798,-0.00064,0.99984,0.09360,-0.00101
1789370719027121664,0.07450,0.00219,0.15577,0.99789,0.00186,0.06496,-0.00005,0.99984,0.09360,-0.00101
1789370719193623040,0.08154,0.00242,0.17303,0.99744,0.00495,0.07136,0.00019,0.99984,0.09360,-0.00101
1789370719326874880,0.09086,0.00235,0.18952,0.99697,0.00491,0.07760,-0.00187,0.99984,0.09360,-0.00101
1789370719527172352,0.10953,0.00387,0.21645,0.99605,0.00479,0.08864,-0.00038,0.99984,0.09360,-0.00101
1789370719626906880,0.11539,0.00366,0.22984,0.99546,0.00493,0.09509,-0.00087,0.99984,0.09360,-0.00101
1789370719826897408,0.13083,0.00523,0.24727,0.99463,0.00622,0.10329,-0.00185,0.99984,0.09360,-0.00101
1789370719993538560,0.14108,0.00617,0.26272,0.99388,0.00499,0.11037,-0.00160,0.99984,0.09360,-0.00101
1789370720227044864,0.16049,0.00454,0.29051,0.99233,0.00849,0.12327,-0.00391,0.99984,0.09360,-0.00101
1789370720526935040,0.18786,0.00324,0.32286,0.99026,0.00869,0.13897,0.00031,0.99984,0.09360,-0.00101
1789370720693681920,0.19906,0.00440,0.33813,0.98894,0.01040,0.14796,-0.00150,0.99984,0.09360,-0.00101
1789370720893784832,0.21354,0.00587,0.35507,0.98755,0.00869,0.15704,-0.00054,0.99984,0.09360,-0.00101
1789370721027211264,0.22179,0.00529,0.37008,0.98651,0.00889,0.16343,-0.00092,0.99984,0.09360,-0.00101
1789370721260686336,0.24828,0.00704,0.39485,0.98443,0.00977,0.17552,-0.00084,0.99984,0.09360,-0.00101
1789370721393604096,0.24406,0.41524,-0.02013,0.68921,-0.70415,0.10822,-0.13208,0.99984,0.09360,-0.00101
1789370721527179008,0.25567,0.42842,-0.01958,0.68773,-0.70380,0.11348,-0.13714,0.99984,0.09360,-0.00101
1789370721660722432,0.23072,0.45813,-0.04151,0.68961,-0.69952,0.12115,-0.14292,0.99984,0.09360,-0.00101
1789370721893542656,0.24897,0.47997,-0.04199,0.68846,-0.69739,0.12839,-0.15230,0.99984,0.09360,-0.00101
1789370722027269888,0.26261,0.49130,-0.04132,0.68899,-0.69480,0.13446,-0.15640,0.99984,0.09360,-0.00101
1789370722226875904,0.28094,0.50845,-0.04225,0.68636,-0.69418,0.14241,-0.16354,0.99984,0.09360,-0.00101
1789370722393559296,0.30319,0.53494,-0.04136,0.68609,-0.69207,0.14888,-0.16781,0.99984,0.09360,-0.00101
1789370722593861632,0.32369,0.55527,-0.04081,0.68537,-0.68962,0.15301,-0.17688,0.99984,0.09360,-0.00101
1789370722726916608,0.34907,0.53060,-0.04203,0.68390,-0.68905,0.15843,-0.17995,0.99984,0.09360,-0.00101
1789370722993536512,0.67480,0.16724,-0.07900,0.68271,-0.68684,0.16220,-0.18936,0.99984,0.09360,-0.00101
1789370723093724928,0.77451,0.04858,-0.09355,0.68077,-0.68639,0.16662,-0.19405,0.99984,0.09360,-0.00101
1789370723260605184,0.93417,-0.15846,-0.11444,0.68163,-0.68476,0.16508,-0.19807,0.99984,0.09360,-0.00101
1789370723360428288,1.01877,-0.26316,-0.11791,0.68173,-0.68724,0.15994,-0.19329,0.99984,0.09360,-0.00101
1789370724160390912,0.00000,0.00000,0.00000,1.00000,0.00000,0.00000,0.00000,0.99984,0.09360,-0.00101
1789370724193770240,0.00294,-0.00115,0.00340,1.00000,0.00120,-0.00020,-0.00044,0.99984,0.09360,-0.00101
1789370724293763840,-0.01349,0.00272,0.01313,0.99982,0.00021,-0.00276,-0.01870,0.99984,0.09360,-0.00101
1789370724360454656,-0.00990,0.00708,0.02154,0.99998,0.00007,-0.00406,-0.00404,0.99984,0.09360,-0.00101
1789370724527056128,-0.00843,0.00823,0.04841,0.99998,0.00081,-0.00496,-0.00489,0.99984,0.09360,-0.00101
1789370724893789696,-0.01506,0.00535,0.08659,0.99982,0.00013,-0.00664,-0.01769,0.99984,0.09360,-0.00101
1789370725027150080,-0.00705,0.00255,0.09864,0.99997,0.00227,-0.00728,-0.00334,0.99984,0.09360,-0.00101
1789370725160335104,-0.01462,0.00397,0.11492,0.99993,0.00067,-0.00800,-0.00854,0.99984,0.09360,-0.00101
1789370725260325376,-0.01178,0.00109,0.12884,0.99993,-0.00129,-0.00955,-0.00719,0.99984,0.09360,-0.00101
1789370725426907136,-0.01181,0.00153,0.15453,0.99985,-0.00066,-0.01091,-0.01370,0.99984,0.09360,-0.00101
1789370725526932736,-0.00883,0.00796,0.16958,0.99997,-0.00186,-0.00756,0.00121,0.99984,0.09360,-0.00101
1789370725660221696,-0.01468,0.00098,0.18401,0.99980,-0.00319,-0.01365,-0.01442,0.99984,0.09360,-0.00101
1789370725860271104,-0.00648,0.00215,0.20159,0.99986,-0.00094,-0.01553,0.00601,0.99984,0.09360,-0.00101
1789370725993801472,-0.02029,0.01256,0.21205,0.99978,-0.00319,-0.01714,-0.01158,0.99984,0.09360,-0.00101
1789370726160494592,-0.02047,0.00812,0.21408,0.99975,-0.00258,-0.01515,-0.01616,0.99984,0.09360,-0.00101
1789370726427251968,-0.01531,0.00779,0.21234,0.99987,-0.00079,-0.01555,-0.00397,0.99984,0.09360,-0.00101
1789370726627180032,-0.01362,0.00766,0.21367,0.99987,-0.00176,-0.01579,-0.00254,0.99984,0.09360,-0.00101
1789370726827068672,-0.01332,0.00598,0.21390,0.99987,-0.00155,-0.01595,-0.00207,0.99984,0.09360,-0.00101
1789370727127165696,-0.01751,0.00802,0.21300,0.99982,-0.00137,-0.01628,-0.00978,0.99984,0.09360,-0.00101
1789370727360492032,-0.01531,0.00693,0.21366,0.99986,-0.00179,-0.01598,-0.00482,0.99984,0.09360,-0.00101
1789370727527262208,-0.01573,0.00749,0.21369,0.99985,-0.00168,-0.01616,-0.00634,0.99984,0.09360,-0.00101
1789370727693602560,-0.00298,0.21471,-0.01623,0.69021,-0.72331,0.02048,-0.00275,0.99984,0.09360,-0.00101
1789370727727266816,-0.00233,0.21455,-0.01612,0.69042,-0.72307,0.02209,-0.00135,0.99984,0.09360,-0.00101
1789370727827180800,0.01763,0.22771,-0.05808,0.69540,-0.71844,0.01354,-0.00893,0.99984,0.09360,-0.00101
1789370727960429568,0.01863,0.22739,-0.05843,0.69567,-0.71815,0.01549,-0.00727,0.99984,0.09360,-0.00101
1789370728460273152,0.01999,0.24595,-0.05912,0.69580,-0.71804,0.01535,-0.00656,0.99984,0.09360,-0.00101
1789370728660321280,0.01985,0.24535,-0.05877,0.69588,-0.71796,0.01533,-0.00664,0.99984,0.09360,-0.00101
1789370728827481088,0.00000,0.00000,0.00000,1.00000,0.00000,0.00000,0.00000,0.99984,0.09360,-0.00101
1789370729327249664,0.00000,0.00000,0.00000,1.00000,0.00000,0.00000,0.00000,0.99984,0.09360,-0.00101
1789370729527204096,0.00043,-0.00125,-0.00013,1.00000,-0.00027,0.00001,0.00046,0.99984,0.09360,-0.00101
1789370729627356416,-0.00088,-0.00076,-0.00026,1.00000,0.00010,0.00019,-0.00047,0.99984,0.09360,-0.00101
1789370729727241984,0.00023,-0.00096,-0.00021,1.00000,-0.00003,-0.00002,0.00029,0.99984,0.09360,-0.00101
1789370729893991680,0.00068,-0.00027,0.00022,1.00000,0.00009,-0.00011,0.00020,0.99984,0.09360,-0.00101
1789370730027492608,0.00011,0.00005,-0.00076,1.00000,0.00023,-0.00001,0.00004,0.99984,0.09360,-0.00101
1789370730127687936,-0.00003,-0.00033,-0.00045,1.00000,0.00023,-0.00005,-0.00023,0.99984,0.09360,-0.00101
1789370730327382784,-0.00017,-0.00004,-0.00023,1.00000,0.00030,0.00000,-0.00025,0.99984,0.09360,-0.00101
1789370730427326976,0.00008,-0.00021,-0.00005,1.00000,0.00022,0.00002,0.00011,0.99984,0.09360,-0.00101
1789370730660744192,-0.00028,0.00015,0.00005,1.00000,0.00035,0.00001,-0.00020,0.99984,0.09360,-0.00101
1789370730827046400,-0.00048,0.00001,0.00004,1.00000,0.00035,0.00010,-0.00013,0.99984,0.09360,-0.00101
1789370730960307712,-0.00035,-0.00041,-0.00045,1.00000,0.00021,0.00007,0.00002,0.99984,0.09360,-0.00101
1789370731027007488,-0.00045,0.00038,0.00003,1.00000,0.00037,0.00013,-0.00017,0.99984,0.09360,-0.00101
1789370731127047680,-0.00039,-0.00003,-0.00004,1.00000,0.00027,0.00011,-0.00004,0.99984,0.09360,-0.00101
1789370731293660928,-0.00031,0.00017,0.00002,1.00000,0.00033,0.00004,-0.00007,0.99984,0.09360,-0.00101
1789370731460318464,-0.00060,-0.00037,-0.00019,1.00000,0.00018,0.00013,-0.00001,0.99984,0.09360,-0.00101
1789370731560347136,-0.00034,-0.00001,-0.00012,1.00000,0.00025,0.00006,-0.00004,0.99984,0.09360,-0.00101
1789370731727156736,-0.00014,0.00009,-0.00002,1.00000,0.00029,0.00001,0.00000,0.99984,0.09360,-0.00101
1789370731860657152,-0.00005,-0.00008,0.00000,1.00000,0.00026,0.00003,-0.00006,0.99984,0.09360,-0.00101
1789370731994016000,-0.00044,-0.00018,-0.00013,1.00000,0.00028,0.00008,-0.00001,0.99984,0.09360,-0.00101
1789370732160331008,0.00009,0.00013,-0.00006,1.00000,0.00033,0.00001,0.00003,0.99984,0.09360,-0.00101
1789370732293754624,0.00040,0.00001,-0.00038,0.69940,-0.71469,-0.00712,0.00003,0.99984,0.09360,-0.00101
1789370732394564864,-0.00004,0.00119,-0.00264,0.69961,-0.71449,-0.00709,-0.00014,0.99984,0.09360,-0.00101
