265000000,0.09360,0.24750,-0.15800,0.50000,0.50000,-0.50000,0.50000,0.00000,0.00000,0.00000
298000000,0.09357,0.24759,-0.15815,-0.49995,-0.50001,0.50003,-0.50000,-0.00106,0.00258,-0.00465
331000000,0.09356,0.24752,-0.15798,0.49997,0.50003,-0.49999,0.50001,-0.00003,-0.00200,0.00511
364000000,0.09360,0.24747,-0.15800,0.50001,0.50000,-0.50000,0.49999,0.00109,-0.00158,-0.00033
397000000,0.09360,0.24748,-0.15806,0.50003,0.50000,-0.50000,0.49997,-0.00003,0.00048,-0.00209
430000000,0.09359,0.24749,-0.15804,0.50001,0.50001,-0.50000,0.49997,-0.00020,0.00025,0.00082
463000000,0.09357,0.24749,-0.15800,0.49998,0.50003,-0.50000,0.49999,-0.00053,0.00005,0.00127
496000000,0.09358,0.24745,-0.15811,0.50002,0.50001,-0.50001,0.49996,0.00026,-0.00127,-0.00349
529000000,0.09354,0.24749,-0.15809,0.49998,0.50003,-0.50001,0.49998,-0.00123,0.00109,0.00078
595000000,0.09349,0.24744,-0.15813,0.49999,0.50004,-0.50001,0.49996,-0.00076,-0.00065,-0.00069
628000000,0.09351,0.24747,-0.15811,0.49996,0.50007,-0.50000,0.49997,0.00039,0.00088,0.00073
661000000,0.09358,0.24743,-0.15806,0.50001,0.50003,-0.50001,0.49995,0.00217,-0.00140,0.00147
694000000,0.09351,0.24749,-0.15805,0.49999,0.50006,-0.50000,0.49995,-0.00207,0.00178,0.00030
727000000,0.09351,0.24739,-0.15798,0.50004,0.50005,-0.49998,0.49992,0.00002,-0.00300,0.00205
760000000,0.09359,0.24729,-0.15748,0.49986,0.50008,-0.50001,0.50004,0.00253,-0.00293,0.01531
793000000,0.09391,0.24685,-0.15584,0.49973,0.50014,-0.50000,0.50014,0.00961,-0.01326,0.04969
826000000,0.09466,0.24590,-0.15385,0.49946,0.50024,-0.49982,0.50047,0.02274,-0.02896,0.06015
859000000,0.09531,0.24474,-0.15127,0.49929,0.50030,-0.49974,0.50067,0.01977,-0.03518,0.07830
892000000,0.09387,0.24686,-0.14116,0.50001,0.50019,-0.49990,0.49990,-0.04366,0.06439,0.30639
925000000,0.09353,0.24651,-0.13346,0.50036,0.50012,-0.49979,0.49973,-0.01032,-0.01050,0.23334
958000000,0.09347,0.24660,-0.12473,0.50033,0.50020,-0.49977,0.49970,-0.00182,0.00256,0.26448
991000000,0.09376,0.24639,-0.11515,0.50031,0.50021,-0.49970,0.49978,0.00885,-0.00631,0.29028
1024000000,0.09367,0.24661,-0.10312,0.50043,0.50022,-0.49967,0.49968,-0.00272,0.00669,0.36461
1057000000,0.09488,0.24644,-0.09231,0.50007,0.50032,-0.49967,0.49995,0.03653,-0.00516,0.32740
1090000000,0.09335,0.24601,-0.07982,0.50064,0.50028,-0.49961,0.49948,-0.04642,-0.01316,0.37845
1156000000,0.09369,0.24580,-0.04925,0.50059,0.50030,-0.49960,0.49952,0.00515,-0.00314,0.46328
1189000000,0.09358,0.24689,-0.02966,0.50071,0.50031,-0.49962,0.49935,-0.00312,0.03313,0.59346
1222000000,0.09345,0.24621,-0.01326,0.50077,0.50032,-0.49959,0.49932,-0.00392,-0.02069,0.49714
1255000000,0.09451,0.24658,0.00573,0.50047,0.50041,-0.49957,0.49956,0.03206,0.01106,0.57534
1288000000,0.09362,0.24550,0.02431,0.50090,0.50019,-0.49956,0.49934,-0.02719,-0.03268,0.56299
1321000000,0.09268,0.24550,0.04350,0.50117,0.50027,-0.49947,0.49909,-0.02825,-0.00004,0.58151
1354000000,0.09356,0.24222,0.06848,0.50151,0.49967,-0.49916,0.49966,0.02664,-0.09924,0.75693
1387000000,0.09421,0.24453,0.09039,0.50134,0.49971,-0.49947,0.49949,0.01949,0.06998,0.66397
1420000000,0.09424,0.24471,0.11083,0.50150,0.49958,-0.49951,0.49941,0.00104,0.00535,0.61947
1453000000,0.09355,0.24390,0.12882,0.50192,0.49938,-0.49952,0.49918,-0.02103,-0.02442,0.54518
1486000000,0.09292,0.24480,0.14992,0.50222,0.49939,-0.49949,0.49890,-0.01898,0.02721,0.63939
1552000000,0.09354,0.24391,0.18500,0.50190,0.49956,-0.49935,0.49920,0.00942,-0.01344,0.53147
1585000000,0.09587,0.24591,0.20486,0.50114,0.49988,-0.49947,0.49950,0.07059,0.06064,0.60187
1618000000,0.09321,0.24598,0.21069,0.50103,0.50027,-0.49972,0.49897,-0.08065,0.00199,0.17683
1684000000,0.09321,0.24538,0.24781,0.50115,0.50022,-0.49956,0.49906,0.00007,-0.00911,0.56237
1717000000,0.09293,0.24652,0.26805,0.50118,0.50046,-0.49954,0.49882,-0.00866,0.03450,0.61334
1750000000,0.09275,0.24691,0.28826,0.50146,0.50025,-0.49960,0.49869,-0.00546,0.01200,0.61248
1783000000,0.09234,0.24571,0.30502,0.50174,0.50012,-0.49959,0.49855,-0.01231,-0.03647,0.50780
1816000000,0.09348,0.24648,0.32410,0.50128,0.50040,-0.49952,0.49879,0.03440,0.02354,0.57828
1849000000,0.09262,0.24630,0.34348,0.50173,0.50028,-0.49953,0.49845,-0.02601,-0.00570,0.58712
1882000000,0.09623,0.24713,0.36402,0.50039,0.50085,-0.49944,0.49931,0.10947,0.02538,0.62256
1915000000,0.09499,0.24707,0.38372,0.50098,0.50071,-0.49945,0.49886,-0.03754,-0.00197,0.59695
1981000000,0.09603,0.24710,0.41978,0.50059,0.50086,-0.49945,0.49910,0.01576,0.00040,0.54639
2014000000,0.09528,0.24723,0.43871,0.50077,0.50091,-0.49942,0.49890,-0.02282,0.00405,0.57352
2047000000,0.09590,0.24786,0.45869,0.50072,0.50081,-0.49960,0.49887,0.01883,0.01902,0.60539
2080000000,0.09620,0.24794,0.47733,0.50063,0.50073,-0.49969,0.49895,0.00918,0.00254,0.56502
2113000000,0.09636,0.24769,0.49527,0.50059,0.50074,-0.49968,0.49899,0.00479,-0.00773,0.54351
2146000000,0.09545,0.24674,0.51344,0.50090,0.50064,-0.49953,0.49892,-0.02748,-0.02878,0.55059
2179000000,0.09567,0.24728,0.53299,0.50086,0.50062,-0.49966,0.49886,0.00653,0.01646,0.59236
2212000000,0.09523,0.24685,0.55148,0.50112,0.50063,-0.49952,0.49872,-0.01345,-0.01303,0.56050
2245000000,0.09604,0.24713,0.57009,0.50086,0.50071,-0.49949,0.49894,0.02468,0.00856,0.56370
2311000000,0.09717,0.24784,0.60721,0.50019,0.50094,-0.49960,0.49927,0.01718,0.01070,0.56255
2344000000,0.09659,0.24640,0.62435,0.50079,0.50070,-0.49948,0.49903,-0.01762,-0.04355,0.51929
2377000000,0.09694,0.24522,0.64178,0.50063,0.50077,-0.49926,0.49934,0.01050,-0.03567,0.52822
2410000000,0.09448,0.24571,0.65917,0.50155,0.50027,-0.49955,0.49863,-0.07446,0.01471,0.52682
2443000000,0.09498,0.24573,0.67753,0.50145,0.50029,-0.49948,0.49877,0.01511,0.00058,0.55642
2476000000,0.09428,0.24616,0.69692,0.50163,0.50041,-0.49945,0.49850,-0.02126,0.01322,0.58769
2509000000,0.09421,0.24635,0.71583,0.50187,0.50031,-0.49950,0.49831,-0.00201,0.00549,0.57287
2542000000,0.09404,0.24529,0.73233,0.50182,0.50033,-0.49935,0.49850,-0.00533,-0.03202,0.50016
2575000000,0.09450,0.24542,0.75092,0.50176,0.50027,-0.49933,0.49863,0.01411,0.00398,0.56330
2608000000,0.09494,0.24565,0.76891,0.50169,0.50026,-0.49948,0.49857,0.01337,0.00705,0.54500
2674000000,0.09559,0.24684,0.80725,0.50159,0.50029,-0.49952,0.49859,0.00982,0.01803,0.58104
2707000000,0.09430,0.82067,-0.24348,0.70831,-0.00086,-0.00179,0.70590,-0.03900,17.38857,-31.84040
2740000000,0.30161,1.24795,-0.13911,0.70529,-0.00062,-0.00061,0.70892,6.28194,12.94786,3.16274
2773000000,0.30132,1.26340,-0.13925,0.70530,-0.00039,-0.00073,0.70891,-0.00882,0.46843,-0.00433
2806000000,0.30200,1.28276,-0.13911,0.70510,-0.00024,-0.00048,0.70910,0.02081,0.58662,0.00421
2839000000,0.30087,1.29882,-0.13832,0.70531,-0.00034,-0.00057,0.70889,-0.03430,0.48657,0.02407
2872000000,0.30156,1.32109,-0.13927,0.70523,-0.00039,-0.00062,0.70897,0.02090,0.67494,-0.02886
2905000000,0.30172,1.33903,-0.13912,0.70513,-0.00034,-0.00056,0.70907,0.00494,0.54353,0.00448
2938000000,0.30254,1.35584,-0.13950,0.70489,-0.00013,-0.00069,0.70932,0.02474,0.50934,-0.01159
2971000000,0.30180,1.37486,-0.13972,0.70505,-0.00034,-0.00084,0.70915,-0.02249,0.57662,-0.00663
3004000000,0.30169,1.39309,-0.13962,0.70510,-0.00029,-0.00083,0.70910,-0.00322,0.55214,0.00318
3037000000,0.30216,1.41036,-0.13976,0.70494,-0.00007,-0.00080,0.70927,0.01416,0.52334,-0.00419
3070000000,0.30209,1.42856,-0.13953,0.70495,-0.00004,-0.00072,0.70926,-0.00214,0.55149,0.00679
3103000000,0.30203,1.44678,-0.13964,0.70495,-0.00005,-0.00092,0.70926,-0.00185,0.55231,-0.00314
3136000000,0.30259,1.46689,-0.14050,0.70478,0.00030,-0.00068,0.70943,0.01706,0.60946,-0.02624
3169000000,0.30283,1.48407,-0.14019,0.70470,0.00049,-0.00057,0.70950,0.00730,0.52049,0.00935
3202000000,0.30234,1.50344,-0.13953,0.70485,-0.00007,-0.00065,0.70936,-0.01500,0.58708,0.02004
3235000000,0.30241,1.52186,-0.13938,0.70477,-0.00004,-0.00055,0.70943,0.00231,0.55817,0.00453
3268000000,0.30189,1.53945,-0.13952,0.70474,-0.00010,-0.00081,0.70947,-0.01577,0.53288,-0.00418
3301000000,0.30056,1.55881,-0.14026,0.70492,-0.00026,-0.00096,0.70929,-0.04041,0.58670,-0.02229
3334000000,0.30136,1.57770,-0.14050,0.70467,-0.00005,-0.00081,0.70953,0.02432,0.57243,-0.00747
3367000000,0.30138,1.59585,-0.14054,0.70477,0.00011,-0.00072,0.70943,0.00049,0.54993,-0.00121
3400000000,0.30133,1.61411,-0.14022,0.70471,0.00008,-0.00068,0.70950,-0.00147,0.55326,0.00988
3433000000,0.30260,1.62817,-0.13965,0.70444,0.00039,-0.00063,0.70976,0.03841,0.42611,0.01726
3466000000,0.30100,1.64390,-0.14067,0.70489,0.00092,-0.00107,0.70932,-0.04841,0.47674,-0.03110
3499000000,0.30115,1.66078,-0.13977,0.70495,0.00078,-0.00095,0.70926,0.00453,0.51152,0.02750
3631000000,0.30034,1.74205,-0.13902,0.70475,0.00019,-0.00025,0.70946,-0.00616,0.61566,0.00569
3664000000,0.29912,1.76030,-0.13963,0.70513,-0.00017,-0.00089,0.70908,-0.03692,0.55312,-0.01861
3697000000,0.29912,1.77963,-0.13909,0.70494,-0.00040,-0.00077,0.70927,0.00011,0.58573,0.01647
3763000000,0.29772,1.81088,-0.13831,0.70530,-0.00007,-0.00073,0.70891,-0.02126,0.47351,0.01179
3796000000,0.29719,1.82518,-0.13815,0.70631,0.00069,-0.00042,0.70791,-0.01598,0.43318,0.00476
3829000000,0.29488,1.84678,-0.13988,0.70601,0.00058,-0.00096,0.70821,-0.07012,0.65461,-0.05249
3862000000,0.29563,1.86423,-0.13875,0.70597,0.00025,-0.00050,0.70824,0.02269,0.52898,0.03428
3895000000,0.29471,1.88027,-0.13862,0.70652,0.00044,-0.00064,0.70769,-0.02771,0.48581,0.00404
3928000000,0.29841,1.89007,-0.13843,0.70526,0.00094,-0.00093,0.70895,0.11203,0.29722,0.00578
3961000000,0.29957,1.91880,-0.13796,0.70463,0.00020,-0.00044,0.70957,0.03522,0.87064,0.01416
3994000000,0.29919,1.94168,-0.13773,0.70464,-0.00031,-0.00044,0.70956,-0.01143,0.69313,0.00701
4027000000,0.29875,1.96081,-0.13777,0.70462,-0.00040,-0.00065,0.70959,-0.01340,0.57983,-0.00131
4060000000,0.29866,1.97885,-0.13767,0.70462,-0.00040,-0.00055,0.70959,-0.00267,0.54652,0.00302
4126000000,0.29981,2.01822,-0.13815,0.70422,-0.00013,-0.00021,0.70998,0.01740,0.59650,-0.00725
4159000000,0.29798,2.03757,-0.13914,0.70456,-0.00041,-0.00072,0.70964,-0.05538,0.58632,-0.02993
4192000000,0.29939,2.05420,-0.13840,0.70433,-0.00016,-0.00037,0.70988,0.04265,0.50415,0.02249
4225000000,0.29938,2.07237,-0.13840,0.70429,-0.00005,-0.00029,0.70991,-0.00026,0.55054,-0.00016
4258000000,0.29894,2.08749,-0.13968,0.70469,0.00044,-0.00059,0.70952,-0.01327,0.45831,-0.03889
4291000000,0.29908,2.10854,-0.13862,0.70428,0.00003,-0.00036,0.70993,0.00397,0.63768,0.03228
4324000000,0.29799,2.12740,-0.13833,0.70438,-0.00031,-0.00044,0.70982,-0.03277,0.57145,0.00877
4357000000,0.29797,2.14578,-0.13828,0.70439,-0.00027,-0.00035,0.70981,-0.00080,0.55721,0.00166
4423000000,0.29983,2.18249,-0.13819,0.70386,-0.00019,-0.00006,0.71034,0.02818,0.55608,0.00125
4456000000,0.29942,2.20073,-0.13825,0.70396,-0.00014,-0.00006,0.71024,-0.01250,0.55291,-0.00184
4489000000,0.29874,2.21943,-0.13855,0.70400,-0.00001,-0.00017,0.71020,-0.02049,0.56665,-0.00914
4522000000,0.29711,2.23912,-0.13810,0.70438,-0.00018,-0.00012,0.70983,-0.04931,0.59654,0.01372
4555000000,0.29555,2.25890,-0.13816,0.70454,-0.00050,-0.00052,0.70967,-0.04720,0.59940,-0.00167
4588000000,0.29538,2.27697,-0.13823,0.70458,-0.00045,-0.00061,0.70962,-0.00522,0.54782,-0.00233
4621000000,0.29529,2.29522,-0.13823,0.70453,-0.00046,-0.00066,0.70968,-0.00282,0.55289,0.00001
4654000000,0.29547,2.31199,-0.13822,0.70459,-0.00039,-0.00054,0.70962,0.00548,0.50831,0.00035
4687000000,0.29502,2.33030,-0.13793,0.70466,-0.00049,-0.00046,0.70955,-0.01375,0.55479,0.00877
4720000000,0.29448,2.34807,-0.13693,0.70481,-0.00065,-0.00061,0.70940,-0.01623,0.53852,0.03034
4753000000,0.29443,2.36674,-0.13674,0.70478,-0.00071,-0.00051,0.70943,-0.00155,0.56565,0.00592
4786000000,0.29486,2.38510,-0.13682,0.70456,-0.00050,-0.00038,0.70964,0.01303,0.55631,-0.00256
4819000000,0.29484,2.40362,-0.13683,0.70450,-0.00050,-0.00026,0.70970,-0.00053,0.56111,-0.00016
4852000000,0.29450,2.42003,-0.13704,0.70466,-0.00037,-0.00032,0.70954,-0.01029,0.49728,-0.00645
4885000000,0.29423,2.43858,-0.13684,0.70475,-0.00044,-0.00034,0.70945,-0.00835,0.56215,0.00600
4918000000,0.29336,2.45691,-0.13711,0.70488,-0.00046,-0.00045,0.70933,-0.02629,0.55558,-0.00816
4951000000,0.29400,2.47667,-0.13712,0.70464,-0.00047,-0.00050,0.70957,0.01939,0.59891,-0.00026
4984000000,0.29374,2.49515,-0.13698,0.70469,-0.00062,-0.00049,0.70951,-0.00800,0.55986,0.00425
5017000000,0.29319,2.51408,-0.13688,0.70464,-0.00050,-0.00012,0.70957,-0.01642,0.57367,0.00284
5050000000,0.29324,2.53246,-0.13703,0.70454,-0.00039,-0.00022,0.70967,0.00128,0.55705,-0.00444
5116000000,0.29197,2.56668,-0.13617,0.70478,-0.00067,-0.00042,0.70942,-0.01916,0.51839,0.01300
5149000000,0.29223,2.58493,-0.13603,0.70473,-0.00070,-0.00039,0.70948,0.00771,0.55302,0.00425
5182000000,0.29347,2.60427,-0.13663,0.70442,-0.00032,-0.00030,0.70979,0.03760,0.58617,-0.01811
5215000000,0.29307,2.62248,-0.13683,0.70450,-0.00027,-0.00030,0.70971,-0.01187,0.55192,-0.00611
5248000000,0.29232,2.64284,-0.13768,0.70462,-0.00034,-0.00025,0.70958,-0.02298,0.61696,-0.02564
5281000000,0.29209,2.66129,-0.13773,0.70457,-0.00036,-0.00034,0.70963,-0.00675,0.55905,-0.00168
5314000000,0.29052,2.67841,-0.13785,0.70487,-0.00040,-0.00075,0.70934,-0.04770,0.51863,-0.00342
5347000000,0.29051,2.69709,-0.13768,0.70486,-0.00046,-0.00064,0.70935,-0.00025,0.56624,0.00509
5380000000,0.29057,2.71530,-0.13742,0.70483,-0.00053,-0.00060,0.70938,0.00167,0.55177,0.00783
5413000000,0.29054,2.73386,-0.13726,0.70473,-0.00058,-0.00060,0.70947,-0.00071,0.56239,0.00480
5446000000,0.29000,2.75186,-0.13710,0.70493,-0.00063,-0.00047,0.70928,-0.01657,0.54551,0.00500
5479000000,0.28983,2.77036,-0.13695,0.70491,-0.00071,-0.00043,0.70929,-0.00490,0.56044,0.00455
5512000000,0.28959,2.78917,-0.13685,0.70497,-0.00083,-0.00038,0.70923,-0.00739,0.57018,0.00301
5545000000,0.28965,2.80753,-0.13770,0.70505,-0.00064,-0.00057,0.70916,0.00183,0.55621,-0.02590
5578000000,0.28955,2.82587,-0.13762,0.70498,-0.00067,-0.00056,0.70923,-0.00293,0.55584,0.00238
5611000000,0.28947,2.84435,-0.13742,0.70492,-0.00077,-0.00055,0.70929,-0.00268,0.55997,0.00621
5644000000,0.28935,2.86264,-0.13719,0.70499,-0.00074,-0.00041,0.70921,-0.00345,0.55413,0.00677
5677000000,0.29049,2.88143,-0.13742,0.70460,-0.00053,-0.00038,0.70961,0.03436,0.56949,-0.00699
5710000000,0.29060,2.89968,-0.13743,0.70449,-0.00046,-0.00040,0.70971,0.00333,0.55302,-0.00013
5743000000,0.29061,2.91829,-0.13738,0.70448,-0.00046,-0.00035,0.70973,0.00041,0.56389,0.00160
5809000000,0.29038,2.95543,-0.13744,0.70445,-0.00046,-0.00032,0.70976,-0.00340,0.56283,-0.00103
5842000000,0.29031,2.97311,-0.13724,0.70445,-0.00052,-0.00033,0.70975,-0.00217,0.53560,0.00634
5875000000,0.29016,2.99028,-0.13835,0.70452,-0.00056,-0.00117,0.70969,-0.00450,0.52040,-0.03377
5941000000,0.28978,3.03124,-0.13948,0.70462,-0.00002,-0.00063,0.70958,-0.00582,0.62063,-0.01708
5974000000,0.28970,3.04994,-0.13965,0.70458,0.00002,-0.00071,0.70963,-0.00257,0.56646,-0.00531
6007000000,0.28996,3.06691,-0.13976,0.70451,-0.00000,-0.00088,0.70969,0.00816,0.51448,-0.00337
6040000000,0.29100,3.08681,-0.14110,0.70452,0.00030,-0.00089,0.70968,0.03141,0.60298,-0.04037
6106000000,0.29077,3.12352,-0.14078,0.70447,0.00022,-0.00077,0.70973,-0.00345,0.55623,0.00482
6139000000,0.29026,3.14240,-0.14035,0.70457,0.00012,-0.00070,0.70963,-0.01552,0.57198,0.01301
6172000000,0.28835,3.15933,-0.13982,0.70497,0.00007,-0.00040,0.70924,-0.05793,0.51319,0.01587
6205000000,0.28805,3.17801,-0.13955,0.70495,-0.00012,-0.00046,0.70926,-0.00904,0.56586,0.00844
6238000000,0.28813,3.19696,-0.13930,0.70488,-0.00025,-0.00034,0.70932,0.00246,0.57446,0.00739
6271000000,0.28739,3.21562,-0.14173,0.70491,0.00073,-0.00069,0.70929,-0.02244,0.56524,-0.07361
6304000000,0.28735,3.23422,-0.14128,0.70493,0.00066,-0.00062,0.70928,-0.00142,0.56378,0.01383
6337000000,0.28736,3.25249,-0.14049,0.70488,0.00043,-0.00046,0.70932,0.00034,0.55358,0.02364
6370000000,0.28884,3.27030,-0.13994,0.70449,0.00055,-0.00016,0.70972,0.04510,0.53978,0.01667
6436000000,0.28851,3.30652,-0.13956,0.70448,0.00058,-0.00017,0.70972,-0.00500,0.54873,0.00582
6469000000,0.28817,3.32511,-0.13963,0.70454,0.00055,-0.00020,0.70966,-0.01045,0.56348,-0.00225
6502000000,0.28846,3.34237,-0.13931,0.70435,0.00022,-0.00045,0.70986,0.00876,0.52281,0.00994
6535000000,0.28830,3.36072,-0.13936,0.70447,0.00030,-0.00049,0.70973,-0.00479,0.55626,-0.00163
6568000000,0.28796,3.37932,-0.13941,0.70443,0.00034,-0.00051,0.70977,-0.01022,0.56358,-0.00142
6601000000,0.28789,3.39758,-0.13926,0.70449,0.00027,-0.00050,0.70971,-0.00207,0.55345,0.00446
6634000000,0.28779,3.41573,-0.13914,0.70443,0.00026,-0.00053,0.70977,-0.00306,0.54989,0.00375
6667000000,0.28735,3.43364,-0.13920,0.70459,0.00030,-0.00057,0.70962,-0.01335,0.54259,-0.00181
6700000000,0.28780,3.45232,-0.14038,0.70443,0.00109,-0.00044,0.70978,0.01365,0.56610,-0.03594
6733000000,0.28778,3.47097,-0.14018,0.70442,0.00108,-0.00037,0.70978,-0.00086,0.56511,0.00605
6766000000,0.28749,3.48983,-0.13986,0.70439,0.00093,-0.00039,0.70982,-0.00856,0.57174,0.00992
6799000000,0.28742,3.50872,-0.13988,0.70458,0.00090,-0.00005,0.70963,-0.00233,0.57228,-0.00073
6865000000,0.28706,3.54506,-0.13957,0.70453,0.00082,-0.00001,0.70968,-0.00540,0.55070,0.00469
6898000000,0.28415,3.55999,-0.13839,0.70536,0.00099,0.00022,0.70885,-0.08818,0.45239,0.03576
6931000000,0.28362,3.57809,-0.13814,0.70524,0.00080,0.00016,0.70897,-0.01590,0.54849,0.00764
6964000000,0.28396,3.59721,-0.13793,0.70529,0.00068,0.00032,0.70892,0.01026,0.57940,0.00620
6997000000,0.28618,3.61736,-0.13873,0.70458,0.00038,-0.00031,0.70963,0.06716,0.61042,-0.02418
7030000000,0.28608,3.63566,-0.13863,0.70460,0.00036,-0.00029,0.70961,-0.00308,0.55460,0.00299
7063000000,0.28562,3.65430,-0.13851,0.70460,0.00028,-0.00031,0.70960,-0.01374,0.56480,0.00384
7096000000,0.28516,3.67276,-0.13818,0.70467,-0.00001,-0.00035,0.70954,-0.01417,0.55937,0.01001
7129000000,0.28479,3.69095,-0.13809,0.70476,-0.00003,-0.00035,0.70945,-0.01098,0.55122,0.00251
7162000000,0.28438,3.70940,-0.13807,0.70470,-0.00012,-0.00043,0.70950,-0.01248,0.55924,0.00075
7195000000,0.28483,3.72701,-0.13706,0.70465,-0.00023,-0.00035,0.70955,0.01346,0.53366,0.03068
7228000000,0.28425,3.74493,-0.13688,0.70494,-0.00017,-0.00024,0.70927,-0.01758,0.54286,0.00522
7261000000,0.28360,3.76323,-0.13633,0.70483,-0.00031,-0.00047,0.70938,-0.01946,0.55449,0.01666
7294000000,0.28354,3.78191,-0.13627,0.70479,-0.00034,-0.00047,0.70941,-0.00201,0.56611,0.00185
7327000000,0.28486,3.80125,-0.13730,0.70453,-0.00017,-0.00036,0.70967,0.04007,0.58598,-0.03112
7360000000,0.28485,3.81971,-0.13727,0.70449,-0.00021,-0.00039,0.70971,-0.00025,0.55939,0.00091
7426000000,0.28442,3.85615,-0.13707,0.70456,-0.00021,-0.00031,0.70964,-0.00660,0.55222,0.00297
7459000000,0.28362,3.87429,-0.13703,0.70475,-0.00016,-0.00047,0.70946,-0.02420,0.54964,0.00146
7492000000,0.28344,3.89252,-0.13693,0.70471,-0.00013,-0.00042,0.70949,-0.00553,0.55229,0.00278
7525000000,0.28345,3.91092,-0.13672,0.70474,-0.00021,-0.00035,0.70946,0.00042,0.55765,0.00635
7558000000,0.28345,3.92907,-0.13640,0.70473,-0.00016,-0.00025,0.70948,-0.00012,0.55018,0.00970
7591000000,0.28319,3.94767,-0.13636,0.70478,-0.00018,-0.00022,0.70942,-0.00768,0.56364,0.00145
7624000000,0.28287,3.96458,-0.13686,0.70472,0.00011,-0.00031,0.70948,-0.00984,0.51226,-0.01530
7657000000,0.28326,3.98326,-0.13615,0.70463,-0.00003,-0.00037,0.70957,0.01184,0.56611,0.02163
7690000000,0.28295,4.00153,-0.13597,0.70460,-0.00004,-0.00031,0.70960,-0.00922,0.55356,0.00527
7723000000,0.28294,4.01943,-0.13586,0.70455,-0.00013,-0.00034,0.70966,-0.00052,0.54263,0.00355
7756000000,0.28170,4.03777,-0.13600,0.70489,-0.00020,-0.00045,0.70932,-0.03748,0.55550,-0.00431
7789000000,0.28136,4.05595,-0.13586,0.70490,-0.00015,-0.00048,0.70930,-0.01039,0.55093,0.00429
7822000000,0.28119,4.07427,-0.13567,0.70493,-0.00029,-0.00042,0.70928,-0.00496,0.55526,0.00558
7855000000,0.28009,4.09179,-0.13536,0.70514,-0.00034,-0.00036,0.70907,-0.03335,0.53086,0.00944
7888000000,0.27976,4.10986,-0.13524,0.70523,-0.00038,-0.00039,0.70898,-0.01000,0.54758,0.00375
7921000000,0.27981,4.12865,-0.13534,0.70518,-0.00033,-0.00045,0.70903,0.00137,0.56952,-0.00327
7954000000,0.28002,4.14689,-0.13553,0.70518,-0.00029,-0.00040,0.70903,0.00628,0.55276,-0.00563
7987000000,0.28010,4.16547,-0.13570,0.70511,-0.00033,-0.00045,0.70910,0.00249,0.56277,-0.00508
8020000000,0.28024,4.18378,-0.13578,0.70502,-0.00031,-0.00052,0.70919,0.00436,0.55488,-0.00247
8053000000,0.28002,4.20103,-0.13601,0.70504,-0.00030,-0.00081,0.70917,-0.00655,0.52296,-0.00690
8086000000,0.28099,4.21930,-0.13559,0.70488,-0.00019,-0.00044,0.70932,0.02914,0.55336,0.01265
8119000000,0.28097,4.23764,-0.13549,0.70483,-0.00017,-0.00041,0.70937,-0.00042,0.55595,0.00318
8152000000,0.28232,4.25585,-0.13586,0.70450,-0.00013,-0.00045,0.70970,0.04072,0.55170,-0.01129
8185000000,0.28239,4.27402,-0.13582,0.70452,0.00003,-0.00031,0.70969,0.00216,0.55075,0.00118
8218000000,0.28198,4.29266,-0.13569,0.70452,-0.00001,-0.00030,0.70968,-0.01228,0.56484,0.00393
8251000000,0.27931,4.31128,-0.13634,0.70506,-0.00030,-0.00075,0.70915,-0.08110,0.56421,-0.01961
8284000000,0.27915,4.32945,-0.13627,0.70511,-0.00032,-0.00076,0.70909,-0.00471,0.55052,0.00187
8317000000,0.27900,4.34793,-0.13645,0.70505,-0.00035,-0.00077,0.70916,-0.00465,0.56011,-0.00532
8350000000,0.28054,4.36759,-0.13687,0.70473,-0.00031,-0.00090,0.70948,0.04689,0.59573,-0.01259
8383000000,0.28052,4.38568,-0.13681,0.70471,-0.00025,-0.00088,0.70950,-0.00089,0.54804,0.00171
8416000000,0.28051,4.40386,-0.13659,0.70462,-0.00031,-0.00084,0.70959,-0.00006,0.55092,0.00652
8449000000,0.28052,4.42203,-0.13620,0.70458,-0.00044,-0.00076,0.70962,0.00014,0.55076,0.01181
8482000000,0.27964,4.43976,-0.13559,0.70476,-0.00052,-0.00058,0.70944,-0.02656,0.53714,0.01874
8515000000,0.27967,4.45797,-0.13547,0.70474,-0.00056,-0.00060,0.70947,0.00078,0.55200,0.00350
8548000000,0.27935,4.47667,-0.13546,0.70479,-0.00058,-0.00053,0.70941,-0.00968,0.56650,0.00026
8581000000,0.27930,4.49509,-0.13559,0.70478,-0.00059,-0.00059,0.70943,-0.00136,0.55820,-0.00400
8614000000,0.27867,4.51357,-0.13582,0.70490,-0.00052,-0.00063,0.70930,-0.01923,0.56011,-0.00691
8647000000,0.27598,4.53088,-0.13535,0.70540,-0.00092,-0.00084,0.70880,-0.08152,0.52433,0.01439
8680000000,0.27556,4.54920,-0.13522,0.70544,-0.00095,-0.00087,0.70876,-0.01263,0.55544,0.00371
8746000000,0.27579,4.58603,-0.13514,0.70537,-0.00098,-0.00083,0.70884,0.00354,0.55794,0.00134
8779000000,0.27616,4.60462,-0.13521,0.70531,-0.00087,-0.00078,0.70890,0.01095,0.56325,-0.00230
8812000000,0.27642,4.62074,-0.13526,0.70524,-0.00078,-0.00087,0.70897,0.00804,0.48874,-0.00144
8845000000,0.27627,4.63892,-0.13510,0.70525,-0.00084,-0.00092,0.70896,-0.00458,0.55083,0.00494
8878000000,0.27640,4.65755,-0.13502,0.70516,-0.00085,-0.00089,0.70905,0.00388,0.56458,0.00224
8911000000,0.27638,4.67618,-0.13494,0.70522,-0.00083,-0.00082,0.70899,-0.00043,0.56456,0.00266
8944000000,0.27670,4.69469,-0.13489,0.70511,-0.00074,-0.00071,0.70910,0.00962,0.56067,0.00129
8977000000,0.27664,4.71315,-0.13468,0.70514,-0.00082,-0.00068,0.70907,-0.00185,0.55953,0.00657
9010000000,0.27708,4.73176,-0.13585,0.70491,-0.00056,-0.00095,0.70929,0.01320,0.56390,-0.03574
9043000000,0.27695,4.74985,-0.13573,0.70495,-0.00053,-0.00094,0.70926,-0.00367,0.54810,0.00376
9076000000,0.27701,4.76826,-0.13563,0.70496,-0.00057,-0.00095,0.70925,0.00161,0.55813,0.00299
9109000000,0.27688,4.78708,-0.13575,0.70493,-0.00061,-0.00093,0.70927,-0.00385,0.57012,-0.00368
9142000000,0.27693,4.80537,-0.13568,0.70492,-0.00068,-0.00094,0.70928,0.00143,0.55414,0.00207
9175000000,0.27672,4.82502,-0.13591,0.70495,-0.00040,-0.00080,0.70926,-0.00634,0.59545,-0.00668
9208000000,0.27666,4.84318,-0.13575,0.70490,-0.00044,-0.00079,0.70930,-0.00173,0.55036,0.00460
9241000000,0.27658,4.86161,-0.13551,0.70487,-0.00049,-0.00077,0.70934,-0.00255,0.55864,0.00747
9274000000,0.27645,4.87965,-0.13494,0.70509,-0.00046,0.00005,0.70912,-0.00388,0.54663,0.01728
9307000000,0.27667,4.89827,-0.13437,0.70485,-0.00090,0.00017,0.70936,0.00667,0.56419,0.01731
9340000000,0.27662,4.91654,-0.13401,0.70500,-0.00089,0.00004,0.70921,-0.00155,0.55355,0.01076
9373000000,0.27634,4.93464,-0.13411,0.70501,-0.00079,-0.00008,0.70920,-0.00830,0.54851,-0.00313
9406000000,0.27648,4.95760,-0.13115,0.70465,-0.00257,0.00003,0.70955,0.00403,0.69582,0.08994
9439000000,0.27652,4.97620,-0.13047,0.70460,-0.00272,0.00021,0.70960,0.00125,0.56368,0.02044
9472000000,0.27641,4.99355,-0.13090,0.70463,-0.00251,0.00004,0.70957,-0.00334,0.52559,-0.01295
9538000000,0.27628,5.02876,-0.13181,0.70464,-0.00210,-0.00026,0.70956,-0.00189,0.53360,-0.01377
9604000000,0.27240,5.06278,-0.13288,0.70537,-0.00169,-0.00094,0.70884,-0.05889,0.51549,-0.01633
9637000000,0.27239,5.08088,-0.13293,0.70536,-0.00166,-0.00088,0.70884,-0.00032,0.54841,-0.00144
9670000000,0.27485,5.09827,-0.13463,0.70493,-0.00068,-0.00072,0.70928,0.07465,0.52699,-0.05146
9703000000,0.27469,5.11647,-0.13466,0.70499,-0.00064,-0.00070,0.70922,-0.00487,0.55140,-0.00088
9736000000,0.27449,5.13526,-0.13437,0.70489,-0.00073,-0.00071,0.70932,-0.00589,0.56947,0.00864
9769000000,0.27705,5.15554,-0.13513,0.70452,-0.00061,-0.00009,0.70969,0.07741,0.61457,-0.02296
9802000000,0.27719,5.17397,-0.13514,0.70455,-0.00059,-0.00003,0.70966,0.00437,0.55830,-0.00014
9868000000,0.27735,5.21084,-0.13467,0.70443,-0.00076,-0.00001,0.70977,0.00245,0.55865,0.00712
9901000000,0.27384,5.23119,-0.13230,0.70481,-0.00199,-0.00059,0.70940,-0.10638,0.61690,0.07166
9934000000,0.27361,5.24958,-0.13203,0.70487,-0.00192,-0.00046,0.70934,-0.00706,0.55702,0.00836
9967000000,0.27467,5.26745,-0.13256,0.70478,-0.00120,0.00022,0.70942,0.03220,0.54176,-0.01628
10000000000,0.27458,5.28578,-0.13215,0.70490,-0.00119,0.00040,0.70930,-0.00286,0.55520,0.01247
10033000000,0.27476,5.30339,-0.13214,0.70476,-0.00112,0.00030,0.70945,0.00548,0.53386,0.00028
10066000000,0.27481,5.32078,-0.13217,0.70471,-0.00100,0.00024,0.70949,0.00156,0.52673,-0.00093
10132000000,0.27392,5.35627,-0.13251,0.70497,-0.00075,0.00027,0.70924,-0.01346,0.53785,-0.00507
10165000000,0.27400,5.37435,-0.13450,0.70457,-0.00072,-0.00091,0.70963,0.00239,0.54786,-0.06036
10198000000,0.27365,5.39266,-0.13444,0.70474,-0.00059,-0.00083,0.70947,-0.01057,0.55478,0.00169
10264000000,0.27324,5.43063,-0.13471,0.70490,-0.00041,-0.00079,0.70930,-0.00623,0.57529,-0.00402
10297000000,0.27320,5.44973,-0.13480,0.70487,-0.00041,-0.00083,0.70934,-0.00113,0.57869,-0.00269
10330000000,0.27318,5.46842,-0.13485,0.70484,-0.00042,-0.00098,0.70936,-0.00071,0.56635,-0.00164
10396000000,0.27313,5.50597,-0.13472,0.70483,-0.00053,-0.00105,0.70938,-0.00074,0.56903,0.00200
10429000000,0.27082,5.52355,-0.13369,0.70570,-0.00047,-0.00035,0.70851,-0.07011,0.53267,0.03133
10462000000,0.27032,5.54234,-0.13373,0.70580,-0.00053,-0.00039,0.70841,-0.01512,0.56950,-0.00140
10495000000,0.26988,5.56067,-0.13402,0.70595,-0.00044,-0.00046,0.70826,-0.01325,0.55518,-0.00875
10528000000,0.26957,5.57926,-0.13406,0.70593,-0.00049,-0.00045,0.70828,-0.00937,0.56336,-0.00111
10594000000,0.26952,5.61645,-0.13388,0.70590,-0.00050,-0.00039,0.70831,-0.00073,0.56356,0.00275
10627000000,0.26762,5.63471,-0.13441,0.70643,0.00010,-0.00011,0.70778,-0.05781,0.55342,-0.01632
10660000000,0.26696,5.65336,-0.13451,0.70667,0.00009,-0.00033,0.70754,-0.01979,0.56504,-0.00303
10693000000,0.26670,5.67253,-0.13461,0.70658,-0.00001,-0.00037,0.70763,-0.00809,0.58077,-0.00297
10726000000,0.26701,5.69166,-0.13460,0.70647,-0.00003,-0.00038,0.70774,0.00956,0.57981,0.00043
10759000000,0.26773,5.71024,-0.13444,0.70634,0.00005,-0.00030,0.70787,0.02176,0.56291,0.00468
10792000000,0.26602,5.72957,-0.13296,0.70652,-0.00050,-0.00047,0.70769,-0.05181,0.58579,0.04495
10825000000,0.26544,5.74820,-0.13294,0.70670,-0.00044,-0.00046,0.70751,-0.01759,0.56459,0.00071
10858000000,0.26504,5.76772,-0.13309,0.70694,-0.00050,-0.00048,0.70728,-0.01200,0.59162,-0.00475
10891000000,0.26514,5.78771,-0.13335,0.70686,-0.00050,-0.00057,0.70735,0.00283,0.60558,-0.00787
10924000000,0.26659,5.80732,-0.13356,0.70661,-0.00031,-0.00035,0.70760,0.04408,0.59425,-0.00627
10990000000,0.26772,5.84774,-0.13229,0.70631,-0.00089,-0.00023,0.70790,0.01707,0.61251,0.01927
11056000000,0.26738,5.88650,-0.13210,0.70643,-0.00089,-0.00022,0.70778,-0.00506,0.58726,0.00286
11089000000,0.26785,5.90429,-0.13209,0.70627,-0.00092,-0.00021,0.70794,0.01418,0.53894,0.00030
11122000000,0.26764,5.92341,-0.13199,0.70636,-0.00090,-0.00023,0.70785,-0.00645,0.57944,0.00293
11155000000,0.26793,5.94249,-0.13185,0.70628,-0.00096,-0.00020,0.70794,0.00866,0.57826,0.00428
11254000000,0.26773,6.00119,-0.13201,0.70641,-0.00095,-0.00019,0.70781,-0.00202,0.59293,-0.00158
11287000000,0.27011,6.02029,-0.13409,0.70607,0.00023,0.00013,0.70814,0.07223,0.57869,-0.06303
11320000000,0.26976,6.03938,-0.13388,0.70609,0.00013,0.00010,0.70812,-0.01067,0.57852,0.00634
11353000000,0.26951,6.05841,-0.13360,0.70616,0.00016,0.00013,0.70805,-0.00737,0.57673,0.00856
11386000000,0.26927,6.07770,-0.13344,0.70615,0.00008,0.00008,0.70807,-0.00730,0.58457,0.00463
11419000000,0.26711,6.09763,-0.13083,0.70665,-0.00100,0.00019,0.70756,-0.06546,0.60394,0.07915
11452000000,0.26662,6.11665,-0.13071,0.70666,-0.00112,0.00014,0.70755,-0.01481,0.57625,0.00367
11485000000,0.26671,6.13549,-0.13075,0.70666,-0.00090,0.00023,0.70755,0.00262,0.57092,-0.00111
11518000000,0.26641,6.15356,-0.13408,0.70690,0.00113,0.00015,0.70732,-0.00915,0.54761,-0.10108
11551000000,0.26586,6.17277,-0.13494,0.70697,0.00088,-0.00038,0.70724,-0.01660,0.58219,-0.02583
11584000000,0.26849,6.19273,-0.13328,0.70599,-0.00008,-0.00065,0.70822,0.07959,0.60489,0.05018
11617000000,0.26819,6.21205,-0.13326,0.70607,-0.00002,-0.00068,0.70814,-0.00887,0.58528,0.00060
11650000000,0.26829,6.23190,-0.13306,0.70607,-0.00010,-0.00059,0.70814,0.00302,0.60177,0.00613
11683000000,0.26603,6.25190,-0.13214,0.70648,-0.00089,-0.00091,0.70773,-0.06872,0.60590,0.02780
11716000000,0.26580,6.27152,-0.13215,0.70654,-0.00091,-0.00098,0.70768,-0.00681,0.59469,-0.00018
11749000000,0.26620,6.29125,-0.13191,0.70646,-0.00091,-0.00086,0.70775,0.01219,0.59781,0.00726
11815000000,0.26723,6.33023,-0.13247,0.70641,-0.00072,-0.00094,0.70780,0.01561,0.59053,-0.00848
11848000000,0.26648,6.35153,-0.13115,0.70641,-0.00147,-0.00082,0.70780,-0.02276,0.64564,0.03992
11881000000,0.26632,6.36863,-0.13145,0.70639,-0.00140,-0.00102,0.70782,-0.00493,0.51821,-0.00898
11914000000,0.26618,6.38867,-0.13301,0.70674,-0.00035,-0.00096,0.70748,-0.00437,0.60722,-0.04744
11947000000,0.26578,6.40830,-0.13327,0.70680,-0.00030,-0.00101,0.70741,-0.01206,0.59488,-0.00773
11980000000,0.26622,6.42561,-0.13476,0.70678,0.00177,-0.00065,0.70743,0.01350,0.52455,-0.04534
12013000000,0.26608,6.44492,-0.13552,0.70654,0.00131,-0.00135,0.70767,-0.00448,0.58512,-0.02299
12046000000,0.26642,6.46713,-0.13437,0.70674,0.00131,-0.00047,0.70747,0.01059,0.67309,0.03499
12079000000,0.26570,6.48678,-0.13212,0.70662,0.00003,-0.00040,0.70760,-0.02192,0.59525,0.06804
12112000000,0.26681,6.50449,-0.13293,0.70634,0.00094,-0.00065,0.70787,0.03355,0.53669,-0.02436
12145000000,0.26635,6.52359,-0.13382,0.70683,0.00084,-0.00122,0.70738,-0.01386,0.57891,-0.02714
12178000000,0.26836,6.54297,-0.13508,0.70732,0.00172,-0.00084,0.70689,0.06075,0.58722,-0.03814
12211000000,0.26854,6.56222,-0.13481,0.70801,0.00172,-0.00100,0.70620,0.00568,0.58343,0.00810
12244000000,0.26956,6.58128,-0.13356,0.70867,0.00165,-0.00059,0.70554,0.03080,0.57761,0.03808
12277000000,0.27101,6.60271,-0.13481,0.70921,0.00198,-0.00070,0.70500,0.04409,0.64931,-0.03814
12310000000,0.27180,6.61963,-0.13383,0.70977,0.00197,-0.00068,0.70443,0.02375,0.51280,0.02985
12376000000,0.27274,6.65807,-0.13385,0.71078,0.00147,-0.00096,0.70342,0.01429,0.58233,-0.00032
12409000000,0.27345,6.67593,-0.13544,0.71118,0.00263,-0.00117,0.70300,0.02153,0.54138,-0.04824
12442000000,0.27451,6.69441,-0.13672,0.71161,0.00309,-0.00127,0.70256,0.03215,0.55984,-0.03875
12475000000,0.27696,6.71470,-0.13499,0.71144,0.00204,-0.00099,0.70275,0.07400,0.61482,0.05250
12508000000,0.27740,6.73396,-0.13488,0.71167,0.00205,-0.00105,0.70251,0.01360,0.58374,0.00326
12541000000,0.27602,6.74881,-0.13478,0.71176,0.00188,-0.00157,0.70241,-0.04205,0.44992,0.00293
12574000000,0.27664,6.76789,-0.13481,0.71201,0.00220,-0.00144,0.70216,0.01885,0.57833,-0.00072
12607000000,0.27553,6.79141,-0.13137,0.71239,-0.00008,-0.00122,0.70179,-0.03343,0.71278,0.10401
12640000000,0.27617,6.81050,-0.13141,0.71251,0.00057,-0.00090,0.70166,0.01937,0.57839,-0.00100
12673000000,0.27741,6.83073,-0.12958,0.71215,0.00001,-0.00061,0.70203,0.03752,0.61300,0.05527
12706000000,0.27698,6.84747,-0.12965,0.71239,0.00106,-0.00012,0.70178,-0.01306,0.50731,-0.00191
12739000000,0.27722,6.86669,-0.12993,0.71223,0.00087,-0.00025,0.70194,0.00735,0.58232,-0.00873
12772000000,0.27839,6.88871,-0.13117,0.71215,0.00148,-0.00008,0.70203,0.03531,0.66736,-0.03737
12805000000,0.27858,6.90791,-0.13155,0.71191,0.00115,-0.00046,0.70227,0.00567,0.58187,-0.01152
12838000000,0.27889,6.92691,-0.13181,0.71203,0.00188,-0.00011,0.70215,0.00943,0.57574,-0.00810
12871000000,0.27904,6.94602,-0.13233,0.71176,0.00156,-0.00045,0.70242,0.00474,0.57891,-0.01576
12904000000,0.27986,6.96446,-0.13292,0.71156,0.00256,0.00007,0.70262,0.02463,0.55881,-0.01758
12937000000,0.28001,6.98360,-0.13347,0.71129,0.00238,-0.00031,0.70289,0.00462,0.58021,-0.01667
12970000000,0.27898,7.00304,-0.13204,0.71124,0.00189,-0.00031,0.70294,-0.03119,0.58902,0.04311
13003000000,0.27897,7.02228,-0.13236,0.71088,0.00172,-0.00058,0.70332,-0.00030,0.58304,-0.00977
13069000000,0.27764,7.06184,-0.13283,0.71054,0.00150,-0.00064,0.70366,-0.02013,0.59933,-0.00704
13102000000,0.27815,7.07994,-0.13380,0.71028,0.00286,-0.00033,0.70392,0.01536,0.54865,-0.02941
13135000000,0.27793,7.09866,-0.13456,0.70974,0.00287,-0.00075,0.70446,-0.00671,0.56725,-0.02299
13168000000,0.27737,7.11601,-0.13325,0.70918,0.00243,-0.00093,0.70503,-0.01699,0.52571,0.03961
13201000000,0.27717,7.13456,-0.13428,0.70883,0.00289,-0.00097,0.70537,-0.00610,0.56210,-0.03118
13234000000,0.27635,7.15491,-0.13368,0.70812,0.00212,-0.00135,0.70608,-0.02481,0.61656,0.01827
13267000000,0.27465,7.17682,-0.13164,0.70757,0.00018,-0.00150,0.70664,-0.05147,0.66418,0.06168
13300000000,0.27325,7.19771,-0.13051,0.70714,-0.00016,-0.00128,0.70707,-0.04237,0.63286,0.03434
13333000000,0.27225,7.21729,-0.13033,0.70659,-0.00017,-0.00121,0.70763,-0.03040,0.59340,0.00552
13366000000,0.27155,7.23597,-0.13063,0.70606,0.00097,-0.00064,0.70815,-0.02104,0.56602,-0.00916
13399000000,0.27026,7.25569,-0.13074,0.70542,0.00061,-0.00096,0.70878,-0.03914,0.59764,-0.00325
13432000000,0.26808,7.27977,-0.13051,0.70468,-0.00045,-0.00130,0.70952,-0.06609,0.72959,0.00674
13465000000,0.26691,7.29963,-0.13057,0.70395,-0.00048,-0.00133,0.71025,-0.03541,0.60196,-0.00160
13498000000,0.26622,7.31968,-0.13031,0.70307,-0.00056,-0.00132,0.71112,-0.02094,0.60764,0.00777
13531000000,0.26464,7.33597,-0.12998,0.70252,0.00007,-0.00127,0.71166,-0.04791,0.49345,0.01016
13564000000,0.26318,7.35561,-0.13006,0.70173,0.00014,-0.00133,0.71245,-0.04408,0.59519,-0.00251
13597000000,0.26180,7.37587,-0.12996,0.70100,0.00021,-0.00128,0.71316,-0.04197,0.61388,0.00287
13630000000,0.26035,7.39614,-0.12986,0.70021,0.00008,-0.00128,0.71394,-0.04403,0.61421,0.00322
13663000000,0.25799,7.41638,-0.12854,0.69963,0.00029,-0.00011,0.71450,-0.07146,0.61339,0.03998
13696000000,0.25633,7.43595,-0.12856,0.69883,0.00028,-0.00025,0.71529,-0.05027,0.59298,-0.00074
13729000000,0.25491,7.45589,-0.12844,0.69789,0.00032,-0.00022,0.71620,-0.04307,0.60421,0.00372
13762000000,0.25358,7.47553,-0.12848,0.69711,0.00050,-0.00004,0.71696,-0.04018,0.59541,-0.00112
13795000000,0.25173,7.49531,-0.12844,0.69614,0.00002,-0.00036,0.71791,-0.05599,0.59930,0.00105
13828000000,0.25009,7.51511,-0.12815,0.69521,-0.00025,-0.00046,0.71880,-0.04982,0.59993,0.00870
13861000000,0.24880,7.53638,-0.12850,0.69408,0.00026,0.00005,0.71990,-0.03895,0.64461,-0.01047
13894000000,0.24659,7.55600,-0.12845,0.69321,0.00008,-0.00017,0.72073,-0.06719,0.59436,0.00153
13927000000,0.24452,7.57589,-0.12840,0.69228,0.00014,-0.00012,0.72163,-0.06279,0.60290,0.00156
13993000000,0.23958,7.61946,-0.12862,0.69033,-0.00075,-0.00019,0.72350,-0.07482,0.66020,-0.00329
14026000000,0.24022,7.64032,-0.12970,0.68881,-0.00010,-0.00015,0.72494,0.01941,0.63210,-0.03288
14059000000,0.23812,7.66010,-0.12980,0.68786,-0.00011,-0.00020,0.72584,-0.06357,0.59920,-0.00298
14092000000,0.23322,7.67834,-0.12962,0.68738,-0.00060,-0.00053,0.72630,-0.14863,0.55293,0.00549
14125000000,0.23047,7.69791,-0.12950,0.68657,-0.00055,-0.00046,0.72707,-0.08328,0.59291,0.00358
14158000000,0.22789,7.71728,-0.12966,0.68563,-0.00048,-0.00057,0.72795,-0.07802,0.58687,-0.00478
14191000000,0.22673,7.73589,-0.12818,0.68463,-0.00040,0.00017,0.72889,-0.03514,0.56403,0.04466
14224000000,0.22418,7.75552,-0.12794,0.68372,-0.00035,0.00033,0.72974,-0.07721,0.59495,0.00742
14257000000,0.22173,7.77470,-0.12789,0.68274,-0.00040,0.00016,0.73066,-0.07431,0.58126,0.00154
14290000000,0.21810,7.79242,-0.12771,0.68182,-0.00068,-0.00023,0.73152,-0.11008,0.53685,0.00530
14323000000,0.21546,7.81184,-0.12752,0.68095,-0.00070,-0.00016,0.73233,-0.07990,0.58836,0.00582
14389000000,0.21060,7.85685,-0.12359,0.67889,-0.00258,0.00014,0.73423,-0.07371,0.68207,0.05962
14422000000,0.20742,7.87593,-0.12362,0.67795,-0.00274,0.00017,0.73510,-0.09639,0.57822,-0.00119
14455000000,0.20321,7.89010,-0.12768,0.67778,-0.00027,0.00004,0.73527,-0.12758,0.42923,-0.12284
14488000000,0.20023,7.90978,-0.12767,0.67681,-0.00034,0.00003,0.73616,-0.09019,0.59636,0.00019
14521000000,0.19733,7.92961,-0.12617,0.67592,-0.00077,0.00014,0.73697,-0.08796,0.60094,0.04554
14554000000,0.19527,7.94840,-0.12644,0.67491,-0.00006,0.00052,0.73790,-0.06225,0.56930,-0.00827
14587000000,0.19236,7.96787,-0.12653,0.67400,-0.00006,0.00052,0.73873,-0.08844,0.59019,-0.00265
14620000000,0.18960,7.98724,-0.12655,0.67313,-0.00001,0.00049,0.73952,-0.08360,0.58684,-0.00068
14653000000,0.18509,8.00646,-0.12692,0.67264,-0.00010,0.00050,0.73997,-0.13646,0.58256,-0.01122
14686000000,0.18191,8.02574,-0.12697,0.67191,-0.00015,0.00039,0.74063,-0.09657,0.58405,-0.00134
14719000000,0.18144,8.04451,-0.12730,0.67061,0.00032,0.00048,0.74181,-0.01401,0.56894,-0.01016
14752000000,0.17898,8.06321,-0.12807,0.66977,0.00047,0.00035,0.74257,-0.07463,0.56663,-0.02312
14785000000,0.17557,8.08438,-0.12883,0.66912,0.00046,-0.00001,0.74316,-0.10326,0.64162,-0.02307
14818000000,0.17230,8.10356,-0.12897,0.66855,0.00044,-0.00008,0.74367,-0.09927,0.58116,-0.00427
14851000000,0.16916,8.12286,-0.12878,0.66797,0.00044,-0.00003,0.74418,-0.09523,0.58480,0.00575
14884000000,0.16614,8.14209,-0.12862,0.66738,0.00036,-0.00007,0.74471,-0.09124,0.58258,0.00489
14917000000,0.16199,8.16018,-0.12737,0.66721,0.00027,0.00026,0.74487,-0.12603,0.54819,0.03789
14950000000,0.15872,8.17953,-0.12715,0.66674,0.00014,0.00031,0.74529,-0.09911,0.58639,0.00644
14983000000,0.15535,8.19903,-0.12705,0.66633,0.00006,0.00029,0.74566,-0.10190,0.59087,0.00314
15016000000,0.15212,8.21803,-0.12661,0.66603,0.00004,0.00038,0.74592,-0.09782,0.57579,0.01322
15049000000,0.14931,8.23673,-0.12631,0.66554,0.00002,0.00045,0.74636,-0.08539,0.56686,0.00916
15082000000,0.14681,8.25576,-0.12549,0.66509,0.00001,0.00047,0.74677,-0.07560,0.57666,0.02476
15115000000,0.14392,8.27519,-0.12522,0.66470,-0.00001,0.00048,0.74711,-0.08761,0.58879,0.00839
15148000000,0.14061,8.29736,-0.12578,0.66407,-0.00124,0.00012,0.74767,-0.10023,0.67176,-0.01696
15181000000,0.13749,8.31730,-0.12557,0.66382,-0.00133,0.00027,0.74789,-0.09461,0.60405,0.00616
15214000000,0.13443,8.33669,-0.12581,0.66354,-0.00132,0.00023,0.74814,-0.09286,0.58767,-0.00715
15247000000,0.13177,8.35344,-0.12823,0.66304,-0.00030,-0.00051,0.74859,-0.08044,0.50770,-0.07335
15280000000,0.12889,8.37278,-0.12826,0.66271,-0.00024,-0.00050,0.74887,-0.08735,0.58590,-0.00095
15313000000,0.12616,8.39233,-0.12817,0.66229,-0.00034,-0.00056,0.74924,-0.08277,0.59258,0.00274
15346000000,0.12360,8.41110,-0.12806,0.66195,-0.00029,-0.00053,0.74955,-0.07742,0.56882,0.00324
15379000000,0.12059,8.43033,-0.12785,0.66185,-0.00027,-0.00043,0.74963,-0.09129,0.58275,0.00646
15412000000,0.11750,8.44658,-0.12709,0.66176,-0.00041,-0.00048,0.74971,-0.09367,0.49238,0.02319
15445000000,0.11485,8.46631,-0.12703,0.66172,-0.00032,-0.00037,0.74975,-0.08042,0.59792,0.00177
15478000000,0.11211,8.48596,-0.12697,0.66175,-0.00038,-0.00029,0.74973,-0.08275,0.59524,0.00173
15511000000,0.11170,8.50621,-0.12754,0.66117,0.00034,-0.00024,0.75024,-0.01265,0.61379,-0.01725
15544000000,0.10908,8.52524,-0.12744,0.66119,0.00041,-0.00021,0.75022,-0.07931,0.57663,0.00313
15577000000,0.10663,8.54463,-0.12726,0.66116,0.00040,-0.00011,0.75025,-0.07424,0.58746,0.00549
15610000000,0.10467,8.56447,-0.12725,0.66110,0.00032,-0.00008,0.75030,-0.05936,0.60119,0.00007
15643000000,0.10181,8.58395,-0.12714,0.66125,0.00036,0.00001,0.75016,-0.08677,0.59053,0.00335
15676000000,0.09788,8.60156,-0.12625,0.66158,-0.00032,-0.00008,0.74987,-0.11918,0.53348,0.02699
15709000000,0.09501,8.62102,-0.12618,0.66189,-0.00026,0.00000,0.74961,-0.08697,0.58963,0.00233
15742000000,0.09283,8.64070,-0.12627,0.66199,-0.00031,0.00002,0.74952,-0.06606,0.59660,-0.00274
15775000000,0.09102,8.66121,-0.12818,0.66224,0.00019,-0.00015,0.74930,-0.05475,0.62154,-0.05797
15808000000,0.08831,8.68053,-0.12787,0.66261,0.00012,-0.00003,0.74896,-0.08218,0.58532,0.00938
15841000000,0.08591,8.70009,-0.12741,0.66281,-0.00043,0.00011,0.74879,-0.07253,0.59284,0.01393
15874000000,0.08386,8.71940,-0.12735,0.66309,-0.00044,0.00014,0.74854,-0.06212,0.58501,0.00173
15907000000,0.08247,8.73830,-0.12730,0.66335,-0.00047,0.00012,0.74831,-0.04227,0.57281,0.00162
15940000000,0.07871,8.75580,-0.12659,0.66405,-0.00044,0.00005,0.74769,-0.11375,0.53027,0.02148
15973000000,0.07721,8.77486,-0.12642,0.66449,-0.00045,0.00010,0.74730,-0.04545,0.57758,0.00503
16006000000,0.07615,8.79363,-0.12646,0.66486,-0.00037,0.00010,0.74697,-0.03231,0.56888,-0.00098
16039000000,0.07593,8.81188,-0.12729,0.66498,-0.00005,-0.00018,0.74686,-0.00650,0.55304,-0.02521
16072000000,0.07456,8.83114,-0.12706,0.66561,-0.00004,-0.00012,0.74630,-0.04154,0.58345,0.00680
16105000000,0.07283,8.85043,-0.12666,0.66641,-0.00021,-0.00002,0.74558,-0.05245,0.58457,0.01214
16138000000,0.07183,8.86950,-0.12655,0.66704,-0.00018,0.00004,0.74502,-0.03029,0.57804,0.00342
16171000000,0.06876,8.88964,-0.06340,0.66802,0.00328,-0.00098,0.74413,-0.09327,0.61006,1.91366
16204000000,0.06807,8.90878,-0.06338,0.66878,0.00328,-0.00104,0.74346,-0.02090,0.58018,0.00071
16237000000,0.06742,8.92828,-0.06348,0.66950,0.00338,-0.00099,0.74280,-0.01967,0.59090,-0.00329
16270000000,0.06698,8.94764,-0.06357,0.67013,0.00356,-0.00106,0.74224,-0.01330,0.58651,-0.00259
16303000000,0.06559,8.96722,-0.06350,0.67107,0.00347,-0.00106,0.74139,-0.04214,0.59327,0.00226
16336000000,0.06473,8.98664,-0.06324,0.67194,0.00342,-0.00106,0.74060,-0.02587,0.58871,0.00765
16369000000,0.06381,9.00591,-0.06294,0.67301,0.00335,-0.00106,0.73963,-0.02807,0.58374,0.00932
16402000000,0.06307,9.02551,-0.06272,0.67399,0.00332,-0.00109,0.73873,-0.02234,0.59391,0.00647
16435000000,0.06245,9.04484,-0.06241,0.67497,0.00334,-0.00111,0.73784,-0.01863,0.58590,0.00950
16468000000,0.06241,9.06419,-0.06209,0.67580,0.00322,-0.00104,0.73708,-0.00150,0.58631,0.00960
16501000000,0.06203,9.08393,-0.06194,0.67679,0.00329,-0.00099,0.73617,-0.01131,0.59833,0.00461
16534000000,0.06170,9.10348,-0.06164,0.67787,0.00318,-0.00095,0.73518,-0.01017,0.59223,0.00917
16567000000,0.06211,9.12250,-0.06110,0.67873,0.00312,-0.00088,0.73438,0.01257,0.57642,0.01638
16600000000,0.06264,9.14153,-0.06094,0.67971,0.00329,-0.00086,0.73347,0.01618,0.57657,0.00462
16633000000,0.06268,9.15997,-0.06067,0.68091,0.00334,-0.00084,0.73236,0.00120,0.55882,0.00841
16666000000,0.06303,9.17899,-0.06040,0.68201,0.00342,-0.00085,0.73133,0.01047,0.57660,0.00808
16699000000,0.24153,9.41842,0.01809,0.68062,0.00328,-0.00088,0.73263,5.40895,7.25529,2.37847
16732000000,0.24193,9.43794,0.01820,0.68182,0.00336,-0.00076,0.73151,0.01232,0.59151,0.00343
16765000000,0.24223,9.45747,0.01823,0.68306,0.00327,-0.00079,0.73035,0.00901,0.59171,0.00084
16798000000,0.24223,9.47726,0.01830,0.68451,0.00321,-0.00077,0.72900,-0.00001,0.59977,0.00208
16831000000,0.24300,9.49662,0.01803,0.68576,0.00330,-0.00095,0.72782,0.02348,0.58674,-0.00816
16864000000,0.24301,9.51647,0.01783,0.68724,0.00304,-0.00124,0.72642,0.00014,0.60160,-0.00594
16897000000,0.24401,9.53593,0.01791,0.68855,0.00305,-0.00126,0.72518,0.03034,0.58952,0.00226
16930000000,0.24551,9.55549,0.01804,0.68980,0.00311,-0.00126,0.72399,0.04546,0.59295,0.00400
16963000000,0.24642,9.57488,0.01820,0.69126,0.00309,-0.00126,0.72260,0.02754,0.58735,0.00474
16996000000,0.24785,9.59487,0.01836,0.69257,0.00309,-0.00123,0.72134,0.04341,0.60590,0.00481
17029000000,0.24893,9.61501,0.01857,0.69409,0.00305,-0.00118,0.71988,0.03253,0.61026,0.00648
17062000000,0.25083,9.63497,0.01857,0.69542,0.00312,-0.00119,0.71860,0.05762,0.60480,-0.00004
17095000000,0.25254,9.65514,0.01895,0.69686,0.00300,-0.00118,0.71720,0.05182,0.61119,0.01144
17128000000,0.25512,9.67535,0.01916,0.69808,0.00296,-0.00122,0.71601,0.07816,0.61243,0.00635
17161000000,0.25674,9.69525,0.01916,0.69960,0.00296,-0.00128,0.71453,0.04932,0.60301,0.00021
17194000000,0.25858,9.71529,0.01916,0.70110,0.00300,-0.00126,0.71306,0.05566,0.60737,-0.00009
17227000000,0.26043,9.73499,0.01925,0.70258,0.00296,-0.00128,0.71160,0.05590,0.59697,0.00271
17260000000,0.26227,9.75488,0.01943,0.70418,0.00296,-0.00127,0.71001,0.05595,0.60278,0.00544
17293000000,0.26428,9.77456,0.01953,0.70569,0.00300,-0.00126,0.70852,0.06073,0.59622,0.00308
17425000000,0.27385,9.85383,0.02017,0.71189,0.00303,-0.00110,0.70229,0.07253,0.60054,0.00484
17458000000,0.27626,9.87401,0.02023,0.71354,0.00298,-0.00114,0.70061,0.07301,0.61142,0.00179
17491000000,0.27919,9.89390,0.02035,0.71510,0.00305,-0.00109,0.69902,0.08866,0.60290,0.00356
17524000000,0.28222,9.91380,0.02026,0.71667,0.00306,-0.00114,0.69740,0.09210,0.60287,-0.00246
17557000000,0.28540,9.93353,0.02028,0.71828,0.00315,-0.00117,0.69575,0.09630,0.59795,0.00035
17590000000,0.28795,9.95402,0.02074,0.72000,0.00309,-0.00116,0.69396,0.07714,0.62093,0.01415
17623000000,0.29160,9.97386,0.02064,0.72166,0.00318,-0.00117,0.69224,0.11080,0.60110,-0.00301
17656000000,0.29522,9.99353,0.02053,0.72320,0.00320,-0.00116,0.69063,0.10970,0.59628,-0.00330
17689000000,0.29873,10.01322,0.02047,0.72476,0.00323,-0.00122,0.68900,0.10631,0.59642,-0.00185
17722000000,0.30220,10.03330,0.02038,0.72631,0.00337,-0.00130,0.68736,0.10504,0.60865,-0.00286
17755000000,0.30581,10.05309,0.02042,0.72793,0.00339,-0.00136,0.68564,0.10954,0.59954,0.00138
17788000000,0.30961,10.07280,0.02047,0.72951,0.00341,-0.00137,0.68396,0.11497,0.59732,0.00145
17821000000,0.31375,10.09272,0.02035,0.73107,0.00342,-0.00145,0.68229,0.12565,0.60379,-0.00380
17854000000,0.31764,10.11215,0.02123,0.73274,0.00318,-0.00116,0.68050,0.11774,0.58882,0.02690
17887000000,0.32156,10.13149,0.02139,0.73444,0.00321,-0.00118,0.67867,0.11879,0.58599,0.00483
17953000000,0.32989,10.16981,0.02185,0.73768,0.00328,-0.00110,0.67514,0.12616,0.58056,0.00689
17986000000,0.33417,10.18934,0.02208,0.73927,0.00328,-0.00111,0.67340,0.12982,0.59188,0.00694
18019000000,0.33846,10.20792,0.02218,0.74062,0.00328,-0.00124,0.67192,0.12995,0.56304,0.00322
18052000000,0.34304,10.22730,0.02236,0.74220,0.00323,-0.00127,0.67017,0.13871,0.58720,0.00522
18085000000,0.34765,10.24684,0.02241,0.74382,0.00326,-0.00116,0.66837,0.13992,0.59226,0.00164
18118000000,0.35219,10.26613,0.02274,0.74540,0.00318,-0.00114,0.66661,0.13748,0.58437,0.01008
18151000000,0.35719,10.28543,0.02304,0.74702,0.00310,-0.00113,0.66480,0.15157,0.58506,0.00902
18184000000,0.36210,10.30476,0.02325,0.74858,0.00302,-0.00105,0.66303,0.14858,0.58567,0.00643
18217000000,0.36623,10.32360,0.02490,0.75022,0.00267,-0.00087,0.66118,0.12518,0.57090,0.05005
18250000000,0.37128,10.34273,0.02472,0.75181,0.00274,-0.00095,0.65937,0.15318,0.57975,-0.00546
18283000000,0.37672,10.36206,0.02425,0.75331,0.00292,-0.00104,0.65766,0.16483,0.58570,-0.01425
18316000000,0.38239,10.38138,0.02406,0.75477,0.00299,-0.00106,0.65599,0.17181,0.58544,-0.00599
18349000000,0.38786,10.40060,0.02406,0.75637,0.00303,-0.00099,0.65414,0.16569,0.58241,-0.00003
18382000000,0.39330,10.41995,0.02401,0.75791,0.00316,-0.00099,0.65236,0.16482,0.58637,-0.00152
18415000000,0.39935,10.43948,0.02435,0.75926,0.00301,-0.00097,0.65078,0.18325,0.59191,0.01041
18448000000,0.40512,10.45881,0.02426,0.76075,0.00314,-0.00099,0.64904,0.17500,0.58576,-0.00254
18481000000,0.41074,10.47795,0.02423,0.76225,0.00311,-0.00109,0.64727,0.17020,0.57998,-0.00100
18514000000,0.41629,10.49673,0.02434,0.76371,0.00307,-0.00102,0.64555,0.16842,0.56888,0.00330
18547000000,0.42205,10.51522,0.02424,0.76496,0.00316,-0.00109,0.64407,0.17438,0.56050,-0.00312
18580000000,0.42792,10.53306,0.02359,0.76599,0.00365,-0.00126,0.64284,0.17791,0.54047,-0.01961
18613000000,0.43359,10.55132,0.02367,0.76712,0.00367,-0.00132,0.64149,0.17176,0.55354,0.00239
18679000000,0.44457,10.58806,0.02373,0.76924,0.00381,-0.00137,0.63895,0.16645,0.55663,0.00093
18712000000,0.45034,10.60647,0.02392,0.77023,0.00384,-0.00134,0.63775,0.17487,0.55781,0.00563
18745000000,0.45616,10.62470,0.02323,0.77124,0.00375,-0.00147,0.63653,0.17632,0.55235,-0.02085
18778000000,0.46163,10.64321,0.02356,0.77218,0.00382,-0.00137,0.63539,0.16556,0.56096,0.01006
18811000000,0.46671,10.66193,0.02400,0.77311,0.00367,-0.00136,0.63426,0.15405,0.56718,0.01327
18844000000,0.47196,10.68011,0.02408,0.77396,0.00365,-0.00143,0.63322,0.15907,0.55117,0.00253
18877000000,0.47716,10.69831,0.02435,0.77484,0.00364,-0.00132,0.63215,0.15746,0.55131,0.00817
18910000000,0.48228,10.71657,0.02462,0.77557,0.00375,-0.00129,0.63125,0.15516,0.55351,0.00823
18943000000,0.48782,10.73490,0.02495,0.77622,0.00374,-0.00123,0.63045,0.16785,0.55530,0.00978
18976000000,0.49242,10.75382,0.02570,0.77682,0.00332,-0.00118,0.62972,0.13952,0.57339,0.02290
19009000000,0.49777,10.77246,0.02603,0.77747,0.00335,-0.00118,0.62891,0.16207,0.56489,0.00986
19042000000,0.50335,10.79088,0.02620,0.77795,0.00333,-0.00109,0.62831,0.16907,0.55828,0.00516
19075000000,0.50870,10.80942,0.02646,0.77845,0.00330,-0.00106,0.62770,0.16209,0.56163,0.00810
19108000000,0.51373,10.82800,0.02662,0.77890,0.00335,-0.00110,0.62714,0.15260,0.56299,0.00459
19141000000,0.51882,10.84676,0.02658,0.77939,0.00336,-0.00116,0.62652,0.15405,0.56862,-0.00117
19174000000,0.52380,10.86543,0.02680,0.77976,0.00336,-0.00104,0.62607,0.15108,0.56576,0.00659
19207000000,0.52904,10.88367,0.02694,0.78014,0.00338,-0.00101,0.62560,0.15867,0.55276,0.00428
19240000000,0.53402,10.90260,0.02705,0.78048,0.00346,-0.00099,0.62517,0.15091,0.57371,0.00344
19273000000,0.53863,10.92094,0.02683,0.78088,0.00316,-0.00133,0.62468,0.13970,0.55576,-0.00668
19306000000,0.54370,10.93977,0.02724,0.78117,0.00312,-0.00125,0.62430,0.15383,0.57056,0.01254
19339000000,0.54893,10.95837,0.02748,0.78141,0.00315,-0.00120,0.62401,0.15843,0.56342,0.00721
19372000000,0.55436,10.97692,0.02791,0.78160,0.00319,-0.00112,0.62377,0.16451,0.56232,0.01298
19405000000,0.55895,10.99613,0.02775,0.78191,0.00324,-0.00115,0.62338,0.13905,0.58197,-0.00482
19438000000,0.56367,11.01494,0.02798,0.78214,0.00323,-0.00115,0.62309,0.14292,0.56995,0.00709
19471000000,0.56828,11.03397,0.02824,0.78233,0.00319,-0.00113,0.62286,0.13979,0.57671,0.00769
19504000000,0.57284,11.05232,0.02849,0.78256,0.00316,-0.00107,0.62256,0.13838,0.55628,0.00759
19537000000,0.57814,11.07096,0.02877,0.78258,0.00315,-0.00109,0.62254,0.16056,0.56458,0.00853
19570000000,0.58384,11.09080,0.02901,0.78265,0.00317,-0.00088,0.62246,0.17270,0.60142,0.00740
19603000000,0.58833,11.10962,0.02916,0.78275,0.00317,-0.00084,0.62232,0.13607,0.57030,0.00452
19636000000,0.59298,11.12839,0.02941,0.78289,0.00308,-0.00085,0.62215,0.14078,0.56879,0.00758
19669000000,0.59788,11.14777,0.02964,0.78307,0.00318,-0.00084,0.62192,0.14849,0.58706,0.00691
19702000000,0.60269,11.16677,0.02963,0.78335,0.00307,-0.00098,0.62157,0.14592,0.57602,-0.00028
19735000000,0.60748,11.18585,0.02998,0.78367,0.00308,-0.00092,0.62117,0.14508,0.57816,0.01060
19768000000,0.61268,11.20537,0.03028,0.78389,0.00309,-0.00090,0.62089,0.15757,0.59151,0.00890
19801000000,0.61763,11.22468,0.03043,0.78420,0.00313,-0.00087,0.62050,0.15003,0.58498,0.00479
19834000000,0.62281,11.24385,0.03016,0.78426,0.00288,-0.00095,0.62043,0.15695,0.58113,-0.00822
19867000000,0.62748,11.26303,0.03039,0.78450,0.00288,-0.00095,0.62012,0.14148,0.58122,0.00678
19900000000,0.63238,11.28209,0.03074,0.78479,0.00281,-0.00088,0.61976,0.14840,0.57749,0.01058
19933000000,0.63727,11.30107,0.03095,0.78495,0.00285,-0.00083,0.61955,0.14832,0.57498,0.00654
19966000000,0.64217,11.32042,0.03141,0.78520,0.00274,-0.00090,0.61923,0.14833,0.58660,0.01383
19999000000,0.64656,11.33913,0.03395,0.78544,0.00232,-0.00104,0.61893,0.13324,0.56689,0.07711
20065000000,0.65621,11.37753,0.03428,0.78593,0.00227,-0.00117,0.61831,0.14610,0.58173,0.00498
20098000000,0.66128,11.39647,0.03502,0.78607,0.00225,-0.00088,0.61813,0.15365,0.57408,0.02244
20131000000,0.66644,11.41602,0.03537,0.78625,0.00227,-0.00069,0.61791,0.15658,0.59252,0.01052
20164000000,0.66994,11.43403,0.04151,0.78653,0.00191,0.00068,0.61755,0.10588,0.54579,0.18596
20197000000,0.67689,11.45463,0.03644,0.78650,0.00247,-0.00013,0.61759,0.21071,0.62417,-0.15363
20230000000,0.68247,11.47449,0.03479,0.78658,0.00268,-0.00054,0.61749,0.16917,0.60171,-0.04981
20263000000,0.68792,11.49475,0.03338,0.78663,0.00291,-0.00084,0.61742,0.16511,0.61405,-0.04289
20296000000,0.69284,11.51436,0.03254,0.78676,0.00306,-0.00101,0.61726,0.14899,0.59405,-0.02543
20329000000,0.69764,11.53417,0.03230,0.78679,0.00308,-0.00102,0.61721,0.14562,0.60029,-0.00711
20362000000,0.70266,11.55406,0.03223,0.78681,0.00313,-0.00100,0.61718,0.15193,0.60287,-0.00224
20395000000,0.70740,11.57341,0.03245,0.78686,0.00318,-0.00096,0.61712,0.14384,0.58642,0.00662
20428000000,0.71234,11.59279,0.03276,0.78683,0.00319,-0.00088,0.61716,0.14961,0.58715,0.00952
20461000000,0.71926,11.61426,0.03309,0.78630,0.00336,-0.00040,0.61784,0.20954,0.65069,0.00988
20494000000,0.72383,11.63389,0.03291,0.78620,0.00348,-0.00044,0.61796,0.13850,0.59477,-0.00535
20527000000,0.72806,11.65343,0.03300,0.78599,0.00342,-0.00058,0.61823,0.12825,0.59229,0.00272
20560000000,0.73237,11.67228,0.03318,0.78561,0.00340,-0.00057,0.61871,0.13056,0.57122,0.00553
20593000000,0.73593,11.69076,0.03361,0.78525,0.00336,-0.00052,0.61917,0.10798,0.55986,0.01297
20626000000,0.74014,11.71056,0.03371,0.78495,0.00341,-0.00063,0.61955,0.12763,0.60009,0.00305
20659000000,0.74459,11.73083,0.03395,0.78465,0.00340,-0.00054,0.61993,0.13464,0.61402,0.00712
20692000000,0.74863,11.75111,0.03370,0.78427,0.00341,-0.00058,0.62041,0.12255,0.61457,-0.00737
20725000000,0.75281,11.77131,0.03386,0.78394,0.00348,-0.00060,0.62083,0.12672,0.61220,0.00482
20758000000,0.75677,11.79122,0.03396,0.78344,0.00343,-0.00063,0.62146,0.11989,0.60344,0.00293
20824000000,0.76477,11.83177,0.03383,0.78242,0.00340,-0.00067,0.62274,0.12122,0.61430,-0.00191
20857000000,0.76850,11.85190,0.03438,0.78190,0.00337,-0.00054,0.62339,0.11317,0.61018,0.01664
20890000000,0.77189,11.87160,0.03354,0.78150,0.00344,-0.00088,0.62389,0.10261,0.59680,-0.02539
20923000000,0.77516,11.89153,0.03382,0.78085,0.00346,-0.00087,0.62471,0.09908,0.60399,0.00831
20956000000,0.77845,11.91073,0.03419,0.78011,0.00343,-0.00077,0.62563,0.09984,0.58183,0.01128
20989000000,0.78154,11.93014,0.03450,0.77934,0.00339,-0.00073,0.62659,0.09342,0.58813,0.00940
21022000000,0.78477,11.94963,0.03469,0.77843,0.00346,-0.00064,0.62772,0.09807,0.59061,0.00572
21055000000,0.78780,11.96892,0.03472,0.77756,0.00343,-0.00065,0.62879,0.09181,0.58452,0.00084
21088000000,0.79064,11.98802,0.03478,0.77670,0.00349,-0.00062,0.62987,0.08594,0.57876,0.00200
21121000000,0.79312,12.00759,0.03497,0.77585,0.00355,-0.00064,0.63090,0.07506,0.59316,0.00566
21154000000,0.79576,12.02695,0.03510,0.77498,0.00348,-0.00061,0.63198,0.08004,0.58654,0.00379
21187000000,0.79840,12.04655,0.03531,0.77404,0.00350,-0.00058,0.63313,0.07997,0.59414,0.00661
21220000000,0.80070,12.06602,0.03530,0.77319,0.00346,-0.00073,0.63416,0.06973,0.59004,-0.00036
21253000000,0.80302,12.08613,0.03547,0.77230,0.00348,-0.00065,0.63525,0.07050,0.60922,0.00508
21286000000,0.80503,12.10666,0.03556,0.77140,0.00341,-0.00073,0.63635,0.06080,0.62229,0.00266
21319000000,0.80733,12.12664,0.03555,0.77054,0.00343,-0.00080,0.63739,0.06972,0.60550,-0.00037
21352000000,0.80982,12.14701,0.03585,0.76954,0.00338,-0.00068,0.63858,0.07540,0.61714,0.00917
21385000000,0.81131,12.16561,0.03436,0.76890,0.00337,-0.00119,0.63936,0.04532,0.56374,-0.04507
21418000000,0.81334,12.18582,0.03437,0.76792,0.00342,-0.00110,0.64054,0.06150,0.61235,0.00022
21451000000,0.81557,12.20586,0.03443,0.76699,0.00347,-0.00104,0.64164,0.06743,0.60735,0.00173
21484000000,0.81738,12.22578,0.03447,0.76606,0.00342,-0.00109,0.64276,0.05480,0.60350,0.00131
21517000000,0.81949,12.24587,0.03484,0.76510,0.00344,-0.00096,0.64390,0.06394,0.60870,0.01112
21550000000,0.82134,12.26589,0.03492,0.76413,0.00352,-0.00099,0.64505,0.05627,0.60694,0.00267
21616000000,0.82476,12.30556,0.03524,0.76214,0.00336,-0.00109,0.64740,0.05168,0.60096,0.00478
21649000000,0.82609,12.32516,0.03573,0.76119,0.00338,-0.00098,0.64852,0.04033,0.59414,0.01476
21682000000,0.82788,12.34497,0.03621,0.76027,0.00336,-0.00094,0.64960,0.05447,0.60003,0.01480
21715000000,0.82919,12.36496,0.03646,0.75919,0.00339,-0.00083,0.65086,0.03963,0.60599,0.00733
21748000000,0.83055,12.38490,0.03671,0.75821,0.00336,-0.00090,0.65200,0.04120,0.60422,0.00779
21781000000,0.83240,12.40471,0.03698,0.75724,0.00337,-0.00083,0.65313,0.05597,0.60009,0.00822
21814000000,0.83378,12.42435,0.03733,0.75615,0.00340,-0.00079,0.65439,0.04182,0.59515,0.01059
21847000000,0.83514,12.44468,0.03722,0.75518,0.00339,-0.00090,0.65551,0.04117,0.61610,-0.00352
21880000000,0.83598,12.46491,0.03718,0.75415,0.00337,-0.00096,0.65670,0.02557,0.61321,-0.00116
21913000000,0.83754,12.48531,0.03756,0.75344,0.00327,-0.00088,0.65751,0.04729,0.61815,0.01150
21946000000,0.83848,12.50492,0.03776,0.75247,0.00324,-0.00089,0.65862,0.02857,0.59405,0.00604
21979000000,0.83926,12.52505,0.03783,0.75156,0.00320,-0.00100,0.65966,0.02353,0.60998,0.00210
22012000000,0.84036,12.54502,0.03768,0.75055,0.00324,-0.00101,0.66080,0.03326,0.60532,-0.00454
22045000000,0.84085,12.56503,0.03794,0.74954,0.00320,-0.00099,0.66195,0.01490,0.60622,0.00785
22078000000,0.84209,12.58526,0.03811,0.74859,0.00318,-0.00096,0.66302,0.03769,0.61304,0.00513
22111000000,0.84291,12.60541,0.03789,0.74762,0.00315,-0.00115,0.66412,0.02477,0.61076,-0.00653
22144000000,0.84386,12.62451,0.03818,0.74667,0.00329,-0.00098,0.66518,0.02890,0.57868,0.00886
22177000000,0.84470,12.64434,0.03848,0.74570,0.00317,-0.00099,0.66627,0.02518,0.60110,0.00898
22210000000,0.84556,12.66477,0.03835,0.74467,0.00324,-0.00103,0.66743,0.02633,0.61899,-0.00384
22243000000,0.84635,12.68468,0.03859,0.74374,0.00323,-0.00107,0.66847,0.02377,0.60318,0.00725
22276000000,0.84655,12.70415,0.03856,0.74286,0.00322,-0.00114,0.66944,0.00623,0.59004,-0.00098
22309000000,0.84695,12.72337,0.03873,0.74196,0.00323,-0.00118,0.67044,0.01197,0.58264,0.00524
22342000000,0.84691,12.74281,0.03871,0.74115,0.00326,-0.00129,0.67133,-0.00129,0.58897,-0.00060
22375000000,0.84711,12.76288,0.03863,0.74022,0.00329,-0.00129,0.67235,0.00607,0.60830,-0.00258
22408000000,0.84731,12.78238,0.03908,0.73932,0.00316,-0.00128,0.67334,0.00613,0.59079,0.01360
22441000000,0.84656,12.79775,0.03970,0.73892,0.00298,-0.00178,0.67379,-0.02281,0.46577,0.01882
22474000000,0.84706,12.81805,0.03985,0.73800,0.00290,-0.00172,0.67479,0.01518,0.61512,0.00452
22540000000,0.84823,12.85784,0.04006,0.73617,0.00297,-0.00163,0.67679,0.01773,0.60295,0.00315
22573000000,0.84853,12.87763,0.03998,0.73527,0.00309,-0.00173,0.67776,0.00921,0.59969,-0.00224
22606000000,0.84811,12.89695,0.04001,0.73461,0.00299,-0.00188,0.67848,-0.01289,0.58530,0.00074
22639000000,0.84835,12.91678,0.04023,0.73375,0.00290,-0.00185,0.67941,0.00730,0.60084,0.00685
22672000000,0.84824,12.93623,0.04033,0.73298,0.00293,-0.00194,0.68024,-0.00315,0.58946,0.00300
22705000000,0.84847,12.95588,0.04077,0.73219,0.00280,-0.00190,0.68109,0.00700,0.59538,0.01343
22738000000,0.84772,12.97505,0.04068,0.73144,0.00298,-0.00202,0.68190,-0.02275,0.58111,-0.00271
22771000000,0.84823,12.99464,0.04075,0.73065,0.00290,-0.00210,0.68274,0.01544,0.59345,0.00203
22837000000,0.84965,13.03453,0.04112,0.72885,0.00267,-0.00170,0.68467,0.02153,0.60450,0.00559
22870000000,0.84968,13.05423,0.04100,0.72814,0.00277,-0.00174,0.68542,0.00083,0.59686,-0.00353
22903000000,0.84940,13.07330,0.04086,0.72744,0.00279,-0.00177,0.68616,-0.00840,0.57790,-0.00446
22936000000,0.84968,13.09314,0.04056,0.72669,0.00293,-0.00189,0.68696,0.00824,0.60107,-0.00904
22969000000,0.84936,13.11235,0.04071,0.72602,0.00293,-0.00192,0.68766,-0.00961,0.58223,0.00461
23002000000,0.84893,13.13227,0.04103,0.72542,0.00282,-0.00198,0.68829,-0.01299,0.60376,0.00957
23035000000,0.84875,13.15176,0.04101,0.72477,0.00284,-0.00198,0.68899,-0.00535,0.59064,-0.00054
23068000000,0.84824,13.17114,0.04162,0.72416,0.00275,-0.00192,0.68962,-0.01566,0.58726,0.01845
23101000000,0.84814,13.18988,0.04197,0.72362,0.00276,-0.00183,0.69019,-0.00306,0.56784,0.01062
23134000000,0.84788,13.20940,0.04228,0.72297,0.00261,-0.00189,0.69087,-0.00791,0.59154,0.00961
23167000000,0.84775,13.22883,0.04266,0.72244,0.00255,-0.00195,0.69143,-0.00390,0.58868,0.01123
23200000000,0.84753,13.24871,0.04267,0.72187,0.00267,-0.00195,0.69202,-0.00659,0.60235,0.00040
23233000000,0.84756,13.26847,0.04264,0.72121,0.00261,-0.00186,0.69271,0.00097,0.59897,-0.00076
23266000000,0.84814,13.28776,0.04299,0.72060,0.00265,-0.00184,0.69335,0.01759,0.58431,0.01047
23332000000,0.84855,13.32733,0.04315,0.71943,0.00261,-0.00185,0.69456,0.00611,0.59957,0.00249
23365000000,0.84741,13.34669,0.04383,0.71924,0.00247,-0.00185,0.69476,-0.03437,0.58677,0.02054
23398000000,0.84751,13.36646,0.04388,0.71868,0.00250,-0.00182,0.69533,0.00306,0.59905,0.00138
23431000000,0.84786,13.38540,0.04400,0.71825,0.00254,-0.00188,0.69578,0.01062,0.57385,0.00371
23464000000,0.84785,13.40485,0.04409,0.71776,0.00257,-0.00190,0.69628,-0.00031,0.58949,0.00267
23497000000,0.84810,13.42441,0.04416,0.71729,0.00273,-0.00185,0.69676,0.00739,0.59267,0.00234
23530000000,0.84815,13.44382,0.04430,0.71691,0.00272,-0.00185,0.69716,0.00149,0.58813,0.00426
23563000000,0.84827,13.46341,0.04449,0.71639,0.00278,-0.00178,0.69769,0.00392,0.59376,0.00548
23596000000,0.84820,13.48316,0.04477,0.71602,0.00277,-0.00173,0.69807,-0.00220,0.59853,0.00872
23629000000,0.84809,13.50333,0.04470,0.71560,0.00275,-0.00176,0.69850,-0.00349,0.61122,-0.00233
23662000000,0.84809,13.52374,0.04458,0.71523,0.00283,-0.00179,0.69888,0.00003,0.61827,-0.00361
23695000000,0.84787,13.54323,0.04449,0.71490,0.00275,-0.00185,0.69922,-0.00674,0.59073,-0.00253
23728000000,0.84800,13.56281,0.04412,0.71465,0.00280,-0.00204,0.69947,0.00421,0.59333,-0.01118
23761000000,0.84842,13.58276,0.04398,0.71432,0.00286,-0.00200,0.69981,0.01264,0.60472,-0.00447
23794000000,0.84870,13.60173,0.04407,0.71399,0.00294,-0.00198,0.70014,0.00844,0.57481,0.00289
23827000000,0.85015,13.62082,0.04489,0.71366,0.00310,-0.00161,0.70049,0.04405,0.57845,0.02466
23860000000,0.85027,13.64047,0.04499,0.71342,0.00318,-0.00162,0.70073,0.00368,0.59553,0.00305
23893000000,0.84990,13.65993,0.04522,0.71327,0.00310,-0.00154,0.70088,-0.01121,0.58957,0.00696
23926000000,0.84992,13.67970,0.04525,0.71308,0.00303,-0.00164,0.70107,0.00034,0.59920,0.00097
23959000000,0.84943,13.69911,0.04522,0.71301,0.00313,-0.00173,0.70115,-0.01458,0.58813,-0.00082
23992000000,0.84976,13.71856,0.04516,0.71284,0.00317,-0.00175,0.70132,0.00970,0.58946,-0.00174
24025000000,0.84949,13.73794,0.04502,0.71280,0.00311,-0.00179,0.70136,-0.00815,0.58723,-0.00434
24058000000,0.84895,13.75662,0.04517,0.71274,0.00313,-0.00188,0.70142,-0.01615,0.56588,0.00454
24091000000,0.84934,13.77580,0.04512,0.71275,0.00332,-0.00196,0.70140,0.01171,0.58125,-0.00167
24124000000,0.84960,13.79502,0.04514,0.71268,0.00329,-0.00209,0.70148,0.00778,0.58246,0.00060
24157000000,0.85023,13.81246,0.04496,0.71279,0.00366,-0.00183,0.70137,0.01930,0.52860,-0.00543
24190000000,0.85043,13.83177,0.04522,0.71287,0.00356,-0.00189,0.70129,0.00597,0.58501,0.00788
24223000000,0.85091,13.85100,0.04553,0.71281,0.00352,-0.00190,0.70135,0.01449,0.58267,0.00957
24256000000,0.85119,13.87035,0.04588,0.71288,0.00344,-0.00192,0.70127,0.00861,0.58648,0.01051
24289000000,0.85171,13.88947,0.04630,0.71299,0.00341,-0.00185,0.70117,0.01560,0.57931,0.01267
24322000000,0.85220,13.90858,0.04656,0.71311,0.00332,-0.00189,0.70104,0.01494,0.57926,0.00802
24355000000,0.85274,13.92784,0.04661,0.71322,0.00321,-0.00203,0.70093,0.01627,0.58365,0.00155
24388000000,0.85323,13.94689,0.04642,0.71331,0.00339,-0.00213,0.70083,0.01478,0.57703,-0.00589
24421000000,0.85364,13.96550,0.04647,0.71357,0.00340,-0.00213,0.70057,0.01242,0.56403,0.00143
24454000000,0.85505,13.98283,0.04674,0.71375,0.00300,-0.00201,0.70039,0.04300,0.52510,0.00834
24487000000,0.85566,13.99993,0.04680,0.71398,0.00289,-0.00211,0.70016,0.01833,0.51839,0.00168
24520000000,0.85657,14.01622,0.04695,0.71417,0.00292,-0.00210,0.69996,0.02771,0.49351,0.00478
24553000000,0.85777,14.03237,0.04729,0.71443,0.00290,-0.00195,0.69970,0.03617,0.48929,0.01008
24586000000,0.85833,14.04736,0.04760,0.71467,0.00287,-0.00190,0.69945,0.01699,0.45432,0.00960
24619000000,0.85903,14.06188,0.04767,0.71500,0.00287,-0.00192,0.69912,0.02139,0.44019,0.00214
24652000000,0.85967,14.07609,0.04748,0.71540,0.00296,-0.00197,0.69871,0.01934,0.43034,-0.00592
24685000000,0.86084,14.08928,0.04782,0.71563,0.00298,-0.00185,0.69847,0.03528,0.39971,0.01026
24718000000,0.86139,14.10202,0.04757,0.71606,0.00301,-0.00203,0.69802,0.01691,0.38615,-0.00756
24751000000,0.86245,14.11421,0.04764,0.71636,0.00304,-0.00201,0.69772,0.03196,0.36948,0.00229
24784000000,0.86307,14.12586,0.04781,0.71670,0.00303,-0.00204,0.69737,0.01897,0.35303,0.00506
24817000000,0.86361,14.13740,0.04751,0.71715,0.00310,-0.00218,0.69691,0.01631,0.34962,-0.00909
24850000000,0.86463,14.14856,0.04741,0.71779,0.00306,-0.00180,0.69625,0.03094,0.33824,-0.00300
24883000000,0.86580,14.15953,0.04771,0.71816,0.00311,-0.00177,0.69587,0.03547,0.33246,0.00906
24916000000,0.86708,14.17031,0.04779,0.71847,0.00312,-0.00172,0.69555,0.03875,0.32662,0.00227
24949000000,0.86823,14.18168,0.04773,0.71889,0.00319,-0.00173,0.69511,0.03475,0.34448,-0.00167
24982000000,0.86911,14.19313,0.04779,0.71952,0.00316,-0.00172,0.69447,0.02668,0.34688,0.00176
25015000000,0.87065,14.20464,0.04766,0.72015,0.00315,-0.00176,0.69381,0.04675,0.34881,-0.00390
25048000000,0.87227,14.21578,0.04766,0.72100,0.00312,-0.00182,0.69292,0.04915,0.33772,-0.00005
25081000000,0.87387,14.22334,0.04776,0.72155,0.00309,-0.00167,0.69235,0.04836,0.22897,0.00302
25114000000,0.87441,14.22682,0.04775,0.72195,0.00320,-0.00169,0.69193,0.01628,0.10568,-0.00028
25147000000,0.87465,14.22713,0.04772,0.72194,0.00323,-0.00170,0.69195,0.00737,0.00931,-0.00096
25180000000,0.87477,14.22704,0.04769,0.72192,0.00326,-0.00170,0.69196,0.00372,-0.00283,-0.00081
25213000000,0.87484,14.22694,0.04769,0.72192,0.00326,-0.00170,0.69197,0.00189,-0.00289,0.00001
25246000000,0.87480,14.22694,0.04768,0.72193,0.00325,-0.00172,0.69196,-0.00120,-0.00017,-0.00040
25312000000,0.87484,14.22696,0.04770,0.72192,0.00325,-0.00170,0.69197,0.00062,0.00033,0.00039
25345000000,0.87479,14.22688,0.04774,0.72192,0.00323,-0.00173,0.69197,-0.00130,-0.00243,0.00097
25378000000,0.87566,14.22537,0.04842,0.72146,0.00328,-0.00123,0.69244,0.02615,-0.04563,0.02065
25411000000,0.87560,14.22527,0.04846,0.72148,0.00327,-0.00124,0.69243,-0.00161,-0.00303,0.00136
25444000000,0.87547,14.22519,0.04843,0.72150,0.00327,-0.00127,0.69241,-0.00409,-0.00266,-0.00102
25477000000,0.87539,14.22516,0.04841,0.72151,0.00328,-0.00128,0.69239,-0.00243,-0.00081,-0.00065
25510000000,0.87535,14.22516,0.04839,0.72152,0.00327,-0.00131,0.69239,-0.00126,0.00000,-0.00061
25543000000,0.87531,14.22516,0.04837,0.72152,0.00327,-0.00131,0.69238,-0.00104,0.00012,-0.00052
25576000000,0.87532,14.22517,0.04835,0.72152,0.00328,-0.00131,0.69238,0.00012,0.00026,-0.00052
25609000000,0.87531,14.22516,0.04838,0.72153,0.00327,-0.00131,0.69238,-0.00010,-0.00046,0.00076
25642000000,0.87531,14.22516,0.04834,0.72153,0.00328,-0.00132,0.69238,-0.00020,0.00009,-0.00103
25675000000,0.87534,14.22517,0.04833,0.72152,0.00328,-0.00131,0.69239,0.00111,0.00023,-0.00026
25708000000,0.87536,14.22518,0.04831,0.72152,0.00330,-0.00130,0.69239,0.00050,0.00029,-0.00070
25741000000,0.87536,14.22517,0.04830,0.72152,0.00330,-0.00131,0.69239,-0.00007,-0.00009,-0.00049
25774000000,0.87537,14.22518,0.04831,0.72152,0.00330,-0.00130,0.69239,0.00033,0.00026,0.00045
25807000000,0.87536,14.22518,0.04833,0.72152,0.00329,-0.00130,0.69239,-0.00021,-0.00017,0.00060
25840000000,0.87537,14.22517,0.04834,0.72152,0.00329,-0.00130,0.69239,0.00028,-0.00009,0.00020
25873000000,0.87541,14.22519,0.04838,0.72151,0.00328,-0.00128,0.69240,0.00129,0.00064,0.00128
25939000000,0.87538,14.22451,0.04790,0.72157,0.00334,-0.00126,0.69233,-0.00048,-0.01042,-0.00726
25972000000,0.87526,14.22447,0.04796,0.72159,0.00332,-0.00127,0.69231,-0.00376,-0.00098,0.00192
26005000000,0.87519,14.22447,0.04798,0.72160,0.00332,-0.00127,0.69230,-0.00198,-0.00026,0.00066
26038000000,0.87516,14.22445,0.04802,0.72161,0.00330,-0.00127,0.69230,-0.00105,-0.00043,0.00096
26071000000,0.87514,14.22445,0.04805,0.72161,0.00330,-0.00125,0.69229,-0.00047,-0.00006,0.00088
26104000000,0.87513,14.22444,0.04807,0.72161,0.00329,-0.00126,0.69229,-0.00026,-0.00032,0.00072
26137000000,0.87514,14.22443,0.04806,0.72161,0.00330,-0.00126,0.69229,0.00013,-0.00020,-0.00027
26170000000,0.87514,14.22443,0.04804,0.72161,0.00330,-0.00127,0.69229,-0.00002,-0.00003,-0.00075
26203000000,0.87514,14.22444,0.04803,0.72161,0.00329,-0.00127,0.69229,-0.00003,0.00020,-0.00025
