36268000000,0.00042,0.00032,-0.00007,1.00000,-0.00218,-0.00004,-0.00002,-0.00087,0.00328,0.00416
36301000000,0.00046,0.00045,0.00004,1.00000,-0.00214,-0.00001,-0.00004,-0.00064,0.00402,0.00252
36334000000,0.00038,0.00039,0.00007,1.00000,-0.00202,-0.00001,-0.00001,-0.00160,0.00445,0.00273
36367000000,0.00038,0.00042,0.00011,1.00000,-0.00198,0.00001,-0.00006,-0.00150,0.00388,0.00326
36400000000,0.00044,0.00048,0.00010,1.00000,-0.00201,0.00006,-0.00006,-0.00050,0.00412,0.00203
36433000000,0.00046,0.00047,0.00008,1.00000,-0.00200,0.00008,-0.00004,0.00035,0.00288,0.00237
36466000000,0.00042,0.00042,0.00007,1.00000,-0.00191,0.00002,-0.00001,-0.00065,0.00351,0.00384
36499000000,0.00042,0.00041,0.00001,1.00000,-0.00191,0.00001,-0.00004,-0.00058,0.00351,0.00121
36532000000,0.00042,0.00042,-0.00000,1.00000,-0.00189,0.00004,-0.00003,-0.00093,0.00416,0.00143
36565000000,0.00042,0.00045,0.00002,1.00000,-0.00185,0.00006,-0.00004,-0.00081,0.00481,0.00143
36598000000,0.00043,0.00045,0.00006,1.00000,-0.00184,0.00009,-0.00005,-0.00076,0.00474,0.00229
36631000000,0.00040,0.00047,0.00009,1.00000,-0.00179,0.00011,-0.00004,-0.00192,0.00566,0.00214
36664000000,0.00039,0.00048,0.00010,1.00000,-0.00180,0.00010,-0.00004,-0.00237,0.00516,0.00319
36697000000,0.00038,0.00046,0.00010,1.00000,-0.00177,0.00011,-0.00003,-0.00312,0.00472,0.00248
36730000000,0.00035,0.00040,0.00009,1.00000,-0.00172,0.00010,-0.00001,-0.00315,0.00312,0.00305
36763000000,0.00032,0.00035,0.00007,1.00000,-0.00164,0.00005,0.00001,-0.00268,0.00262,0.00255
36796000000,0.00031,0.00032,0.00004,1.00000,-0.00162,0.00003,-0.00002,-0.00342,0.00184,0.00223
36829000000,0.00030,0.00032,0.00003,1.00000,-0.00161,0.00008,-0.00003,-0.00428,0.00187,0.00231
36862000000,0.00029,0.00030,0.00002,1.00000,-0.00163,0.00006,-0.00000,-0.00468,0.00147,0.00137
36895000000,0.00028,0.00031,0.00001,1.00000,-0.00162,0.00009,-0.00004,-0.00511,0.00102,0.00079
36928000000,0.00029,0.00031,-0.00001,1.00000,-0.00162,0.00007,-0.00001,-0.00463,0.00173,0.00108
36961000000,0.00031,0.00033,-0.00002,1.00000,-0.00165,0.00010,-0.00003,-0.00359,0.00244,0.00053
36994000000,0.00032,0.00032,-0.00002,1.00000,-0.00165,0.00011,-0.00001,-0.00280,0.00162,0.00156
37027000000,0.00032,0.00031,-0.00002,1.00000,-0.00165,0.00010,-0.00001,-0.00382,0.00148,0.00117
37060000000,0.00030,0.00030,-0.00006,1.00000,-0.00163,0.00008,-0.00002,-0.00438,0.00093,-0.00111
37093000000,0.00032,0.00033,-0.00008,1.00000,-0.00163,0.00012,-0.00004,-0.00369,0.00211,-0.00087
37126000000,0.00032,0.00033,-0.00006,1.00000,-0.00163,0.00014,-0.00002,-0.00355,0.00218,0.00085
37159000000,0.00032,0.00032,-0.00005,1.00000,-0.00166,0.00009,-0.00002,-0.00356,0.00124,0.00099
37192000000,0.00032,0.00030,-0.00005,1.00000,-0.00164,0.00013,-0.00002,-0.00421,-0.00026,0.00191
37225000000,0.00031,0.00029,-0.00004,1.00000,-0.00165,0.00014,-0.00004,-0.00437,-0.00102,0.00237
37258000000,0.00030,0.00029,-0.00002,1.00000,-0.00166,0.00016,-0.00002,-0.00510,-0.00014,0.00314
37291000000,0.00029,0.00029,-0.00003,1.00000,-0.00164,0.00016,-0.00001,-0.00559,-0.00041,0.00234
37324000000,0.00056,0.00025,-0.00001,1.00000,-0.00167,0.00021,-0.00001,0.00848,-0.00209,0.00256
37357000000,0.00119,0.00017,-0.00002,1.00000,-0.00165,0.00017,0.00002,0.03207,-0.00376,0.00184
37390000000,0.00269,0.00005,-0.00001,1.00000,-0.00167,0.00021,-0.00004,0.04749,-0.00449,0.00272
37423000000,0.00506,-0.00013,0.00006,1.00000,-0.00164,0.00024,0.00002,0.07797,-0.00429,0.00352
37456000000,0.00835,-0.00028,0.00009,1.00000,-0.00170,0.00025,-0.00000,0.10877,-0.00538,0.00253
37489000000,0.01249,-0.00033,0.00004,1.00000,-0.00166,0.00027,-0.00001,0.13026,-0.00612,0.00196
37522000000,0.01746,-0.00044,0.00002,1.00000,-0.00165,0.00025,-0.00001,0.15566,-0.00624,0.00258
37555000000,0.02298,-0.00064,0.00007,1.00000,-0.00166,0.00028,0.00001,0.17813,-0.00466,0.00248
37588000000,0.02956,-0.00072,0.00004,1.00000,-0.00171,0.00027,0.00001,0.20227,-0.00476,0.00401
37621000000,0.03677,-0.00074,0.00011,1.00000,-0.00169,0.00029,0.00000,0.23265,-0.00461,0.00406
37654000000,0.04472,-0.00090,0.00022,1.00000,-0.00171,0.00031,-0.00000,0.26166,-0.00583,0.00443
37687000000,0.05358,-0.00110,0.00037,1.00000,-0.00168,0.00036,0.00003,0.28662,-0.00615,0.00459
37720000000,0.06349,-0.00093,0.00040,1.00000,-0.00170,0.00033,0.00000,0.30138,-0.00648,0.00513
37753000000,0.07393,-0.00099,0.00031,1.00000,-0.00171,0.00038,-0.00001,0.32893,-0.00528,0.00485
37786000000,0.08535,-0.00120,0.00037,1.00000,-0.00175,0.00039,-0.00000,0.35215,-0.00659,0.00457
37819000000,0.09753,-0.00128,0.00047,1.00000,-0.00171,0.00043,0.00001,0.35228,-0.00731,0.00450
37852000000,0.11038,-0.00106,0.00047,1.00000,-0.00173,0.00043,0.00000,0.38519,-0.00839,0.00551
37885000000,0.12474,-0.00085,0.00055,1.00000,-0.00180,0.00046,-0.00004,0.41753,-0.00797,0.00612
37918000000,0.14009,-0.00091,0.00061,1.00000,-0.00177,0.00049,-0.00005,0.44816,-0.00921,0.00545
37951000000,0.15569,-0.00081,0.00068,1.00000,-0.00177,0.00052,-0.00007,0.46432,-0.00928,0.00551
37984000000,0.17228,-0.00057,0.00071,1.00000,-0.00176,0.00055,-0.00010,0.49632,-0.01018,0.00701
38017000000,0.18990,-0.00045,0.00062,1.00000,-0.00179,0.00055,-0.00009,0.51498,-0.00960,0.00448
38050000000,0.20741,-0.00051,0.00058,1.00000,-0.00180,0.00058,-0.00007,0.51779,-0.00905,0.00538
38083000000,0.22357,-0.00073,0.00079,1.00000,-0.00187,0.00051,-0.00008,0.48178,-0.00829,0.00532
38116000000,0.23987,-0.00062,0.00119,1.00000,-0.00189,0.00053,-0.00007,0.46164,-0.00787,0.00529
38149000000,0.25500,-0.00066,0.00136,1.00000,-0.00196,0.00034,-0.00010,0.45726,-0.00829,0.00583
38182000000,0.27073,-0.00079,0.00141,1.00000,-0.00195,0.00013,-0.00008,0.48942,-0.00782,0.00512
38215000000,0.28772,-0.00064,0.00172,1.00000,-0.00204,-0.00022,-0.00013,0.51273,-0.00814,0.00526
38248000000,0.30570,-0.00039,0.00213,1.00000,-0.00209,-0.00075,-0.00017,0.54086,-0.00779,0.00509
38281000000,0.32427,-0.00030,0.00262,1.00000,-0.00212,-0.00145,-0.00020,0.56912,-0.00644,0.00535
38314000000,0.34387,-0.00012,0.00315,1.00000,-0.00217,-0.00214,-0.00021,0.58385,-0.00606,0.00703
38347000000,0.36520,0.00076,0.00366,0.99999,-0.00199,-0.00322,-0.00023,0.61743,-0.00424,0.00812
38380000000,0.38603,0.00064,0.00493,0.99999,-0.00169,-0.00464,-0.00028,0.64664,-0.00381,0.01109
38413000000,0.40800,0.00075,0.00655,0.99998,-0.00123,-0.00632,-0.00027,0.66101,-0.00338,0.01340
38446000000,0.43030,0.00064,0.00866,0.99997,-0.00055,-0.00824,-0.00023,0.69061,-0.00421,0.01649
38479000000,0.45319,0.00042,0.01060,0.99995,0.00004,-0.00981,-0.00018,0.71160,-0.00479,0.01836
38512000000,0.47726,0.00047,0.01254,0.99994,0.00063,-0.01126,-0.00022,0.74125,-0.00473,0.02040
38545000000,0.50356,0.00111,0.01421,0.99992,0.00131,-0.01264,-0.00024,0.77479,-0.00390,0.02319
38578000000,0.52934,0.00094,0.01635,0.99990,0.00202,-0.01395,-0.00024,0.80451,-0.00429,0.02626
38611000000,0.55617,0.00086,0.01847,0.99988,0.00265,-0.01506,-0.00018,0.81819,-0.00495,0.02829
38644000000,0.58268,0.00080,0.02043,0.99987,0.00335,-0.01597,-0.00016,0.78730,-0.00380,0.02868
38677000000,0.60770,0.00050,0.02193,0.99986,0.00381,-0.01638,-0.00015,0.75712,-0.00364,0.02901
38710000000,0.63264,0.00102,0.02282,0.99985,0.00426,-0.01669,-0.00021,0.73030,-0.00372,0.02791
38743000000,0.65652,0.00091,0.02425,0.99984,0.00484,-0.01703,-0.00021,0.70484,-0.00325,0.02706
38776000000,0.67922,0.00082,0.02540,0.99984,0.00519,-0.01724,-0.00021,0.70023,-0.00244,0.02664
38809000000,0.70236,0.00077,0.02631,0.99983,0.00550,-0.01732,-0.00021,0.71661,-0.00290,0.02769
38842000000,0.72700,0.00133,0.02653,0.99984,0.00587,-0.01703,-0.00027,0.74836,-0.00040,0.02769
38875000000,0.75160,0.00117,0.02697,0.99984,0.00609,-0.01680,-0.00027,0.76332,-0.00040,0.02720
38908000000,0.77743,0.00118,0.02737,0.99984,0.00631,-0.01653,-0.00032,0.79851,0.00038,0.02816
38941000000,0.80453,0.00110,0.02772,0.99985,0.00648,-0.01625,-0.00035,0.82908,0.00014,0.02864
38974000000,0.83216,0.00137,0.02711,0.99986,0.00647,-0.01551,-0.00034,0.84841,0.00167,0.02902
39007000000,0.86027,0.00132,0.02754,0.99986,0.00654,-0.01523,-0.00036,0.87776,0.00123,0.02965
39040000000,0.88978,0.00134,0.02795,0.99987,0.00661,-0.01495,-0.00034,0.90823,0.00265,0.02964
39073000000,0.91982,0.00143,0.02751,0.99988,0.00652,-0.01433,-0.00043,0.93464,0.00320,0.02775
39106000000,0.95068,0.00131,0.02827,0.99988,0.00657,-0.01428,-0.00044,0.94918,0.00266,0.02805
39139000000,0.98185,0.00097,0.02874,0.99988,0.00653,-0.01409,-0.00042,0.97823,0.00402,0.03032
39172000000,1.01400,0.00087,0.02983,0.99988,0.00662,-0.01417,-0.00041,0.99234,0.00443,0.03042
39205000000,1.04753,0.00089,0.03085,0.99988,0.00669,-0.01430,-0.00036,1.02190,0.00310,0.03096
39238000000,1.08418,0.00070,0.03211,0.99987,0.00670,-0.01454,-0.00038,1.04994,0.00207,0.03156
39271000000,1.11894,0.00081,0.03312,0.99987,0.00670,-0.01446,-0.00037,1.02042,0.00227,0.02962
39304000000,1.15304,0.00088,0.03421,0.99987,0.00670,-0.01446,-0.00036,1.00686,0.00135,0.02801
39337000000,1.18544,0.00069,0.03534,0.99987,0.00669,-0.01461,-0.00042,0.98081,-0.00002,0.02802
39370000000,1.21735,0.00069,0.03604,0.99987,0.00665,-0.01449,-0.00044,0.97274,0.00022,0.02720
39403000000,1.24973,0.00067,0.03701,0.99987,0.00664,-0.01447,-0.00044,0.99319,0.00065,0.02799
39436000000,1.28293,0.00081,0.03771,0.99987,0.00665,-0.01438,-0.00046,1.01773,0.00229,0.02815
39469000000,1.31649,0.00114,0.03840,0.99987,0.00668,-0.01433,-0.00051,1.03293,0.00243,0.02771
39502000000,1.35155,0.00133,0.03928,0.99987,0.00670,-0.01434,-0.00054,1.06326,0.00313,0.02848
39535000000,1.38706,0.00153,0.04012,0.99988,0.00664,-0.01430,-0.00055,1.07914,0.00205,0.02900
39568000000,1.42356,0.00164,0.04108,0.99988,0.00666,-0.01423,-0.00057,1.11000,0.00338,0.02986
39601000000,1.45899,0.00172,0.04211,0.99988,0.00668,-0.01428,-0.00056,1.13800,0.00281,0.03053
39634000000,1.49672,0.00160,0.04321,0.99987,0.00665,-0.01436,-0.00054,1.15918,0.00242,0.03173
39667000000,1.53598,0.00172,0.04429,0.99988,0.00658,-0.01432,-0.00057,1.18924,0.00190,0.03245
39700000000,1.57575,0.00183,0.04536,0.99988,0.00657,-0.01430,-0.00062,1.22092,0.00142,0.03434
39733000000,1.61760,0.00175,0.04649,0.99988,0.00665,-0.01432,-0.00062,1.24932,0.00099,0.03468
39766000000,1.65930,0.00184,0.04750,0.99988,0.00665,-0.01422,-0.00064,1.27435,0.00112,0.03470
39799000000,1.70122,0.00187,0.04856,0.99988,0.00668,-0.01425,-0.00062,1.28958,0.00138,0.03427
39832000000,1.74330,0.00180,0.04970,0.99987,0.00670,-0.01433,-0.00059,1.30394,0.00229,0.03515
39865000000,1.78577,0.00148,0.05112,0.99987,0.00673,-0.01458,-0.00056,1.33226,0.00109,0.03579
39898000000,1.83053,0.00166,0.05334,0.99987,0.00655,-0.01495,-0.00054,1.34288,0.00043,0.03732
39931000000,1.87409,0.00170,0.05599,0.99986,0.00594,-0.01558,-0.00053,1.29420,0.00079,0.03630
39964000000,1.91591,0.00192,0.06076,0.99985,0.00405,-0.01704,-0.00058,1.28021,0.00129,0.03911
39997000000,1.95640,0.00195,0.07649,0.99972,-0.00432,-0.02304,-0.00078,1.25343,0.00120,0.05610
40030000000,1.99714,0.00175,0.07682,0.99973,-0.00582,-0.02250,-0.00079,1.24492,-0.00050,0.05374
40063000000,2.03846,0.00151,0.07551,0.99975,-0.00586,-0.02133,-0.00077,1.27087,-0.00213,0.05072
40096000000,2.08040,0.00115,0.07422,0.99978,-0.00657,-0.02011,-0.00075,1.29117,-0.00287,0.04844
40129000000,2.12341,0.00129,0.07229,0.99980,-0.00789,-0.01851,-0.00076,1.31232,-0.00323,0.04646
40162000000,2.16787,0.00153,0.06723,0.99983,-0.00937,-0.01577,-0.00070,1.34094,-0.00221,0.04045
40195000000,2.21293,0.00182,0.05795,0.99988,-0.01010,-0.01151,-0.00069,1.35829,-0.00238,0.03085
40228000000,2.25932,0.00214,0.04726,0.99992,-0.01034,-0.00687,-0.00067,1.38737,-0.00246,0.02067
40261000000,2.30630,0.00241,0.03172,0.99997,-0.00826,-0.00039,-0.00062,1.40467,-0.00347,0.00362
40294000000,2.35452,0.00191,0.01789,0.99999,-0.00155,0.00473,-0.00058,1.44041,-0.00586,-0.01104
40327000000,2.40300,0.00168,0.01152,0.99997,0.00348,0.00688,-0.00059,1.47472,-0.00702,-0.01671
40360000000,2.45228,0.00171,0.01111,0.99996,0.00548,0.00670,-0.00061,1.50581,-0.00664,-0.01702
40393000000,2.50239,0.00178,0.00841,0.99995,0.00710,0.00759,-0.00064,1.52154,-0.00611,-0.02007
40426000000,2.55330,0.00163,0.00625,0.99993,0.00854,0.00826,-0.00063,1.56072,-0.00557,-0.02121
40459000000,2.60525,0.00203,0.00582,0.99993,0.00898,0.00817,-0.00063,1.57583,-0.00501,-0.02154
40492000000,2.65696,0.00163,0.00505,0.99993,0.00903,0.00817,-0.00068,1.58082,-0.00504,-0.02234
40525000000,2.70869,0.00167,0.00466,0.99993,0.00887,0.00804,-0.00072,1.55858,-0.00446,-0.02165
40558000000,2.75942,0.00149,0.00438,0.99994,0.00818,0.00788,-0.00068,1.55029,-0.00399,-0.02126
40591000000,2.81041,0.00130,0.00283,0.99993,0.00848,0.00827,-0.00061,1.52058,-0.00438,-0.02126
40624000000,2.86011,0.00109,0.00253,0.99993,0.00853,0.00808,-0.00060,1.48657,-0.00379,-0.02145
40657000000,2.90834,0.00100,0.00250,0.99994,0.00810,0.00775,-0.00062,1.45659,-0.00458,-0.02033
40690000000,2.95619,0.00012,-0.00051,0.99992,0.00921,0.00887,-0.00068,1.44130,-0.00568,-0.02273
40723000000,3.00420,-0.00021,-0.00163,0.99991,0.01009,0.00913,-0.00067,1.47128,-0.00636,-0.02326
40756000000,3.05297,-0.00057,-0.00212,0.99991,0.01014,0.00898,-0.00068,1.48789,-0.00617,-0.02323
40789000000,3.10189,-0.00058,-0.00289,0.99991,0.01004,0.00896,-0.00074,1.52221,-0.00456,-0.02434
40822000000,3.15289,-0.00063,-0.00371,0.99991,0.00995,0.00898,-0.00071,1.55612,-0.00505,-0.02490
40855000000,3.20464,-0.00071,-0.00463,0.99991,0.00987,0.00896,-0.00074,1.57262,-0.00388,-0.02618
40888000000,3.25566,-0.00078,-0.00499,0.99992,0.00910,0.00866,-0.00071,1.60127,-0.00397,-0.02535
40921000000,3.30884,-0.00132,-0.00573,0.99992,0.00888,0.00860,-0.00072,1.63183,-0.00453,-0.02568
40954000000,3.36189,-0.00104,-0.00668,0.99992,0.00873,0.00858,-0.00074,1.65856,-0.00420,-0.02694
40987000000,3.41733,-0.00160,-0.00729,0.99993,0.00864,0.00844,-0.00075,1.68301,-0.00555,-0.02824
41020000000,3.47173,-0.00176,-0.00817,0.99993,0.00830,0.00837,-0.00076,1.68831,-0.00527,-0.02746
41053000000,3.52785,-0.00201,-0.00931,0.99993,0.00824,0.00848,-0.00077,1.71644,-0.00495,-0.02901
41086000000,3.58446,-0.00169,-0.01033,0.99993,0.00805,0.00848,-0.00079,1.74408,-0.00433,-0.02958
41119000000,3.64238,-0.00197,-0.01153,0.99993,0.00803,0.00865,-0.00078,1.77281,-0.00487,-0.02963
41152000000,3.70052,-0.00193,-0.01265,0.99993,0.00804,0.00870,-0.00082,1.79651,-0.00561,-0.02983
41185000000,3.76014,-0.00223,-0.01382,0.99993,0.00819,0.00885,-0.00083,1.81169,-0.00629,-0.03031
41218000000,3.81981,-0.00222,-0.01511,0.99992,0.00861,0.00901,-0.00083,1.83999,-0.00621,-0.03113
41251000000,3.88079,-0.00216,-0.01610,0.99992,0.00873,0.00899,-0.00089,1.85467,-0.00582,-0.03039
41284000000,3.94160,-0.00216,-0.01711,0.99992,0.00887,0.00899,-0.00090,1.82515,-0.00508,-0.02934
41317000000,3.99958,-0.00190,-0.01797,0.99992,0.00881,0.00891,-0.00092,1.78785,-0.00473,-0.02852
41350000000,4.05830,-0.00202,-0.01883,0.99992,0.00878,0.00887,-0.00092,1.77393,-0.00381,-0.02857
41383000000,4.11469,-0.00171,-0.01956,0.99993,0.00821,0.00868,-0.00095,1.73837,-0.00223,-0.02698
41416000000,4.17249,-0.00193,-0.02025,0.99993,0.00788,0.00856,-0.00097,1.76254,-0.00296,-0.02768
41449000000,4.22972,-0.00190,-0.02073,0.99994,0.00748,0.00815,-0.00098,1.77566,-0.00278,-0.02647
41482000000,4.28904,-0.00214,-0.02186,0.99994,0.00739,0.00837,-0.00102,1.80607,-0.00354,-0.02743
41515000000,4.34775,-0.00225,-0.02248,0.99994,0.00725,0.00816,-0.00099,1.82712,-0.00438,-0.02690
41548000000,4.40812,-0.00254,-0.02339,0.99994,0.00720,0.00816,-0.00105,1.86084,-0.00530,-0.02742
41581000000,4.46891,-0.00279,-0.02384,0.99994,0.00715,0.00781,-0.00105,1.87262,-0.00599,-0.02601
41614000000,4.53095,-0.00295,-0.02487,0.99994,0.00715,0.00789,-0.00102,1.88685,-0.00533,-0.02681
41647000000,4.59326,-0.00326,-0.02534,0.99995,0.00712,0.00751,-0.00105,1.91527,-0.00548,-0.02569
41680000000,4.65737,-0.00336,-0.02649,0.99994,0.00711,0.00773,-0.00109,1.94520,-0.00501,-0.02823
41713000000,4.72245,-0.00323,-0.02715,0.99995,0.00716,0.00747,-0.00111,1.97560,-0.00503,-0.02872
41746000000,4.78785,-0.00331,-0.02816,0.99995,0.00717,0.00748,-0.00113,1.99886,-0.00517,-0.02947
41779000000,4.85380,-0.00345,-0.02920,0.99995,0.00717,0.00753,-0.00112,2.01128,-0.00553,-0.02993
41812000000,4.92050,-0.00366,-0.03017,0.99995,0.00720,0.00752,-0.00110,2.02500,-0.00573,-0.03028
41845000000,4.98767,-0.00356,-0.03103,0.99995,0.00726,0.00734,-0.00112,2.05337,-0.00584,-0.03105
41878000000,5.05576,-0.00368,-0.03208,0.99995,0.00728,0.00740,-0.00113,2.07216,-0.00567,-0.03032
41911000000,5.12486,-0.00371,-0.03309,0.99995,0.00733,0.00736,-0.00113,2.10197,-0.00514,-0.03006
41944000000,5.19471,-0.00364,-0.03388,0.99995,0.00737,0.00715,-0.00113,2.13516,-0.00482,-0.02923
41977000000,5.26454,-0.00400,-0.03472,0.99995,0.00742,0.00709,-0.00110,2.10372,-0.00581,-0.02821
42010000000,5.33353,-0.00422,-0.03563,0.99995,0.00746,0.00703,-0.00112,2.08662,-0.00593,-0.02742
42043000000,5.40139,-0.00448,-0.03628,0.99995,0.00751,0.00683,-0.00109,2.05833,-0.00704,-0.02647
42076000000,5.46974,-0.00446,-0.03709,0.99995,0.00756,0.00675,-0.00109,2.08097,-0.00679,-0.02640
42109000000,5.53873,-0.00458,-0.03795,0.99995,0.00758,0.00678,-0.00117,2.09595,-0.00592,-0.02717
42142000000,5.60805,-0.00446,-0.03891,0.99995,0.00757,0.00684,-0.00112,2.12699,-0.00423,-0.02770
42175000000,5.67868,-0.00470,-0.03985,0.99995,0.00757,0.00684,-0.00110,2.15731,-0.00537,-0.02675
42208000000,5.74989,-0.00498,-0.04087,0.99995,0.00756,0.00690,-0.00107,2.16707,-0.00525,-0.02696
42241000000,5.82205,-0.00483,-0.04204,0.99995,0.00751,0.00700,-0.00106,2.19623,-0.00636,-0.02771
42274000000,5.89475,-0.00542,-0.04325,0.99995,0.00755,0.00718,-0.00109,2.22578,-0.00719,-0.02748
42307000000,5.96802,-0.00581,-0.04405,0.99995,0.00752,0.00712,-0.00116,2.23945,-0.00833,-0.02829
42340000000,6.04287,-0.00607,-0.04497,0.99995,0.00747,0.00709,-0.00118,2.26836,-0.00833,-0.02898
42373000000,6.11759,-0.00653,-0.04597,0.99995,0.00749,0.00712,-0.00119,2.29410,-0.00909,-0.02932
42406000000,6.19367,-0.00681,-0.04697,0.99995,0.00752,0.00706,-0.00118,2.30828,-0.00918,-0.02921
42439000000,6.27073,-0.00664,-0.04792,0.99995,0.00757,0.00705,-0.00118,2.33730,-0.00783,-0.02920
42472000000,6.34818,-0.00681,-0.04887,0.99995,0.00763,0.00707,-0.00121,2.36353,-0.00780,-0.02850
42505000000,6.42659,-0.00679,-0.04978,0.99995,0.00760,0.00705,-0.00126,2.38640,-0.00697,-0.02853
42538000000,6.50617,-0.00652,-0.05066,0.99994,0.00774,0.00703,-0.00120,2.39939,-0.00722,-0.02832
42571000000,6.58589,-0.00665,-0.05144,0.99994,0.00787,0.00695,-0.00119,2.42845,-0.00665,-0.02859
42604000000,6.66745,-0.00652,-0.05240,0.99994,0.00823,0.00698,-0.00112,2.46434,-0.00687,-0.02924
42637000000,6.74889,-0.00708,-0.05339,0.99994,0.00873,0.00704,-0.00111,2.48055,-0.00729,-0.02979
42670000000,6.83130,-0.00741,-0.05437,0.99993,0.00917,0.00702,-0.00113,2.49673,-0.00733,-0.03038
42703000000,6.91385,-0.00807,-0.05528,0.99993,0.00949,0.00700,-0.00118,2.47694,-0.00863,-0.02972
42736000000,6.99494,-0.00854,-0.05612,0.99993,0.00962,0.00698,-0.00119,2.44828,-0.00973,-0.02776
42769000000,7.07643,-0.00871,-0.05715,0.99992,0.01051,0.00713,-0.00120,2.43519,-0.00944,-0.02837
42802000000,7.15634,-0.00906,-0.05783,0.99991,0.01093,0.00702,-0.00123,2.40557,-0.01027,-0.02712
42835000000,7.23523,-0.01019,-0.05869,0.99990,0.01233,0.00715,-0.00128,2.37835,-0.01320,-0.02676
42868000000,7.31344,-0.01058,-0.05934,0.99989,0.01317,0.00707,-0.00131,2.35446,-0.01630,-0.02593
42901000000,7.39105,-0.01153,-0.06020,0.99989,0.01300,0.00706,-0.00149,2.33211,-0.02287,-0.02581
42934000000,7.46795,-0.01190,-0.06111,0.99991,0.01167,0.00696,-0.00183,2.30927,-0.02983,-0.02610
42967000000,7.54398,-0.01274,-0.06203,0.99991,0.01120,0.00706,-0.00230,2.28656,-0.03686,-0.02579
43000000000,7.61888,-0.01418,-0.06297,0.99990,0.01154,0.00714,-0.00287,2.26344,-0.04224,-0.02556
43033000000,7.69270,-0.01549,-0.06373,0.99990,0.01159,0.00713,-0.00355,2.21323,-0.04533,-0.02440
43066000000,7.76553,-0.01725,-0.06454,0.99990,0.01179,0.00716,-0.00422,2.19495,-0.04795,-0.02350
43099000000,7.83746,-0.01890,-0.06528,0.99989,0.01205,0.00718,-0.00481,2.17183,-0.04666,-0.02307
43132000000,7.90930,-0.02030,-0.06598,0.99988,0.01254,0.00719,-0.00533,2.19063,-0.04835,-0.02184
43165000000,7.98232,-0.02167,-0.06664,0.99988,0.01244,0.00717,-0.00585,2.21219,-0.04954,-0.02201
43198000000,8.05517,-0.02338,-0.06751,0.99989,0.01138,0.00712,-0.00639,2.20828,-0.05264,-0.02157
43231000000,8.12760,-0.02523,-0.06833,0.99990,0.01047,0.00708,-0.00690,2.19308,-0.05559,-0.02066
43264000000,8.19992,-0.02670,-0.06902,0.99990,0.01024,0.00710,-0.00739,2.18622,-0.05783,-0.01959
43297000000,8.27255,-0.02871,-0.06970,0.99989,0.01033,0.00713,-0.00782,2.21842,-0.06074,-0.01983
43330000000,8.34655,-0.03032,-0.07040,0.99989,0.00963,0.00701,-0.00830,2.23967,-0.06138,-0.01981
43363000000,8.42076,-0.03195,-0.07112,0.99989,0.00924,0.00703,-0.00878,2.25467,-0.06263,-0.01912
43396000000,8.49578,-0.03366,-0.07179,0.99989,0.00888,0.00696,-0.00919,2.28243,-0.06470,-0.01944
43429000000,8.57128,-0.03604,-0.07243,0.99989,0.00898,0.00696,-0.00960,2.30190,-0.06685,-0.01997
43462000000,8.64803,-0.03771,-0.07314,0.99989,0.00882,0.00698,-0.01003,2.31816,-0.06838,-0.02088
43495000000,8.72433,-0.03990,-0.07383,0.99988,0.00874,0.00701,-0.01042,2.30158,-0.07065,-0.02080
43528000000,8.80031,-0.04173,-0.07450,0.99988,0.00896,0.00701,-0.01082,2.26750,-0.06988,-0.01912
43561000000,8.87422,-0.04418,-0.07503,0.99987,0.00888,0.00692,-0.01119,2.23815,-0.07321,-0.01918
43594000000,8.94866,-0.04599,-0.07564,0.99987,0.00899,0.00696,-0.01164,2.21200,-0.07305,-0.01879
43627000000,9.02098,-0.04859,-0.07625,0.99986,0.00907,0.00700,-0.01202,2.18907,-0.07652,-0.01813
43660000000,9.09354,-0.05081,-0.07683,0.99986,0.00918,0.00692,-0.01254,2.16815,-0.07999,-0.01874
43693000000,9.16463,-0.05360,-0.07741,0.99985,0.00900,0.00682,-0.01320,2.14764,-0.08846,-0.01939
43726000000,9.23559,-0.05607,-0.07807,0.99984,0.00873,0.00666,-0.01402,2.12718,-0.09672,-0.01999
43759000000,9.30555,-0.05955,-0.07867,0.99983,0.00873,0.00658,-0.01514,2.10675,-0.10925,-0.02012
43792000000,9.37523,-0.06311,-0.07933,0.99980,0.00876,0.00649,-0.01660,2.08791,-0.12492,-0.02121
43825000000,9.44384,-0.06749,-0.08007,0.99977,0.00881,0.00655,-0.01841,2.06729,-0.14280,-0.02166
43858000000,9.51276,-0.07192,-0.08085,0.99973,0.00895,0.00656,-0.02064,2.04926,-0.16352,-0.02068
43891000000,9.57986,-0.07773,-0.08148,0.99967,0.00895,0.00653,-0.02334,2.02933,-0.18841,-0.01984
43924000000,9.64740,-0.08392,-0.08219,0.99959,0.00904,0.00648,-0.02652,2.01164,-0.21643,-0.02049
43957000000,9.71296,-0.09164,-0.08290,0.99948,0.00892,0.00654,-0.03034,1.99025,-0.24910,-0.02084
43990000000,9.77929,-0.09981,-0.08375,0.99933,0.00893,0.00659,-0.03478,1.97282,-0.28307,-0.02091
44023000000,9.84470,-0.10953,-0.08446,0.99914,0.00904,0.00666,-0.04000,1.95555,-0.32278,-0.01997
44056000000,9.91029,-0.12022,-0.08532,0.99888,0.00947,0.00680,-0.04596,1.94114,-0.36482,-0.02124
44089000000,9.97394,-0.13294,-0.08610,0.99853,0.00954,0.00689,-0.05284,1.92240,-0.41475,-0.02234
44122000000,10.03972,-0.14723,-0.08658,0.99809,0.01008,0.00677,-0.06064,1.90935,-0.46879,-0.02349
44155000000,10.10349,-0.16202,-0.08823,0.99750,0.01108,0.00741,-0.06942,1.89306,-0.52365,-0.02573
44188000000,10.16764,-0.17940,-0.08949,0.99675,0.01316,0.00773,-0.07911,1.84696,-0.57072,-0.02787
44221000000,10.22857,-0.19841,-0.09071,0.99587,0.01504,0.00815,-0.08922,1.78000,-0.60857,-0.02954
44254000000,10.28893,-0.21872,-0.09228,0.99481,0.01895,0.00853,-0.09957,1.72708,-0.64414,-0.03313
44287000000,10.34558,-0.24037,-0.09367,0.99366,0.02124,0.00885,-0.11000,1.66753,-0.67413,-0.03595
44320000000,10.40036,-0.26332,-0.09518,0.99239,0.02364,0.00913,-0.12049,1.60996,-0.70090,-0.03762
44353000000,10.45172,-0.28689,-0.09628,0.99109,0.02325,0.00935,-0.13084,1.55298,-0.72284,-0.03672
44386000000,10.50245,-0.31134,-0.09753,0.98969,0.02344,0.00955,-0.14098,1.51137,-0.74585,-0.03776
44419000000,10.54996,-0.33606,-0.09827,0.98829,0.02137,0.00960,-0.15077,1.44562,-0.75429,-0.03594
44452000000,10.59694,-0.36122,-0.09936,0.98681,0.02068,0.00978,-0.16023,1.40951,-0.76947,-0.03614
44485000000,10.64140,-0.38652,-0.09992,0.98536,0.01812,0.00969,-0.16925,1.35743,-0.77280,-0.03398
44518000000,10.68552,-0.41196,-0.10088,0.98389,0.01696,0.00979,-0.17771,1.33162,-0.76588,-0.03354
44551000000,10.73836,-0.44012,-0.10617,0.98210,0.03190,0.01000,-0.18537,1.32786,-0.78225,-0.04826
44584000000,10.77127,-0.46326,-0.10380,0.98108,0.01780,0.00998,-0.19253,1.25130,-0.78563,-0.03516
44617000000,10.81049,-0.48903,-0.10395,0.97962,0.01406,0.00991,-0.20013,1.21203,-0.80020,-0.03107
44650000000,10.85012,-0.51580,-0.10487,0.97795,0.01366,0.00994,-0.20814,1.19426,-0.81564,-0.03184
44683000000,10.88864,-0.54292,-0.10566,0.97617,0.01315,0.00980,-0.21637,1.15797,-0.82152,-0.03051
44716000000,10.92582,-0.57001,-0.10653,0.97435,0.01237,0.00969,-0.22451,1.11999,-0.80676,-0.05849
44749000000,10.97407,-0.60235,-0.11222,0.97229,0.02544,0.00920,-0.23221,1.13345,-0.81646,-0.07053
44782000000,10.99957,-0.62353,-0.11085,0.97096,0.01327,0.00956,-0.23866,1.09037,-0.79190,-0.05917
44815000000,11.03482,-0.64976,-0.11226,0.96947,0.01201,0.00937,-0.24472,1.09658,-0.80761,-0.05701
44848000000,11.07044,-0.67660,-0.11354,0.96807,0.01112,0.00923,-0.25026,1.10548,-0.81977,-0.05526
44881000000,11.10651,-0.70402,-0.11453,0.96676,0.01049,0.00868,-0.25534,1.11488,-0.82340,-0.05270
44914000000,11.14365,-0.73154,-0.11613,0.96555,0.01042,0.00863,-0.25987,1.13893,-0.84255,-0.05260
44947000000,11.18195,-0.76127,-0.11678,0.96435,0.01105,0.00779,-0.26428,1.13631,-0.85089,-0.04946
44980000000,11.21643,-0.78787,-0.11752,0.96315,0.00895,0.00778,-0.26871,1.13159,-0.86242,-0.04713
45013000000,11.25261,-0.81853,-0.11682,0.96152,0.00788,0.00664,-0.27455,1.12660,-0.89029,-0.04196
45046000000,11.28863,-0.84717,-0.11832,0.95988,0.00768,0.00673,-0.28023,1.07951,-0.86674,-0.04302
45079000000,11.32162,-0.87684,-0.11727,0.95832,0.00679,0.00556,-0.28557,1.02657,-0.84786,-0.03664
45112000000,11.35412,-0.90448,-0.11821,0.95680,0.00626,0.00544,-0.29063,0.99940,-0.83881,-0.03504
45145000000,11.38823,-0.93620,-0.11744,0.95531,0.00734,0.00418,-0.29550,0.96650,-0.83605,-0.03075
45178000000,11.41720,-0.96199,-0.11815,0.95375,0.00610,0.00436,-0.30050,0.92653,-0.84116,-0.03130
45211000000,11.44707,-0.99243,-0.11672,0.95205,0.00600,0.00345,-0.30586,0.90701,-0.85100,-0.02692
45244000000,11.47411,-1.01857,-0.11715,0.95028,0.00496,0.00356,-0.31134,0.86912,-0.83748,-0.02585
45277000000,11.50054,-1.04729,-0.11551,0.94838,0.00437,0.00290,-0.31711,0.82886,-0.83172,-0.02184
45310000000,11.52604,-1.07429,-0.11598,0.94640,0.00387,0.00277,-0.32295,0.80245,-0.83293,-0.02160
45343000000,11.55008,-1.10285,-0.11431,0.94428,0.00335,0.00209,-0.32912,0.76475,-0.82983,-0.01741
45376000000,11.57451,-1.12936,-0.11525,0.94205,0.00322,0.00222,-0.33546,0.73085,-0.82054,-0.01777
45409000000,11.59687,-1.15758,-0.11401,0.93972,0.00293,0.00179,-0.34194,0.70250,-0.82628,-0.01499
45442000000,11.61803,-1.18365,-0.11427,0.93725,0.00248,0.00181,-0.34864,0.66464,-0.81483,-0.01456
45475000000,11.63801,-1.21076,-0.11344,0.93465,0.00209,0.00157,-0.35555,0.62469,-0.80651,-0.01218
45508000000,11.65622,-1.23558,-0.11362,0.93191,0.00151,0.00166,-0.36269,0.58474,-0.79235,-0.01145
45541000000,11.67329,-1.26105,-0.11295,0.92904,0.00100,0.00155,-0.36997,0.55093,-0.78815,-0.00878
45574000000,11.68978,-1.28621,-0.11276,0.92607,0.00063,0.00153,-0.37734,0.51154,-0.77303,-0.00831
45607000000,11.70519,-1.31092,-0.11252,0.92294,0.00037,0.00153,-0.38493,0.47831,-0.76566,-0.00752
45640000000,11.72000,-1.33587,-0.11231,0.91970,0.00020,0.00149,-0.39263,0.44273,-0.75242,-0.00670
45673000000,11.73367,-1.36042,-0.11219,0.91633,0.00003,0.00143,-0.40042,0.41617,-0.75227,-0.00601
45706000000,11.74625,-1.38480,-0.11202,0.91285,-0.00010,0.00138,-0.40830,0.37465,-0.73147,-0.00386
45739000000,11.75765,-1.40869,-0.11177,0.90921,-0.00030,0.00125,-0.41633,0.35172,-0.73157,-0.00352
45772000000,11.76893,-1.43374,-0.11164,0.90528,-0.00038,0.00116,-0.42481,0.34202,-0.77601,-0.00304
45805000000,11.77933,-1.45921,-0.11158,0.90096,-0.00054,0.00107,-0.43390,0.32132,-0.80009,-0.00306
45838000000,11.78906,-1.48593,-0.11150,0.89622,-0.00072,0.00098,-0.44360,0.29298,-0.81905,-0.00232
45871000000,11.79824,-1.51363,-0.11149,0.89111,-0.00073,0.00085,-0.45379,0.27110,-0.84673,-0.00290
45904000000,11.80643,-1.54221,-0.11146,0.88554,-0.00087,0.00075,-0.46456,0.24742,-0.88275,-0.00261
45937000000,11.81383,-1.57214,-0.11146,0.87964,-0.00097,0.00064,-0.47565,0.22121,-0.91899,-0.00138
45970000000,11.82024,-1.60303,-0.11143,0.87332,-0.00107,0.00060,-0.48714,0.18866,-0.94546,-0.00104
46003000000,11.82844,-1.63719,-0.11261,0.86690,0.00026,0.00049,-0.49847,0.16069,-0.93457,-0.00582
46036000000,11.82961,-1.66410,-0.11135,0.86052,-0.00126,0.00039,-0.50941,0.11268,-0.89405,-0.00071
46069000000,11.83237,-1.69321,-0.11118,0.85411,-0.00139,0.00032,-0.52009,0.07802,-0.87873,-0.00017
46102000000,11.83410,-1.72157,-0.11098,0.84767,-0.00148,0.00028,-0.53053,0.04563,-0.84660,-0.00029
46135000000,11.83506,-1.74926,-0.11078,0.84127,-0.00153,0.00023,-0.54062,0.01675,-0.82188,-0.00091
46168000000,11.83519,-1.77606,-0.11066,0.83491,-0.00148,0.00021,-0.55038,-0.01042,-0.80187,-0.00211
46201000000,11.83447,-1.80236,-0.11051,0.82853,-0.00151,0.00018,-0.55995,-0.03386,-0.78723,-0.00043
46234000000,11.83299,-1.82780,-0.11038,0.82225,-0.00150,0.00019,-0.56912,-0.05568,-0.76902,0.00014
46267000000,11.83081,-1.85398,-0.11027,0.81588,-0.00148,0.00021,-0.57822,-0.07997,-0.81466,0.00034
46300000000,11.82777,-1.88168,-0.11019,0.80930,-0.00144,0.00019,-0.58740,-0.10724,-0.86345,0.00164
46333000000,11.82382,-1.91075,-0.11004,0.80247,-0.00143,0.00023,-0.59669,-0.13226,-0.89511,0.00162
46366000000,11.81960,-1.94060,-0.10989,0.79583,-0.00138,0.00025,-0.60552,-0.12798,-0.91295,0.00146
46399000000,11.81520,-1.97077,-0.10981,0.78930,-0.00132,0.00026,-0.61401,-0.14694,-0.91816,0.00106
46432000000,11.81029,-2.00108,-0.10981,0.78265,-0.00126,0.00030,-0.62246,-0.16362,-0.92151,0.00010
46465000000,11.80483,-2.03147,-0.10986,0.77597,-0.00130,0.00033,-0.63077,-0.17750,-0.92305,0.00054
46498000000,11.79758,-2.06176,-0.11009,0.76926,-0.00153,0.00004,-0.63893,-0.19469,-0.92408,-0.00103
46531000000,11.79251,-2.09232,-0.10997,0.76259,-0.00128,0.00033,-0.64689,-0.20189,-0.92570,-0.00035
46564000000,11.78594,-2.12290,-0.11000,0.75606,-0.00125,0.00035,-0.65450,-0.20708,-0.92577,-0.00072
46597000000,11.77907,-2.15333,-0.11004,0.74977,-0.00124,0.00034,-0.66170,-0.21077,-0.92491,-0.00116
46630000000,11.77213,-2.18371,-0.11005,0.74370,-0.00123,0.00040,-0.66851,-0.21498,-0.92298,-0.00026
46663000000,11.76514,-2.21423,-0.11006,0.73782,-0.00120,0.00038,-0.67500,-0.21951,-0.92205,-0.00014
46696000000,11.75803,-2.24467,-0.11002,0.73206,-0.00120,0.00046,-0.68124,-0.22595,-0.92227,-0.00102
46729000000,11.75066,-2.27509,-0.11000,0.72641,-0.00113,0.00048,-0.68726,-0.23167,-0.92280,-0.00098
46762000000,11.74313,-2.30547,-0.10996,0.72089,-0.00107,0.00057,-0.69305,-0.23324,-0.91922,-0.00151
46795000000,11.73557,-2.33527,-0.10990,0.71554,-0.00106,0.00062,-0.69857,-0.22988,-0.88029,-0.00114
46828000000,11.72810,-2.36371,-0.10977,0.71046,-0.00112,0.00065,-0.70373,-0.22566,-0.85456,-0.00074
46861000000,11.72060,-2.39152,-0.10984,0.70553,-0.00116,0.00060,-0.70867,-0.22764,-0.82260,-0.00081
46894000000,11.71175,-2.42552,-0.11098,0.70086,-0.00029,0.00004,-0.71330,-0.21804,-0.81581,-0.00408
46927000000,11.70643,-2.44345,-0.10978,0.69657,-0.00129,0.00060,-0.71748,-0.20525,-0.75249,0.00021
46960000000,11.69982,-2.46798,-0.10967,0.69259,-0.00123,0.00064,-0.72133,-0.19745,-0.71672,0.00006
46993000000,11.69333,-2.49151,-0.10963,0.68888,-0.00120,0.00065,-0.72488,-0.19816,-0.71671,-0.00085
47026000000,11.68688,-2.51564,-0.10944,0.68529,-0.00111,0.00076,-0.72827,-0.19783,-0.71980,-0.00053
47059000000,11.68051,-2.53910,-0.10944,0.68186,-0.00108,0.00082,-0.73148,-0.19839,-0.72063,-0.00078
47092000000,11.67246,-2.56325,-0.10991,0.67859,-0.00111,0.00060,-0.73452,-0.20373,-0.72232,-0.00224
47125000000,11.66755,-2.58681,-0.10924,0.67542,-0.00104,0.00083,-0.73743,-0.19845,-0.72413,-0.00125
47158000000,11.66111,-2.61113,-0.10887,0.67246,-0.00103,0.00083,-0.74013,-0.19987,-0.73064,-0.00099
47191000000,11.65452,-2.63513,-0.10901,0.66950,-0.00102,0.00086,-0.74281,-0.20176,-0.73013,-0.00176
47224000000,11.64775,-2.65999,-0.10863,0.66658,-0.00098,0.00080,-0.74543,-0.20404,-0.73220,-0.00143
47257000000,11.64081,-2.68351,-0.10876,0.66367,-0.00097,0.00075,-0.74803,-0.20734,-0.73169,-0.00180
47290000000,11.63374,-2.70788,-0.10840,0.66079,-0.00094,0.00077,-0.75057,-0.20933,-0.71685,-0.00050
47323000000,11.62710,-2.73068,-0.10844,0.65819,-0.00097,0.00080,-0.75285,-0.19825,-0.68322,-0.00036
47356000000,11.62035,-2.75256,-0.10803,0.65573,-0.00092,0.00077,-0.75499,-0.19008,-0.63918,0.00144
47389000000,11.61438,-2.77330,-0.10810,0.65344,-0.00097,0.00077,-0.75698,-0.18081,-0.61737,0.00057
47422000000,11.60847,-2.79301,-0.10813,0.65129,-0.00101,0.00077,-0.75883,-0.17544,-0.57824,0.00087
47455000000,11.60206,-2.81300,-0.10761,0.64931,-0.00101,0.00066,-0.76053,-0.17330,-0.54482,0.00183
47488000000,11.59689,-2.82964,-0.10784,0.64747,-0.00111,0.00068,-0.76209,-0.16040,-0.51116,0.00164
47521000000,11.59179,-2.84581,-0.10789,0.64575,-0.00114,0.00070,-0.76355,-0.15172,-0.47362,0.00042
47554000000,11.58625,-2.86129,-0.10758,0.64402,-0.00111,0.00069,-0.76501,-0.16187,-0.44572,0.00014
47587000000,11.58103,-2.87505,-0.10767,0.64211,-0.00113,0.00071,-0.76661,-0.15822,-0.42014,0.00026
47620000000,11.57571,-2.88935,-0.10766,0.64017,-0.00115,0.00076,-0.76824,-0.16810,-0.43979,-0.00132
47653000000,11.56974,-2.90483,-0.10758,0.63813,-0.00109,0.00066,-0.76993,-0.17623,-0.45154,-0.00156
47686000000,11.56391,-2.91943,-0.10763,0.63601,-0.00111,0.00067,-0.77168,-0.19311,-0.48200,-0.00142
47719000000,11.55753,-2.93609,-0.10767,0.63395,-0.00107,0.00068,-0.77337,-0.19255,-0.51782,-0.00098
47752000000,11.55100,-2.95390,-0.10790,0.63219,-0.00102,0.00064,-0.77481,-0.19398,-0.52962,-0.00112
47785000000,11.54467,-2.97124,-0.10798,0.63056,-0.00101,0.00067,-0.77614,-0.19631,-0.53679,-0.00124
47818000000,11.53818,-2.98941,-0.10803,0.62894,-0.00094,0.00066,-0.77745,-0.20297,-0.55753,-0.00111
47851000000,11.53163,-3.00957,-0.10826,0.62731,-0.00086,0.00068,-0.77877,-0.20617,-0.57388,-0.00090
47884000000,11.52481,-3.02760,-0.10848,0.62570,-0.00092,0.00067,-0.78006,-0.21401,-0.59720,-0.00204
47917000000,11.51774,-3.04775,-0.10856,0.62406,-0.00091,0.00069,-0.78138,-0.22132,-0.62141,-0.00244
47950000000,11.51059,-3.06935,-0.10895,0.62243,-0.00087,0.00071,-0.78267,-0.22485,-0.63734,-0.00309
47983000000,11.50276,-3.09039,-0.10930,0.62085,-0.00092,0.00067,-0.78393,-0.23541,-0.66387,-0.00366
48016000000,11.49480,-3.11286,-0.10950,0.61923,-0.00093,0.00066,-0.78521,-0.24223,-0.67890,-0.00386
48049000000,11.48372,-3.13648,-0.11268,0.61757,-0.00098,0.00035,-0.78651,-0.25052,-0.67446,-0.00902
48082000000,11.47850,-3.15743,-0.11019,0.61573,-0.00098,0.00064,-0.78795,-0.24393,-0.66459,-0.00414
48115000000,11.47060,-3.17911,-0.11025,0.61398,-0.00096,0.00061,-0.78932,-0.23756,-0.63980,-0.00327
48148000000,11.46278,-3.20115,-0.11078,0.61229,-0.00091,0.00059,-0.79063,-0.22960,-0.61686,-0.00428
48181000000,11.45568,-3.21970,-0.11088,0.61076,-0.00096,0.00057,-0.79181,-0.21371,-0.57921,-0.00362
48214000000,11.44887,-3.23815,-0.11099,0.60938,-0.00093,0.00061,-0.79288,-0.19673,-0.53790,-0.00408
48247000000,11.44226,-3.25770,-0.11139,0.60806,-0.00088,0.00062,-0.79389,-0.19245,-0.52013,-0.00464
48280000000,11.43598,-3.27377,-0.11151,0.60681,-0.00095,0.00060,-0.79485,-0.18763,-0.49095,-0.00449
48313000000,11.42979,-3.28958,-0.11163,0.60548,-0.00094,0.00060,-0.79586,-0.18421,-0.45173,-0.00398
48346000000,11.42386,-3.30432,-0.11174,0.60406,-0.00095,0.00061,-0.79694,-0.17631,-0.43287,-0.00403
48379000000,11.41800,-3.32000,-0.11198,0.60258,-0.00093,0.00068,-0.79806,-0.16715,-0.40253,-0.00404
48412000000,11.41269,-3.33236,-0.11219,0.60114,-0.00099,0.00066,-0.79915,-0.15947,-0.38101,-0.00448
48445000000,11.40751,-3.34484,-0.11237,0.60013,-0.00100,0.00065,-0.79990,-0.14863,-0.36670,-0.00401
48478000000,11.40226,-3.35773,-0.11253,0.59931,-0.00095,0.00063,-0.80051,-0.15784,-0.39232,-0.00507
48511000000,11.39627,-3.37472,-0.11264,0.59848,-0.00088,0.00067,-0.80114,-0.16813,-0.42515,-0.00472
48544000000,11.39087,-3.38821,-0.11269,0.59765,-0.00093,0.00066,-0.80175,-0.17342,-0.43910,-0.00492
48577000000,11.38497,-3.40350,-0.11275,0.59681,-0.00091,0.00074,-0.80238,-0.17788,-0.45368,-0.00575
48610000000,11.37898,-3.41908,-0.11299,0.59595,-0.00093,0.00075,-0.80302,-0.18734,-0.48064,-0.00426
48643000000,11.37276,-3.43549,-0.11318,0.59506,-0.00090,0.00079,-0.80368,-0.19668,-0.50616,-0.00458
48676000000,11.36620,-3.45300,-0.11315,0.59418,-0.00088,0.00082,-0.80433,-0.20161,-0.52100,-0.00450
48709000000,11.35822,-3.47605,-0.11329,0.59322,-0.00078,0.00087,-0.80504,-0.21963,-0.57158,-0.00418
48742000000,11.35204,-3.49082,-0.11392,0.59236,-0.00091,0.00089,-0.80567,-0.22335,-0.57983,-0.00422
48775000000,11.34476,-3.51030,-0.11399,0.59148,-0.00088,0.00088,-0.80632,-0.23277,-0.60822,-0.00378
48808000000,11.33690,-3.53096,-0.11383,0.59057,-0.00083,0.00089,-0.80699,-0.23689,-0.62196,-0.00254
48841000000,11.32756,-3.55939,-0.11360,0.58967,-0.00069,0.00097,-0.80765,-0.24876,-0.66084,-0.00298
48874000000,11.32010,-3.57728,-0.11390,0.58880,-0.00080,0.00096,-0.80827,-0.25815,-0.68378,-0.00356
48907000000,11.31125,-3.60030,-0.11396,0.58794,-0.00083,0.00095,-0.80890,-0.26245,-0.69833,-0.00268
48940000000,11.30248,-3.62384,-0.11400,0.58706,-0.00080,0.00088,-0.80954,-0.27246,-0.72654,-0.00271
48973000000,11.29187,-3.65208,-0.11367,0.58619,-0.00072,0.00087,-0.81017,-0.28386,-0.75897,-0.00167
49006000000,11.28233,-3.67611,-0.11399,0.58528,-0.00077,0.00086,-0.81083,-0.28313,-0.75342,-0.00131
49072000000,11.26418,-3.72379,-0.11410,0.58330,-0.00076,0.00083,-0.81226,-0.26846,-0.71451,0.00060
49105000000,11.25542,-3.74658,-0.11408,0.58237,-0.00078,0.00080,-0.81292,-0.25533,-0.67926,-0.00009
49237000000,11.22214,-3.83051,-0.11439,0.57826,-0.00076,0.00076,-0.81585,-0.22370,-0.56342,-0.00137
49270000000,11.21356,-3.85190,-0.11391,0.57699,-0.00071,0.00079,-0.81675,-0.22278,-0.55253,-0.00080
49303000000,11.20475,-3.87134,-0.11380,0.57565,-0.00069,0.00077,-0.81770,-0.21751,-0.52692,0.00078
49402000000,11.18408,-3.92062,-0.11352,0.57115,-0.00063,0.00077,-0.82084,-0.21189,-0.49005,-0.00036
49435000000,11.17473,-3.93918,-0.11274,0.56957,-0.00059,0.00071,-0.82194,-0.22380,-0.50033,0.00045
49534000000,11.14845,-3.99250,-0.11186,0.56460,-0.00050,0.00061,-0.82537,-0.26335,-0.52793,0.00011
49600000000,11.12794,-4.03055,-0.11169,0.56060,-0.00043,0.00060,-0.82808,-0.31248,-0.58316,-0.00071
49633000000,11.11525,-4.05129,-0.11125,0.55829,-0.00041,0.00056,-0.82964,-0.34535,-0.62849,-0.00139
49699000000,11.09059,-4.09562,-0.11090,0.55400,-0.00030,0.00050,-0.83251,-0.36021,-0.67327,-0.00115
49732000000,11.07893,-4.11784,-0.11079,0.55231,-0.00031,0.00052,-0.83364,-0.36289,-0.68252,-0.00047
49798000000,11.05361,-4.16422,-0.11040,0.54891,-0.00021,0.00052,-0.83588,-0.36436,-0.67613,0.00009
49864000000,11.03007,-4.20733,-0.11041,0.54535,-0.00025,0.00054,-0.83821,-0.35064,-0.64607,0.00066
49930000000,11.00646,-4.24916,-0.11003,0.54215,-0.00021,0.00052,-0.84028,-0.32814,-0.60925,0.00023
49963000000,10.99450,-4.27037,-0.10978,0.54100,-0.00018,0.00051,-0.84103,-0.33719,-0.62901,0.00017
50062000000,10.95871,-4.33623,-0.11017,0.53677,-0.00029,0.00054,-0.84373,-0.38417,-0.69708,-0.00242
50095000000,10.94433,-4.36014,-0.11007,0.53492,-0.00029,0.00053,-0.84491,-0.41614,-0.71300,-0.00266
50128000000,10.92836,-4.38450,-0.11231,0.53282,-0.00035,0.00037,-0.84623,-0.43166,-0.72463,-0.00689
50161000000,10.91494,-4.40912,-0.11051,0.53044,-0.00029,0.00048,-0.84772,-0.44481,-0.73222,-0.00413
50227000000,10.88575,-4.45571,-0.11079,0.52511,-0.00027,0.00049,-0.85103,-0.43566,-0.68554,-0.00379
50326000000,10.84240,-4.52053,-0.11097,0.51620,-0.00014,0.00046,-0.85647,-0.42002,-0.60992,-0.00334
50359000000,10.82780,-4.54095,-0.11091,0.51291,-0.00004,0.00044,-0.85844,-0.41053,-0.57849,-0.00393
50425000000,10.80010,-4.57874,-0.11116,0.50606,-0.00005,0.00043,-0.86250,-0.39492,-0.52149,-0.00315
50491000000,10.77434,-4.61100,-0.11144,-0.49873,-0.00002,-0.00048,0.86676,-0.38220,-0.46789,-0.00504
50557000000,10.74825,-4.64191,-0.11157,-0.49099,-0.00009,-0.00057,0.87117,-0.37521,-0.42662,-0.00506
50623000000,10.72319,-4.66755,-0.11138,-0.48294,-0.00020,-0.00054,0.87565,-0.34697,-0.35830,-0.00378
50656000000,10.71120,-4.67974,-0.11112,-0.47888,-0.00022,-0.00054,0.87788,-0.33094,-0.32742,-0.00287
50755000000,10.67901,-4.70970,-0.11112,-0.46673,-0.00030,-0.00054,0.88440,-0.31585,-0.27363,-0.00203
50854000000,10.64322,-4.73808,-0.11097,-0.45199,-0.00030,-0.00048,0.89202,-0.40543,-0.29931,-0.00241
50887000000,10.62862,-4.74853,-0.11062,-0.44605,-0.00040,-0.00045,0.89501,-0.42923,-0.29960,-0.00152
50953000000,10.59763,-4.76950,-0.11072,-0.43284,-0.00049,-0.00044,0.90147,-0.49537,-0.30763,-0.00286
51019000000,10.56319,-4.78956,-0.11092,-0.41785,-0.00048,-0.00041,0.90852,-0.55992,-0.30615,-0.00400
51085000000,10.52314,-4.81012,-0.11090,-0.40082,-0.00056,-0.00038,0.91615,-0.62358,-0.29425,-0.00397
51184000000,10.45504,-4.83863,-0.11105,-0.37164,-0.00057,-0.00042,0.92837,-0.73965,-0.27062,-0.00466
51217000000,10.42953,-4.84728,-0.11102,-0.36089,-0.00060,-0.00039,0.93261,-0.76411,-0.25294,-0.00487
51283000000,10.37534,-4.86419,-0.11111,-0.33802,-0.00054,-0.00045,0.94114,-0.85357,-0.22710,-0.00605
51349000000,10.31653,-4.87814,-0.11134,-0.31508,-0.00052,-0.00049,0.94907,-0.91212,-0.19568,-0.00746
51415000000,10.25869,-4.88987,-0.11171,-0.29430,-0.00051,-0.00042,0.95571,-0.83215,-0.17914,-0.01027
51481000000,10.20451,-4.90053,-0.11220,-0.27700,-0.00048,-0.00036,0.96087,-0.79917,-0.15399,-0.01255
51547000000,10.15321,-4.91008,-0.11274,-0.26269,-0.00050,-0.00042,0.96488,-0.75860,-0.14286,-0.01438
51646000000,10.08297,-4.92324,-0.11385,-0.24663,-0.00043,-0.00038,0.96911,-0.67062,-0.13537,-0.01525
51712000000,10.03890,-4.93200,-0.11497,-0.23805,-0.00044,-0.00035,0.97125,-0.62169,-0.12428,-0.01635
51778000000,10.00256,-4.93800,-0.11488,-0.23033,-0.00036,-0.00038,0.97311,-0.54176,-0.10515,-0.01404
51844000000,9.96880,-4.94407,-0.11517,-0.22327,-0.00037,-0.00029,0.97476,-0.47687,-0.08903,-0.01339
51910000000,9.93933,-4.94936,-0.11573,-0.21675,-0.00037,-0.00024,0.97623,-0.43259,-0.07636,-0.01393
52009000000,9.89295,-4.95667,-0.11603,-0.20602,-0.00030,-0.00041,0.97855,-0.50370,-0.07863,-0.01574
52042000000,9.87601,-4.95910,-0.11654,-0.20199,-0.00030,-0.00041,0.97939,-0.53328,-0.07481,-0.01707
52108000000,9.83910,-4.96303,-0.11618,-0.19225,-0.00035,-0.00037,0.98135,-0.58033,-0.06245,-0.01714
52174000000,9.79922,-4.96627,-0.11689,-0.18093,-0.00024,-0.00035,0.98350,-0.62200,-0.04931,-0.01710
52207000000,9.78001,-4.96679,-0.11579,-0.17526,-0.00020,-0.00032,0.98452,-0.59658,-0.03982,-0.01542
52240000000,9.76212,-4.96746,-0.11487,-0.17039,-0.00014,-0.00027,0.98538,-0.55664,-0.04990,-0.01471
52306000000,9.72599,-4.97065,-0.11569,-0.16253,-0.00013,-0.00025,0.98670,-0.53949,-0.05061,-0.01294
52339000000,9.70935,-4.97128,-0.11467,-0.15936,-0.00006,-0.00026,0.98722,-0.51198,-0.04943,-0.01172
52372000000,9.69255,-4.97287,-0.11502,-0.15642,-0.00004,-0.00021,0.98769,-0.52786,-0.05089,-0.01231
52471000000,9.63783,-4.97707,-0.11487,-0.14727,-0.00001,-0.00023,0.98910,-0.60401,-0.05729,-0.01219
52570000000,9.57423,-4.98264,-0.11619,-0.13777,0.00014,-0.00024,0.99046,-0.67824,-0.06415,-0.01326
52636000000,9.52971,-4.98518,-0.11544,-0.13122,0.00027,-0.00022,0.99135,-0.72955,-0.06519,-0.01208
52702000000,9.48137,-4.98857,-0.11477,-0.12471,0.00032,-0.00006,0.99219,-0.77134,-0.06765,-0.00909
52768000000,9.42899,-4.99329,-0.11502,-0.11810,0.00032,-0.00006,0.99300,-0.82002,-0.07143,-0.00875
52834000000,9.37417,-4.99696,-0.11421,-0.11154,0.00037,-0.00005,0.99376,-0.86501,-0.06931,-0.00715
52867000000,9.34512,-4.99931,-0.11450,-0.10825,0.00041,-0.00008,0.99412,-0.89078,-0.07012,-0.00853
52933000000,9.28573,-5.00300,-0.11381,-0.10161,0.00046,-0.00008,0.99482,-0.93746,-0.06881,-0.00667
53032000000,9.18946,-5.00988,-0.11429,-0.09170,0.00038,-0.00008,0.99579,-1.00603,-0.06768,-0.00704
53131000000,9.09498,-5.01557,-0.11378,-0.08268,0.00036,-0.00005,0.99658,-0.89406,-0.05676,-0.00646
53197000000,9.03795,-5.01855,-0.11300,-0.07718,0.00042,-0.00011,0.99702,-0.83457,-0.04652,-0.00600
53230000000,9.01192,-5.01957,-0.11238,-0.07446,0.00041,-0.00011,0.99722,-0.80062,-0.04407,-0.00550
53329000000,8.93634,-5.02120,-0.11278,-0.06553,0.00036,-0.00012,0.99785,-0.73262,-0.00351,-0.00463
53362000000,8.91345,-5.02054,-0.11195,-0.06252,0.00036,-0.00010,0.99804,-0.70457,0.00315,-0.00191
53428000000,8.86928,-5.01936,-0.11141,-0.05672,0.00034,-0.00014,0.99839,-0.65166,0.01502,-0.00127
53461000000,8.84842,-5.01873,-0.11150,-0.05380,0.00034,-0.00014,0.99855,-0.62653,0.01987,-0.00098
53494000000,8.82581,-5.01672,-0.11112,-0.05107,0.00029,-0.00011,0.99870,-0.61337,0.02766,-0.00086
53527000000,8.80774,-5.01660,-0.11100,-0.04844,0.00036,-0.00020,0.99883,-0.64662,0.01719,-0.00038
53626000000,8.74075,-5.01472,-0.11101,-0.04127,0.00039,-0.00015,0.99915,-0.70662,0.02116,0.00059
53692000000,8.69297,-5.01264,-0.11076,-0.03646,0.00043,-0.00015,0.99934,-0.74679,0.02432,-0.00111
53725000000,8.66787,-5.01148,-0.11056,-0.03401,0.00044,-0.00004,0.99942,-0.76630,0.02613,-0.00141
53791000000,8.61627,-5.00984,-0.11070,-0.02920,0.00042,-0.00000,0.99957,-0.80154,0.02682,-0.00231
53857000000,8.56124,-5.00775,-0.11054,-0.02435,0.00042,0.00000,0.99970,-0.84573,0.03262,-0.00205
53923000000,8.50378,-5.00521,-0.11059,-0.01966,0.00045,0.00006,0.99981,-0.89521,0.04055,-0.00169
54022000000,8.40945,-5.00053,-0.11079,-0.01271,0.00037,0.00004,0.99992,-0.99094,0.04954,-0.00189
54055000000,8.37647,-4.99879,-0.11080,-0.01040,0.00030,0.00004,0.99995,-1.00887,0.05326,-0.00207
54121000000,8.30813,-4.99475,-0.11062,-0.00582,0.00027,0.00007,0.99998,-1.04643,0.05985,-0.00250
54154000000,8.27310,-4.99283,-0.11070,-0.00357,0.00029,0.00011,0.99999,-1.07681,0.06325,-0.00187
54187000000,8.23710,-4.99050,-0.11040,-0.00144,0.00028,0.00012,1.00000,-1.09585,0.06842,-0.00108
54253000000,8.16451,-4.98540,-0.11055,0.00284,0.00022,0.00011,1.00000,-1.09171,0.07704,-0.00260
54319000000,8.09446,-4.98051,-0.11051,0.00666,0.00030,0.00022,0.99998,-1.03081,0.07900,-0.00304
54352000000,8.06103,-4.97802,-0.11061,0.00844,0.00026,0.00026,0.99996,-1.01476,0.08158,-0.00426
54418000000,7.99452,-4.97318,-0.11073,0.01163,0.00024,0.00026,0.99993,-1.00537,0.08139,-0.00657
54451000000,7.96131,-4.97070,-0.11095,0.01313,0.00022,0.00027,0.99991,-1.02289,0.08125,-0.00696
54517000000,7.89194,-4.96577,-0.11101,0.01549,0.00027,0.00021,0.99988,-1.05876,0.07895,-0.00700
54583000000,7.82113,-4.96073,-0.11162,0.01717,0.00027,0.00024,0.99985,-1.09480,0.06907,-0.00849
54649000000,7.74685,-4.95717,-0.11155,0.01785,0.00027,0.00023,0.99984,-1.13291,0.05322,-0.00780
54748000000,7.63184,-4.95389,-0.11234,0.01634,0.00018,0.00018,0.99987,-1.19268,0.01799,-0.00823
54781000000,7.59142,-4.95427,-0.11183,0.01506,0.00015,0.00014,0.99989,-1.21425,0.00004,-0.00796
54880000000,7.46874,-4.95679,-0.11227,0.00926,0.00003,0.00014,0.99996,-1.27877,-0.04804,-0.00844
54946000000,7.38639,-4.96204,-0.11136,0.00429,0.00003,0.00011,0.99999,-1.22528,-0.07594,-0.00499
54979000000,7.34570,-4.96553,-0.11047,0.00165,-0.00003,0.00007,1.00000,-1.22736,-0.08655,-0.00346
55078000000,7.22268,-4.97364,-0.11044,-0.00479,-0.00004,0.00004,0.99999,-1.26736,-0.07280,-0.00439
55144000000,7.13804,-4.97948,-0.11005,-0.00835,-0.00000,-0.00001,0.99997,-1.31048,-0.08252,-0.00462
55210000000,7.04999,-4.98606,-0.10964,-0.01178,0.00002,-0.00004,0.99993,-1.35336,-0.09372,-0.00402
55243000000,7.00519,-4.98977,-0.10915,-0.01344,0.00002,-0.00004,0.99991,-1.38774,-0.10007,-0.00272
55276000000,6.95911,-4.99375,-0.10874,-0.01511,-0.00001,-0.00001,0.99989,-1.41431,-0.10591,-0.00139
55309000000,6.91188,-4.99722,-0.10883,-0.01670,0.00001,-0.00001,0.99986,-1.43241,-0.10735,-0.00244
55375000000,6.81546,-5.00482,-0.10869,-0.01985,0.00001,-0.00004,0.99980,-1.49766,-0.11420,-0.00232
55441000000,6.71543,-5.01292,-0.10879,-0.02295,0.00006,-0.00010,0.99974,-1.54114,-0.12396,-0.00510
55474000000,6.66466,-5.01712,-0.10886,-0.02447,0.00004,-0.00015,0.99970,-1.56129,-0.12925,-0.00537
55507000000,6.61300,-5.02167,-0.10888,-0.02589,0.00003,-0.00014,0.99966,-1.58862,-0.13526,-0.00503
55573000000,6.50676,-5.03110,-0.10908,-0.02874,0.00007,-0.00026,0.99959,-1.64314,-0.14728,-0.00489
55606000000,6.45220,-5.03604,-0.10911,-0.03006,0.00003,-0.00030,0.99955,-1.66621,-0.14879,-0.00359
55639000000,6.39701,-5.04105,-0.10912,-0.03144,0.00005,-0.00033,0.99951,-1.69496,-0.15616,-0.00395
55738000000,6.22579,-5.05719,-0.10954,-0.03536,0.00003,-0.00037,0.99937,-1.75807,-0.17100,-0.00525
55771000000,6.16720,-5.06275,-0.10942,-0.03655,0.00004,-0.00040,0.99933,-1.79765,-0.17541,-0.00422
55903000000,5.92125,-5.08658,-0.11011,-0.04116,-0.00002,-0.00035,0.99915,-1.89740,-0.19387,-0.00710
55936000000,5.85881,-5.09362,-0.10986,-0.04225,0.00004,-0.00045,0.99911,-1.93075,-0.20232,-0.00481
55969000000,5.79477,-5.10007,-0.10973,-0.04328,0.00007,-0.00043,0.99906,-1.95149,-0.20599,-0.00460
56002000000,5.72999,-5.10707,-0.10989,-0.04433,0.00005,-0.00047,0.99902,-1.97201,-0.21149,-0.00439
56068000000,5.59881,-5.12091,-0.10969,-0.04608,0.00017,-0.00041,0.99894,-1.99240,-0.21220,-0.00245
56101000000,5.53298,-5.12788,-0.10938,-0.04659,0.00017,-0.00044,0.99891,-2.00649,-0.21083,-0.00215
56167000000,5.40029,-5.14143,-0.10939,-0.04675,0.00012,-0.00045,0.99891,-2.03080,-0.19709,-0.00191
56233000000,5.26637,-5.15348,-0.10921,-0.04540,0.00008,-0.00048,0.99897,-2.03152,-0.16872,-0.00074
56266000000,5.19924,-5.15851,-0.10902,-0.04406,0.00002,-0.00047,0.99903,-2.04404,-0.15163,-0.00008
56332000000,5.06390,-5.16702,-0.10904,-0.04005,-0.00001,-0.00051,0.99920,-2.04254,-0.10733,-0.00150
56398000000,4.93039,-5.17277,-0.10888,-0.03476,0.00002,-0.00049,0.99940,-2.02187,-0.06190,-0.00293
56464000000,4.79756,-5.17536,-0.10909,-0.02890,-0.00005,-0.00049,0.99958,-2.01531,-0.02294,-0.00243
56497000000,4.73124,-5.17557,-0.10863,-0.02584,0.00000,-0.00049,0.99967,-2.04964,-0.00749,-0.00069
56530000000,4.66333,-5.17540,-0.10833,-0.02272,0.00002,-0.00051,0.99974,-2.08508,0.00914,0.00022
56563000000,4.59351,-5.17485,-0.10829,-0.01949,-0.00001,-0.00051,0.99981,-2.13569,0.02334,0.00121
56596000000,4.52244,-5.17375,-0.10772,-0.01648,-0.00002,-0.00045,0.99986,-2.17558,0.01434,0.00137
56629000000,4.45049,-5.17305,-0.10798,-0.01391,0.00000,-0.00041,0.99990,-2.19588,0.02353,0.00041
56662000000,4.37753,-5.17193,-0.10765,-0.01137,-0.00001,-0.00040,0.99994,-2.21745,0.03229,0.00015
56695000000,4.30421,-5.17062,-0.10762,-0.00895,-0.00004,-0.00039,0.99996,-2.23793,0.04144,-0.00044
56728000000,4.23009,-5.16900,-0.10737,-0.00653,-0.00004,-0.00043,0.99998,-2.25772,0.05060,0.00000
56761000000,4.15531,-5.16720,-0.10730,-0.00415,0.00000,-0.00042,0.99999,-2.27758,0.05778,-0.00143
56794000000,4.07975,-5.16492,-0.10713,-0.00186,-0.00002,-0.00039,1.00000,-2.29932,0.06608,-0.00006
56827000000,4.00362,-5.16244,-0.10721,0.00037,-0.00001,-0.00040,1.00000,-2.31944,0.07463,-0.00051
56860000000,3.92666,-5.15971,-0.10706,0.00259,-0.00002,-0.00042,1.00000,-2.33977,0.08252,0.00033
56893000000,3.84940,-5.15682,-0.10700,0.00469,-0.00003,-0.00041,0.99999,-2.35988,0.09092,0.00108
56926000000,3.77103,-5.15363,-0.10703,0.00676,-0.00003,-0.00041,0.99998,-2.39076,0.09927,-0.00025
56992000000,3.61212,-5.14647,-0.10708,0.01076,-0.00007,-0.00041,0.99994,-2.43350,0.10330,-0.00205
57025000000,3.53074,-5.14282,-0.10731,0.01272,-0.00009,-0.00041,0.99992,-2.47657,0.11262,-0.00322
57058000000,3.44862,-5.13898,-0.10739,0.01460,-0.00010,-0.00053,0.99989,-2.49481,0.12072,-0.00205
57091000000,3.36564,-5.13486,-0.10740,0.01644,-0.00010,-0.00047,0.99986,-2.53213,0.13011,-0.00187
57124000000,3.28101,-5.13031,-0.10738,0.01818,-0.00011,-0.00045,0.99983,-2.57316,0.13916,-0.00133
57190000000,3.10873,-5.12063,-0.10735,0.02175,-0.00016,-0.00052,0.99976,-2.62177,0.17559,-0.00084
57223000000,3.02254,-5.11395,-0.10736,0.02373,-0.00010,-0.00048,0.99972,-2.66058,0.18359,-0.00034
57256000000,2.93463,-5.10745,-0.10734,0.02539,-0.00015,-0.00046,0.99968,-2.68983,0.19377,0.00076
57289000000,2.84603,-5.10051,-0.10716,0.02705,-0.00009,-0.00040,0.99963,-2.72037,0.20359,0.00073
57322000000,2.75658,-5.09336,-0.10704,0.02867,-0.00008,-0.00039,0.99959,-2.71092,0.21115,0.00135
57355000000,2.66780,-5.08612,-0.10687,0.03022,-0.00004,-0.00033,0.99954,-2.69334,0.21609,0.00229
57388000000,2.57982,-5.07857,-0.10670,0.03164,-0.00006,-0.00030,0.99950,-2.68219,0.22819,0.00242
57421000000,2.49241,-5.07095,-0.10648,0.03295,-0.00006,-0.00031,0.99946,-2.66364,0.22873,0.00304
57454000000,2.40562,-5.06344,-0.10622,0.03400,-0.00008,-0.00027,0.99942,-2.65928,0.22665,0.00499
57487000000,2.31868,-5.05623,-0.10595,0.03485,-0.00003,-0.00029,0.99939,-2.64626,0.22036,0.00600
57520000000,2.23211,-5.04937,-0.10570,0.03539,-0.00004,-0.00030,0.99937,-2.62662,0.21045,0.00597
57553000000,2.14599,-5.04292,-0.10538,0.03562,0.00000,-0.00032,0.99937,-2.62124,0.19703,0.00711
57586000000,2.06030,-5.03697,-0.10518,0.03541,0.00003,-0.00031,0.99937,-2.60823,0.17976,0.00755
57619000000,1.97503,-5.03160,-0.10488,0.03474,0.00005,-0.00035,0.99940,-2.59773,0.15981,0.00782
57652000000,1.89007,-5.02694,-0.10464,0.03358,0.00007,-0.00040,0.99944,-2.57693,0.13607,0.00773
57685000000,1.80570,-5.02332,-0.10441,0.03196,0.00012,-0.00044,0.99949,-2.54748,0.10433,0.00765
57718000000,1.72294,-5.02069,-0.10415,0.02983,0.00012,-0.00049,0.99955,-2.48996,0.07431,0.00814
57751000000,1.64183,-5.01904,-0.10402,0.02729,0.00015,-0.00057,0.99963,-2.44079,0.04424,0.00646
57784000000,1.56207,-5.01838,-0.10397,0.02440,0.00022,-0.00051,0.99970,-2.40038,0.01085,0.00608
57817000000,1.48401,-5.01850,-0.10386,0.02124,0.00025,-0.00050,0.99977,-2.34420,-0.01115,0.00682
57850000000,1.40748,-5.01925,-0.10378,0.01797,0.00029,-0.00043,0.99984,-2.30725,-0.03346,0.00694
57883000000,1.33237,-5.02060,-0.10364,0.01468,0.00030,-0.00046,0.99989,-2.25156,-0.05095,0.00691
57916000000,1.25894,-5.02259,-0.10353,0.01123,0.00029,-0.00046,0.99994,-2.20703,-0.06816,0.00552
57949000000,1.18691,-5.02530,-0.10341,0.00786,0.00026,-0.00045,0.99997,-2.17013,-0.08147,0.00408
57982000000,1.11597,-5.02797,-0.10331,0.00506,0.00020,-0.00043,0.99999,-2.14024,-0.08633,0.00413
58015000000,1.04580,-5.03090,-0.10319,0.00228,0.00024,-0.00043,1.00000,-2.12702,-0.09562,0.00347
58048000000,0.97522,-5.03408,-0.10309,-0.00039,0.00023,-0.00042,1.00000,-2.15027,-0.10448,0.00402
58081000000,0.90467,-5.03744,-0.10291,-0.00297,0.00023,-0.00036,1.00000,-2.12809,-0.11150,0.00513
58114000000,0.83483,-5.04099,-0.10272,-0.00545,0.00031,-0.00034,0.99999,-2.10425,-0.11750,0.00580
58147000000,0.76599,-5.04484,-0.10251,-0.00778,0.00034,-0.00030,0.99997,-2.07842,-0.12356,0.00654
58180000000,0.69809,-5.04881,-0.10232,-0.01000,0.00032,-0.00029,0.99995,-2.05337,-0.12729,0.00683
58213000000,0.63116,-5.05272,-0.10210,-0.01209,0.00027,-0.00023,0.99993,-2.02722,-0.12907,0.00776
58246000000,0.56501,-5.05667,-0.10190,-0.01406,0.00026,-0.00020,0.99990,-2.00353,-0.13119,0.00745
58279000000,0.49979,-5.06073,-0.10172,-0.01594,0.00023,-0.00016,0.99987,-1.97507,-0.13409,0.00813
58312000000,0.43540,-5.06491,-0.10158,-0.01772,0.00022,-0.00009,0.99984,-1.95079,-0.13619,0.00656
58345000000,0.37184,-5.06925,-0.10143,-0.01936,0.00020,-0.00008,0.99981,-1.92236,-0.13778,0.00649
58378000000,0.30920,-5.07367,-0.10127,-0.02102,0.00022,-0.00005,0.99978,-1.89341,-0.13850,0.00617
58411000000,0.24748,-5.07814,-0.10108,-0.02259,0.00022,-0.00002,0.99974,-1.86588,-0.14027,0.00656
58444000000,0.18663,-5.08280,-0.10084,-0.02405,0.00023,-0.00001,0.99971,-1.83793,-0.14351,0.00828
58477000000,0.12678,-5.08750,-0.10056,-0.02551,0.00024,0.00003,0.99967,-1.80836,-0.14474,0.00820
58510000000,0.06776,-5.09224,-0.10027,-0.02686,0.00025,0.00008,0.99964,-1.78820,-0.14642,0.00951
58543000000,0.00947,-5.09703,-0.10003,-0.02818,0.00024,0.00011,0.99960,-1.75943,-0.14712,0.00861
58576000000,-0.04788,-5.10186,-0.09981,-0.02935,0.00025,0.00012,0.99957,-1.73058,-0.14796,0.00822
58609000000,-0.10427,-5.10669,-0.09959,-0.03051,0.00027,0.00012,0.99953,-1.70243,-0.14767,0.00873
58642000000,-0.15986,-5.11152,-0.09939,-0.03158,0.00031,0.00022,0.99950,-1.67601,-0.14906,0.00810
58675000000,-0.21447,-5.11630,-0.09919,-0.03259,0.00030,0.00025,0.99947,-1.64675,-0.14810,0.00841
58708000000,-0.26738,-5.12099,-0.09896,-0.03357,0.00034,0.00027,0.99944,-1.56213,-0.14241,0.00879
58741000000,-0.31716,-5.12551,-0.09879,-0.03448,0.00035,0.00024,0.99941,-1.46258,-0.13412,0.00816
58774000000,-0.36354,-5.12974,-0.09865,-0.03528,0.00038,0.00025,0.99938,-1.36142,-0.12581,0.00762
58807000000,-0.40657,-5.13373,-0.09853,-0.03608,0.00046,0.00024,0.99935,-1.25999,-0.11710,0.00625
58840000000,-0.44636,-5.13740,-0.09847,-0.03674,0.00043,0.00028,0.99932,-1.16074,-0.10784,0.00509
58873000000,-0.48274,-5.14078,-0.09845,-0.03737,0.00047,0.00028,0.99930,-1.05968,-0.09875,0.00517
58906000000,-0.51587,-5.14384,-0.09843,-0.03785,0.00052,0.00025,0.99928,-0.96002,-0.08940,0.00505
58939000000,-0.54574,-5.14660,-0.09838,-0.03826,0.00055,0.00032,0.99927,-0.86100,-0.08028,0.00440
58972000000,-0.57241,-5.14911,-0.09834,-0.03865,0.00056,0.00030,0.99925,-0.76050,-0.07097,0.00391
59005000000,-0.59579,-5.15130,-0.09820,-0.03900,0.00058,0.00027,0.99924,-0.66089,-0.06094,0.00387
59038000000,-0.61570,-5.15310,-0.09822,-0.03929,0.00061,0.00032,0.99923,-0.56048,-0.04975,0.00316
59071000000,-0.63258,-5.15464,-0.09810,-0.03948,0.00061,0.00034,0.99922,-0.46157,-0.04046,0.00294
59104000000,-0.64580,-5.15583,-0.09811,-0.03966,0.00065,0.00037,0.99921,-0.36033,-0.02995,0.00389
59137000000,-0.65562,-5.15668,-0.09814,-0.03979,0.00071,0.00038,0.99921,-0.26019,-0.01980,0.00308
59170000000,-0.66256,-5.15723,-0.09804,-0.03987,0.00070,0.00039,0.99920,-0.16153,-0.00999,0.00224
59203000000,-0.66616,-5.15746,-0.09799,-0.03990,0.00070,0.00040,0.99920,-0.06312,0.00010,0.00194
59236000000,-0.66616,-5.15741,-0.09811,-0.03990,0.00072,0.00038,0.99920,0.03736,0.01038,0.00072
59269000000,-0.66329,-5.15699,-0.09810,-0.03984,0.00075,0.00042,0.99921,0.13619,0.02117,-0.00087
59302000000,-0.65707,-5.15627,-0.09814,-0.03980,0.00079,0.00040,0.99921,0.23529,0.03021,-0.00019
59335000000,-0.64754,-5.15530,-0.09817,-0.03969,0.00084,0.00032,0.99921,0.33442,0.03953,0.00041
59368000000,-0.63479,-5.15410,-0.09823,-0.03956,0.00091,0.00034,0.99922,0.43444,0.04857,-0.00017
59401000000,-0.61882,-5.15261,-0.09824,-0.03937,0.00087,0.00030,0.99922,0.53249,0.05803,-0.00051
59434000000,-0.59953,-5.15079,-0.09819,-0.03917,0.00085,0.00027,0.99923,0.63078,0.06678,-0.00097
59467000000,-0.57714,-5.14916,-0.09839,-0.03900,0.00084,0.00025,0.99924,0.72897,0.07380,-0.00102
59500000000,-0.55138,-5.14659,-0.09834,-0.03878,0.00080,0.00021,0.99925,0.82689,0.08213,-0.00034
59533000000,-0.52261,-5.14435,-0.09849,-0.03852,0.00082,0.00010,0.99926,0.92646,0.08827,-0.00053
59566000000,-0.49056,-5.14179,-0.09863,-0.03822,0.00086,0.00004,0.99927,1.02434,0.09428,-0.00155
59599000000,-0.45524,-5.13853,-0.09872,-0.03794,0.00088,-0.00001,0.99928,1.12171,0.10186,-0.00130
59632000000,-0.41681,-5.13550,-0.09887,-0.03767,0.00083,-0.00001,0.99929,1.21989,0.10813,-0.00225
59665000000,-0.37591,-5.13216,-0.09900,-0.03738,0.00082,-0.00002,0.99930,1.23521,0.10815,-0.00363
59698000000,-0.33542,-5.12891,-0.09914,-0.03707,0.00089,-0.00004,0.99931,1.22313,0.10669,-0.00451
59731000000,-0.29555,-5.12574,-0.09929,-0.03675,0.00090,-0.00006,0.99932,1.19236,0.10194,-0.00446
59764000000,-0.25677,-5.12273,-0.09939,-0.03648,0.00087,-0.00013,0.99933,1.15885,0.09786,-0.00341
59797000000,-0.21886,-5.11971,-0.09948,-0.03637,0.00087,-0.00014,0.99934,1.14250,0.09581,-0.00326
59830000000,-0.18172,-5.11675,-0.09959,-0.03608,0.00086,-0.00017,0.99935,1.11161,0.09309,-0.00421
59863000000,-0.14560,-5.11391,-0.09974,-0.03589,0.00086,-0.00019,0.99936,1.08650,0.08837,-0.00360
59896000000,-0.11038,-5.11111,-0.09984,-0.03570,0.00086,-0.00019,0.99936,1.05421,0.08631,-0.00277
59929000000,-0.07588,-5.10836,-0.09991,-0.03548,0.00090,-0.00016,0.99937,1.03844,0.08415,-0.00244
59962000000,-0.04207,-5.10562,-0.09999,-0.03531,0.00091,-0.00014,0.99938,1.01098,0.08174,-0.00253
59995000000,-0.00931,-5.10304,-0.10006,-0.03511,0.00088,-0.00022,0.99938,0.98397,0.07978,-0.00166
60028000000,0.02261,-5.10048,-0.10011,-0.03495,0.00094,-0.00022,0.99939,0.95901,0.07871,-0.00110
60061000000,0.05370,-5.09807,-0.10019,-0.03482,0.00095,-0.00026,0.99939,0.93806,0.07676,-0.00084
60094000000,0.08410,-5.09555,-0.10022,-0.03467,0.00095,-0.00024,0.99940,0.91714,0.07468,-0.00106
60127000000,0.11341,-5.09330,-0.10028,-0.03454,0.00092,-0.00031,0.99940,0.88060,0.07060,-0.00117
60160000000,0.14188,-5.09101,-0.10032,-0.03449,0.00093,-0.00029,0.99940,0.85402,0.06872,-0.00113
60193000000,0.16909,-5.08893,-0.10042,-0.03432,0.00091,-0.00033,0.99941,0.81410,0.06581,-0.00120
60226000000,0.19565,-5.08688,-0.10048,-0.03416,0.00095,-0.00032,0.99942,0.79496,0.06366,-0.00113
60259000000,0.22107,-5.08501,-0.10065,-0.03409,0.00093,-0.00032,0.99942,0.76217,0.06144,-0.00086
60292000000,0.24595,-5.08302,-0.10063,-0.03401,0.00089,-0.00031,0.99942,0.74401,0.06025,-0.00014
60325000000,0.26922,-5.08141,-0.10076,-0.03386,0.00090,-0.00034,0.99943,0.70476,0.05492,0.00040
60358000000,0.29230,-5.07973,-0.10079,-0.03373,0.00091,-0.00039,0.99943,0.68588,0.05442,-0.00117
60391000000,0.31415,-5.07826,-0.10100,-0.03368,0.00092,-0.00043,0.99943,0.64894,0.05089,-0.00157
60424000000,0.33577,-5.07660,-0.10111,-0.03359,0.00097,-0.00046,0.99943,0.63458,0.04999,-0.00150
60457000000,0.35645,-5.07530,-0.10132,-0.03355,0.00097,-0.00048,0.99944,0.61053,0.04700,-0.00075
60490000000,0.37636,-5.07383,-0.10130,-0.03344,0.00095,-0.00051,0.99944,0.59603,0.04464,0.00047
60523000000,0.39579,-5.07268,-0.10146,-0.03339,0.00094,-0.00057,0.99944,0.56604,0.04202,0.00025
60556000000,0.41425,-5.07125,-0.10146,-0.03333,0.00099,-0.00057,0.99944,0.54236,0.04111,0.00005
60589000000,0.43179,-5.06993,-0.10153,-0.03333,0.00098,-0.00061,0.99944,0.51760,0.03874,-0.00052
60622000000,0.44895,-5.06897,-0.10167,-0.03328,0.00098,-0.00064,0.99945,0.49990,0.03645,0.00058
60655000000,0.46477,-5.06782,-0.10163,-0.03324,0.00100,-0.00068,0.99945,0.46859,0.03415,-0.00055
60688000000,0.48002,-5.06675,-0.10169,-0.03318,0.00101,-0.00072,0.99945,0.45003,0.03203,-0.00135
60721000000,0.49472,-5.06591,-0.10185,-0.03320,0.00104,-0.00074,0.99945,0.42395,0.02895,-0.00061
60754000000,0.50815,-5.06496,-0.10181,-0.03313,0.00102,-0.00070,0.99945,0.39986,0.02672,0.00066
60787000000,0.52076,-5.06407,-0.10178,-0.03313,0.00101,-0.00067,0.99945,0.36329,0.02426,0.00034
60820000000,0.53219,-5.06324,-0.10182,-0.03313,0.00104,-0.00069,0.99945,0.32845,0.02169,0.00047
60853000000,0.54334,-5.06261,-0.10193,-0.03309,0.00112,-0.00064,0.99945,0.30209,0.01934,0.00042
60886000000,0.55316,-5.06193,-0.10195,-0.03308,0.00114,-0.00061,0.99945,0.28324,0.01840,-0.00065
60919000000,0.56207,-5.06123,-0.10203,-0.03311,0.00115,-0.00060,0.99945,0.24870,0.01637,-0.00085
60952000000,0.57020,-5.06057,-0.10208,-0.03311,0.00116,-0.00058,0.99945,0.22296,0.01458,-0.00039
60985000000,0.57761,-5.05997,-0.10215,-0.03313,0.00119,-0.00058,0.99945,0.19681,0.01219,-0.00093
61018000000,0.58509,-5.05945,-0.10231,-0.03313,0.00128,-0.00050,0.99945,0.17317,0.01074,-0.00057
61051000000,0.59059,-5.05906,-0.10234,-0.03312,0.00130,-0.00050,0.99945,0.14779,0.00917,0.00089
61084000000,0.59547,-5.05871,-0.10240,-0.03308,0.00133,-0.00051,0.99945,0.12840,0.00861,0.00038
61117000000,0.59948,-5.05844,-0.10246,-0.03307,0.00134,-0.00044,0.99945,0.09611,0.00663,-0.00036
61150000000,0.60234,-5.05807,-0.10245,-0.03312,0.00136,-0.00040,0.99945,0.07496,0.00596,0.00018
61183000000,0.60444,-5.05777,-0.10250,-0.03313,0.00138,-0.00034,0.99945,0.04891,0.00423,-0.00038
61216000000,0.60578,-5.05765,-0.10254,-0.03312,0.00139,-0.00034,0.99945,0.02040,0.00244,-0.00139
61249000000,0.60647,-5.05759,-0.10256,-0.03312,0.00137,-0.00032,0.99945,0.00148,0.00135,-0.00168
61282000000,0.60671,-5.05754,-0.10261,-0.03311,0.00143,-0.00032,0.99945,0.00208,0.00220,-0.00068
61315000000,0.60680,-5.05756,-0.10265,-0.03310,0.00138,-0.00036,0.99945,0.00179,0.00196,-0.00226
61348000000,0.60687,-5.05751,-0.10253,-0.03311,0.00132,-0.00031,0.99945,0.00165,0.00212,-0.00161
61381000000,0.60695,-5.05748,-0.10242,-0.03309,0.00129,-0.00030,0.99945,0.00215,0.00109,-0.00250
61414000000,0.60706,-5.05734,-0.10243,-0.03319,0.00131,-0.00034,0.99945,0.00218,0.00086,-0.00211
61447000000,0.60716,-5.05720,-0.10249,-0.03317,0.00133,-0.00027,0.99945,0.00152,0.00264,-0.00337
61480000000,0.60719,-5.05721,-0.10259,-0.03317,0.00137,-0.00027,0.99945,0.00153,0.00101,-0.00366
61513000000,0.60722,-5.05730,-0.10271,-0.03312,0.00140,-0.00032,0.99945,0.00203,0.00094,-0.00438
61546000000,0.60726,-5.05729,-0.10278,-0.03316,0.00141,-0.00032,0.99945,0.00253,0.00140,-0.00269
61579000000,0.60732,-5.05720,-0.10278,-0.03317,0.00140,-0.00032,0.99945,0.00239,0.00048,-0.00368
61612000000,0.60733,-5.05726,-0.10272,-0.03313,0.00135,-0.00034,0.99945,0.00324,0.00060,-0.00340
61645000000,0.60735,-5.05727,-0.10258,-0.03316,0.00130,-0.00037,0.99945,0.00269,0.00077,-0.00290
61678000000,0.60737,-5.05722,-0.10249,-0.03315,0.00129,-0.00038,0.99945,0.00329,0.00127,-0.00243
61711000000,0.60742,-5.05715,-0.10240,-0.03318,0.00124,-0.00038,0.99945,0.00455,0.00318,-0.00243
61744000000,0.60744,-5.05710,-0.10230,-0.03317,0.00122,-0.00039,0.99945,0.00452,0.00357,-0.00237
61777000000,0.60745,-5.05714,-0.10224,-0.03316,0.00119,-0.00042,0.99945,0.00599,0.00327,-0.00298
61810000000,0.60747,-5.05715,-0.10214,-0.03318,0.00114,-0.00048,0.99945,0.00662,0.00271,-0.00275
61843000000,0.60748,-5.05709,-0.10212,-0.03320,0.00117,-0.00050,0.99945,0.00548,0.00321,-0.00375
61876000000,0.60744,-5.05714,-0.10217,-0.03316,0.00117,-0.00048,0.99945,0.00484,0.00230,-0.00404
61909000000,0.60742,-5.05718,-0.10209,-0.03318,0.00111,-0.00050,0.99945,0.00410,0.00202,-0.00427
61942000000,0.60741,-5.05714,-0.10202,-0.03317,0.00113,-0.00046,0.99945,0.00349,0.00218,-0.00411
61975000000,0.60741,-5.05714,-0.10201,-0.03318,0.00110,-0.00049,0.99945,0.00302,0.00167,-0.00456
62008000000,0.60741,-5.05706,-0.10196,-0.03321,0.00110,-0.00043,0.99945,0.00336,0.00138,-0.00515
62041000000,0.60742,-5.05699,-0.10205,-0.03322,0.00115,-0.00045,0.99945,0.00292,0.00127,-0.00596
